pseudo_id,subscription_cancel_date,order_date,koen,birthdate,usr_created,order_trackertag,permission_given_order,permission_given_today,previous_subscriptions,previous_campaigns,previous_trials,first_campaign_day,last_campaign_day,newsletters_before_order,newsletters_after_order,type,reason,expiration_date,end_date,subscription_length_days,length_group,age,age_group,continued_after_campaign,fast_churn,fast_churn_converted,churn_10,account_active_days_before_campaign,visits,unique_pages,restricted_views,restricted_ratio,avg_scroll,mobile_ratio,desktop_ratio,antal_sidevisninger,antal_unikke_dage,antal_unikke_sider,antal_artikler,antal_unikke_artikler,andel_restricted,antal_restricted,gns_scroll,andel_fuld_scroll,andel_ingen_scroll,primær_device,er_mobil_primær,antal_devices,andel_search,andel_internal,andel_email,andel_social,primær_kanal,andel_indland,andel_udland,andel_sport,andel_oekonomi,andel_forside,første_besøg,sidste_besøg,dage_aktiv_span,gns_sider_pr_dag,cluster
003a92354fb88e0e3e411bc290291b6a,2025-05-11,2025-03-05T14:27:57Z,Kvinde,1950-01-08,2013-05-17,utm_campaign=Marts25&utm_content=b&utm_medium=mail&utm_source=mail,FALSE,FALSE,5,4,2,2025-03-05,2025-05-04,1,1,Andet,kunden ønsker ikke at oplyse,2025-06-04,2025-05-11,67,30–90 dage,76,65+,1,0,0,1,327,517,269,154,0.2978723404255319,0.3471953578336557,0.4796905222437137,0.5203094777562862,517,31,269,285,264,0.2978723404255319,154,0.3471953578336557,0.2205029013539652,0.5377176015473888,Computer,0,2,0.02580645161290322,0.8741935483870967,0,0,internal,0.1644100580270793,0,0.00386847195357833,0,0.4332688588007737,2025-03-05,2025-04-04,30,16.677419354838708,1
004b2a16f2f9167482481fec96be4856,2025-04-29,2025-03-05T08:34:30Z,Kvinde,1956-07-26,2022-01-04,utm_campaign=Basis_22&utm_content=HeaderButtonRaised&utm_medium=Matrice&utm_source=jp.dk,FALSE,TRUE,15,13,1,2025-03-05,2025-05-04,0,0,Andet,Ingen årsag – ingen tlf kontakt,2025-05-04,2025-04-29,55,30–90 dage,69,65+,0,0,0,0,1270,603,300,193,0.3200663349917081,0.417910447761194,0.8308457711442786,0,603,31,300,335,298,0.3200663349917081,193,0.417910447761194,0.3582089552238806,0.5406301824212272,Mobile,1,2,0.4468802698145025,0.5446880269814502,0,0,internal,0.1824212271973466,0,0.01492537313432835,0,0.4427860696517413,2025-03-05,2025-04-04,30,19.451612903225808,1
00926277841584d8b248be711203cd9a,2025-03-18,2025-03-18T19:02:03Z,Mand,1986-07-31,2025-03-18,utm_campaign=Marts25&utm_content=A&utm_medium=content&utm_source=jp.dk,FALSE,FALSE,0,0,0,2025-03-18,2025-05-17,0,0,Andet,kunden ønsker ikke at oplyse,2025-05-17,2025-03-18,0,0–30 dage,39,35–44,0,1,0,0,1,15,6,5,0.3333333333333333,0.36666666666666664,1,0,15,2,6,9,5,0.3333333333333333,5,0.36666666666666664,0.26666666666666666,0.4666666666666667,Mobile,1,1,0,0.6363636363636364,0,0,internal,0.4,0,0,0,0.4,2025-03-18,2025-03-22,4,7.5,2
00acdfda9fa250382f43bdf7da59d814,2025-05-15,2025-03-15T16:51:26Z,Kvinde,1980-08-24,2025-03-15,utm_campaign=Marts25&utm_content=B&utm_medium=content&utm_source=jp.dk,FALSE,FALSE,0,0,0,2025-03-15,2025-05-14,0,0,Produkt,Redaktionelt indhold / holdning,2025-06-14,2025-05-15,61,30–90 dage,45,45–54,1,0,0,1,32,8,5,5,0.625,0.625,1,0,8,6,5,8,5,0.625,5,0.625,0.375,0.125,Mobile,1,1,0,0,0,0,unknown,0.5,0,0,0,0,2025-03-15,2025-03-29,14,1.3333333333333333,3
00bb9af8a62895982518727b0ee03565,2025-06-04,2025-03-17T13:52:24Z,Kvinde,1952-01-24,2020-05-16,utm_campaign=Basis_22&utm_content=HeaderButtonRaised&utm_medium=Matrice&utm_source=jp.dk,TRUE,FALSE,2,2,0,2025-03-17,2025-05-16,0,0,Tid,Ikke tid,2025-06-16,2025-06-04,79,30–90 dage,74,65+,1,0,0,0,521,46,15,9,0.1956521739130435,0.16847826086956522,0,1,46,14,15,14,14,0.1956521739130435,9,0.16847826086956522,0.08695652173913043,0.7391304347826086,Computer,0,1,0,0.875,0,0,internal,0.06521739130434782,0,0,0,0.6956521739130435,2025-03-17,2025-04-12,26,3.2857142857142856,1
00bdb5b652070c2b33e241a5998600e3,2025-03-04,2025-03-04T10:09:58Z,Mand,1992-07-21,2021-07-19,utm_campaign=Basis_22&utm_content=HeaderButtonRaised&utm_medium=Matrice&utm_source=jp.dk,FALSE,FALSE,4,3,0,2025-03-04,2025-05-03,0,0,Andet,kunden ønsker ikke at oplyse,2025-05-03,2025-03-04,0,0–30 dage,33,25–34,0,1,0,0,1364,253,104,59,0.233201581027668,0.24802371541501977,0.43873517786561267,0.5612648221343873,253,28,104,112,103,0.233201581027668,59,0.24802371541501975,0.15810276679841898,0.6403162055335968,Computer,0,2,0.4940239043824701,0.47410358565737054,0,0,search,0.03557312252964427,0,0.00395256916996047,0,0.5573122529644269,2025-03-04,2025-04-03,30,9.035714285714286,2
0117ef4e2fc98208852da4c90c5bd4f0,2026-01-08,2025-03-06T11:55:55Z,Mand,1967-12-03,2021-09-24,utm_campaign=Marts25&utm_content=b&utm_medium=mail&utm_source=mail,FALSE,TRUE,9,6,4,2025-03-06,2025-05-05,5,4,Tid,Ikke tid,2026-02-05,2026-01-08,308,270–365 dage,58,55–64,1,0,0,0,1441,201,109,72,0.3582089552238806,0.47761194029850745,0.26865671641791045,0.7313432835820896,201,24,109,132,107,0.3582089552238806,72,0.47761194029850745,0.32338308457711445,0.4228855721393035,Computer,0,2,0,0.9902912621359224,0,0,internal,0.19402985074626863,0,0,0,0.3383084577114428,2025-03-06,2025-04-04,29,8.375,4
014a894f1b5194be36a9abcba96789ed,2025-08-22,2025-03-19T10:01:58Z,Kvinde,1990-03-05,2018-05-02,utm_campaign=Basis_22&utm_content=HeaderButtonRaised&utm_medium=Matrice&utm_source=jp.dk,FALSE,FALSE,0,0,0,2025-03-19,2025-05-18,0,0,Tid,Ikke tid,2025-09-18,2025-08-22,156,90–180 dage,36,35–44,1,0,0,0,124,15,13,4,0.26666666666666666,0.5166666666666667,0,1,15,10,13,12,10,0.26666666666666666,4,0.5166666666666667,0.3333333333333333,0.26666666666666666,Computer,0,1,0.8,0.06666666666666667,0,0.06666666666666667,search,0.3333333333333333,0,0,0,0.06666666666666667,2025-03-19,2025-04-14,26,1.5,3
0152a4407923a40bef8b35a2b112ae30,2025-03-31,2025-03-05T23:27:22Z,Mand,1952-04-20,2014-06-12,utm_campaign=Marts25&utm_content=b&utm_medium=mail&utm_source=mail,FALSE,TRUE,12,2,6,2025-03-05,2025-05-04,3,3,Andet,kunden ønsker ikke at oplyse,2025-05-04,2025-03-31,26,0–30 dage,74,65+,0,0,0,0,1196,80,42,26,0.325,0.4875,0,1,80,10,42,52,40,0.325,26,0.4875,0.4375,0.45,Computer,0,1,0,0.810126582278481,0,0,internal,0.0625,0,0,0,0.1375,2025-03-06,2025-04-04,29,8,2
015c8f8df318631d67492e3d94b2794b,2025-12-04,2025-03-05T14:06:56Z,Mand,1955-10-23,2021-09-30,utm_campaign=Marts25&utm_content=b&utm_medium=mail&utm_source=mail,FALSE,TRUE,5,4,1,2025-03-05,2025-05-04,1,1,Andet,kunden ønsker ikke at oplyse,2025-12-04,2025-12-04,274,270–365 dage,70,65+,1,0,0,0,696,772,381,255,0.33031088082901555,0.35006476683937826,0.8989637305699482,0,772,31,381,469,373,0.33031088082901555,255,0.35006476683937826,0.2344559585492228,0.5323834196891192,Mobile,1,2,0,0.998324958123953,0,0,internal,0.16321243523316062,0,0.02072538860103627,0,0.3536269430051813,2025-03-05,2025-04-04,30,24.903225806451612,4
0169ede4cd963dc8b84fc4bfb991b976,2025-05-22,2025-03-04T09:22:06Z,Mand,1965-05-22,2025-03-04,utm_campaign=Marts25&utm_content=A&utm_medium=content&utm_source=jp.dk,FALSE,FALSE,0,0,0,2025-03-04,2025-05-03,0,0,Andet,Administrativt,2025-05-22,2025-05-22,79,30–90 dage,60,55–64,1,0,0,0,20,2,2,1,0.5,0.625,0,1,2,1,2,2,2,0.5,1,0.625,0.5,0,Computer,0,1,0,0.5,0,0,internal,0,0,0,0,0,2025-03-04,2025-03-04,0,2,4
0181daedf475221291df382a21589255,2025-11-10,2025-03-10T07:18:43Z,Mand,1997-02-18,2025-03-10,utm_campaign=Marts25&utm_content=A&utm_medium=content&utm_source=jp.dk,FALSE,FALSE,0,0,0,2025-03-10,2025-05-09,0,0,Økonomi,Pris,2025-12-09,2025-11-10,245,180–270 dage,29,25–34,1,0,0,0,215,55,19,6,0.10909090909090909,0.18636363636363637,0.03636363636363636,0.9636363636363636,55,5,19,19,13,0.10909090909090909,6,0.18636363636363637,0.10909090909090909,0.7454545454545455,Computer,0,2,0.10416666666666669,0.4791666666666667,0,0,internal,0.14545454545454545,0,0,0,0.4545454545454546,2025-03-10,2025-03-31,21,11,4
0189b22c99e33623162d8637b1f1f081,2025-03-21,2025-03-21T07:38:05Z,Mand,1976-03-24,2013-09-28,utm_campaign=Marts25&utm_content=sc_b&utm_medium=mail&utm_source=mail,FALSE,TRUE,21,9,10,2025-03-21,2025-05-20,0,0,Andet,kunden ønsker ikke at oplyse,2025-05-20,2025-03-21,0,0–30 dage,50,45–54,0,1,0,0,823,424,219,148,0.3490566037735849,0.3732311320754717,0.35141509433962265,0.6485849056603774,424,27,219,250,214,0.3490566037735849,148,0.3732311320754717,0.25471698113207547,0.5,Computer,0,2,0.00526315789473684,0.9789473684210528,0,0,internal,0.13679245283018868,0,0.00471698113207547,0,0.37735849056603776,2025-03-21,2025-04-20,30,15.703703703703704,2
01ae2661bedce685224dd58830b94e86,2025-05-04,2025-03-11T10:02:44Z,Kvinde,1954-05-13,2024-09-01,utm_campaign=&utm_content=genbesog_JP_digital&utm_medium=ppc&utm_source=adwords&utm_term=jyllands-posten+abonnement,FALSE,FALSE,1,1,0,2025-03-11,2025-05-10,0,0,Tid,Ikke tid,2025-05-10,2025-05-04,54,30–90 dage,71,65+,0,0,0,0,92,516,205,109,0.21124031007751937,0.2315891472868217,0,0,516,31,205,214,199,0.21124031007751937,109,0.2315891472868217,0.11434108527131782,0.6356589147286822,Tablet,0,1,0.0040983606557377,0.9467213114754098,0,0,internal,0.09302325581395347,0,0.00193798449612403,0,0.5523255813953488,2025-03-11,2025-04-10,30,16.64516129032258,1
01cad508503a8d700c051addb5ca5e24,2025-06-26,2025-03-19T16:55:44Z,Mand,1975-01-27,2023-10-02,utm_campaign=Marts25&utm_content=A&utm_medium=content&utm_source=jp.dk,FALSE,FALSE,1,1,0,2025-03-19,2025-05-18,0,0,Andet,kunden ønsker ikke at oplyse,2025-07-18,2025-06-26,99,90–180 dage,51,45–54,1,0,0,0,216,525,149,94,0.17904761904761904,0.23047619047619047,0.21523809523809523,0.7847619047619048,525,31,149,170,148,0.17904761904761904,94,0.23047619047619047,0.1676190476190476,0.7047619047619048,Computer,0,2,0,0.9832402234636872,0,0,internal,0.05523809523809524,0,0,0,0.6761904761904762,2025-03-19,2025-04-18,30,16.93548387096774,4
01f145c2d4f98ff3b0ce3f731c3e5078,2025-04-12,2025-03-12T20:11:21Z,Mand,1956-05-10,2014-06-27,utm_campaign=Marts25&utm_content=A&utm_medium=content&utm_source=jp.dk,FALSE,FALSE,4,4,0,2025-03-12,2025-05-11,0,0,Tid,Ikke tid,2025-05-11,2025-04-12,31,30–90 dage,69,65+,0,0,0,0,365,169,91,53,0.3136094674556213,0.40384615384615385,1,0,169,16,91,100,89,0.3136094674556213,53,0.40384615384615385,0.28402366863905326,0.4911242603550296,Mobile,1,1,0,1,0,0,internal,0.08284023668639054,0,0.0059171597633136,0,0.35502958579881655,2025-03-12,2025-04-11,30,10.5625,1
01f92382940313bede15a74a51bc1ecb,2025-05-12,2025-03-21T08:56:18Z,Mand,1977-09-23,2014-09-24,utm_campaign=Marts25&utm_content=B&utm_medium=content&utm_source=jp.dk,FALSE,FALSE,0,0,0,2025-03-21,2025-05-20,0,0,Produkt,Redaktionelt indhold / holdning,2025-05-20,2025-05-12,52,30–90 dage,48,45–54,0,0,0,0,1,2,1,1,0.5,0.5,1,0,2,2,1,2,1,0.5,1,0.5,0,0,Mobile,1,1,0.5,0,0,0,search,0,0,0,0,0,2025-03-21,2025-04-14,24,1,3
02480b1eb465af71452760dd0d8916f8,2025-10-02,2025-03-07T12:32:21Z,Kvinde,1973-06-28,2016-10-28,utm_campaign=Basis_22&utm_content=HeaderButtonRaised&utm_medium=Matrice&utm_source=jp.dk,FALSE,FALSE,2,2,0,2025-03-07,2025-05-06,3,3,Andet,kunden ønsker ikke at oplyse,2025-10-06,2025-10-02,209,180–270 dage,52,45–54,1,0,0,0,246,98,27,22,0.22448979591836735,0.20408163265306123,0.5102040816326531,0.4897959183673469,98,21,27,39,26,0.22448979591836735,22,0.20408163265306123,0.1326530612244898,0.7244897959183674,Mobile,1,2,0.07894736842105263,0.8421052631578947,0,0,internal,0.16326530612244897,0,0,0,0.6020408163265306,2025-03-07,2025-04-06,30,4.666666666666667,3
026950ba1188c7b7567b2c0196a567dc,2025-05-08,2025-03-04T22:02:33Z,Mand,1988-06-19,2025-03-04,utm_campaign=Basis_22&utm_content=HeaderButtonRaised&utm_medium=Matrice&utm_source=jp.dk,FALSE,FALSE,0,0,0,2025-03-04,2025-05-03,0,0,Produkt,Redaktionelt indhold / holdning,2025-06-03,2025-05-08,65,30–90 dage,37,35–44,1,0,0,1,32,2,1,0,0,0,1,0,2,1,1,0,0,0,0,0,0,1,Mobile,1,1,0,0,0,0,unknown,0,0,0,0,1,2025-03-04,2025-03-04,0,2,4
02cd8b6609ea3b7598578bb5ff28a659,2025-03-28,2025-03-16T07:14:11Z,Kvinde,1962-07-22,2011-11-13,utm_campaign=Marts25&utm_content=A&utm_medium=content&utm_source=jp.dk,FALSE,FALSE,3,0,3,2025-03-16,2025-05-15,0,0,Tid,Ikke tid,2025-05-15,2025-03-28,12,0–30 dage,63,55–64,0,0,0,0,210,317,153,97,0.305993690851735,0.31624605678233436,1,0,317,28,153,183,151,0.305993690851735,97,0.31624605678233436,0.2018927444794953,0.5772870662460567,Mobile,1,1,0,0.9945945945945946,0,0,internal,0.15772870662460567,0,0.00315457413249211,0,0.4195583596214511,2025-03-16,2025-04-15,30,11.321428571428571,1
02fe16a67b6e92fb1525c8dc4f5e19d2,2025-05-09,2025-03-09T07:49:29Z,Kvinde,1971-04-15,2025-03-09,utm_campaign=Marts25&utm_content=B&utm_medium=content&utm_source=jp.dk,FALSE,FALSE,0,0,0,2025-03-09,2025-05-08,0,0,Produkt,Redaktionelt indhold / holdning,2025-06-08,2025-05-09,61,30–90 dage,55,55–64,1,0,0,1,32,14,4,6,0.42857142857142855,0.21428571428571427,0.7857142857142857,0.21428571428571427,14,3,4,8,3,0.42857142857142855,6,0.21428571428571427,0.14285714285714285,0.6428571428571429,Mobile,1,2,0,0.125,0,0,unknown,0.42857142857142855,0,0,0,0.42857142857142855,2025-03-09,2025-03-12,3,4.666666666666667,3
0337580bff96617791df065cc65b78e1,2025-12-05,2025-03-11T11:06:48Z,Mand,1954-01-03,2015-09-29,utm_campaign=Basis_22&utm_content=HeaderButtonRaised&utm_medium=Matrice&utm_source=jp.dk,FALSE,TRUE,4,2,0,2025-03-11,2025-05-10,0,0,Andet,Ingen årsag – ingen tlf kontakt,2025-12-10,2025-12-05,269,180–270 dage,72,65+,1,0,0,0,1361,8,7,4,0.5,0.46875,0,0.25,8,6,7,7,6,0.5,4,0.46875,0.375,0.25,Tablet,0,2,0,0.5,0,0,internal,0.25,0,0,0,0.125,2025-03-11,2025-03-29,18,1.3333333333333333,4
041d717ed0a2660383069b4382a5f868,2025-06-23,2025-03-21T13:25:33Z,Mand,1971-06-08,2024-07-07,utm_campaign=Marts25&utm_content=sc_b&utm_medium=mail&utm_source=mail,FALSE,TRUE,1,1,0,2025-03-21,2025-05-20,0,0,Tid,Ikke tid,2025-07-20,2025-06-23,94,90–180 dage,54,45–54,1,0,0,0,154,18,12,9,0.5,0.3472222222222222,1,0,18,2,12,14,11,0.5,9,0.3472222222222222,0.2777777777777778,0.5555555555555556,Mobile,1,1,0,0.8571428571428571,0,0,internal,0.1111111111111111,0,0,0,0.2222222222222222,2025-03-21,2025-03-28,7,9,4
042313fde35eb5e19b2106bf175cd5e9,2026-01-22,2025-03-15T08:10:18Z,Kvinde,1965-08-18,2025-03-15,utm_campaign=Marts25&utm_content=A&utm_medium=content&utm_source=jp.dk,TRUE,TRUE,0,0,0,2025-03-15,2025-05-14,0,0,Økonomi,Pris,2026-02-14,2026-01-22,313,270–365 dage,60,55–64,1,0,0,0,277,158,108,62,0.3924050632911392,0.5221518987341772,1,0,158,17,108,121,107,0.3924050632911392,62,0.5221518987341772,0.4177215189873418,0.36075949367088606,Mobile,1,1,0.2258064516129032,0.7548387096774194,0,0,internal,0.20253164556962025,0,0.00632911392405063,0,0.23417721518987344,2025-03-15,2025-04-12,28,9.294117647058824,4
04636e2dfe9fba50ab9943a5a44bdf11,2025-12-11,2025-03-21T16:20:19Z,Mand,1957-12-20,2012-01-27,utm_campaign=Marts25&utm_content=sc_a&utm_medium=mail&utm_source=mail,FALSE,TRUE,0,0,0,2025-03-21,2025-05-20,6,6,Andet,kunden ønsker ikke at oplyse,2025-12-20,2025-12-11,265,180–270 dage,68,65+,1,0,0,0,253,65,37,18,0.27692307692307694,0.3769230769230769,0,1,65,13,37,38,36,0.27692307692307694,18,0.3769230769230769,0.24615384615384617,0.47692307692307695,Computer,0,1,0,0.6808510638297872,0,0,internal,0.12307692307692308,0,0,0,0.4153846153846154,2025-03-21,2025-04-18,28,5,4
0484f997f96e9c43723d291f2abd975d,2025-03-19,2025-03-04T18:51:18Z,Mand,1972-02-27,2025-03-04,utm_campaign=Marts25&utm_content=A&utm_medium=content&utm_source=jp.dk,FALSE,FALSE,0,0,0,2025-03-04,2025-05-03,0,1,Andet,kunden ønsker ikke at oplyse,2025-05-03,2025-03-19,15,0–30 dage,54,45–54,0,0,0,0,1,365,196,112,0.30684931506849317,0.44794520547945205,0,1,365,25,196,211,192,0.30684931506849317,112,0.4479452054794521,0.34794520547945207,0.4465753424657534,Computer,0,1,0,0.9814814814814816,0,0,internal,0.07945205479452055,0,0.01917808219178082,0,0.4136986301369863,2025-03-04,2025-04-03,30,14.6,1
05c2f3b93f4573cd4b34db7362893c04,2025-03-28,2025-03-05T11:42:36Z,Mand,1940-05-11,2020-12-17,utm_campaign=Marts25&utm_content=a&utm_medium=mail&utm_source=mail,TRUE,TRUE,8,2,3,2025-03-05,2025-05-04,0,0,Andet,Ingen årsag – ingen tlf kontakt,2025-05-04,2025-03-28,23,0–30 dage,85,65+,0,0,0,0,607,683,240,170,0.24890190336749635,0.2836749633967789,0,0.9985358711566618,683,31,240,280,230,0.24890190336749635,170,0.2836749633967789,0.23133235724743775,0.6442166910688141,Computer,0,2,0.00923076923076923,0.9692307692307692,0,0,internal,0.11566617862371888,0,0.02049780380673499,0,0.5241581259150805,2025-03-05,2025-04-04,30,22.032258064516128,1
060f3e9968b2c7d8b13699b9e53a6dd0,2025-05-14,2025-03-12T11:42:08Z,Kvinde,2005-08-19,2025-02-27,utm_campaign=Marts25&utm_content=A&utm_medium=content&utm_source=jp.dk,FALSE,FALSE,0,0,0,2025-03-12,2025-05-11,0,0,Produkt,Redaktionelt indhold / holdning,2025-06-11,2025-05-14,63,30–90 dage,20,18–24,1,0,0,1,32,5,1,4,0.8,0.05,0,1,5,4,1,5,1,0.8,4,0.05,0,0.8,Computer,0,1,0,0,0,0,unknown,0,0,0,0,0,2025-03-12,2025-03-20,8,1.25,3
0659d4d38786138a6aa809e8fd489069,2025-12-02,2025-03-13T15:46:55Z,Kvinde,1955-12-12,2025-03-13,utm_campaign=Marts25&utm_medium=Matrice&utm_source=jp.dk,FALSE,FALSE,0,0,0,2025-03-13,2025-05-12,0,0,Tid,Ikke tid,2025-12-12,2025-12-02,264,180–270 dage,70,65+,1,0,0,0,231,213,132,68,0.3192488262910798,0.5422535211267606,0.18779342723004694,0.812206572769953,213,22,132,136,118,0.3192488262910798,68,0.5422535211267606,0.5023474178403756,0.4272300469483568,Computer,0,2,0.0180722891566265,0.9518072289156626,0,0,internal,0.15492957746478872,0,0.00469483568075117,0,0.22535211267605632,2025-03-13,2025-04-07,25,9.681818181818182,3
06beef4376b2852a011aa0359e4dcbf2,2025-05-24,2025-03-16T09:32:41Z,Kvinde,1955-11-02,2014-02-05,utm_campaign=Marts25&utm_content=A&utm_medium=content&utm_source=jp.dk,FALSE,FALSE,0,0,0,2025-03-16,2025-05-15,0,0,Tid,Ikke tid,2025-06-15,2025-05-24,69,30–90 dage,70,65+,1,0,0,1,32,5,4,4,0.8,0.7,0,1,5,1,4,2,1,0.8,4,0.7,0.6,0.2,Computer,0,1,0,0.8,0,0,internal,0,0,0,0,0,2025-03-16,2025-03-16,0,5,3
06c8ac777c34dd5d16d5a192a7ec9b8f,2025-07-01,2025-03-05T13:25:30Z,Mand,1975-02-03,2018-02-27,utm_campaign=Marts25&utm_content=a&utm_medium=mail&utm_source=mail,FALSE,TRUE,2,2,0,2025-03-05,2025-05-04,0,0,Tid,Ikke tid,2025-07-04,2025-07-01,118,90–180 dage,51,45–54,1,0,0,0,164,22,21,12,0.5454545454545454,0.5795454545454546,1,0,22,11,21,22,21,0.5454545454545454,12,0.5795454545454546,0.3636363636363637,0.2272727272727273,Mobile,1,1,0,0.3333333333333333,0,0.6190476190476191,social,0.4090909090909091,0,0,0,0,2025-03-07,2025-03-29,22,2,3
07020bd60c8550351dca52ee85797736,2025-05-06,2025-03-11T18:41:47Z,Mand,1942-07-05,2017-02-07,utm_campaign=Marts25&utm_medium=adops&utm_source=jp.dk,TRUE,TRUE,19,4,15,2025-03-11,2025-05-10,5,5,Tid,Ikke tid,2025-05-10,2025-05-06,56,30–90 dage,83,65+,0,0,0,0,373,117,110,59,0.5042735042735043,0.7393162393162394,0,1,117,20,110,115,108,0.5042735042735043,59,0.7393162393162394,0.5897435897435898,0.07692307692307693,Computer,0,1,0,0.5463917525773195,0,0,internal,0.1623931623931624,0,0,0,0.00854700854700854,2025-03-11,2025-04-10,30,5.85,1
0746ad045757e1004e04d9316b9cae64,2025-10-27,2025-03-16T16:34:30Z,Mand,1945-12-14,2022-07-18,utm_campaign=Marts25&utm_content=A&utm_medium=content&utm_source=jp.dk,FALSE,FALSE,0,0,0,2025-03-16,2025-05-15,0,0,Andet,kunden ønsker ikke at oplyse,2025-11-15,2025-10-27,225,180–270 dage,80,65+,1,0,0,0,317,289,141,100,0.3460207612456747,0.3633217993079585,0.6470588235294118,0.35294117647058826,289,27,141,171,138,0.3460207612456747,100,0.3633217993079585,0.28719723183391005,0.5570934256055363,Mobile,1,2,0.31746031746031744,0.6746031746031746,0,0,internal,0.1245674740484429,0,0,0,0.31141868512110726,2025-03-16,2025-04-13,28,10.703703703703704,4
077ad124aef49eab3dc083a6fb080799,2025-07-20,2025-03-16T21:33:01Z,Mand,1989-02-12,2013-08-25,utm_campaign=Marts25&utm_content=A&utm_medium=content&utm_source=jp.dk,TRUE,TRUE,0,0,0,2025-03-16,2025-05-15,0,0,Andet,RVS,2025-07-19,2025-07-20,126,90–180 dage,37,35–44,1,0,0,0,66,2,1,1,0.5,1,1,0,2,1,1,2,1,0.5,1,1,1,0,Mobile,1,1,0,0,0,0,unknown,1,0,0,0,0,2025-03-16,2025-03-16,0,2,3
0786c281ec5d2458a226bda45e874c35,2025-04-16,2025-03-22T14:22:13Z,Mand,1965-07-07,2023-02-02,utm_campaign=Marts25&utm_medium=topticker&utm_source=jp.dk,FALSE,TRUE,3,3,1,2025-03-22,2025-05-21,0,0,Tid,Ikke tid,2025-05-21,2025-04-16,25,0–30 dage,60,55–64,0,0,0,0,56,588,193,122,0.20748299319727892,0.1798469387755102,1,0,588,30,193,223,182,0.20748299319727892,122,0.1798469387755102,0.08503401360544217,0.717687074829932,Mobile,1,1,0,0.9185667752442996,0,0,internal,0.06972789115646258,0,0.03401360544217687,0,0.5136054421768708,2025-03-23,2025-04-21,29,19.6,1
07995ffec6801cd5915707d56aff671e,2025-05-22,2025-03-04T10:33:58Z,Mand,1957-01-28,2024-10-28,utm_campaign=Marts25&utm_content=A&utm_medium=content&utm_source=jp.dk,FALSE,FALSE,0,0,0,2025-03-04,2025-05-03,0,0,Digitalt,Tekniske problemer (kunde),2025-06-03,2025-05-22,79,30–90 dage,69,65+,1,0,0,0,32,8,5,0,0,0.25,0,1,8,1,5,3,2,0,0,0.25,0.125,0.625,Computer,0,1,0,0.8333333333333334,0,0,internal,0,0,0,0,0.375,2025-03-11,2025-03-11,0,8,4
07aac1ad911f0fa3d80e29cb0dbf0215,2025-03-21,2025-03-20T07:48:13Z,Mand,1954-03-30,2023-01-21,utm_campaign=Basis_22&utm_content=HeaderButtonRaised&utm_medium=Matrice&utm_source=jp.dk,FALSE,TRUE,2,2,0,2025-03-20,2025-05-19,0,0,Andet,Administrativt,2025-05-19,2025-03-21,1,0–30 dage,72,65+,0,1,0,0,1060,309,154,89,0.28802588996763756,0.26941747572815533,0.3074433656957929,0.6925566343042071,309,31,154,159,148,0.28802588996763756,89,0.26941747572815533,0.12297734627831716,0.5501618122977346,Computer,0,2,0.00442477876106194,0.9823008849557522,0,0,internal,0.12297734627831716,0,0.00647249190938511,0,0.2750809061488673,2025-03-20,2025-04-19,30,9.96774193548387,2
07e66a948735615a86d845bd1a71c5cb,2025-03-17,2025-03-07T08:35:59Z,Kvinde,1948-05-03,2023-01-11,utm_campaign=Marts25&utm_content=b&utm_medium=mail&utm_source=mail,TRUE,FALSE,0,0,0,2025-03-07,2025-05-06,0,0,Tid,Ikke tid,2025-05-06,2025-03-17,10,0–30 dage,77,65+,0,0,0,0,5,125,75,46,0.368,0.396,1,0,125,16,75,76,66,0.368,46,0.396,0.32,0.528,Mobile,1,1,0,0.989010989010989,0,0,internal,0.12,0,0.008,0,0.248,2025-03-07,2025-04-04,28,7.8125,1
082681be98abd06c01c30e80a3fb0790,2025-12-22,2025-03-10T12:14:49Z,Kvinde,1990-04-26,2021-07-27,utm_campaign=Marts25&utm_content=A&utm_medium=content&utm_source=jp.dk,FALSE,FALSE,0,0,0,2025-03-10,2025-05-09,0,0,Produkt,Redaktionelt indhold / holdning,2026-01-09,2025-12-22,287,270–365 dage,35,35–44,1,0,0,0,246,6,3,2,0.3333333333333333,0.3333333333333333,1,0,6,2,3,3,1,0.3333333333333333,2,0.3333333333333333,0.3333333333333333,0.6666666666666666,Mobile,1,1,0,0.8,0,0,internal,0.5,0,0,0,0.3333333333333333,2025-03-10,2025-03-11,1,3,3
086325f12bc218ac0373548697877ce3,2025-05-05,2025-03-20T12:41:53Z,Mand,1977-02-22,2012-12-04,utm_campaign=Marts25&utm_content=B&utm_medium=content&utm_source=jp.dk,FALSE,FALSE,3,1,2,2025-03-20,2025-05-19,0,0,Produkt,Redaktionelt indhold / holdning,2025-05-19,2025-05-05,46,30–90 dage,49,45–54,0,0,0,0,107,132,85,53,0.4015151515151515,0.4337121212121212,0.08333333333333333,0.9166666666666666,132,21,85,85,81,0.4015151515151515,53,0.4337121212121212,0.3409090909090909,0.4545454545454546,Computer,0,2,0,0.9529411764705882,0,0,internal,0.12121212121212122,0,0.01515151515151515,0,0.3333333333333333,2025-03-20,2025-04-16,27,6.285714285714286,4
087ebc5dd84a5a63f00974b2dc26c2a8,2025-07-29,2025-03-05T14:51:37Z,Mand,1954-04-11,2021-07-16,utm_campaign=Marts25&utm_content=a&utm_medium=mail&utm_source=mail,TRUE,TRUE,9,6,4,2025-03-05,2025-05-04,0,0,Andet,kunden ønsker ikke at oplyse,2025-07-04,2025-07-29,146,90–180 dage,72,65+,1,0,0,0,536,17,9,2,0.11764705882352941,0.27941176470588236,0.058823529411764705,0.9411764705882353,17,5,9,8,8,0.1176470588235294,2,0.27941176470588236,0.17647058823529413,0.5882352941176471,Computer,0,2,0.2352941176470588,0.5882352941176471,0,0,internal,0.2352941176470588,0,0,0,0.5294117647058824,2025-03-05,2025-03-15,10,3.4,4
08b9d113ffba7015141bba88f1c6da2a,2025-04-03,2025-03-21T17:20:24Z,Mand,1944-06-14,2025-03-21,utm_campaign=Marts25&utm_content=sc_b&utm_medium=mail&utm_source=mail,FALSE,TRUE,0,0,0,2025-03-21,2025-05-20,0,0,Økonomi,Pris,2025-05-20,2025-04-03,13,0–30 dage,81,65+,0,0,0,0,15,470,230,129,0.274468085106383,0.3973404255319149,1,0,470,31,230,239,228,0.274468085106383,129,0.3973404255319149,0.30638297872340425,0.5191489361702127,Mobile,1,1,0,0.9906542056074766,0,0,internal,0.11063829787234042,0,0.00425531914893617,0,0.4893617021276595,2025-03-21,2025-04-20,30,15.161290322580646,2
08ce32090c34f9ffc0d9dad565a1ea00,2025-05-14,2025-03-13T15:42:58Z,Kvinde,1970-10-21,2025-03-13,utm_campaign=Marts25&utm_content=6657291559852&utm_medium=fb_forside&utm_source=some&utm_term=6657291559452,FALSE,TRUE,0,0,0,2025-03-13,2025-05-12,0,2,Salg,Annulleret køb,2025-05-13,2025-05-14,62,30–90 dage,55,55–64,1,0,0,1,2,25,25,8,0.32,0.5,1,0,25,14,25,25,25,0.32,8,0.5,0.24,0.16,Mobile,1,1,0,0.12,0,0.84,social,0.32,0,0,0,0,2025-03-14,2025-04-12,29,1.7857142857142858,3
09605f5feba08df0b294e49c34e8361d,2025-06-05,2025-03-21T07:37:45Z,Mand,1944-12-26,2012-03-15,utm_campaign=Marts25&utm_content=sc_a&utm_medium=mail&utm_source=mail,TRUE,TRUE,4,3,2,2025-03-21,2025-05-20,0,0,Produkt,Redaktionelt indhold / holdning,2025-06-20,2025-06-05,76,30–90 dage,81,65+,1,0,0,0,1152,349,168,99,0.2836676217765043,0.2808022922636103,0,1,349,24,168,173,165,0.2836676217765043,99,0.2808022922636103,0.12034383954154727,0.5358166189111748,Computer,0,1,0.498567335243553,0.49570200573065903,0,0,search,0.07449856733524356,0,0.02865329512893983,0,0.01146131805157593,2025-03-21,2025-04-20,30,14.541666666666666,1
096d4a4ba51e44809eb9d5cc24ce2dac,2025-10-30,2025-03-06T10:02:54Z,Mand,1963-07-23,2016-01-25,utm_campaign=Basis_22&utm_content=HeaderButtonRaised&utm_medium=Matrice&utm_source=jp.dk,TRUE,TRUE,19,9,8,2025-03-06,2025-05-05,0,0,Andet,RVS,2025-10-29,2025-10-30,238,180–270 dage,62,55–64,1,0,0,0,1752,892,351,226,0.2533632286995516,0.3301569506726457,0.17152466367713004,0.82847533632287,892,30,351,404,344,0.2533632286995516,226,0.3301569506726457,0.2556053811659193,0.5952914798206278,Computer,0,2,0.03414634146341464,0.951219512195122,0,0,internal,0.08183856502242152,0,0.00224215246636771,0,0.5302690582959642,2025-03-06,2025-04-05,30,29.733333333333334,4
09d4166c98f75359232384abbb75ae75,2025-03-24,2025-03-21T22:51:04Z,Mand,1961-03-03,2012-11-11,utm_campaign=Marts25&utm_content=sc_a&utm_medium=mail&utm_source=mail,FALSE,TRUE,6,6,2,2025-03-21,2025-05-20,0,0,Tid,Ikke tid,2025-05-20,2025-03-24,3,0–30 dage,65,65+,0,1,0,0,804,2,2,1,0.5,0.75,1,0,2,2,2,2,2,0.5,1,0.75,0.5,0,Mobile,1,1,0,0,0,1,social,0,0,0,0,0,2025-03-28,2025-04-12,15,1,2
0a06a3d1ec0555b3b9e04186dbd26621,2025-05-22,2025-03-23T06:55:32Z,Mand,1980-05-02,2022-03-17,utm_campaign=Marts25&utm_medium=topticker&utm_source=jp.dk,TRUE,TRUE,3,2,1,2025-03-23,2025-05-22,0,0,Økonomi,Pris,2025-05-22,2025-05-22,60,30–90 dage,45,45–54,0,0,0,0,465,539,201,138,0.2560296846011132,0.26716141001855287,0.9907235621521335,0.00927643784786642,539,31,201,231,199,0.2560296846011132,138,0.26716141001855287,0.19294990723562153,0.6530612244897959,Mobile,1,2,0.0043103448275862,0.9396551724137931,0,0,internal,0.06122448979591836,0,0.00927643784786642,0,0.5695732838589982,2025-03-23,2025-04-22,30,17.387096774193548,4
0a2c05c75d874ab240347e05ec34d089,2025-04-14,2025-03-05T18:12:53Z,Kvinde,1942-07-05,2017-12-05,utm_campaign=Marts25&utm_content=A&utm_medium=content&utm_source=jp.dk,FALSE,TRUE,7,1,7,2025-03-05,2025-05-04,2,2,Andet,Ingen årsag – ingen tlf kontakt,2025-05-04,2025-04-14,40,30–90 dage,83,65+,0,0,0,0,269,775,363,226,0.29161290322580646,0.4067741935483871,0,1,775,30,363,420,362,0.29161290322580646,226,0.4067741935483871,0.30709677419354836,0.5148387096774194,Computer,0,1,0,0.9603729603729604,0,0,internal,0.12774193548387097,0,0.01290322580645161,0,0.45806451612903226,2025-03-05,2025-04-04,30,25.833333333333332,1
0a615aeb6124d44c0cadd477b8a8fe60,2025-12-10,2025-03-18T08:06:44Z,Kvinde,1958-04-13,2024-01-10,utm_campaign=Marts25&utm_content=A&utm_medium=content&utm_source=jp.dk,FALSE,FALSE,0,0,0,2025-03-18,2025-05-17,0,0,Økonomi,Pris,2025-12-17,2025-12-10,267,180–270 dage,68,65+,1,0,0,0,215,762,325,266,0.34908136482939633,0.30741469816272965,0.6443569553805775,0,762,31,325,450,312,0.34908136482939633,266,0.30741469816272965,0.20078740157480315,0.5656167979002624,Mobile,1,2,0.00389863547758284,0.9571150097465888,0,0,internal,0.11023622047244094,0,0.00918635170603674,0,0.3622047244094488,2025-03-18,2025-04-17,30,24.580645161290324,4
0b470ad1a99a77dcd692372316da8736,2025-05-02,2025-03-05T16:05:54Z,Mand,1960-05-08,2019-12-21,utm_campaign=Marts25&utm_content=a&utm_medium=mail&utm_source=mail,FALSE,TRUE,9,4,3,2025-03-05,2025-05-04,0,0,Produkt,Redaktionelt indhold / holdning,2025-05-04,2025-05-02,58,30–90 dage,65,65+,0,0,0,0,1225,798,337,223,0.2794486215538847,0.3508771929824561,0,1,798,31,337,374,332,0.2794486215538847,223,0.3508771929824561,0.2807017543859649,0.5764411027568922,Computer,0,1,0.07276995305164319,0.9248826291079812,0,0,internal,0.09022556390977444,0,0.006265664160401,0,0.5037593984962406,2025-03-05,2025-04-04,30,25.741935483870968,1
0b65e3d1e1771fad90f13172a6b4f90a,2025-07-08,2025-03-05T17:21:26Z,Kvinde,2005-05-18,2025-03-05,utm_campaign=Marts25&utm_content=B&utm_medium=content&utm_source=jp.dk,FALSE,FALSE,0,0,0,2025-03-05,2025-05-04,0,0,Økonomi,Pris,2025-08-04,2025-07-08,125,90–180 dage,20,18–24,1,0,0,0,93,5,1,2,0.4,0.6,0,1,5,1,1,5,1,0.4,2,0.6,0,0.2,Computer,0,1,0,0.8,0,0,internal,0,0,0,0,0,2025-03-05,2025-03-05,0,5,3
0c102fba45b6df93b843ac40049572a3,2025-11-18,2025-03-10T08:00:03Z,Mand,1993-09-27,2024-12-10,utm_campaign=Marts25&utm_content=A&utm_medium=content&utm_source=jp.dk,FALSE,FALSE,1,1,0,2025-03-10,2025-05-09,0,0,Økonomi,Pris,2025-12-09,2025-11-18,253,180–270 dage,32,25–34,1,0,0,0,351,274,138,77,0.28102189781021897,0.4041970802919708,0,1,274,21,138,142,136,0.28102189781021897,77,0.4041970802919708,0.3248175182481752,0.5291970802919708,Computer,0,1,0,0.9928057553956836,0,0,internal,0.09124087591240876,0,0,0,0.4744525547445255,2025-03-10,2025-04-09,30,13.047619047619047,4
0c1f0cec87d275a5a25de0d6f7f3a32a,2025-05-30,2025-03-13T17:54:23Z,Kvinde,1968-07-25,2024-05-27,utm_campaign=Marts25&utm_content=A&utm_medium=content&utm_source=jp.dk,FALSE,FALSE,0,0,0,2025-03-13,2025-05-12,0,0,Tid,Ikke tid,2025-06-12,2025-05-30,78,30–90 dage,57,55–64,1,0,0,0,32,4,2,1,0.25,0.25,1,0,4,1,2,2,1,0.25,1,0.25,0.25,0.75,Mobile,1,1,0,0.5,0,0,internal,0.5,0,0,0,0.5,2025-03-13,2025-03-13,0,4,3
0c3972534a7b5ce5f4f13538ca93fc7f,2026-03-16,2025-03-07T12:05:46Z,Mand,1970-04-23,2015-08-12,utm_campaign=Marts25&utm_content=B&utm_medium=content&utm_source=jp.dk,FALSE,TRUE,5,3,3,2025-03-07,2025-05-06,0,0,Ukendt,Ukendt,2026-03-16,2026-03-16,374,365+ dage,56,55–64,1,0,0,0,794,639,302,202,0.3161189358372457,0.36932707355242567,1,0,639,31,302,317,295,0.3161189358372457,202,0.36932707355242567,0.27230046948356806,0.5524256651017214,Mobile,1,1,0.4122257053291536,0.5862068965517241,0,0,internal,0.08450704225352113,0,0.00625978090766823,0,0.4100156494522691,2025-03-07,2025-04-06,30,20.612903225806452,4
0c67f17cceae3e2cec14347f059d0a00,2025-05-12,2025-03-19T18:54:51Z,Kvinde,1964-05-08,2022-06-08,utm_campaign=Marts25&utm_medium=Weblayer&utm_source=jp.dk,FALSE,TRUE,6,4,2,2025-03-19,2025-05-18,0,0,Tid,Ikke tid,2025-05-18,2025-05-12,54,30–90 dage,61,55–64,0,0,0,0,999,255,142,84,0.32941176470588235,0.22647058823529412,0,1,255,19,142,142,141,0.32941176470588235,84,0.22647058823529412,0.0588235294117647,0.5450980392156862,Computer,0,1,0,0.993006993006993,0,0,internal,0.1411764705882353,0,0.0196078431372549,0,0.4431372549019608,2025-03-19,2025-04-18,30,13.421052631578949,1
0cb912d21dd09ce5dbef80537ee33207,2025-03-07,2025-03-06T20:27:43Z,Mand,1966-11-08,2012-01-11,utm_campaign=Marts25&utm_content=b&utm_medium=mail&utm_source=mail,TRUE,TRUE,12,3,11,2025-03-06,2025-05-05,3,2,Andet,kunden ønsker ikke at oplyse,2025-05-05,2025-03-07,1,0–30 dage,59,55–64,0,1,0,0,169,188,79,37,0.19680851063829788,0.26861702127659576,1,0,188,15,79,89,76,0.19680851063829788,37,0.26861702127659576,0.1702127659574468,0.6436170212765957,Mobile,1,1,0.33088235294117646,0.6397058823529411,0,0,internal,0.06914893617021277,0,0,0,0.5,2025-03-06,2025-04-05,30,12.533333333333331,2
0d56571f7f84ac94a9f2040df12af2f3,2025-06-04,2025-03-16T16:16:23Z,Mand,1976-05-29,2025-03-16,utm_campaign=Marts25&utm_content=A&utm_medium=content&utm_source=jp.dk,FALSE,FALSE,0,0,0,2025-03-16,2025-05-15,0,0,Produkt,Redaktionelt indhold / holdning,2025-06-15,2025-06-04,80,30–90 dage,49,45–54,1,0,0,0,21,1,1,0,0,1,1,0,1,1,1,1,1,0,0,1,1,0,Mobile,1,1,0,0,0,0,unknown,0,0,0,0,0,2025-03-16,2025-03-16,0,1,3
0df5b387b78e35a51c02f8560b6beea2,2025-08-11,2025-03-09T03:41:44Z,Kvinde,1964-10-12,2012-12-08,utm_campaign=Marts25&utm_content=B&utm_medium=content&utm_source=jp.dk,TRUE,TRUE,0,0,0,2025-03-09,2025-05-08,0,0,Tid,Ikke tid,2025-09-08,2025-08-11,155,90–180 dage,61,55–64,1,0,0,0,231,127,49,60,0.47244094488188976,0.2578740157480315,1,0,127,20,49,85,46,0.47244094488188976,60,0.2578740157480315,0.13385826771653545,0.6456692913385826,Mobile,1,1,0,0.9682539682539684,0,0,internal,0.1968503937007874,0,0,0,0.28346456692913385,2025-03-12,2025-04-08,27,6.35,3
0e2c28fe864fd90012aede0054822295,2025-05-26,2025-03-23T12:31:40Z,Mand,1950-03-30,2012-12-15,utm_campaign=Marts25&utm_content=sc_b&utm_medium=mail&utm_source=mail,FALSE,TRUE,6,2,6,2025-03-23,2025-05-22,2,4,Tid,Ikke tid,2025-05-26,2025-05-26,64,30–90 dage,76,65+,1,0,0,1,126,149,92,59,0.3959731543624161,0.4815436241610738,0.38926174496644295,0.610738255033557,149,17,92,108,88,0.3959731543624161,59,0.4815436241610738,0.3624161073825503,0.436241610738255,Computer,0,2,0,0.8709677419354839,0,0,internal,0.14093959731543623,0,0,0,0.24832214765100671,2025-03-23,2025-04-22,30,8.764705882352942,4
0e652b27d3a34ff8cbc25c43226e2e2f,2025-04-28,2025-03-03T17:32:18Z,Mand,1953-04-17,2021-09-16,utm_campaign=Basis_22&utm_content=HeaderButtonRaised&utm_medium=Matrice&utm_source=jp.dk,FALSE,TRUE,7,7,1,2025-03-03,2025-05-02,0,0,Andet,Ingen årsag – ingen tlf kontakt,2025-05-02,2025-04-28,56,30–90 dage,73,65+,0,0,0,0,760,382,145,95,0.2486910994764398,0.22578534031413613,0,0.3010471204188482,382,31,145,183,144,0.2486910994764398,95,0.2257853403141361,0.0968586387434555,0.6178010471204188,Tablet,0,2,0,0.9938650306748468,0,0,internal,0.10209424083769632,0,0.00261780104712041,0,0.5209424083769634,2025-03-03,2025-04-02,30,12.32258064516129,1
0e8de2444b618b91a174a5834a364882,2025-05-21,2025-03-19T08:06:11Z,Kvinde,1999-09-18,2021-06-02,utm_campaign=Marts25&utm_content=A&utm_medium=content&utm_source=jp.dk,FALSE,FALSE,0,0,0,2025-03-19,2025-05-18,0,0,Tid,Ikke tid,2025-06-18,2025-05-21,63,30–90 dage,26,25–34,1,0,0,1,32,6,6,2,0.3333333333333333,0.75,0,1,6,3,6,5,5,0.3333333333333333,2,0.75,0.6666666666666666,0.16666666666666666,Computer,0,1,0.2,0.4,0,0,internal,0.6666666666666666,0,0,0,0,2025-03-21,2025-04-12,22,2,3
0ea4d91c13fb3fb49113cdd91a8e9971,2025-04-29,2025-03-21T12:06:30Z,Mand,1974-06-13,2011-08-11,utm_campaign=Marts25&utm_content=A&utm_medium=content&utm_source=jp.dk,TRUE,TRUE,17,10,2,2025-03-21,2025-05-20,0,0,Produkt,Redaktionelt indhold / holdning,2025-05-20,2025-04-29,39,30–90 dage,51,45–54,0,0,0,0,1276,174,145,77,0.4425287356321839,0.5272988505747126,0,1,174,19,145,147,144,0.4425287356321839,77,0.5272988505747126,0.3045977011494253,0.28735632183908044,Computer,0,1,0,0.9473684210526316,0,0,internal,0.22988505747126436,0,0.0057471264367816,0,0.15517241379310345,2025-03-21,2025-04-20,30,9.157894736842104,1
0eb265b24e2c22e395e6582f6e1c3f5a,2025-04-18,2025-03-06T11:25:13Z,Kvinde,1974-06-18,2022-03-18,utm_campaign=Marts25&utm_content=A&utm_medium=content&utm_source=jp.dk,FALSE,TRUE,3,2,1,2025-03-06,2025-05-05,0,0,Andet,kunden ønsker ikke at oplyse,2025-05-05,2025-04-18,43,30–90 dage,51,45–54,0,0,0,0,190,1574,360,338,0.21473951715374842,0.29336086404066075,1,0,1574,31,360,631,359,0.2147395171537484,338,0.29336086404066075,0.1880559085133418,0.6353240152477764,Mobile,1,1,0,0.9968253968253968,0,0,internal,0.04764930114358323,0,0.00317662007623888,0,0.5991105463786531,2025-03-06,2025-04-05,30,50.774193548387096,1
0ec6b8f267326da4d32c62d776716dd5,2025-03-16,2025-03-16T05:56:50Z,Ukendt,1962-02-09,2025-03-16,utm_campaign=Basis_22&utm_content=HeaderButtonRaised&utm_medium=Matrice&utm_source=jp.dk,FALSE,FALSE,0,0,0,2025-03-16,2025-05-15,0,0,Andet,kunden ønsker ikke at oplyse,2025-05-15,2025-03-16,0,0–30 dage,64,55–64,0,1,0,0,1,167,85,38,0.2275449101796407,0.2874251497005988,0.40718562874251496,0.592814371257485,167,7,85,66,66,0.2275449101796407,38,0.2874251497005988,0.2215568862275449,0.6646706586826348,Computer,0,2,0.072,0.896,0,0,internal,0.0658682634730539,0,0.02994011976047904,0,0.30538922155688625,2025-03-16,2025-03-29,13,23.857142857142858,2
0ed22aaaff7efc4fec0edc8fd96ad571,2025-09-30,2025-03-05T17:30:57Z,Mand,1949-07-25,2022-03-28,utm_campaign=Marts25&utm_content=a&utm_medium=mail&utm_source=mail,FALSE,TRUE,3,2,1,2025-03-05,2025-05-04,0,0,Andet,kunden ønsker ikke at oplyse,2025-10-04,2025-09-30,209,180–270 dage,76,65+,1,0,0,0,519,913,311,214,0.2343921139101862,0.26423877327491785,0.36363636363636365,0.6363636363636364,913,31,311,378,308,0.2343921139101862,214,0.26423877327491785,0.1796276013143483,0.6484118291347207,Computer,0,2,0.3038461538461538,0.6903846153846154,0,0,internal,0.08652792990142388,0,0.03395399780941949,0,0.5826944140197152,2025-03-05,2025-04-04,30,29.451612903225808,4
0f624e1da2a58718e4a3ab95c6c6add2,2025-06-14,2025-03-17T08:37:51Z,Kvinde,1977-09-21,2015-04-30,utm_campaign=Marts25&utm_content=B&utm_medium=content&utm_source=jp.dk,FALSE,FALSE,0,0,0,2025-03-17,2025-05-16,0,0,Andet,RVS,2025-06-16,2025-06-14,89,30–90 dage,48,45–54,1,0,0,0,32,7,5,0,0,0.17857142857142858,1,0,7,3,5,3,3,0,0,0.17857142857142858,0,0.5714285714285714,Mobile,1,1,0,0.3333333333333333,0,0.16666666666666666,unknown,0.14285714285714285,0,0,0,0.2857142857142857,2025-03-17,2025-03-29,12,2.3333333333333335,3
0f6de2e197e7f32606ce2b45b80ab39e,2025-04-19,2025-03-14T08:29:20Z,Kvinde,2006-01-04,2025-03-14,utm_campaign=Marts25&utm_content=A&utm_medium=content&utm_source=jp.dk,FALSE,FALSE,0,0,0,2025-03-14,2025-05-13,0,0,Produkt,Redaktionelt indhold / holdning,2025-05-13,2025-04-19,36,30–90 dage,20,18–24,0,0,0,0,1,6,4,2,0.3333333333333333,0.5833333333333334,0,1,6,2,4,4,3,0.3333333333333333,2,0.5833333333333334,0.5,0.3333333333333333,Computer,0,1,0,0.8,0,0,internal,0.16666666666666666,0,0,0,0,2025-03-14,2025-03-17,3,3,1
0f7356c2012978b27f40bf90da63b25c,2025-04-09,2025-03-13T14:33:01Z,Mand,1992-09-24,2021-09-15,utm_campaign=Marts25&utm_medium=Matrice&utm_source=jp.dk,FALSE,TRUE,3,3,0,2025-03-13,2025-05-12,0,0,Tid,Ikke tid,2025-05-12,2025-04-09,27,0–30 dage,33,25–34,0,0,0,0,323,73,36,22,0.3013698630136986,0.2363013698630137,0,1,73,17,36,32,30,0.3013698630136986,22,0.2363013698630137,0.0958904109589041,0.6164383561643836,Computer,0,1,0.12962962962962962,0.7592592592592593,0,0.07407407407407407,internal,0.0958904109589041,0,0,0,0.410958904109589,2025-03-17,2025-04-10,24,4.294117647058823,3
0f83f350b48ba9a34a3a312205196d45,2025-07-21,2025-03-19T07:23:14Z,Kvinde,1991-11-27,2025-03-19,utm_campaign=Marts25&utm_content=A&utm_medium=content&utm_source=jp.dk,FALSE,FALSE,0,0,0,2025-03-19,2025-05-18,0,0,Tid,Ikke tid,2025-08-18,2025-07-21,124,90–180 dage,34,25–34,1,0,0,0,93,4,4,1,0.25,0.625,1,0,4,1,4,3,3,0.25,1,0.625,0.5,0.25,Mobile,1,1,0,0.6666666666666666,0,0,internal,0.75,0,0,0,0.25,2025-03-19,2025-03-19,0,4,3
0fbed2f662485e3c919df188dc2c71a6,2025-06-16,2025-03-11T07:48:14Z,Kvinde,1945-01-30,2018-10-14,utm_campaign=Basis_22&utm_content=HeaderButtonRaised&utm_medium=Matrice&utm_source=jp.dk,TRUE,TRUE,6,1,5,2025-03-11,2025-05-10,9,10,Andet,Ingen årsag – ingen tlf kontakt,2025-07-10,2025-06-16,97,90–180 dage,81,65+,1,0,0,0,362,224,186,130,0.5803571428571429,0.578125,0.9910714285714286,0.008928571428571428,224,29,186,223,185,0.5803571428571429,130,0.578125,0.375,0.21875,Mobile,1,2,0,0.3523809523809524,0.6428571428571429,0,email,0.21428571428571427,0,0.17410714285714285,0,0.00446428571428571,2025-03-11,2025-04-10,30,7.724137931034483,4
0fbf18c8102a33efcce853cb88f22501,2025-05-13,2025-03-21T12:41:42Z,Mand,1967-04-05,2013-01-18,utm_campaign=Marts25&utm_content=sc_b&utm_medium=mail&utm_source=mail,FALSE,TRUE,5,4,4,2025-03-21,2025-05-20,2,2,Tid,Ikke tid,2025-05-20,2025-05-13,53,30–90 dage,59,55–64,0,0,0,0,146,89,54,58,0.651685393258427,0.44662921348314605,0.9325842696629213,0.06741573033707865,89,20,54,87,53,0.651685393258427,58,0.4466292134831461,0.3707865168539326,0.4606741573033708,Mobile,1,2,0.05263157894736842,0.9210526315789472,0,0.02631578947368421,internal,0.1348314606741573,0,0.02247191011235955,0,0.02247191011235955,2025-03-21,2025-04-18,28,4.45,1
0fc48cd35b20bd28075e74a9879ddaef,2025-04-23,2025-03-10T12:05:46Z,Mand,1982-08-02,2012-06-09,utm_campaign=Marts25&utm_content=B&utm_medium=content&utm_source=jp.dk,FALSE,TRUE,2,0,1,2025-03-10,2025-05-09,0,0,Produkt,Anden avis/produkt,2025-05-09,2025-04-23,44,30–90 dage,43,35–44,0,0,0,0,38,559,216,142,0.25402504472271914,0.3559928443649374,1,0,559,31,216,273,213,0.25402504472271914,142,0.3559928443649374,0.25760286225402507,0.5778175313059034,Mobile,1,1,0,0.9644128113879004,0,0,internal,0.09481216457960644,0,0,0,0.5008944543828264,2025-03-10,2025-04-09,30,18.032258064516128,1
0ff1fb912827dd493780434b9f5fe90c,2025-03-27,2025-03-05T10:49:20Z,Mand,1950-03-20,2025-02-23,utm_campaign=Marts25&utm_content=A&utm_medium=content&utm_source=jp.dk,FALSE,FALSE,0,0,0,2025-03-05,2025-05-04,0,0,Produkt,Redaktionelt indhold / holdning,2025-05-04,2025-03-27,22,0–30 dage,76,65+,0,0,0,0,1,193,70,41,0.21243523316062177,0.18264248704663213,0,1,193,31,70,71,69,0.21243523316062177,41,0.1826424870466321,0.08290155440414508,0.694300518134715,Computer,0,1,0,0.9857142857142858,0,0,internal,0.06735751295336788,0,0.00518134715025906,0,0.6321243523316062,2025-03-05,2025-04-04,30,6.225806451612903,2
0ff5ed8c95e08e84102e764ef0541efc,2025-09-17,2025-03-14T13:09:19Z,Kvinde,1968-07-11,2023-04-13,utm_campaign=Marts25&utm_content=A&utm_medium=content&utm_source=jp.dk,FALSE,FALSE,0,0,0,2025-03-14,2025-05-13,0,0,Tid,Ikke tid,2025-10-13,2025-09-17,187,180–270 dage,57,55–64,1,0,0,0,154,96,43,20,0.20833333333333334,0.2734375,0,1,96,19,43,46,41,0.20833333333333337,20,0.2734375,0.15625,0.59375,Computer,0,1,0.0425531914893617,0.9361702127659576,0,0,internal,0.10416666666666669,0,0,0,0.5104166666666666,2025-03-14,2025-04-11,28,5.052631578947368,4
10a0ed175bf7ebdb21f21e266673a8be,2025-04-03,2025-03-07T14:26:11Z,Mand,1952-02-25,2016-04-07,utm_campaign=Marts25&utm_content=A&utm_medium=content&utm_source=jp.dk,FALSE,TRUE,8,4,4,2025-03-07,2025-05-06,5,5,Tid,Ikke tid,2025-05-06,2025-04-03,27,0–30 dage,74,65+,0,0,0,0,362,179,104,72,0.4022346368715084,0.4581005586592179,0.329608938547486,0,179,16,104,124,96,0.4022346368715084,72,0.4581005586592179,0.3854748603351955,0.4636871508379888,Tablet,0,2,0.00662251655629139,0.913907284768212,0,0,internal,0.0782122905027933,0,0.01675977653631285,0,0.1396648044692737,2025-03-07,2025-04-06,30,11.1875,1
10d5736de1bd27274198d1f1f0ee6d55,2025-06-29,2025-03-22T00:01:05Z,Kvinde,1955-07-07,2015-02-07,utm_campaign=Marts25&utm_content=sc_a&utm_medium=mail&utm_source=mail,FALSE,TRUE,2,1,1,2025-03-22,2025-05-21,19,18,Andet,kunden ønsker ikke at oplyse,2025-07-21,2025-06-29,99,90–180 dage,70,65+,1,0,0,0,161,34,20,13,0.38235294117647056,0.5073529411764706,1,0,34,10,20,26,19,0.38235294117647056,13,0.5073529411764706,0.35294117647058826,0.35294117647058826,Mobile,1,1,0,1,0,0,internal,0.2352941176470588,0,0,0,0.2352941176470588,2025-03-26,2025-04-21,26,3.4,3
10dccc12a352afbf40623f95125d640e,2025-05-09,2025-03-04T20:50:19Z,Mand,1992-05-02,2025-03-04,utm_campaign=Basis_22&utm_content=HeaderButtonRaised&utm_medium=Matrice&utm_source=jp.dk,FALSE,FALSE,0,0,0,2025-03-04,2025-05-03,0,0,Andet,kunden ønsker ikke at oplyse,2025-06-03,2025-05-09,66,30–90 dage,33,25–34,1,0,0,1,32,1,1,0,0,0,1,0,1,1,1,0,0,0,0,0,0,1,Mobile,1,1,0,0,0,0,unknown,0,0,0,0,1,2025-03-04,2025-03-04,0,1,4
10ff7398704c037f6a9acefe44160e7b,2025-03-17,2025-03-06T10:29:22Z,Mand,1960-08-26,2012-06-10,utm_campaign=Marts25&utm_content=B&utm_medium=content&utm_source=jp.dk,FALSE,TRUE,14,7,6,2025-03-06,2025-05-05,0,0,Andet,kunden ønsker ikke at oplyse,2025-05-05,2025-03-17,11,0–30 dage,65,65+,0,0,0,0,1678,391,181,109,0.27877237851662406,0.33759590792838873,0,1,391,24,181,187,178,0.27877237851662406,109,0.33759590792838873,0.2071611253196931,0.5473145780051151,Computer,0,1,0.2323759791122715,0.4830287206266319,0,0,internal,0.05626598465473145,0,0.01534526854219948,0,0.5166240409207161,2025-03-06,2025-04-05,30,16.291666666666668,2
111f0b8ba99b5f710b9ff3e9fb73df42,2025-06-28,2025-03-05T07:09:22Z,Mand,1966-01-16,2016-09-26,utm_campaign=Marts25&utm_medium=Matrice&utm_source=jp.dk,FALSE,TRUE,5,3,2,2025-03-05,2025-05-04,2,2,Andet,RVS,2025-06-27,2025-06-28,115,90–180 dage,60,55–64,1,0,0,0,1165,434,184,117,0.2695852534562212,0.31048387096774194,0.7142857142857143,0.2857142857142857,434,31,184,222,179,0.2695852534562212,117,0.31048387096774194,0.18202764976958524,0.5552995391705069,Mobile,1,2,0.00434782608695652,0.8739130434782608,0,0,internal,0.08525345622119816,0,0.03917050691244239,0,0.46774193548387094,2025-03-05,2025-04-04,30,14,4
11358b0c3d185f3ea7fdae8c43348eff,2025-05-06,2025-03-04T16:44:30Z,Mand,1954-01-27,2016-10-24,utm_campaign=Marts25&utm_content=B&utm_medium=content&utm_source=jp.dk,FALSE,FALSE,11,8,3,2025-03-04,2025-05-03,0,0,Økonomi,Pris,2025-06-03,2025-05-06,63,30–90 dage,72,65+,1,0,0,1,1302,663,268,174,0.26244343891402716,0.28092006033182504,0.39819004524886875,0.5882352941176471,663,31,268,310,266,0.26244343891402716,174,0.28092006033182504,0.1493212669683258,0.5701357466063348,Computer,0,3,0.5325264750378215,0.46444780635400906,0,0,search,0.0784313725490196,0,0.00452488687782805,0,0.530920060331825,2025-03-04,2025-04-03,30,21.387096774193548,4
1144e252a0b338bae955d43b8f1406d0,2025-05-09,2025-03-11T13:50:38Z,Kvinde,1960-12-24,2021-07-11,utm_campaign=Marts25&utm_content=A&utm_medium=content&utm_source=jp.dk,FALSE,FALSE,1,1,0,2025-03-11,2025-05-10,0,0,Tid,Ikke tid,2025-05-10,2025-05-09,59,30–90 dage,65,65+,0,0,0,0,32,172,89,59,0.3430232558139535,0.3561046511627907,0.22674418604651161,0.7732558139534884,172,28,89,95,87,0.3430232558139535,59,0.3561046511627907,0.2616279069767442,0.5348837209302325,Computer,0,2,0.44642857142857145,0.5357142857142857,0,0,internal,0.12790697674418605,0,0.01162790697674418,0,0.4418604651162791,2025-03-11,2025-04-10,30,6.142857142857143,1
11665511250f1af62935a7df84ac6d54,2026-03-16,2025-03-19T14:51:11Z,Mand,1957-02-21,2015-03-16,utm_campaign=Basis_22&utm_content=HeaderButtonRaised&utm_medium=Matrice&utm_source=jp.dk,TRUE,TRUE,0,0,0,2025-03-19,2025-05-18,0,0,Ukendt,Ukendt,2026-03-16,2026-03-16,362,270–365 dage,69,65+,1,0,0,0,302,58,38,23,0.39655172413793105,0.43103448275862066,1,0,58,8,38,43,34,0.39655172413793105,23,0.43103448275862066,0.3275862068965517,0.39655172413793105,Mobile,1,1,0,0.97435897435897445,0,0,internal,0.1724137931034483,0,0.13793103448275862,0,0.1206896551724138,2025-03-24,2025-04-18,25,7.25,4
11b03d02ea6b3dba705fedac764a799e,2025-04-07,2025-03-09T06:40:17Z,Kvinde,1987-07-06,2025-03-09,utm_campaign=Marts25&utm_content=A&utm_medium=content&utm_source=jp.dk,FALSE,FALSE,0,0,0,2025-03-09,2025-05-08,0,0,Tid,Ikke tid,2025-05-08,2025-04-07,29,0–30 dage,38,35–44,0,0,0,0,1,144,74,47,0.3263888888888889,0.3333333333333333,1,0,144,22,74,76,70,0.3263888888888889,47,0.3333333333333333,0.2569444444444444,0.5902777777777778,Mobile,1,1,0.02325581395348837,0.9767441860465116,0,0,internal,0.1875,0,0,0,0.4166666666666667,2025-03-09,2025-04-08,30,6.545454545454546,1
11cec0fd49b5a1ed7cff46ec6f8e3c6d,2025-03-31,2025-03-20T08:56:31Z,Kvinde,1996-01-18,2025-03-20,utm_campaign=Marts25&utm_content=A&utm_medium=content&utm_source=jp.dk,FALSE,FALSE,0,0,0,2025-03-20,2025-05-19,0,0,Andet,kunden ønsker ikke at oplyse,2025-05-19,2025-03-31,11,0–30 dage,30,25–34,0,0,0,0,1,35,7,17,0.4857142857142857,0.5071428571428571,0.02857142857142857,0.9714285714285714,35,6,7,22,5,0.4857142857142857,17,0.5071428571428571,0.42857142857142855,0.42857142857142855,Computer,0,2,0.04545454545454545,0.7272727272727273,0,0,internal,0.2,0,0,0,0.22857142857142856,2025-03-20,2025-03-31,11,5.833333333333333,2
11d87c1424309f7d91b606b3a84d0d8b,2025-05-09,2025-03-21T22:02:18Z,Kvinde,1970-09-21,2019-04-07,utm_campaign=Marts25&utm_content=B&utm_medium=content&utm_source=jp.dk,FALSE,TRUE,2,2,1,2025-03-21,2025-05-20,0,0,Tid,Ikke tid,2025-05-20,2025-05-09,49,30–90 dage,55,55–64,0,0,0,0,858,191,112,84,0.4397905759162304,0.33507853403141363,0.9109947643979057,0.08900523560209424,191,20,112,144,103,0.4397905759162304,84,0.33507853403141363,0.2198952879581152,0.5392670157068062,Mobile,1,2,0.01265822784810126,0.9620253164556962,0,0,internal,0.13612565445026178,0,0.02617801047120419,0,0.1518324607329843,2025-03-21,2025-04-20,30,9.55,1
120494d531c102f36998867de084d359,2025-07-23,2025-03-21T18:03:35Z,Kvinde,2025-03-12,2023-05-27,utm_campaign=Marts25&utm_medium=Matrice&utm_source=jp.dk,FALSE,FALSE,1,1,0,2025-03-21,2025-05-20,0,0,Tid,Ikke tid,2025-08-20,2025-07-23,124,90–180 dage,1,18–24,1,0,0,0,185,77,43,22,0.2857142857142857,0.33766233766233766,0.025974025974025976,0.8311688311688312,77,8,43,45,36,0.2857142857142857,22,0.33766233766233766,0.24675324675324675,0.5324675324675324,Computer,0,3,0,0.7605633802816901,0,0.1267605633802817,internal,0.05194805194805195,0,0,0,0.16883116883116883,2025-03-21,2025-04-18,28,9.625,3
122d86776d560a09a86c821924297a8e,2025-06-11,2025-03-10T11:55:05Z,Mand,1972-06-30,2018-05-02,utm_campaign=Marts25&utm_content=A&utm_medium=content&utm_source=jp.dk,FALSE,FALSE,0,0,0,2025-03-10,2025-05-09,0,0,Tid,Ikke tid,2025-07-09,2025-06-11,93,90–180 dage,53,45–54,1,0,0,0,62,169,81,68,0.40236686390532544,0.3224852071005917,0.8757396449704142,0.1242603550295858,169,17,81,98,71,0.40236686390532544,68,0.3224852071005917,0.21893491124260356,0.5798816568047337,Mobile,1,2,0.147239263803681,0.8404907975460123,0,0,internal,0.09467455621301776,0,0,0,0.26627218934911245,2025-03-10,2025-04-08,29,9.941176470588236,4
1230fd711f4acd99dfd4d06a8f0d8ece,2025-06-11,2025-03-10T10:15:19Z,Kvinde,1955-08-01,2015-02-16,utm_campaign=Marts25&utm_content=B&utm_medium=content&utm_source=jp.dk,FALSE,FALSE,0,0,0,2025-03-10,2025-05-09,1,1,Tid,Ikke tid,2025-07-09,2025-06-11,93,90–180 dage,70,65+,1,0,0,0,138,3,3,1,0.3333333333333333,0.75,0,1,3,1,3,3,3,0.3333333333333333,1,0.75,0.6666666666666666,0,Computer,0,1,0,0.6666666666666666,0,0,internal,0,0,0,0,0,2025-03-10,2025-03-10,0,3,3
1270765e2f706706f11feb985c9b970d,2025-09-22,2025-03-22T05:09:44Z,Mand,1980-05-24,2025-03-22,utm_campaign=Marts25&utm_content=A&utm_medium=content&utm_source=jp.dk,FALSE,FALSE,0,0,0,2025-03-22,2025-05-21,0,0,Tid,Ikke tid,2025-10-21,2025-09-22,184,180–270 dage,45,45–54,1,0,0,0,154,20,9,8,0.4,0.4,1,0,20,2,9,12,8,0.4,8,0.4,0.25,0.5,Mobile,1,1,0,0.9333333333333332,0,0,internal,0.1,0,0,0,0.4,2025-03-22,2025-04-12,21,10,4
12a4b4f33de44e8dec37edffc01f0197,2025-05-20,2025-03-22T21:03:58Z,Mand,1965-09-14,2014-05-13,utm_campaign=Marts25&utm_medium=topticker&utm_source=jp.dk,FALSE,TRUE,3,3,0,2025-03-22,2025-05-21,0,0,Tid,Ikke tid,2025-05-21,2025-05-20,59,30–90 dage,60,55–64,0,0,0,0,719,63,31,16,0.25396825396825395,0.2619047619047619,1,0,63,17,31,29,27,0.25396825396825395,16,0.2619047619047619,0.15873015873015872,0.6190476190476191,Mobile,1,1,0,0.9523809523809524,0,0,internal,0.1746031746031746,0,0.01587301587301587,0,0.492063492063492,2025-03-22,2025-04-21,30,3.7058823529411766,4
12a5df4e0b0d389fa3fc25e3d558f6ff,2025-03-14,2025-03-14T10:20:28Z,Mand,1987-07-19,2018-06-28,utm_campaign=Marts25&utm_content=B&utm_medium=content&utm_source=jp.dk,FALSE,FALSE,0,0,0,2025-03-14,2025-05-13,0,0,Produkt,Redaktionelt indhold / holdning,2025-05-13,2025-03-14,0,0–30 dage,38,35–44,0,1,0,0,1,228,91,51,0.2236842105263158,0.2883771929824561,0.2675438596491228,0.7324561403508771,228,26,91,93,88,0.2236842105263158,51,0.2883771929824561,0.20175438596491227,0.6271929824561403,Computer,0,2,0.00934579439252336,0.9439252336448598,0,0,internal,0.09649122807017543,0,0.0087719298245614,0,0.5570175438596491,2025-03-14,2025-04-13,30,8.76923076923077,2
12ad63f0c977b9e6c6376ff2ea3be398,2025-05-03,2025-03-04T14:35:49Z,Kvinde,1971-01-11,2020-01-21,utm_campaign=Basis_22&utm_content=HeaderButtonRaised&utm_medium=Matrice&utm_source=jp.dk,TRUE,FALSE,0,0,0,2025-03-04,2025-05-03,0,0,Produkt,Redaktionelt indhold / holdning,2025-05-03,2025-05-03,60,30–90 dage,55,55–64,0,0,0,0,1,13,8,6,0.46153846153846156,0.6923076923076923,0.23076923076923078,0.7692307692307693,13,4,8,10,6,0.4615384615384616,6,0.6923076923076923,0.5384615384615384,0.2307692307692308,Computer,0,2,0,0.5,0,0.3333333333333333,internal,0.07692307692307693,0,0,0,0.07692307692307693,2025-03-04,2025-03-18,14,3.25,1
12dc9427032920bd3b9add2d59f92105,2025-03-05,2025-03-04T06:53:40Z,Mand,1966-05-04,2014-05-13,utm_campaign=Marts25&utm_content=B&utm_medium=content&utm_source=jp.dk,FALSE,TRUE,26,11,13,2025-03-04,2025-05-03,7,6,Andet,kunden ønsker ikke at oplyse,2025-05-03,2025-03-05,1,0–30 dage,59,55–64,0,1,0,0,1205,582,208,143,0.24570446735395188,0.27190721649484534,0.006872852233676976,0.993127147766323,582,31,208,258,202,0.24570446735395188,143,0.27190721649484534,0.17697594501718214,0.6219931271477663,Computer,0,2,0.02040816326530612,0.9693877551020408,0,0,internal,0.08419243986254296,0,0.01030927835051546,0,0.4948453608247423,2025-03-04,2025-04-03,30,18.774193548387096,2
13158da72ff4bb01d6a27d7c284cde2b,2025-09-15,2025-03-16T07:57:03Z,Mand,1953-10-26,2024-11-05,utm_campaign=Marts25&utm_content=B&utm_medium=content&utm_source=jp.dk,FALSE,FALSE,0,0,0,2025-03-16,2025-05-15,0,0,Tid,Ikke tid,2025-09-15,2025-09-15,183,180–270 dage,72,65+,1,0,0,0,124,3,3,2,0.6666666666666666,0.6666666666666666,0,1,3,1,3,2,2,0.6666666666666666,2,0.6666666666666666,0.6666666666666666,0.3333333333333333,Computer,0,1,0,0.3333333333333333,0,0,unknown,0.3333333333333333,0,0,0,0.3333333333333333,2025-03-16,2025-03-16,0,3,4
1324af99aa0c369356ae0fac91e7088e,2025-04-07,2025-03-17T13:03:51Z,Mand,2005-11-06,2025-03-17,utm_campaign=Marts25&utm_content=A&utm_medium=content&utm_source=jp.dk,FALSE,FALSE,0,0,0,2025-03-17,2025-05-16,0,0,Produkt,Redaktionelt indhold / holdning,2025-05-16,2025-04-07,21,0–30 dage,20,18–24,0,0,0,0,1,18,7,12,0.6666666666666666,0.6388888888888888,0,1,18,5,7,9,5,0.6666666666666666,12,0.6388888888888888,0.3888888888888889,0.05555555555555555,Computer,0,1,0.9375,0,0,0,search,0.5555555555555556,0,0,0,0,2025-03-17,2025-03-26,9,3.6,2
133510099c29b2622548e08d2692a728,2025-06-07,2025-03-22T09:47:45Z,Kvinde,1931-02-08,2025-03-22,utm_campaign=Marts25&utm_content=6664648409652&utm_medium=fb_matrice&utm_source=some&utm_term=6664648410252,FALSE,FALSE,0,0,0,2025-03-22,2025-05-21,0,0,Tid,Ikke tid,2025-11-21,2025-06-07,77,30–90 dage,95,65+,1,0,0,0,308,194,92,56,0.28865979381443296,0.2036082474226804,0.010309278350515464,0.9896907216494846,194,29,92,95,87,0.28865979381443296,56,0.2036082474226804,0.0979381443298969,0.6494845360824743,Computer,0,2,0,0.8348623853211009,0,0.08256880733944955,internal,0.1134020618556701,0,0.00515463917525773,0,0.4793814432989691,2025-03-23,2025-04-21,29,6.689655172413793,3
134dd83b74c604e99debbbe1d9c57439,2025-04-22,2025-03-04T15:03:33Z,Mand,1973-07-08,2019-05-09,utm_campaign=Marts25&utm_content=A&utm_medium=content&utm_source=jp.dk,FALSE,FALSE,0,0,0,2025-03-04,2025-05-03,0,0,Tid,Ikke tid,2025-05-03,2025-04-22,49,30–90 dage,52,45–54,0,0,0,0,1,77,30,20,0.2597402597402597,0.237012987012987,0,1,77,20,30,30,29,0.2597402597402597,20,0.237012987012987,0.1948051948051948,0.6753246753246753,Computer,0,1,0,0.8571428571428571,0,0,internal,0.03896103896103896,0,0.02597402597402597,0,0.6103896103896104,2025-03-04,2025-04-03,30,3.85,4
1376c4d7ef2a80b1377f57594742b5d4,2025-03-10,2025-03-10T10:11:45Z,Mand,1964-03-06,2025-03-10,utm_campaign=Marts25&utm_content=B&utm_medium=content&utm_source=jp.dk,FALSE,FALSE,0,0,0,2025-03-10,2025-05-09,0,0,Andet,kunden ønsker ikke at oplyse,2025-05-09,2025-03-10,0,0–30 dage,62,55–64,0,1,0,0,1,1279,487,301,0.23534010946051603,0.28244722439405784,1,0,1279,24,487,578,479,0.23534010946051603,301,0.28244722439405784,0.1782642689601251,0.616106333072713,Mobile,1,1,0,0.9544025157232704,0,0,internal,0.09147771696638,0,0.00156372165754495,0,0.5355746677091477,2025-03-10,2025-04-03,24,53.291666666666664,2
139bd0cbde638e16224d7fbe2941b901,2025-06-08,2025-03-08T17:26:25Z,Mand,1966-11-03,2011-08-11,utm_campaign=Marts25&utm_content=B&utm_medium=content&utm_source=jp.dk,FALSE,TRUE,3,2,0,2025-03-08,2025-05-07,6,6,Produkt,Anden avis/produkt,2025-07-07,2025-06-08,92,90–180 dage,59,55–64,1,0,0,0,281,246,111,62,0.25203252032520324,0.29776422764227645,0.7357723577235772,0.26422764227642276,246,27,111,119,109,0.25203252032520324,62,0.29776422764227645,0.1869918699186992,0.5853658536585366,Mobile,1,2,0.00546448087431694,0.8961748633879781,0,0,internal,0.06504065040650407,0,0,0,0.508130081300813,2025-03-08,2025-04-07,30,9.11111111111111,4
13cd3c8c6b1ca4650dbf480c5df9d6be,2025-03-12,2025-03-09T19:50:56Z,Mand,1994-05-01,2018-10-03,utm_campaign=Marts25&utm_content=A&utm_medium=content&utm_source=jp.dk,FALSE,FALSE,0,0,0,2025-03-09,2025-05-08,0,0,Produkt,Redaktionelt indhold / holdning,2025-05-08,2025-03-12,3,0–30 dage,31,25–34,0,1,0,0,1,7,5,3,0.42857142857142855,0.39285714285714285,1,0,7,5,5,5,4,0.42857142857142855,3,0.3928571428571429,0.2857142857142857,0.5714285714285714,Mobile,1,1,0,0,0,0.4,unknown,0.2857142857142857,0,0.14285714285714285,0,0.2857142857142857,2025-03-09,2025-03-22,13,1.4,2
142e11ccea66a17bd3dc666b96c70115,2025-03-10,2025-03-10T17:49:57Z,Mand,1972-06-09,2021-11-10,utm_campaign=Marts25&utm_content=A&utm_medium=content&utm_source=jp.dk,FALSE,FALSE,6,5,1,2025-03-10,2025-05-09,0,0,Andet,kunden ønsker ikke at oplyse,2025-05-09,2025-03-10,0,0–30 dage,53,45–54,0,1,0,0,534,263,149,105,0.39923954372623577,0.4914448669201521,1,0,263,30,149,176,148,0.39923954372623577,105,0.4914448669201521,0.3650190114068441,0.41825095057034223,Mobile,1,1,0,0.9937106918238994,0,0,internal,0.20152091254752852,0,0.03422053231939163,0,0.33079847908745247,2025-03-10,2025-04-09,30,8.766666666666667,2
148f206186a57489b85ac823dcf1a46c,2025-05-18,2025-03-16T11:55:18Z,Mand,1981-06-30,2022-03-14,utm_campaign=Basis_22&utm_content=HeaderButtonRaised&utm_medium=Matrice&utm_source=jp.dk,TRUE,TRUE,3,2,1,2025-03-16,2025-05-15,0,0,Tid,Ikke tid,2025-06-15,2025-05-18,63,30–90 dage,44,35–44,1,0,0,1,328,80,40,28,0.35,0.4625,0.2875,0.0125,80,20,40,46,38,0.35,28,0.4625,0.45,0.5125,Tablet,0,3,0.03333333333333333,0.9333333333333332,0,0,internal,0.0875,0,0,0,0.3375,2025-03-16,2025-04-13,28,4,4
148f59f26319a0da968ce134584c8a6f,2025-04-13,2025-03-21T18:37:03Z,Kvinde,1973-09-23,2022-06-20,utm_campaign=Marts25&utm_content=B&utm_medium=content&utm_source=jp.dk,TRUE,TRUE,1,1,0,2025-03-21,2025-05-20,0,0,Andet,kunden ønsker ikke at oplyse,2025-05-20,2025-04-13,23,0–30 dage,52,45–54,0,0,0,0,84,675,290,182,0.2696296296296296,0.3362962962962963,0,1,675,31,290,338,288,0.2696296296296296,182,0.3362962962962963,0.23407407407407407,0.5422222222222223,Computer,0,1,0,0.9936034115138592,0,0.0021321961620469,internal,0.09333333333333334,0,0.00148148148148148,0,0.49777777777777776,2025-03-21,2025-04-20,30,21.774193548387096,1
1491939885319cc63bbc45f8583456e1,2025-03-22,2025-03-22T16:58:23Z,Mand,1990-05-05,2025-03-22,utm_campaign=Basis_22&utm_content=HeaderButtonRaised&utm_medium=Matrice&utm_source=jp.dk,FALSE,FALSE,0,0,0,2025-03-22,2025-05-21,0,0,Økonomi,Pris,2025-05-21,2025-03-22,0,0–30 dage,35,35–44,0,1,0,0,38,93,42,29,0.3118279569892473,0.26344086021505375,0.5483870967741935,0.45161290322580644,93,10,42,46,36,0.3118279569892473,29,0.26344086021505375,0.1935483870967742,0.6774193548387096,Mobile,1,2,0.04285714285714286,0.8,0,0.07142857142857142,internal,0.03225806451612903,0,0.02150537634408602,0,0.13978494623655913,2025-03-22,2025-04-16,25,9.3,2
1493b48a623a745e57db83cf0b32da91,2025-08-25,2025-03-21T08:27:05Z,Mand,1951-10-02,2023-05-20,utm_campaign=Marts25&utm_content=sc_b&utm_medium=mail&utm_source=mail,FALSE,TRUE,1,1,0,2025-03-21,2025-05-20,0,0,Andet,Administrativt,2025-08-24,2025-08-25,157,90–180 dage,74,65+,1,0,0,0,754,57,33,17,0.2982456140350877,0.39473684210526316,1,0,57,5,33,36,27,0.2982456140350877,17,0.3947368421052632,0.3333333333333333,0.5263157894736842,Mobile,1,1,0.12962962962962962,0.8333333333333334,0,0,internal,0.15789473684210523,0,0.07017543859649122,0,0.17543859649122806,2025-03-22,2025-04-03,12,11.4,4
14a7b456c6f672b6bf51838adcad474c,2025-08-10,2025-03-03T13:28:50Z,Mand,1980-05-01,2025-03-03,utm_campaign=Basis_22&utm_content=HeaderButtonRaised&utm_medium=Matrice&utm_source=jp.dk,FALSE,FALSE,0,0,0,2025-03-03,2025-05-02,0,0,Tid,Ikke tid,2025-09-02,2025-08-10,160,90–180 dage,45,45–54,1,0,0,0,124,104,43,34,0.3269230769230769,0.31009615384615385,1,0,104,22,43,61,42,0.3269230769230769,34,0.31009615384615385,0.17307692307692307,0.5384615384615384,Mobile,1,1,0,0.9672131147540984,0,0,internal,0.15384615384615383,0,0,0,0.4134615384615384,2025-03-03,2025-04-02,30,4.7272727272727275,4
14ae5fda85c636519e6bfc6886270325,2025-07-11,2025-03-07T11:27:35Z,Ukendt,1960-11-20,2020-02-02,utm_campaign=Basis_22&utm_content=HeaderButtonRaised&utm_medium=Matrice&utm_source=jp.dk,FALSE,FALSE,0,0,0,2025-03-07,2025-05-06,0,0,Tid,Ikke tid,2025-08-06,2025-07-11,126,90–180 dage,65,65+,1,0,0,0,93,283,157,100,0.35335689045936397,0.5114840989399293,0,1,283,27,157,173,155,0.35335689045936397,100,0.5114840989399293,0.44876325088339225,0.4275618374558304,Computer,0,1,0.00934579439252336,0.9626168224299064,0,0.00467289719626168,internal,0.1166077738515901,0,0.00353356890459363,0,0.38162544169611307,2025-03-07,2025-04-06,30,10.48148148148148,3
14b486bc22dee7a288a5ea9a60d66fa8,2025-03-31,2025-03-23T14:17:49Z,Mand,1964-02-20,2019-12-26,utm_campaign=Marts25&utm_content=A&utm_medium=content&utm_source=jp.dk,FALSE,TRUE,6,3,5,2025-03-23,2025-05-22,0,0,Andet,kunden ønsker ikke at oplyse,2025-05-22,2025-03-31,8,0–30 dage,62,55–64,0,0,0,0,130,112,69,45,0.4017857142857143,0.4330357142857143,0.7232142857142857,0.2767857142857143,112,19,69,73,67,0.4017857142857143,45,0.4330357142857143,0.30357142857142855,0.4375,Mobile,1,2,0,0.9090909090909092,0,0,internal,0.09821428571428573,0,0.02678571428571428,0,0.3392857142857143,2025-03-23,2025-04-20,28,5.894736842105263,1
14df285cfbc6233b5735b67454fafc5b,2025-06-13,2025-03-10T11:31:07Z,Kvinde,1994-06-16,2020-11-20,utm_campaign=Marts25&utm_content=B&utm_medium=content&utm_source=jp.dk,FALSE,FALSE,0,0,0,2025-03-10,2025-05-09,0,0,Tid,Ikke tid,2025-07-09,2025-06-13,95,90–180 dage,31,25–34,1,0,0,0,62,4,3,1,0.25,0.375,0,1,4,1,3,2,1,0.25,1,0.375,0.25,0.5,Computer,0,1,0,0.6666666666666666,0,0,internal,0,0,0,0,0.25,2025-03-10,2025-03-10,0,4,3
1520c6ce0859197137f8c2ba4e316b33,2025-12-02,2025-03-04T05:26:36Z,Kvinde,1966-10-12,2020-11-21,utm_campaign=Basis_22&utm_content=HeaderButtonRaised&utm_medium=Matrice&utm_source=jp.dk,FALSE,FALSE,0,0,0,2025-03-04,2025-05-03,0,0,Tid,Ikke tid,2025-12-03,2025-12-02,273,270–365 dage,59,55–64,1,0,0,0,215,112,74,48,0.42857142857142855,0.47098214285714285,0,1,112,21,74,73,68,0.42857142857142855,48,0.4709821428571429,0.38392857142857145,0.42857142857142855,Computer,0,1,0.05681818181818181,0.9318181818181818,0,0,internal,0.09821428571428573,0,0,0,0.25,2025-03-04,2025-04-03,30,5.333333333333333,4
157b343a23caa5ceae611eac87fce993,2025-12-11,2025-03-21T07:14:03Z,Mand,1990-11-23,2014-08-01,utm_campaign=Marts25&utm_content=sc_a&utm_medium=mail&utm_source=mail,FALSE,TRUE,2,2,1,2025-03-21,2025-05-20,0,0,Økonomi,Pris,2025-12-20,2025-12-11,265,180–270 dage,35,35–44,1,0,0,0,276,5,4,1,0.2,0.4,0,1,5,1,4,1,1,0.2,1,0.4,0.4,0.6,Computer,0,1,0,0.8,0,0,internal,0,0,0,0,0.2,2025-03-21,2025-03-21,0,5,4
15cc75ac84f115080edd9ff1ccf67fa0,2025-08-03,2025-03-04T07:44:11Z,Mand,1960-06-11,2013-05-21,utm_campaign=Marts25&utm_medium=adops&utm_source=jp.dk,FALSE,FALSE,1,0,0,2025-03-04,2025-05-03,2,2,Økonomi,Pris,2025-08-03,2025-08-03,152,90–180 dage,65,65+,1,0,0,0,1297,998,366,260,0.2605210420841683,0.25200400801603207,0.9829659318637275,0.017034068136272545,998,31,366,443,363,0.2605210420841683,260,0.25200400801603207,0.1533066132264529,0.6462925851703407,Mobile,1,2,0.00222222222222222,0.9822222222222222,0,0,internal,0.0811623246492986,0,0.00601202404809619,0,0.5501002004008017,2025-03-04,2025-04-03,30,32.193548387096776,4
163cd6267e1d757e6daf66d9dafec0f4,2025-06-02,2025-03-05T15:23:34Z,Mand,1941-03-03,2020-02-23,utm_campaign=Marts25&utm_content=a&utm_medium=mail&utm_source=mail,FALSE,TRUE,3,0,2,2025-03-05,2025-05-04,2,2,Tid,Ikke tid,2025-06-04,2025-06-02,89,30–90 dage,85,65+,1,0,0,0,130,307,158,89,0.2899022801302932,0.46416938110749184,0,1,307,29,158,187,157,0.2899022801302932,89,0.46416938110749184,0.4039087947882736,0.48534201954397393,Computer,0,1,0,0.9753086419753086,0,0,internal,0.10749185667752444,0,0.02931596091205211,0,0.3908794788273616,2025-03-05,2025-04-04,30,10.586206896551724,4
163f7c2ca0876b8cf46074f96e0f6b66,2025-11-10,2025-03-23T12:08:39Z,Kvinde,2004-05-05,2025-03-23,utm_campaign=Marts25&utm_content=A&utm_medium=content&utm_source=jp.dk,FALSE,FALSE,0,0,0,2025-03-23,2025-05-22,0,0,Digitalt,Oprettet med forkert e-mail,2025-11-09,2025-11-10,232,180–270 dage,21,18–24,1,0,0,0,172,4,2,2,0.5,0.25,1,0,4,2,2,4,2,0.5,2,0.25,0.25,0.75,Mobile,1,1,0.25,0,0,0,unknown,1,0,0,0,0,2025-03-23,2025-03-27,4,2,3
164ec18e75918cf0059591d1f7cd8f50,2025-05-27,2025-03-23T06:23:49Z,Mand,1943-12-25,2025-03-23,utm_campaign=Marts25&utm_content=B&utm_medium=content&utm_source=jp.dk,TRUE,TRUE,0,0,0,2025-03-23,2025-05-22,0,0,Produkt,Redaktionelt indhold / holdning,2025-06-22,2025-05-27,65,30–90 dage,82,65+,1,0,0,1,244,290,238,165,0.5689655172413793,0.7827586206896552,0,1,290,24,238,258,235,0.5689655172413793,165,0.7827586206896552,0.7275862068965517,0.1724137931034483,Computer,0,1,0.09225092250922508,0.8819188191881919,0,0,internal,0.2275862068965517,0,0,0,0.1,2025-03-23,2025-04-20,28,12.083333333333334,1
16f60feab4be66bbce8e014e9f6f1a04,2025-03-14,2025-03-05T15:15:47Z,Mand,1964-02-03,2015-05-23,utm_campaign=Basis_22&utm_content=HeaderButtonRaised&utm_medium=Matrice&utm_source=jp.dk,FALSE,FALSE,3,1,1,2025-03-05,2025-05-04,1,1,Tid,Ikke tid,2025-05-04,2025-03-14,9,0–30 dage,62,55–64,0,0,0,0,1150,468,185,114,0.24358974358974358,0.16826923076923078,0.7649572649572649,0.23504273504273504,468,29,185,194,177,0.2435897435897436,114,0.16826923076923078,0.07905982905982906,0.688034188034188,Mobile,1,2,0.00373134328358208,0.8843283582089553,0,0,internal,0.10683760683760685,0,0.02991452991452991,0,0.4572649572649573,2025-03-05,2025-04-04,30,16.137931034482758,1
16ff7e9941858bc50b4d9a4e98455f28,2025-07-04,2025-03-06T05:37:08Z,Mand,1956-10-12,2020-11-16,utm_campaign=Marts25&utm_content=a&utm_medium=mail&utm_source=mail,FALSE,TRUE,9,6,4,2025-03-06,2025-05-05,0,0,Andet,Administrativt,2025-07-03,2025-07-04,120,90–180 dage,69,65+,1,0,0,0,382,41,26,14,0.34146341463414637,0.3597560975609756,0.14634146341463414,0.8536585365853658,41,8,26,23,23,0.34146341463414637,14,0.3597560975609756,0.2926829268292683,0.5365853658536586,Computer,0,2,0.2926829268292683,0.6097560975609756,0,0,internal,0.0975609756097561,0,0,0,0.3902439024390244,2025-03-06,2025-03-28,22,5.125,4
17020af801c477dfdca0e0e5632cab42,2025-08-20,2025-03-06T21:11:47Z,Mand,1959-01-04,2025-03-06,utm_campaign=tilmeld_knap&utm_medium=FB_side&utm_source=FB,TRUE,FALSE,0,0,0,2025-03-06,2025-05-05,0,0,Andet,kunden ønsker ikke at oplyse,2025-11-05,2025-08-20,167,90–180 dage,67,65+,1,0,0,0,185,104,83,44,0.4230769230769231,0.5649038461538461,0,1,104,18,83,78,72,0.4230769230769231,44,0.5649038461538461,0.4230769230769231,0.3173076923076923,Computer,0,1,0,0.6428571428571429,0,0.336734693877551,internal,0.07692307692307693,0,0.07692307692307693,0,0.07692307692307693,2025-03-06,2025-04-05,30,5.777777777777778,4
1725d628a9e0eca83995d9c9f6811bb8,2025-06-02,2025-03-05T14:56:40Z,Mand,1958-12-30,2024-04-13,utm_campaign=Marts25&utm_content=b&utm_medium=mail&utm_source=mail,FALSE,FALSE,0,0,0,2025-03-05,2025-05-04,0,0,Andet,Ingen årsag – ingen tlf kontakt,2025-06-01,2025-06-02,89,30–90 dage,67,65+,1,0,0,0,103,267,125,73,0.27340823970037453,0.28558052434456926,0.0749063670411985,0.9250936329588015,267,29,125,135,121,0.27340823970037453,73,0.28558052434456926,0.12734082397003746,0.5692883895131086,Computer,0,2,0,0.9669421487603306,0,0,internal,0.08239700374531835,0,0.00374531835205992,0,0.4831460674157303,2025-03-06,2025-04-03,28,9.20689655172414,4
178acb3d7e922de240c43c165a813e33,2026-01-07,2025-03-08T07:16:02Z,Mand,1955-12-20,2022-04-04,utm_campaign=Marts25&utm_medium=Matrice&utm_source=jp.dk,FALSE,TRUE,3,2,0,2025-03-08,2025-05-07,0,0,Tid,Ikke tid,2026-01-07,2026-01-07,305,270–365 dage,70,65+,1,0,0,0,507,30,15,4,0.13333333333333333,0.16666666666666666,0.03333333333333333,0.9666666666666667,30,3,15,9,8,0.13333333333333333,4,0.16666666666666666,0.06666666666666667,0.7,Computer,0,2,0.27586206896551724,0.7241379310344828,0,0,internal,0,0,0.03333333333333333,0,0.26666666666666666,2025-03-08,2025-03-11,3,10,4
17ce3e6c9944c046e8d5ebd1c1467144,2025-03-29,2025-03-20T12:06:40Z,Kvinde,1962-01-01,2018-05-02,utm_campaign=&utm_content=genbesog_JP_digital&utm_medium=ppc&utm_source=adwords&utm_term=jp+tilbud,TRUE,TRUE,15,3,12,2025-03-20,2025-05-19,3,4,Andet,kunden ønsker ikke at oplyse,2025-05-19,2025-03-29,9,0–30 dage,64,55–64,0,0,0,0,251,175,134,90,0.5142857142857142,0.5542857142857143,1,0,175,27,134,168,132,0.5142857142857142,90,0.5542857142857143,0.3657142857142857,0.26285714285714284,Mobile,1,1,0,0.9069767441860463,0,0,internal,0.2571428571428571,0,0,0,0.02285714285714285,2025-03-20,2025-04-19,30,6.481481481481482,1
17cfa47c1032e09073f4c111d522557e,2025-05-22,2025-03-22T09:03:12Z,Mand,1948-09-05,2025-03-22,utm_campaign=Marts25&utm_medium=topticker&utm_source=jp.dk,FALSE,FALSE,0,0,0,2025-03-22,2025-05-21,0,0,Andet,Ingen årsag – ingen tlf kontakt,2025-05-21,2025-05-22,61,30–90 dage,77,65+,1,0,0,1,1,116,49,31,0.2672413793103448,0.14870689655172414,0.9137931034482759,0.08620689655172414,116,22,49,50,47,0.2672413793103448,31,0.14870689655172414,0.03448275862068965,0.7068965517241379,Mobile,1,2,0,0.9423076923076924,0,0,internal,0.06896551724137931,0,0.05172413793103448,0,0.5603448275862069,2025-03-22,2025-04-21,30,5.2727272727272725,4
17d7422c846048398b122c39a8aaaf61,2025-04-08,2025-03-21T11:16:24Z,Ukendt,1944-09-30,2012-12-06,utm_campaign=Marts25&utm_content=sc_a&utm_medium=mail&utm_source=mail,FALSE,TRUE,4,0,3,2025-03-21,2025-05-20,0,0,Økonomi,Pris,2025-05-20,2025-04-08,18,0–30 dage,81,65+,0,0,0,0,224,396,167,107,0.2702020202020202,0.375,0.07323232323232323,0.4292929292929293,396,31,167,194,161,0.2702020202020202,107,0.375,0.31313131313131315,0.5631313131313131,Tablet,0,3,0.4860759493670886,0.48860759493670886,0,0,internal,0.13383838383838384,0,0.02777777777777777,0,0.4797979797979798,2025-03-21,2025-04-20,30,12.774193548387096,1
181239c484f5899e65888a9bd671527d,2025-06-16,2025-03-12T04:04:28Z,Mand,1966-01-23,2018-05-02,utm_campaign=Basis_22&utm_content=HeaderButtonRaised&utm_medium=Matrice&utm_source=jp.dk,TRUE,TRUE,5,0,5,2025-03-12,2025-05-11,7,9,Økonomi,Pris,2025-06-15,2025-06-16,96,90–180 dage,60,55–64,1,0,0,0,125,543,470,256,0.4714548802946593,0.4604051565377532,1,0,543,23,470,487,468,0.4714548802946593,256,0.4604051565377532,0.27624309392265195,0.35911602209944754,Mobile,1,1,0,0.96900826446281,0.02066115702479339,0,internal,0.16022099447513813,0,0.00552486187845303,0,0.10128913443830571,2025-03-12,2025-04-11,30,23.60869565217391,3
182197fc3916b2d8947f32f00b3d5257,2025-03-17,2025-03-05T15:37:33Z,Mand,1957-05-20,2013-05-22,utm_campaign=Marts25&utm_content=b&utm_medium=mail&utm_source=mail,FALSE,FALSE,2,1,1,2025-03-05,2025-05-04,1,1,Andet,kunden ønsker ikke at oplyse,2025-05-04,2025-03-17,12,0–30 dage,68,65+,0,0,0,0,1120,13,11,6,0.46153846153846156,0.6923076923076923,1,0,13,5,11,11,9,0.4615384615384616,6,0.6923076923076923,0.6153846153846154,0.2307692307692308,Mobile,1,1,0,1,0,0,internal,0.07692307692307693,0,0,0,0.07692307692307693,2025-03-05,2025-03-18,13,2.6,2
184b7d504cea2726418cfe3ffee86e47,2025-03-17,2025-03-17T10:55:21Z,Kvinde,1956-10-05,2015-04-01,utm_campaign=Marts25&utm_content=A&utm_medium=content&utm_source=jp.dk,FALSE,FALSE,0,0,0,2025-03-17,2025-05-16,0,0,Produkt,Redaktionelt indhold / holdning,2025-05-16,2025-03-17,0,0–30 dage,69,65+,0,1,0,0,1,2,2,2,1,1,0,1,2,1,2,2,2,1,2,1,1,0,Computer,0,1,0,0,0,0,unknown,1,0,0,0,0,2025-03-17,2025-03-17,0,2,2
1866629ff8d1b6c1b200e0f338b1335d,2025-11-09,2025-03-18T08:23:26Z,Mand,1944-09-09,2021-01-08,utm_campaign=Marts25&utm_content=A&utm_medium=content&utm_source=jp.dk,FALSE,TRUE,8,1,1,2025-03-18,2025-05-17,0,0,Tid,Ikke tid,2025-11-17,2025-11-09,236,180–270 dage,81,65+,1,0,0,0,652,394,261,163,0.4137055837563452,0.35406091370558374,1,0,394,31,261,283,256,0.4137055837563452,163,0.35406091370558374,0.2411167512690355,0.5,Mobile,1,1,0,0.9921671018276762,0,0,internal,0.1116751269035533,0,0.00253807106598984,0,0.2639593908629442,2025-03-18,2025-04-17,30,12.709677419354838,4
186dd15ca3e819a236693fd2ce8f666e,2025-04-12,2025-03-14T19:00:45Z,Mand,1966-07-02,2013-07-05,utm_campaign=Marts25&utm_content=B&utm_medium=content&utm_source=jp.dk,FALSE,TRUE,9,6,2,2025-03-14,2025-05-13,1,1,Andet,kunden ønsker ikke at oplyse,2025-05-13,2025-04-12,29,0–30 dage,59,55–64,0,0,0,0,895,628,237,155,0.24681528662420382,0.24402866242038215,1,0,628,31,237,264,236,0.24681528662420385,155,0.24402866242038215,0.1480891719745223,0.6751592356687898,Mobile,1,1,0,0.9962121212121212,0,0,internal,0.07006369426751592,0,0.00477707006369426,0,0.5796178343949044,2025-03-14,2025-04-13,30,20.258064516129032,2
1998daf4646037e7c0820958807fb1d5,2025-04-08,2025-03-20T07:18:14Z,Mand,1952-09-15,2025-03-20,utm_campaign=Marts25&utm_content=A&utm_medium=content&utm_source=jp.dk,TRUE,TRUE,0,0,0,2025-03-20,2025-05-19,0,0,Andet,kunden ønsker ikke at oplyse,2025-05-19,2025-04-08,19,0–30 dage,73,65+,0,0,0,0,1,6,5,4,0.6666666666666666,0.5833333333333334,0,1,6,3,5,3,2,0.6666666666666666,4,0.5833333333333334,0.5,0.3333333333333333,Computer,0,1,0,0.4,0,0,unknown,0,0,0,0,0.16666666666666666,2025-03-20,2025-04-08,19,2,2
19c8f257518972e430a6be1cec52a586,2025-04-22,2025-03-21T15:25:53Z,Mand,1977-02-18,2023-10-20,utm_campaign=Marts25&utm_content=sc_a&utm_medium=mail&utm_source=mail,TRUE,TRUE,1,1,0,2025-03-21,2025-05-20,0,0,Andet,kunden ønsker ikke at oplyse,2025-05-20,2025-04-22,32,30–90 dage,49,45–54,0,0,0,0,406,483,244,166,0.34368530020703936,0.33695652173913043,0.5072463768115942,0.4927536231884058,483,29,244,281,239,0.34368530020703936,166,0.33695652173913043,0.2401656314699793,0.5424430641821946,Mobile,1,2,0.01479289940828402,0.9763313609467456,0,0,internal,0.12215320910973083,0,0.0124223602484472,0,0.4057971014492754,2025-03-21,2025-04-20,30,16.655172413793103,4
1a2b0c171a74b27b44c0eb3d5c42f083,2025-04-12,2025-03-22T05:35:39Z,Kvinde,1962-06-12,2025-03-22,utm_campaign=Marts25&utm_content=A&utm_medium=content&utm_source=jp.dk,FALSE,FALSE,0,0,0,2025-03-22,2025-05-21,0,0,Produkt,Redaktionelt indhold / holdning,2025-05-21,2025-04-12,21,0–30 dage,63,55–64,0,0,0,0,1,529,214,123,0.23251417769376181,0.29584120982986767,0.05860113421550094,0.941398865784499,529,31,214,231,201,0.2325141776937618,123,0.29584120982986767,0.20415879017013233,0.6030245746691871,Computer,0,2,0.00378787878787878,0.9431818181818182,0,0.00378787878787878,internal,0.10775047258979206,0,0,0,0.504725897920605,2025-03-22,2025-04-21,30,17.06451612903226,1
1aa8b8e306867a78fdf10facd145d9d2,2025-05-12,2025-03-04T16:41:39Z,Ukendt,1980-05-23,2025-03-04,utm_campaign=Marts25&utm_content=B&utm_medium=content&utm_source=jp.dk,TRUE,FALSE,0,0,0,2025-03-04,2025-05-03,0,0,Produkt,Redaktionelt indhold / holdning,2025-06-03,2025-05-12,69,30–90 dage,45,45–54,1,0,0,1,32,20,17,7,0.35,0.575,0,1,20,2,17,15,15,0.35,7,0.575,0.4,0.3,Computer,0,1,0,0.9473684210526316,0,0,internal,0.1,0,0.05,0,0.15,2025-03-04,2025-03-06,2,10,3
1af06db48739c4e618bb73c2cdd09ece,2025-05-22,2025-03-15T08:44:19Z,Mand,1932-10-13,2022-03-12,utm_campaign=Basis_22&utm_content=HeaderButtonRaised&utm_medium=Matrice&utm_source=jp.dk,TRUE,FALSE,2,2,0,2025-03-15,2025-05-14,0,0,Andet,Administrativt,2025-05-22,2025-05-22,68,30–90 dage,93,65+,1,0,0,1,227,96,60,38,0.3958333333333333,0.578125,0,1,96,29,60,59,57,0.3958333333333333,38,0.578125,0.5208333333333334,0.375,Computer,0,1,0,0.9,0,0.01666666666666666,internal,0.11458333333333331,0,0,0,0.3541666666666667,2025-03-15,2025-04-14,30,3.310344827586207,4
1afe42c07c73086a3d7239d14b5418a0,2025-04-03,2025-03-22T08:29:07Z,Mand,1935-12-14,2017-09-13,utm_campaign=Marts25&utm_content=sc_a&utm_medium=mail&utm_source=mail,FALSE,TRUE,8,1,2,2025-03-22,2025-05-21,1,21,Produkt,Uden for målgruppe,2025-05-21,2025-04-03,12,0–30 dage,90,65+,0,0,0,0,1683,5,4,4,0.8,0.25,0,1,5,2,4,4,3,0.8,4,0.25,0.2,0.6,Computer,0,1,0,0.8,0,0,internal,0.4,0,0,0,0.2,2025-03-31,2025-04-11,11,2.5,2
1b266f44493167a1a622c3125819bfd3,2025-03-22,2025-03-22T03:51:22Z,Mand,1965-04-13,2018-10-10,utm_campaign=Marts25&utm_content=sc_b&utm_medium=mail&utm_source=mail,TRUE,TRUE,9,4,5,2025-03-22,2025-05-21,2,2,Økonomi,Pris,2025-05-21,2025-03-22,0,0–30 dage,61,55–64,0,1,0,0,1477,10,8,5,0.5,0.5,1,0,10,2,8,8,7,0.5,5,0.5,0.4,0.4,Mobile,1,1,0,0.7142857142857143,0,0,internal,0.1,0,0,0,0.2,2025-03-22,2025-04-06,15,5,2
1b4b0d2897d5b4c6d4496d8c9e44c15b,2025-07-27,2025-03-21T07:08:47Z,Mand,1951-08-12,2012-06-25,utm_campaign=Marts25&utm_content=sc_b&utm_medium=mail&utm_source=mail,TRUE,TRUE,22,4,20,2025-03-21,2025-05-20,3,3,Produkt,Anden avis/produkt,2025-08-20,2025-07-27,128,90–180 dage,74,65+,1,0,0,0,388,114,79,35,0.30701754385964913,0.4451754385964912,0.043859649122807015,0.5263157894736842,114,23,79,76,74,0.30701754385964913,35,0.4451754385964912,0.3333333333333333,0.3947368421052632,Computer,0,3,0,0.9545454545454546,0,0,internal,0.14035087719298245,0,0.0087719298245614,0,0.2982456140350877,2025-03-21,2025-04-20,30,4.956521739130435,4
1c19b47d6d52112543b30ae5cb9e6153,2025-03-21,2025-03-21T14:26:05Z,Kvinde,1994-05-02,2025-03-21,utm_campaign=Basis_22&utm_content=HeaderButtonRaised&utm_medium=Matrice&utm_source=jp.dk,FALSE,FALSE,0,0,0,2025-03-21,2025-05-20,0,0,Produkt,Redaktionelt indhold / holdning,2025-05-20,2025-03-21,0,0–30 dage,31,25–34,0,1,0,0,1,19,5,8,0.42105263157894735,0.2894736842105263,1,0,19,3,5,11,4,0.42105263157894735,8,0.2894736842105263,0.15789473684210523,0.5263157894736842,Mobile,1,1,0.14285714285714285,0.6428571428571429,0,0,internal,0.10526315789473684,0,0,0,0.42105263157894735,2025-03-21,2025-03-30,9,6.333333333333333,2
1c970787962b3364c125d8dc4f6f9b48,2025-04-17,2025-03-07T07:48:34Z,Mand,1981-09-23,2013-10-02,utm_campaign=Marts25&utm_content=A&utm_medium=content&utm_source=jp.dk,TRUE,TRUE,17,9,5,2025-03-07,2025-05-06,0,0,Tid,Ikke tid,2025-05-06,2025-04-17,41,30–90 dage,44,35–44,0,0,0,0,1156,118,52,32,0.2711864406779661,0.2796610169491525,0.01694915254237288,0.9830508474576272,118,10,52,54,48,0.2711864406779661,32,0.2796610169491525,0.19491525423728817,0.635593220338983,Computer,0,2,0,0.7666666666666667,0,0,internal,0.11016949152542373,0,0.01694915254237288,0,0.4576271186440678,2025-03-07,2025-04-03,27,11.8,4
1cde84f1aa8759c31f345196e5a0ac4a,2026-01-03,2025-03-21T07:21:58Z,Mand,1947-09-22,2018-12-26,utm_campaign=Marts25&utm_content=sc_a&utm_medium=mail&utm_source=mail,TRUE,TRUE,8,3,6,2025-03-21,2025-05-20,1,1,Økonomi,Pris,2026-06-20,2026-01-03,288,270–365 dage,78,65+,1,0,0,0,556,9,7,2,0.2222222222222222,0.5,1,0,9,3,7,8,6,0.2222222222222222,2,0.5,0.3333333333333333,0.3333333333333333,Mobile,1,1,0,1,0,0,internal,0.3333333333333333,0,0,0,0.1111111111111111,2025-03-21,2025-04-09,19,3,4
1d3e35103dcea06aac11a372e471059d,2025-03-12,2025-03-12T16:27:34Z,Kvinde,1971-05-10,2022-01-21,utm_campaign=Marts25&utm_content=A&utm_medium=content&utm_source=jp.dk,FALSE,FALSE,0,0,0,2025-03-12,2025-05-11,0,0,Andet,kunden ønsker ikke at oplyse,2025-05-11,2025-03-12,0,0–30 dage,54,45–54,0,1,0,0,1,2,1,1,0.5,0.625,1,0,2,1,1,2,1,0.5,1,0.625,0.5,0,Mobile,1,1,0,0,0,0,unknown,0,0,0,0,0,2025-03-12,2025-03-12,0,2,2
1d5478a63294ca8ce41f80f797e23696,2025-05-19,2025-03-22T17:07:34Z,Mand,1944-03-28,2015-09-11,utm_campaign=Marts25&utm_content=sc_a&utm_medium=mail&utm_source=mail,FALSE,TRUE,14,7,9,2025-03-22,2025-05-21,0,0,Tid,Ikke tid,2025-05-21,2025-05-19,58,30–90 dage,82,65+,0,0,0,0,447,45,20,14,0.3111111111111111,0.2833333333333333,0,1,45,8,20,20,18,0.3111111111111111,14,0.2833333333333333,0.2222222222222222,0.6222222222222222,Computer,0,1,0,1,0,0,internal,0.06666666666666667,0,0,0,0.17777777777777778,2025-03-22,2025-04-21,30,5.625,1
1da131d7a8dc57b82789529e6f1df128,2025-04-02,2025-03-05T12:46:53Z,Mand,1952-06-20,2013-03-05,utm_campaign=Marts25&utm_content=a&utm_medium=mail&utm_source=mail,FALSE,TRUE,21,11,13,2025-03-05,2025-05-04,4,4,Produkt,Redaktionelt indhold / holdning,2025-05-04,2025-04-02,28,0–30 dage,73,65+,0,0,0,0,420,34,28,18,0.5294117647058824,0.375,1,0,34,13,28,24,23,0.5294117647058824,18,0.375,0.2352941176470588,0.4411764705882353,Mobile,1,1,0.42857142857142855,0.5714285714285714,0,0,internal,0.2647058823529412,0,0,0,0.1176470588235294,2025-03-05,2025-04-02,28,2.6153846153846154,2
1db6ca5e773d6284f2ae5553a7425e46,2025-12-08,2025-03-10T11:58:40Z,Mand,1964-05-31,2015-04-15,utm_campaign=Marts25&utm_content=A&utm_medium=content&utm_source=jp.dk,FALSE,FALSE,1,0,1,2025-03-10,2025-05-09,0,0,Produkt,Redaktionelt indhold / holdning,2025-12-09,2025-12-08,273,270–365 dage,61,55–64,1,0,0,0,295,66,34,16,0.24242424242424243,0.32196969696969696,0.06060606060606061,0.9393939393939394,66,9,34,41,33,0.24242424242424243,16,0.32196969696969696,0.19696969696969696,0.5151515151515151,Computer,0,2,0,0.9285714285714286,0,0,internal,0.04545454545454545,0,0,0,0.3787878787878788,2025-03-10,2025-03-31,21,7.333333333333333,4
1dd10be27abc5ad145852d8b3ac41bc5,2025-05-22,2025-03-09T14:40:50Z,Mand,1967-05-26,2020-08-19,utm_campaign=Marts25&utm_content=B&utm_medium=content&utm_source=jp.dk,FALSE,TRUE,5,3,1,2025-03-09,2025-05-08,0,0,Andet,kunden ønsker ikke at oplyse,2025-06-08,2025-05-22,74,30–90 dage,58,55–64,1,0,0,0,1542,511,183,122,0.23874755381604695,0.26614481409001955,1,0,511,31,183,198,182,0.23874755381604695,122,0.26614481409001955,0.1761252446183953,0.6594911937377691,Mobile,1,1,0.02040816326530612,0.9744897959183674,0,0,internal,0.0547945205479452,0,0.00391389432485322,0,0.6125244618395304,2025-03-09,2025-04-08,30,16.483870967741936,4
1dd4f4d36646ef3d7c101e7ed530f181,2025-06-24,2025-03-05T12:27:05Z,Mand,1972-01-24,2025-03-05,utm_campaign=Basis_22&utm_content=HeaderButtonRaised&utm_medium=Matrice&utm_source=jp.dk,TRUE,TRUE,0,0,0,2025-03-05,2025-05-04,0,0,Tid,Ikke tid,2025-07-04,2025-06-24,111,90–180 dage,54,45–54,1,0,0,0,302,2,1,0,0,0,1,0,2,1,1,0,0,0,0,0,0,1,Mobile,1,1,0,0,0,0,unknown,0,0,0,0,1,2025-03-05,2025-03-05,0,2,4
1dea1f63217786b469f54f3de9c83a6c,2025-12-05,2025-03-21T16:26:13Z,Kvinde,1970-07-20,2025-03-21,utm_campaign=Marts25&utm_medium=Weblayer&utm_source=jp.dk,FALSE,FALSE,0,0,0,2025-03-21,2025-05-20,0,0,Tid,Ikke tid,2025-12-20,2025-12-05,259,180–270 dage,55,55–64,1,0,0,0,215,50,19,14,0.28,0.24,1,0,50,11,19,23,17,0.28,14,0.24,0.18,0.7,Mobile,1,1,0,0.8,0,0,internal,0.16,0,0,0,0.52,2025-03-21,2025-04-06,16,4.545454545454546,3
1e0ee1a98bb5daf6118705a5b2986dca,2025-05-03,2025-03-17T06:17:56Z,Kvinde,1965-11-16,2020-01-16,utm_campaign=Marts25&utm_content=A&utm_medium=content&utm_source=jp.dk,FALSE,FALSE,8,7,1,2025-03-17,2025-05-16,0,0,Økonomi,Pris,2025-05-16,2025-05-03,47,30–90 dage,60,55–64,0,0,0,0,845,825,300,183,0.22181818181818183,0.29848484848484846,1,0,825,31,300,323,296,0.22181818181818183,183,0.29848484848484846,0.1903030303030303,0.6266666666666667,Mobile,1,1,0,0.9971181556195964,0,0,internal,0.08969696969696969,0,0.00242424242424242,0,0.5781818181818181,2025-03-17,2025-04-16,30,26.612903225806452,1
1e3ddb49a606da0cf5714df48c2bdb08,2025-05-07,2025-03-21T13:53:27Z,Mand,1957-03-30,2014-11-26,utm_campaign=Marts25&utm_content=sc_a&utm_medium=mail&utm_source=mail,TRUE,TRUE,17,8,9,2025-03-21,2025-05-06,6,6,Andet,Administrativt,2025-05-06,2025-05-07,47,30–90 dage,69,65+,1,0,0,1,1826,15,9,5,0.3333333333333333,0.26666666666666666,0,1,15,5,9,6,6,0.3333333333333333,5,0.26666666666666666,0.2,0.6666666666666666,Computer,0,1,0.35714285714285715,0.5714285714285714,0,0,internal,0.13333333333333333,0,0,0,0.4666666666666667,2025-03-24,2025-04-09,16,3,4
1e7f77c858e9148b9550fba2d45cbc1c,2025-05-02,2025-03-15T16:28:33Z,Kvinde,1968-03-09,2019-05-09,utm_campaign=Marts25&utm_content=A&utm_medium=content&utm_source=jp.dk,FALSE,FALSE,1,0,0,2025-03-15,2025-05-14,0,0,Tid,Ikke tid,2025-05-14,2025-05-02,48,30–90 dage,58,55–64,0,0,0,0,29,271,182,129,0.47601476014760147,0.4547970479704797,0.16236162361623616,0.12177121771217712,271,25,182,213,175,0.4760147601476014,129,0.4547970479704797,0.35793357933579334,0.4095940959409594,Tablet,0,3,0.00374531835205992,0.7790262172284644,0,0.20224719101123595,internal,0.11808118081180811,0,0.003690036900369,0,0.15498154981549817,2025-03-15,2025-04-13,29,10.84,1
1e95a880364e96dcbdcc9b0db8a55105,2025-12-14,2025-03-11T13:35:54Z,Mand,1951-10-25,2019-05-17,utm_campaign=Marts25&utm_medium=topticker&utm_source=jp.dk,TRUE,TRUE,4,3,1,2025-03-11,2025-05-10,2,2,Tid,Ikke tid,2026-01-10,2025-12-14,278,270–365 dage,74,65+,1,0,0,0,1215,163,82,49,0.3006134969325153,0.30368098159509205,1,0,163,26,82,89,79,0.3006134969325153,49,0.30368098159509205,0.1840490797546012,0.5828220858895705,Mobile,1,1,0,0.984,0,0,internal,0.05521472392638037,0,0.00613496932515337,0,0.4233128834355828,2025-03-11,2025-04-10,30,6.269230769230769,4
1e9a3c7abf9c21470bc3ff8b110754f9,2025-05-12,2025-03-10T14:53:39Z,Mand,1973-11-16,2025-03-10,utm_campaign=Marts25&utm_content=A&utm_medium=content&utm_source=jp.dk,FALSE,FALSE,0,0,0,2025-03-10,2025-05-09,0,0,Tid,Ikke tid,2025-06-09,2025-05-12,63,30–90 dage,52,45–54,1,0,0,1,32,3,2,1,0.3333333333333333,0.3333333333333333,1,0,3,1,2,1,1,0.3333333333333333,1,0.3333333333333333,0.3333333333333333,0.6666666666666666,Mobile,1,1,0,0.3333333333333333,0,0,unknown,0.3333333333333333,0,0,0,0.6666666666666666,2025-03-10,2025-03-10,0,3,3
1ebd769533f806c239afc2ca81cf43f7,2025-05-15,2025-03-19T20:05:31Z,Kvinde,1963-12-06,2025-03-19,utm_campaign=&utm_content=genbesog_JP_digital&utm_medium=ppc&utm_source=adwords&utm_term=jyllands-posten+abonnement+tilbud,FALSE,FALSE,0,0,0,2025-03-19,2025-05-18,0,0,Økonomi,Pris,2025-05-18,2025-05-15,57,30–90 dage,62,55–64,0,0,0,0,1,1,1,0,0,0,1,0,1,1,1,0,0,0,0,0,0,1,Mobile,1,1,0,0,0,0,unknown,0,0,0,0,1,2025-03-19,2025-03-19,0,1,4
1ed3f61c5909740c55d6917e4d127a39,2026-01-25,2025-03-04T00:21:59Z,Mand,1974-09-18,2021-01-10,utm_campaign=Marts25&utm_content=A&utm_medium=content&utm_source=jp.dk,FALSE,FALSE,1,0,1,2025-03-04,2025-05-03,0,0,Økonomi,Pris,2026-02-03,2026-01-25,327,270–365 dage,51,45–54,1,0,0,0,336,829,327,224,0.27020506634499397,0.32750301568154405,0.9396863691194209,0.06031363088057901,829,31,327,417,321,0.27020506634499397,224,0.32750301568154405,0.23401688781664656,0.5826296743063932,Mobile,1,2,0.00210970464135021,0.9915611814345991,0,0,internal,0.11338962605548854,0,0.00361881785283474,0,0.4390832328106152,2025-03-04,2025-04-03,30,26.741935483870968,4
1f4db03f2ce5dec297af700536700774,2025-07-28,2025-03-15T08:52:11Z,Mand,1967-03-26,2022-05-17,utm_campaign=Marts25&utm_content=A&utm_medium=content&utm_source=jp.dk,FALSE,FALSE,10,10,0,2025-03-15,2025-05-14,0,0,Andet,kunden ønsker ikke at oplyse,2025-08-14,2025-07-28,135,90–180 dage,59,55–64,1,0,0,0,1035,244,183,108,0.4426229508196721,0.7100409836065574,0.0778688524590164,0.9221311475409836,244,24,183,191,182,0.4426229508196721,108,0.7100409836065574,0.6352459016393442,0.24180327868852455,Computer,0,2,0,0.9680851063829788,0.01063829787234042,0,internal,0.1557377049180328,0,0.01639344262295082,0,0.21721311475409835,2025-03-15,2025-04-14,30,10.166666666666666,4
1fb4fffd2653ec4e8a5fa61b0e8f489c,2025-04-04,2025-03-22T05:41:44Z,Kvinde,1966-04-12,2015-07-07,utm_campaign=Marts25&utm_content=B&utm_medium=content&utm_source=jp.dk,FALSE,TRUE,0,0,0,2025-03-22,2025-05-21,0,0,Produkt,Redaktionelt indhold / holdning,2025-05-21,2025-04-04,13,0–30 dage,60,55–64,0,0,0,0,18,21,18,11,0.5238095238095238,0.7261904761904762,0.7142857142857143,0.2857142857142857,21,4,18,20,17,0.5238095238095238,11,0.7261904761904762,0.5238095238095238,0.14285714285714285,Mobile,1,2,0,0.5625,0,0.3125,internal,0.6190476190476191,0,0.04761904761904761,0,0,2025-03-22,2025-03-29,7,5.25,2
1fc6c306171021f85d6e02cf977da4f1,2025-03-24,2025-03-08T13:47:46Z,Kvinde,1947-10-04,2021-03-18,utm_campaign=Marts25&utm_content=A&utm_medium=content&utm_source=jp.dk,FALSE,FALSE,0,0,0,2025-03-08,2025-05-07,0,0,Andet,kunden ønsker ikke at oplyse,2025-05-07,2025-03-24,16,0–30 dage,78,65+,0,0,0,0,1,33,26,12,0.36363636363636365,0.6287878787878788,0,1,33,6,26,23,21,0.3636363636363637,12,0.6287878787878788,0.5454545454545454,0.30303030303030304,Computer,0,1,0.09375,0.8125,0,0,internal,0.24242424242424243,0,0,0,0.18181818181818185,2025-03-08,2025-04-04,27,5.5,1
1fcfe9d813ae0371b068c69afb639cd4,2025-06-11,2025-03-09T09:34:13Z,Mand,1976-08-19,2025-03-09,utm_campaign=Basis_22&utm_content=HeaderButtonRaised&utm_medium=Matrice&utm_source=jp.dk,FALSE,FALSE,0,0,0,2025-03-09,2025-05-08,0,0,Tid,Ikke tid,2025-07-08,2025-06-11,94,90–180 dage,49,45–54,1,0,0,0,62,68,24,23,0.3382352941176471,0.2610294117647059,0.4411764705882353,0.5294117647058824,68,12,24,37,22,0.3382352941176471,23,0.2610294117647059,0.2058823529411765,0.6764705882352942,Computer,0,3,0,0.875,0,0.015625,internal,0.0588235294117647,0,0,0,0.36764705882352944,2025-03-09,2025-04-07,29,5.666666666666667,4
1fe8d767d3aa8a905060bf3e83ca0c59,2025-03-13,2025-03-12T00:33:09Z,Kvinde,1972-07-26,2025-03-12,utm_campaign=Marts25&utm_content=B&utm_medium=content&utm_source=jp.dk,FALSE,FALSE,0,0,0,2025-03-12,2025-05-11,0,0,Produkt,Redaktionelt indhold / holdning,2025-05-11,2025-03-13,1,0–30 dage,53,45–54,0,1,0,0,1,9,9,5,0.5555555555555556,0.8055555555555556,1,0,9,7,9,8,8,0.5555555555555556,5,0.8055555555555556,0.5555555555555556,0.1111111111111111,Mobile,1,1,0.1111111111111111,0.1111111111111111,0,0.5555555555555556,social,0.6666666666666666,0,0,0,0.1111111111111111,2025-03-12,2025-04-02,21,1.2857142857142858,2
201b83d92c687dc44185b42177f63cf9,2025-07-11,2025-03-05T11:42:41Z,Mand,1954-01-01,2021-08-13,utm_campaign=Marts25&utm_content=a&utm_medium=mail&utm_source=mail,FALSE,TRUE,4,1,3,2025-03-05,2025-05-04,1,1,Andet,Administrativt,2025-08-04,2025-07-11,128,90–180 dage,72,65+,1,0,0,0,179,573,148,94,0.16404886561954624,0.19284467713787085,0.09947643979057591,0.900523560209424,573,31,148,173,147,0.16404886561954624,94,0.19284467713787085,0.12041884816753928,0.7294938917975567,Computer,0,2,0,0.9770114942528736,0,0,internal,0.07329842931937172,0,0.00349040139616055,0,0.6980802792321117,2025-03-05,2025-04-04,30,18.483870967741936,4
203fd81682e38a68c4f3fe5cec48bd4a,2026-02-05,2025-03-19T12:10:42Z,Kvinde,1978-09-17,2019-10-16,utm_campaign=Marts25&utm_content=A&utm_medium=content&utm_source=jp.dk,FALSE,FALSE,1,1,0,2025-03-19,2025-05-18,0,0,Tid,Ikke tid,2026-02-18,2026-02-05,323,270–365 dage,47,45–54,1,0,0,0,490,9,7,4,0.4444444444444444,0.3888888888888889,0,1,9,2,7,6,4,0.4444444444444444,4,0.3888888888888889,0.2222222222222222,0.4444444444444444,Computer,0,1,0.2222222222222222,0.4444444444444444,0,0,internal,0.1111111111111111,0,0,0,0.1111111111111111,2025-03-19,2025-03-20,1,4.5,3
20a8f626380365808cc2f6a3eef2777e,2025-06-22,2025-03-22T13:08:38Z,Mand,1950-06-09,2012-11-20,utm_campaign=Marts25&utm_content=sc_b&utm_medium=mail&utm_source=mail,TRUE,TRUE,23,7,14,2025-03-22,2025-05-21,0,0,Ukendt,Ukendt,2025-06-22,2025-06-22,92,90–180 dage,75,65+,1,0,0,0,1461,17,7,3,0.17647058823529413,0.3235294117647059,0,0.8235294117647058,17,4,7,11,6,0.17647058823529413,3,0.3235294117647059,0.17647058823529413,0.4705882352941176,Computer,0,2,0,0.7272727272727273,0,0,internal,0.1176470588235294,0,0,0,0.35294117647058826,2025-03-22,2025-04-11,20,4.25,4
20adbd6ec48679dcfd474611a0f20d50,2025-05-12,2025-03-15T10:27:12Z,Mand,1961-04-28,2015-08-13,utm_campaign=Marts25&utm_content=A&utm_medium=content&utm_source=jp.dk,FALSE,FALSE,0,0,0,2025-03-15,2025-05-14,0,0,Tid,Ikke tid,2025-05-14,2025-05-12,58,30–90 dage,64,55–64,0,0,0,0,1,152,99,63,0.4144736842105263,0.3667763157894737,0,1,152,22,99,100,98,0.4144736842105263,63,0.3667763157894737,0.24342105263157895,0.4868421052631579,Computer,0,1,0,0.9652777777777778,0,0.02083333333333333,internal,0.20394736842105263,0,0.0131578947368421,0,0.34210526315789475,2025-03-15,2025-04-14,30,6.909090909090909,1
21238e1c78588bea853c315d46f5dc29,2026-02-05,2025-03-15T17:47:31Z,Mand,1940-10-10,2025-03-15,utm_campaign=Basis_22&utm_content=HeaderButtonRaised&utm_medium=Matrice&utm_source=jp.dk,FALSE,FALSE,12,2,8,2025-03-15,2025-05-14,0,0,Andet,kunden ønsker ikke at oplyse,2026-02-14,2026-02-05,327,270–365 dage,85,65+,1,0,0,0,1363,534,220,138,0.25842696629213485,0.23174157303370788,0.25280898876404495,0.7471910112359551,534,31,220,257,209,0.25842696629213485,138,0.23174157303370788,0.13857677902621723,0.6647940074906367,Computer,0,2,0,0.9839357429718876,0,0,internal,0.07677902621722846,0,0.00561797752808988,0,0.4868913857677903,2025-03-15,2025-04-14,30,17.225806451612904,4
223c8361a0a978b0e4d312112990dba8,2025-06-15,2025-03-12T19:20:23Z,Kvinde,1979-10-22,2014-07-03,utm_campaign=Marts25&utm_content=A&utm_medium=content&utm_source=jp.dk,FALSE,TRUE,3,3,0,2025-03-12,2025-05-11,0,0,Andet,RVS,2025-06-14,2025-06-15,95,90–180 dage,46,45–54,1,0,0,0,484,6,2,4,0.6666666666666666,0.7083333333333334,1,0,6,2,2,6,2,0.6666666666666666,4,0.7083333333333334,0.3333333333333333,0.16666666666666666,Mobile,1,1,0,0.8,0,0,internal,1,0,0,0,0,2025-03-12,2025-03-15,3,3,3
228e171206fad2c38a76aae4211549ec,2025-09-07,2025-03-24T08:55:34Z,Mand,1984-06-26,2017-04-26,utm_campaign=Marts25&utm_content=A&utm_medium=content&utm_source=jp.dk,FALSE,FALSE,0,0,0,2025-03-24,2025-05-23,0,0,Tid,Ikke tid,2025-09-23,2025-09-07,167,90–180 dage,41,35–44,1,0,0,0,107,23,14,8,0.34782608695652173,0.4673913043478261,1,0,23,6,14,15,13,0.34782608695652173,8,0.4673913043478261,0.2608695652173913,0.391304347826087,Mobile,1,1,0,0.9375,0,0,internal,0.30434782608695654,0,0,0,0.34782608695652173,2025-03-24,2025-04-18,25,3.8333333333333335,3
22a6b4c7e8f0f97515abe4eb37edfe1f,2025-04-03,2025-03-22T01:16:57Z,Mand,1960-05-24,2019-11-25,utm_campaign=Marts25&utm_content=A&utm_medium=content&utm_source=jp.dk,TRUE,TRUE,0,0,0,2025-03-22,2025-05-21,0,0,Andet,Ingen årsag – ingen tlf kontakt,2025-05-21,2025-04-03,12,0–30 dage,65,65+,0,0,0,0,1,323,142,73,0.2260061919504644,0.29876160990712075,0,1,323,23,142,142,130,0.2260061919504644,73,0.29876160990712075,0.2260061919504644,0.6253869969040248,Computer,0,1,0,0.989071038251366,0,0,internal,0.0804953560371517,0,0.0588235294117647,0,0.43034055727554177,2025-03-22,2025-04-16,25,14.043478260869565,2
22bf58de695495f2a95f640498332fe1,2025-05-08,2025-03-17T07:22:22Z,Mand,1972-02-24,2022-08-12,utm_campaign=Marts25&utm_content=A&utm_medium=content&utm_source=jp.dk,FALSE,FALSE,0,0,0,2025-03-17,2025-05-16,0,0,Produkt,Redaktionelt indhold / holdning,2025-05-16,2025-05-08,52,30–90 dage,54,45–54,0,0,0,0,1,5,4,2,0.4,0.65,0,1,5,2,4,4,3,0.4,2,0.65,0.6,0.2,Computer,0,1,0,0.75,0,0,internal,0,0,0,0,0.2,2025-03-17,2025-03-24,7,2.5,1
232433aa3d7e847e0a462e9336be16d7,2025-05-17,2025-03-22T13:40:49Z,Mand,1954-03-23,2024-04-06,utm_campaign=Marts25&utm_medium=topticker&utm_source=jp.dk,FALSE,FALSE,1,1,0,2025-03-22,2025-05-21,0,0,Andet,kunden ønsker ikke at oplyse,2025-05-21,2025-05-17,56,30–90 dage,72,65+,0,0,0,0,402,551,229,154,0.279491833030853,0.1987295825771325,1,0,551,27,229,262,227,0.279491833030853,154,0.1987295825771325,0.07622504537205081,0.6696914700544465,Mobile,1,1,0.04051565377532228,0.9300184162062616,0,0,internal,0.0852994555353902,0,0.00544464609800362,0,0.5172413793103449,2025-03-22,2025-04-21,30,20.40740740740741,1
2386a3f4ebca1a9b86919c3d8991680e,2025-10-23,2025-03-15T14:18:46Z,Mand,1982-01-03,2021-05-03,utm_campaign=Marts25&utm_content=B&utm_medium=content&utm_source=jp.dk,FALSE,FALSE,2,2,0,2025-03-15,2025-05-14,0,0,Tid,Ikke tid,2026-02-13,2025-10-23,222,180–270 dage,44,35–44,1,0,0,0,398,74,28,21,0.28378378378378377,0.22972972972972974,0.16216216216216217,0.8378378378378378,74,15,28,29,27,0.28378378378378377,21,0.22972972972972977,0.10810810810810811,0.6756756756756757,Computer,0,2,0,1,0,0,internal,0.02702702702702703,0,0,0,0.6081081081081081,2025-03-15,2025-04-12,28,4.933333333333334,4
23a6f8a1edbc18b9f0f6371e1a325529,2025-09-11,2025-03-11T18:18:17Z,Mand,1984-04-12,2015-09-04,utm_campaign=Basis_22&utm_content=HeaderButtonRaised&utm_medium=Matrice&utm_source=jp.dk,TRUE,TRUE,5,2,0,2025-03-11,2025-05-10,0,0,Tid,Ikke tid,2025-11-10,2025-09-11,184,180–270 dage,42,35–44,1,0,0,0,1520,193,67,52,0.2694300518134715,0.3238341968911917,0.26424870466321243,0.031088082901554404,193,29,67,94,66,0.2694300518134715,52,0.3238341968911917,0.22797927461139897,0.5906735751295337,Tablet,0,3,0,0.9261744966442952,0,0.00671140939597315,internal,0.0932642487046632,0,0,0,0.5129533678756477,2025-03-11,2025-04-10,30,6.655172413793103,4
23ab60f3d426ccd9fe945b7acfcbd9b8,2025-03-11,2025-03-11T07:09:43Z,Kvinde,1971-09-07,2025-03-11,utm_campaign=Basis_22&utm_content=HeaderButtonRaised&utm_medium=Matrice&utm_source=jp.dk,FALSE,TRUE,0,0,0,2025-03-11,2025-05-10,0,0,Andet,kunden ønsker ikke at oplyse,2025-05-10,2025-03-11,0,0–30 dage,54,45–54,0,1,0,0,197,14,11,4,0.2857142857142857,0.4642857142857143,0.5714285714285714,0.42857142857142855,14,7,11,10,9,0.2857142857142857,4,0.4642857142857143,0.35714285714285715,0.35714285714285715,Mobile,1,2,0,0.75,0,0,internal,0.35714285714285715,0,0,0,0.21428571428571427,2025-03-11,2025-04-03,23,2,2
23c18ba7347830b64be8b764005b8ba0,2025-05-11,2025-03-12T14:53:12Z,Mand,1977-10-20,2025-03-12,utm_campaign=Basis_22&utm_content=HeaderButtonRaised&utm_medium=Matrice&utm_source=jp.dk,FALSE,FALSE,0,0,0,2025-03-12,2025-05-11,2,2,Økonomi,Pris,2025-05-11,2025-05-11,60,30–90 dage,48,45–54,0,0,0,0,185,326,133,81,0.24846625766871167,0.3197852760736196,0.18711656441717792,0.8128834355828221,326,29,133,150,127,0.2484662576687117,81,0.3197852760736196,0.2392638036809816,0.5920245398773006,Computer,0,2,0,0.9790575916230366,0,0,internal,0.0460122699386503,0,0.00920245398773006,0,0.46319018404907975,2025-03-12,2025-04-11,30,11.241379310344827,4
240ce5d130fcc7f11abd19606854fc60,2025-05-21,2025-03-21T14:40:29Z,Mand,1969-06-17,2015-12-20,utm_campaign=Marts25&utm_content=sc_b&utm_medium=mail&utm_source=mail,TRUE,TRUE,3,1,1,2025-03-21,2025-05-20,0,0,Produkt,Redaktionelt indhold / holdning,2025-06-20,2025-05-21,61,30–90 dage,56,55–64,1,0,0,1,131,546,302,179,0.32783882783882784,0.43635531135531136,0.11904761904761904,0.8809523809523809,546,30,302,318,296,0.32783882783882784,179,0.43635531135531136,0.33882783882783885,0.4706959706959707,Computer,0,2,0.03903903903903904,0.951951951951952,0,0,internal,0.10805860805860806,0,0.00549450549450549,0,0.4010989010989011,2025-03-21,2025-04-19,29,18.2,4
245f21fbcfbc2c99dbf41818ef3774fc,2025-03-14,2025-03-09T07:28:30Z,Kvinde,1979-01-08,2025-02-25,utm_campaign=Marts25&utm_content=B&utm_medium=content&utm_source=jp.dk,FALSE,FALSE,0,0,0,2025-03-09,2025-05-08,0,0,Tid,Ikke tid,2025-05-08,2025-03-14,5,0–30 dage,47,45–54,0,0,0,0,1,17,3,8,0.47058823529411764,0.5588235294117647,1,0,17,5,3,16,2,0.4705882352941176,8,0.5588235294117647,0.4705882352941176,0.4117647058823529,Mobile,1,1,0.3333333333333333,0,0.5333333333333333,0,email,0,0,0,0,0.0588235294117647,2025-03-09,2025-03-21,12,3.4,1
24d200dbbdc90ade21b149b9ebc16d98,2025-04-07,2025-03-21T09:02:10Z,Kvinde,1958-11-23,2014-11-05,utm_campaign=Marts25&utm_content=A&utm_medium=content&utm_source=jp.dk,FALSE,FALSE,0,0,0,2025-03-21,2025-05-20,0,0,Andet,kunden ønsker ikke at oplyse,2025-05-20,2025-04-07,17,0–30 dage,67,65+,0,0,0,0,1,3,3,0,0,0.6666666666666666,0,1,3,1,3,2,2,0,0,0.6666666666666666,0.6666666666666666,0.3333333333333333,Computer,0,1,0,0.3333333333333333,0,0,unknown,0,0,0,0,0.3333333333333333,2025-03-21,2025-03-21,0,3,1
254773d08d5ddfb82fdfad28371db425,2025-12-15,2025-03-08T12:40:24Z,Mand,1951-07-20,2018-05-02,utm_campaign=&utm_content=genbesog_JP_digital&utm_medium=ppc&utm_source=adwords&utm_term=abonnement+jyllands-posten,TRUE,TRUE,0,0,0,2025-03-08,2025-05-07,2,2,Økonomi,Pris,2026-01-07,2025-12-15,282,270–365 dage,74,65+,1,0,0,0,273,3,3,0,0,0.5833333333333334,0,1,3,2,3,2,2,0,0,0.5833333333333334,0.3333333333333333,0.3333333333333333,Computer,0,1,0,0.5,0,0,internal,0,0,0,0,0.3333333333333333,2025-03-11,2025-04-02,22,1.5,4
254f38248eea896ec7084daa2f6602aa,2025-04-23,2025-03-19T11:36:51Z,Kvinde,1977-10-08,2015-06-21,utm_campaign=Marts25&utm_content=A&utm_medium=content&utm_source=jp.dk,FALSE,TRUE,2,1,0,2025-03-19,2025-05-18,0,0,Produkt,Redaktionelt indhold / holdning,2025-05-18,2025-04-23,35,30–90 dage,48,45–54,0,0,0,0,165,175,83,50,0.2857142857142857,0.38142857142857145,1,0,175,27,83,95,80,0.2857142857142857,50,0.38142857142857145,0.2914285714285714,0.5314285714285715,Mobile,1,1,0,0.9905660377358492,0,0,internal,0.14857142857142858,0,0,0,0.3942857142857143,2025-03-19,2025-04-18,30,6.481481481481482,1
25567a00c727a5f238f2147e7806428f,2025-03-17,2025-03-09T08:33:53Z,Kvinde,1970-05-19,2023-11-27,utm_campaign=Marts25&utm_content=A&utm_medium=content&utm_source=jp.dk,TRUE,TRUE,2,2,1,2025-03-09,2025-05-08,0,0,Produkt,Redaktionelt indhold / holdning,2025-05-08,2025-03-17,8,0–30 dage,55,55–64,0,0,0,0,99,21,19,14,0.6666666666666666,0.5833333333333334,1,0,21,12,19,21,19,0.6666666666666666,14,0.5833333333333334,0.380952380952381,0.14285714285714285,Mobile,1,1,0,0.14285714285714285,0,0.7142857142857143,social,0.3333333333333333,0,0,0,0,2025-03-09,2025-04-04,26,1.75,2
25b091685441c9c3bdbe9e1bf30cd66a,2025-08-27,2025-03-08T16:56:40Z,Mand,1935-12-21,2025-03-08,utm_campaign=Marts25&utm_content=A&utm_medium=content&utm_source=jp.dk,FALSE,FALSE,0,0,0,2025-03-08,2025-05-07,0,0,Digitalt,Oprettet med forkert e-mail,2025-08-26,2025-08-27,172,90–180 dage,90,65+,1,0,0,0,112,4,4,1,0.25,0.3125,0,1,4,2,4,3,3,0.25,1,0.3125,0,0.25,Computer,0,1,0.5,0.25,0,0,search,0,0,0,0,0,2025-03-08,2025-03-09,1,2,4
25c128e7f3e0a75ddd14b5784c100e1e,2025-05-07,2025-03-07T14:51:08Z,Kvinde,1949-07-28,2014-11-19,utm_campaign=Marts25&utm_content=b&utm_medium=mail&utm_source=mail,FALSE,FALSE,3,0,1,2025-03-07,2025-05-06,0,0,Økonomi,Ændring af vilkår,2025-05-06,2025-05-07,61,30–90 dage,76,65+,1,0,0,1,437,7,7,2,0.2857142857142857,0.21428571428571427,1,0,7,5,7,6,6,0.2857142857142857,2,0.21428571428571427,0,0.42857142857142855,Mobile,1,1,0,0.5,0,0,internal,0.14285714285714285,0,0,0,0.14285714285714285,2025-03-08,2025-04-06,29,1.4,1
25cabc071210e89c45fc323a54e4e4d7,2025-03-23,2025-03-07T07:38:53Z,Kvinde,1949-11-06,2025-03-07,utm_campaign=Marts25&utm_content=A&utm_medium=content&utm_source=jp.dk,FALSE,FALSE,0,0,0,2025-03-07,2025-05-06,0,0,Andet,kunden ønsker ikke at oplyse,2025-05-06,2025-03-23,16,0–30 dage,76,65+,0,0,0,0,93,168,107,62,0.36904761904761907,0.4494047619047619,0,1,168,15,107,108,94,0.369047619047619,62,0.4494047619047619,0.35119047619047616,0.4583333333333333,Computer,0,1,0,0.9705882352941176,0,0,internal,0.15476190476190477,0,0,0,0.17261904761904762,2025-03-07,2025-04-06,30,11.2,1
26055449e1b6f5750213a8cd2f9c1590,2025-08-28,2025-03-18T09:46:27Z,Kvinde,2001-11-05,2025-03-18,utm_campaign=Basis_22&utm_content=HeaderButtonRaised&utm_medium=Matrice&utm_source=jp.dk,FALSE,FALSE,0,0,0,2025-03-18,2025-05-17,0,0,Produkt,Redaktionelt indhold / holdning,2025-09-17,2025-08-28,163,90–180 dage,24,18–24,1,0,0,0,124,9,7,3,0.3333333333333333,0.6666666666666666,0,1,9,4,7,8,6,0.3333333333333333,3,0.6666666666666666,0.4444444444444444,0.1111111111111111,Computer,0,1,0.75,0,0,0.125,search,0.7777777777777778,0,0,0,0.1111111111111111,2025-03-18,2025-04-08,21,2.25,3
260ecef60f4aa81a9bbee7feb50baa90,2026-02-26,2025-03-14T22:14:56Z,Kvinde,1976-11-30,2025-03-14,utm_campaign=Marts25&utm_content=A&utm_medium=content&utm_source=jp.dk,FALSE,FALSE,0,0,0,2025-03-14,2025-05-13,0,0,Økonomi,Pris,2026-03-13,2026-02-26,349,270–365 dage,49,45–54,1,0,0,0,305,42,21,11,0.2619047619047619,0.2976190476190476,0.8571428571428571,0.14285714285714285,42,8,21,23,20,0.2619047619047619,11,0.2976190476190476,0.21428571428571427,0.5714285714285714,Mobile,1,2,0,0.95,0,0,internal,0.14285714285714285,0,0.0238095238095238,0,0.4523809523809524,2025-03-14,2025-04-13,30,5.25,4
261b2aa96e257baca502e9274d1f6737,2026-02-05,2025-03-04T14:51:25Z,Ukendt,1977-06-21,2023-05-11,utm_campaign=Marts25&utm_content=A&utm_medium=content&utm_source=jp.dk,FALSE,FALSE,1,1,0,2025-03-04,2025-05-03,0,0,Tid,Ikke tid,2026-02-05,2026-02-05,338,270–365 dage,48,45–54,1,0,0,0,309,297,126,84,0.2828282828282828,0.3063973063973064,1,0,297,27,126,134,124,0.2828282828282828,84,0.3063973063973064,0.21885521885521889,0.6161616161616161,Mobile,1,1,0.00704225352112676,0.971830985915493,0,0,internal,0.11447811447811448,0,0.00673400673400673,0,0.5387205387205387,2025-03-04,2025-03-30,26,11,4
26a8b7f9adc53ba2b3ee6c4ab26213d7,2025-06-19,2025-03-21T09:07:54Z,Mand,1964-05-25,2013-01-11,utm_campaign=Marts25&utm_content=sc_a&utm_medium=mail&utm_source=mail,FALSE,TRUE,0,0,0,2025-03-21,2025-05-20,0,1,Tid,Ikke tid,2025-06-20,2025-06-19,90,90–180 dage,61,55–64,1,0,0,0,39,20,16,6,0.3,0.65,1,0,20,8,16,19,15,0.3,6,0.65,0.5,0.2,Mobile,1,1,0,0.3333333333333333,0.4,0.2,email,0.65,0,0,0,0.05,2025-03-21,2025-04-18,28,2.5,3
28cf6e0849f84472089d55fc5ec659d9,2025-03-21,2025-03-06T11:03:15Z,Mand,1965-11-18,2017-12-22,utm_campaign=Marts25&utm_content=a&utm_medium=mail&utm_source=mail,FALSE,TRUE,5,4,1,2025-03-06,2025-05-05,0,0,Andet,kunden ønsker ikke at oplyse,2025-05-05,2025-03-21,15,0–30 dage,60,55–64,0,0,0,0,360,505,129,109,0.21584158415841584,0.1797029702970297,0.9445544554455445,0,505,31,129,199,125,0.21584158415841584,109,0.1797029702970297,0.09306930693069308,0.7366336633663366,Mobile,1,2,0,0.9979633401221996,0,0,internal,0.07524752475247524,0,0.00396039603960396,0,0.598019801980198,2025-03-06,2025-04-05,30,16.29032258064516,2
29127e2a7ed2ad5ae7a0b90963270788,2025-05-26,2025-03-21T10:54:05Z,Mand,1968-10-24,2021-12-27,utm_campaign=Marts25&utm_content=sc_a&utm_medium=mail&utm_source=mail,FALSE,TRUE,11,8,5,2025-03-21,2025-05-20,0,1,Tid,Ikke tid,2025-06-20,2025-05-26,66,30–90 dage,57,55–64,1,0,0,1,555,34,16,15,0.4411764705882353,0.3897058823529412,1,0,34,10,16,22,14,0.4411764705882353,15,0.3897058823529412,0.2647058823529412,0.5,Mobile,1,1,0.08333333333333333,0.4583333333333333,0,0,internal,0.2352941176470588,0,0,0,0.2058823529411765,2025-03-21,2025-04-18,28,3.4,4
29570250930a4b6759f7de0a3ccbfa6a,2025-03-06,2025-03-05T13:02:12Z,Mand,1951-09-22,2014-11-03,utm_campaign=Marts25&utm_content=a&utm_medium=mail&utm_source=mail,TRUE,TRUE,0,0,0,2025-03-05,2025-05-04,0,0,Andet,Ingen årsag – ingen tlf kontakt,2025-05-04,2025-03-06,1,0–30 dage,74,65+,0,1,0,0,1,230,107,79,0.34347826086956523,0.42717391304347824,0,0.07391304347826087,230,29,107,145,105,0.34347826086956523,79,0.42717391304347824,0.3652173913043478,0.5217391304347826,Tablet,0,2,0,0.9302325581395348,0,0,internal,0.22608695652173913,0,0,0,0.3652173913043478,2025-03-05,2025-04-04,30,7.931034482758621,2
296ebed7fd47d502188ba062c21e58ac,2025-06-02,2025-03-14T19:08:48Z,Mand,1955-06-16,2015-03-09,utm_campaign=Marts25&utm_content=B&utm_medium=content&utm_source=jp.dk,FALSE,TRUE,1,1,0,2025-03-14,2025-05-13,0,0,Andet,kunden ønsker ikke at oplyse,2025-06-13,2025-06-02,80,30–90 dage,70,65+,1,0,0,0,562,222,65,44,0.1981981981981982,0.24324324324324326,0,1,222,20,65,79,63,0.1981981981981982,44,0.24324324324324328,0.16666666666666666,0.6711711711711712,Computer,0,1,0.01265822784810126,0.9620253164556962,0,0.01265822784810126,internal,0.04954954954954955,0,0,0,0.6396396396396397,2025-03-14,2025-04-13,30,11.1,4
2a0fd6364ffb8b6e44ac73c1772ed2f6,2025-05-17,2025-03-11T19:05:13Z,Kvinde,1963-07-20,2018-10-12,utm_campaign=Marts25&utm_content=A&utm_medium=content&utm_source=jp.dk,FALSE,TRUE,0,0,0,2025-03-11,2025-05-10,0,0,Tid,Ikke tid,2025-06-10,2025-05-17,67,30–90 dage,62,55–64,1,0,0,1,60,12,9,9,0.75,0.375,1,0,12,2,9,9,7,0.75,9,0.375,0.25,0.5,Mobile,1,1,0,0.8333333333333334,0,0,internal,0.16666666666666666,0,0,0,0.16666666666666666,2025-03-11,2025-03-24,13,6,3
2a51690c82facfbc4556e85f4693dc17,2025-05-15,2025-03-21T09:40:57Z,Kvinde,1962-03-05,2022-10-14,utm_campaign=Marts25&utm_content=sc_b&utm_medium=mail&utm_source=mail,FALSE,TRUE,1,1,1,2025-03-21,2025-05-20,1,1,Andet,Ingen årsag – ingen tlf kontakt,2025-05-20,2025-05-15,55,30–90 dage,64,55–64,0,0,0,0,8,75,60,41,0.5466666666666666,0.5333333333333333,1,0,75,25,60,73,59,0.5466666666666666,41,0.5333333333333333,0.3466666666666667,0.28,Mobile,1,1,0,0.8461538461538461,0,0,internal,0.24,0,0,0,0.02666666666666667,2025-03-23,2025-04-20,28,3,1
2a5ac71661a5b6fab9cb884c8bead8d6,2025-12-16,2025-03-22T07:18:38Z,Mand,1974-02-18,2021-01-11,utm_campaign=Marts25&utm_content=A&utm_medium=content&utm_source=jp.dk,FALSE,TRUE,2,1,1,2025-03-22,2025-05-21,0,0,Tid,Ikke tid,2025-12-21,2025-12-16,269,180–270 dage,52,45–54,1,0,0,0,987,363,191,132,0.36363636363636365,0.29958677685950413,0.953168044077135,0.046831955922865015,363,30,191,211,190,0.3636363636363637,132,0.29958677685950413,0.17355371900826447,0.5482093663911846,Mobile,1,2,0,0.9592760180995475,0,0,internal,0.11294765840220386,0,0,0,0.418732782369146,2025-03-22,2025-04-21,30,12.1,4
2a73451a7f4e0be51f5a8e30082805b4,2025-03-17,2025-03-17T13:05:53Z,Mand,1967-09-20,2017-06-07,utm_campaign=Marts25&utm_content=B&utm_medium=content&utm_source=jp.dk,FALSE,TRUE,2,0,2,2025-03-17,2025-05-16,0,0,Andet,kunden ønsker ikke at oplyse,2025-05-16,2025-03-17,0,0–30 dage,58,55–64,0,1,0,0,340,1284,381,389,0.3029595015576324,0.27044392523364486,1,0,1284,31,381,692,374,0.3029595015576324,389,0.27044392523364486,0.16199376947040495,0.6105919003115264,Mobile,1,1,0,0.961842105263158,0,0,internal,0.10903426791277258,0,0.0116822429906542,0,0.4400311526479751,2025-03-17,2025-04-16,30,41.41935483870968,2
2aae4b96432d2c3c3f05cb5db8e7635c,2025-05-20,2025-03-21T18:11:45Z,Mand,1956-04-14,2012-06-10,utm_campaign=Marts25&utm_content=A&utm_medium=content&utm_source=jp.dk,TRUE,TRUE,4,3,1,2025-03-21,2025-05-20,0,0,Andet,Ingen årsag – ingen tlf kontakt,2025-05-20,2025-05-20,60,30–90 dage,70,65+,0,0,0,0,633,686,274,208,0.3032069970845481,0.28972303206997085,1,0,686,31,274,374,272,0.3032069970845481,208,0.28972303206997085,0.17201166180758018,0.597667638483965,Mobile,1,1,0.002,0.992,0,0,internal,0.13994169096209913,0,0.00874635568513119,0,0.4475218658892128,2025-03-21,2025-04-20,30,22.129032258064516,1
2b18f2e4112c3260d1f29e3142f583d0,2025-05-22,2025-03-21T07:46:46Z,Mand,1954-10-05,2013-05-31,utm_campaign=Marts25&utm_content=sc_b&utm_medium=mail&utm_source=mail,FALSE,TRUE,4,2,1,2025-03-21,2025-05-20,2,2,Tid,Ikke tid,2025-06-20,2025-05-22,62,30–90 dage,71,65+,1,0,0,1,679,145,67,39,0.2689655172413793,0.39827586206896554,0,1,145,31,67,66,66,0.2689655172413793,39,0.39827586206896554,0.33793103448275863,0.5655172413793104,Computer,0,1,0,0.9895833333333334,0,0,internal,0.07586206896551724,0,0.00689655172413793,0,0.5448275862068965,2025-03-21,2025-04-20,30,4.67741935483871,4
2bc80ee820dd4caac5fa5f7f9d6e4a5c,2025-03-28,2025-03-21T14:30:30Z,Mand,1952-11-21,2012-04-18,utm_campaign=Marts25&utm_content=sc_b&utm_medium=mail&utm_source=mail,TRUE,TRUE,26,9,15,2025-03-21,2025-05-20,0,0,Økonomi,Pris,2025-05-20,2025-03-28,7,0–30 dage,73,65+,0,0,0,0,1150,960,405,279,0.290625,0.27395833333333336,0.19895833333333332,0.7854166666666667,960,31,405,493,397,0.290625,279,0.27395833333333336,0.15,0.5947916666666667,Computer,0,3,0.16026711185308848,0.8280467445742905,0,0,internal,0.08020833333333334,0,0.00208333333333333,0,0.43854166666666666,2025-03-21,2025-04-20,30,30.967741935483872,1
2c32c80e711319c80b09ba09c6809d26,2025-03-11,2025-03-09T09:02:25Z,Kvinde,1973-08-25,2023-04-19,utm_campaign=Marts25&utm_content=A&utm_medium=content&utm_source=jp.dk,FALSE,FALSE,0,0,0,2025-03-09,2025-05-08,0,0,Andet,Ingen årsag – ingen tlf kontakt,2025-05-08,2025-03-11,2,0–30 dage,52,45–54,0,1,0,0,1,30,20,16,0.5333333333333333,0.4583333333333333,0.43333333333333335,0.5666666666666667,30,5,20,24,19,0.5333333333333333,16,0.4583333333333333,0.3333333333333333,0.36666666666666664,Computer,0,2,0.10714285714285714,0.6785714285714286,0,0,internal,0.1,0,0,0,0.2,2025-03-11,2025-04-01,21,6,2
2c6156b11760d509f80689626ff8d773,2025-05-05,2025-03-21T07:13:08Z,Mand,1955-11-06,2016-05-20,utm_campaign=Marts25&utm_content=sc_a&utm_medium=mail&utm_source=mail,TRUE,TRUE,5,4,1,2025-03-21,2025-05-20,0,0,Andet,Ingen årsag – ingen tlf kontakt,2025-05-20,2025-05-05,45,30–90 dage,70,65+,0,0,0,0,853,89,47,32,0.3595505617977528,0.34831460674157305,0.3258426966292135,0.6741573033707865,89,20,47,51,46,0.3595505617977528,32,0.34831460674157305,0.24719101123595505,0.5280898876404494,Computer,0,2,0.03225806451612903,0.935483870967742,0,0,internal,0.0449438202247191,0,0.01123595505617977,0,0.42696629213483145,2025-03-21,2025-04-20,30,4.45,1
2c6bbbf8fa35f68c88d82688bd0f7a69,2025-03-22,2025-03-22T07:27:46Z,Mand,1996-08-11,2022-12-09,utm_campaign=Marts25&utm_content=A&utm_medium=content&utm_source=jp.dk,FALSE,FALSE,0,0,0,2025-03-22,2025-05-21,0,0,Produkt,Redaktionelt indhold / holdning,2025-05-21,2025-03-22,0,0–30 dage,29,25–34,0,1,0,0,1,4,2,1,0.25,0.25,1,0,4,1,2,1,1,0.25,1,0.25,0.25,0.75,Mobile,1,1,0,0,0,0,unknown,0,0,0.25,0,0.75,2025-03-22,2025-03-22,0,4,2
2c82f7a3f92409b674dbf5d3321f88c9,2025-08-15,2025-03-05T15:19:11Z,Mand,1952-01-10,2020-07-01,utm_campaign=Marts25&utm_content=b&utm_medium=mail&utm_source=mail,TRUE,TRUE,3,2,2,2025-03-05,2025-05-04,2,2,Tid,Ikke tid,2025-08-14,2025-08-15,163,90–180 dage,74,65+,1,0,0,0,138,2,2,0,0,0.5,1,0,2,1,2,1,1,0,0,0.5,0.5,0.5,Mobile,1,1,0,0.5,0,0,internal,0,0,0,0,0.5,2025-03-11,2025-03-11,0,2,4
2d4d321307fe1f90c06d5213e604941f,2025-03-18,2025-03-12T16:22:30Z,Mand,1938-10-26,2025-03-12,utm_campaign=&utm_content=genbesog_JP_digital&utm_medium=ppc&utm_source=adwords&utm_term=jyllands-posten+abonnement,FALSE,FALSE,0,0,0,2025-03-12,2025-05-11,0,0,Andet,kunden ønsker ikke at oplyse,2025-05-11,2025-03-18,6,0–30 dage,87,65+,0,0,0,0,1,22,12,7,0.3181818181818182,0.29545454545454547,0,0.45454545454545453,22,3,12,10,8,0.3181818181818182,7,0.29545454545454547,0.18181818181818185,0.6363636363636364,Tablet,0,2,0,0.631578947368421,0,0,internal,0.2272727272727273,0,0,0,0.4090909090909091,2025-03-12,2025-03-18,6,7.333333333333333,2
2d5adde906e831f080f533074fff495f,2025-08-21,2025-03-21T08:44:10Z,Mand,1952-07-22,2025-03-21,utm_campaign=Marts25&utm_content=sc_a&utm_medium=mail&utm_source=mail,FALSE,TRUE,0,0,0,2025-03-21,2025-05-20,1,2,Tid,Ikke tid,2025-09-20,2025-08-21,153,90–180 dage,73,65+,1,0,0,0,246,134,71,64,0.47761194029850745,0.4701492537313433,1,0,134,20,71,125,70,0.47761194029850745,64,0.4701492537313433,0.373134328358209,0.4477611940298507,Mobile,1,1,0,0.775,0,0,internal,0.17164179104477612,0,0.00746268656716417,0,0.06716417910447761,2025-03-21,2025-04-19,29,6.7,4
2da5fc5a7ab09c95c652562f4681bd29,2025-07-31,2025-03-23T09:30:03Z,Mand,1971-05-17,2021-11-08,utm_campaign=Marts25&utm_content=A&utm_medium=content&utm_source=jp.dk,FALSE,FALSE,1,0,1,2025-03-23,2025-05-22,0,0,Andet,kunden ønsker ikke at oplyse,2025-08-22,2025-07-31,130,90–180 dage,54,45–54,1,0,0,0,169,486,213,144,0.2962962962962963,0.2844650205761317,0.9567901234567902,0.043209876543209874,486,31,213,244,210,0.2962962962962963,144,0.2844650205761317,0.1728395061728395,0.6049382716049383,Mobile,1,2,0,0.986254295532646,0,0.00343642611683848,internal,0.11728395061728394,0,0.01234567901234567,0,0.48148148148148145,2025-03-23,2025-04-22,30,15.67741935483871,4
2dd7e42f99ac96b837b800eff7ed8b73,2025-08-07,2025-03-05T17:52:22Z,Kvinde,1949-09-27,2015-07-03,utm_campaign=Marts25&utm_content=b&utm_medium=mail&utm_source=mail,TRUE,TRUE,10,9,4,2025-03-05,2025-05-04,1,1,Tid,Ikke tid,2025-09-04,2025-08-07,155,90–180 dage,76,65+,1,0,0,0,1198,29,27,16,0.5517241379310345,0.5948275862068966,0.034482758620689655,0.9655172413793104,29,3,27,26,25,0.5517241379310345,16,0.5948275862068966,0.4827586206896552,0.27586206896551724,Computer,0,2,0.08,0.8,0,0,internal,0.20689655172413793,0,0,0,0.03448275862068965,2025-03-05,2025-03-23,18,9.666666666666666,3
2e608971ff7c2bb1638c925e543726a2,2025-04-25,2025-03-06T05:36:20Z,Mand,2001-09-13,2013-02-19,utm_campaign=Marts25&utm_content=b&utm_medium=mail&utm_source=mail,FALSE,FALSE,0,0,0,2025-03-06,2025-05-05,2,2,Økonomi,Pris,2025-05-05,2025-04-25,50,30–90 dage,24,18–24,0,0,0,0,1,308,150,87,0.2824675324675325,0.2702922077922078,0,1,308,30,150,155,149,0.2824675324675325,87,0.2702922077922078,0.12987012987012986,0.5681818181818182,Computer,0,1,0,0.9867549668874172,0,0,internal,0.0974025974025974,0,0.01298701298701298,0,0.4967532467532468,2025-03-06,2025-04-05,30,10.266666666666667,2
2e61a4b9eba3b903cdb5ae94b9805e47,2025-03-17,2025-03-17T09:58:06Z,Mand,1962-03-01,2013-05-17,utm_campaign=Marts25&utm_content=A&utm_medium=content&utm_source=jp.dk,FALSE,FALSE,0,0,0,2025-03-17,2025-05-16,0,0,Produkt,Redaktionelt indhold / holdning,2025-05-16,2025-03-17,0,0–30 dage,64,55–64,0,1,0,0,1,2,2,1,0.5,1,0,1,2,1,2,2,2,0.5,1,1,1,0,Computer,0,1,0.5,0,0,0,search,0,0,0,0,0,2025-03-17,2025-03-17,0,2,2
2ed2e7c7740caace45ef81eba21f0739,2026-01-04,2025-03-10T03:50:03Z,Ukendt,1985-07-13,2025-03-10,utm_campaign=Basis_22&utm_content=HeaderButtonRaised&utm_medium=Matrice&utm_source=jp.dk,TRUE,TRUE,0,0,0,2025-03-10,2025-05-09,0,0,Andet,kunden ønsker ikke at oplyse,2026-01-09,2026-01-04,300,270–365 dage,40,35–44,1,0,0,0,246,10,7,2,0.2,0.325,1,0,10,2,7,6,5,0.2,2,0.325,0.1,0.5,Mobile,1,1,0,0.5,0,0.125,internal,0.3,0,0,0,0.3,2025-03-10,2025-03-11,1,5,3
2ef1b0911c92e61e14b195dda6980a68,2025-04-12,2025-03-07T07:39:46Z,Mand,1974-06-23,2017-04-02,utm_campaign=Marts25&utm_content=A&utm_medium=content&utm_source=jp.dk,FALSE,FALSE,1,0,0,2025-03-07,2025-05-06,0,0,Produkt,Redaktionelt indhold / holdning,2025-05-06,2025-04-12,36,30–90 dage,51,45–54,0,0,0,0,124,556,250,149,0.26798561151079137,0.2189748201438849,0.789568345323741,0.210431654676259,556,27,250,263,236,0.26798561151079137,149,0.2189748201438849,0.08453237410071943,0.6205035971223022,Mobile,1,2,0,0.9770408163265306,0,0,internal,0.1079136690647482,0,0.00899280575539568,0,0.4568345323741007,2025-03-07,2025-04-06,30,20.59259259259259,4
2f1e1f0e95db029b590b69b5b9eb6952,2025-05-21,2025-03-21T13:48:35Z,Mand,1947-08-05,2012-10-19,utm_campaign=Marts25&utm_medium=Weblayer&utm_source=jp.dk,FALSE,FALSE,6,5,1,2025-03-21,2025-05-20,0,0,Tid,Ikke tid,2025-11-20,2025-05-21,61,30–90 dage,78,65+,1,0,0,1,843,295,180,107,0.36271186440677966,0.31864406779661014,0,1,295,28,180,186,178,0.36271186440677966,107,0.31864406779661014,0.12203389830508476,0.4610169491525424,Computer,0,1,0.00531914893617021,0.9893617021276596,0,0,internal,0.13220338983050847,0,0,0,0.36610169491525424,2025-03-21,2025-04-20,30,10.535714285714286,4
2f204aeb120fdc22e3d9f8bee4374b0b,2025-04-22,2025-03-10T15:36:38Z,Kvinde,1984-07-30,2025-03-10,utm_campaign=Marts25&utm_content=A&utm_medium=content&utm_source=jp.dk,FALSE,FALSE,0,0,0,2025-03-10,2025-05-09,0,0,Tid,Ikke tid,2025-05-09,2025-04-22,43,30–90 dage,41,35–44,0,0,0,0,1,7,5,3,0.42857142857142855,0.32142857142857145,1,0,7,3,5,5,3,0.42857142857142855,3,0.32142857142857145,0.2857142857142857,0.5714285714285714,Mobile,1,1,0,0.2,0,0.4,social,0.14285714285714285,0,0,0,0.14285714285714285,2025-03-10,2025-04-04,25,2.3333333333333335,1
2f2789bce65dd9b3344478bdce2342e6,2025-05-26,2025-03-20T08:15:36Z,Mand,1984-12-23,2018-12-24,utm_campaign=Marts25&utm_content=A&utm_medium=content&utm_source=jp.dk,FALSE,TRUE,12,8,4,2025-03-20,2025-05-19,1,0,Andet,Ingen årsag – ingen tlf kontakt,2025-06-19,2025-05-26,67,30–90 dage,41,35–44,1,0,0,1,1892,584,332,234,0.4006849315068493,0.5291095890410958,0.0136986301369863,0.9863013698630136,584,30,332,396,322,0.4006849315068493,234,0.5291095890410958,0.4845890410958904,0.4092465753424658,Computer,0,2,0,0.9100346020761244,0,0,internal,0.1832191780821918,0,0,0,0.2688356164383562,2025-03-20,2025-04-19,30,19.466666666666665,4
2f8965398cbe981cccc83d6f81509fec,2025-07-10,2025-03-08T14:48:20Z,Mand,1950-07-09,2017-04-24,utm_campaign=Marts25&utm_content=A&utm_medium=content&utm_source=jp.dk,FALSE,TRUE,3,3,1,2025-03-08,2025-05-07,1,1,Tid,Ikke tid,2025-08-07,2025-07-10,124,90–180 dage,75,65+,1,0,0,0,349,278,120,77,0.27697841726618705,0.25989208633093525,0,1,278,15,120,128,115,0.27697841726618705,77,0.25989208633093525,0.15827338129496402,0.6294964028776978,Computer,0,1,0,0.58,0,0,internal,0.10431654676258992,0,0.00359712230215827,0,0.46402877697841727,2025-03-08,2025-04-05,28,18.533333333333335,4
2f9710a6b323884ef84129309caf9ddf,2025-08-20,2025-03-22T07:49:35Z,Mand,1966-03-19,2013-02-23,utm_campaign=6669764630252&utm_content=6669768107852&utm_medium=paid&utm_source=fb_paid&utm_term=g%C3%A6ldfrit_hus_artikel_click,FALSE,TRUE,2,0,2,2025-03-22,2025-05-21,4,4,Tid,Ikke tid,2025-08-21,2025-08-20,151,90–180 dage,60,55–64,1,0,0,0,121,91,82,51,0.5604395604395604,0.7774725274725275,0.8791208791208791,0.12087912087912088,91,20,82,79,77,0.5604395604395604,51,0.7774725274725275,0.6923076923076923,0.15384615384615383,Mobile,1,2,0,0.6352941176470588,0.02352941176470588,0.25882352941176473,internal,0.26373626373626374,0,0.04395604395604396,0,0.08791208791208792,2025-03-22,2025-04-21,30,4.55,3
303860c1806cd8777515040378492fd6,2025-03-14,2025-03-14T14:27:29Z,Kvinde,1958-09-29,2013-02-06,utm_campaign=Marts25&utm_content=A&utm_medium=content&utm_source=jp.dk,FALSE,FALSE,2,1,1,2025-03-14,2025-05-13,0,0,Produkt,Redaktionelt indhold / holdning,2025-05-13,2025-03-14,0,0–30 dage,67,65+,0,1,0,0,148,6,5,4,0.6666666666666666,0.4166666666666667,0,1,6,2,5,4,3,0.6666666666666666,4,0.4166666666666667,0.3333333333333333,0.5,Computer,0,1,0.3333333333333333,0.5,0,0,internal,0,0,0,0,0.16666666666666666,2025-03-14,2025-03-20,6,3,2
30940b4b1cd99664e4dd18235982c892,2025-11-24,2025-03-10T16:41:40Z,Mand,1960-01-17,2012-12-05,utm_campaign=Marts25&utm_content=A&utm_medium=content&utm_source=jp.dk,FALSE,FALSE,1,0,0,2025-03-10,2025-05-09,0,0,Tid,Ikke tid,2025-12-09,2025-11-24,259,180–270 dage,66,65+,1,0,0,0,1542,6,5,4,0.6666666666666666,0.375,0,0.8333333333333334,6,1,5,5,4,0.6666666666666666,4,0.375,0.16666666666666666,0.5,Computer,0,2,0,0.5,0,0,internal,0.3333333333333333,0,0,0,0.16666666666666666,2025-03-10,2025-03-10,0,6,4
30af1188b05d88e62fc64e6615574579,2025-03-29,2025-03-09T18:37:41Z,Mand,1970-04-26,2015-03-09,utm_campaign=Basis_22&utm_content=HeaderButtonRaised&utm_medium=Matrice&utm_source=jp.dk,FALSE,TRUE,5,3,1,2025-03-09,2025-05-08,0,0,Tid,Ikke tid,2025-05-08,2025-03-29,20,0–30 dage,55,55–64,0,0,0,0,480,328,148,82,0.25,0.3871951219512195,0.8414634146341463,0.15853658536585366,328,29,148,148,137,0.25,82,0.3871951219512195,0.3231707317073171,0.573170731707317,Mobile,1,2,0.0160427807486631,0.9518716577540108,0,0,internal,0.04573170731707317,0,0.00914634146341463,0,0.49085365853658536,2025-03-09,2025-04-08,30,11.310344827586206,1
30e31485609c73343cd6c358e62bdc65,2025-03-05,2025-03-05T12:35:25Z,Mand,1977-02-23,2021-12-24,utm_campaign=Marts25&utm_content=A&utm_medium=content&utm_source=jp.dk,FALSE,FALSE,5,4,1,2025-03-05,2025-05-04,0,0,Andet,kunden ønsker ikke at oplyse,2025-05-04,2025-03-05,0,0–30 dage,49,45–54,0,1,0,0,556,370,158,89,0.24054054054054055,0.3493243243243243,0.581081081081081,0.4189189189189189,370,31,158,160,152,0.24054054054054055,89,0.3493243243243243,0.2972972972972973,0.6027027027027027,Mobile,1,2,0.00970873786407766,0.9466019417475728,0,0.00485436893203883,internal,0.0891891891891892,0,0,0,0.5540540540540541,2025-03-05,2025-04-04,30,11.935483870967742,2
30f784b5886a73a096111934c55158a9,2025-09-11,2025-03-05T20:27:33Z,Kvinde,1947-02-21,2020-04-15,utm_campaign=Marts25&utm_content=b&utm_medium=mail&utm_source=mail,TRUE,TRUE,5,3,3,2025-03-05,2025-05-04,0,0,Salg,Misforstået salgsaftale,2025-09-11,2025-09-11,190,180–270 dage,79,65+,1,0,0,0,390,4,4,1,0.25,0.75,1,0,4,1,4,3,3,0.25,1,0.75,0.75,0.25,Mobile,1,1,0,0.75,0,0,internal,0,0,0,0,0.25,2025-03-06,2025-03-06,0,4,4
31312cce5cd757416a102a8df3bb54e9,2025-03-22,2025-03-22T12:53:26Z,Kvinde,1978-07-31,2013-06-17,utm_campaign=Marts25&utm_content=A&utm_medium=content&utm_source=jp.dk,FALSE,FALSE,0,0,0,2025-03-22,2025-05-21,0,0,Produkt,Redaktionelt indhold / holdning,2025-05-21,2025-03-22,0,0–30 dage,47,45–54,0,1,0,0,1,6,4,2,0.3333333333333333,0.3333333333333333,1,0,6,2,4,5,3,0.3333333333333333,2,0.3333333333333333,0.3333333333333333,0.6666666666666666,Mobile,1,1,0.16666666666666666,0.6666666666666666,0,0,internal,0,0,0,0,0,2025-03-22,2025-03-23,1,3,2
3153c33ed1f578782ed8f49986d4cff4,2025-04-02,2025-03-13T18:45:22Z,Kvinde,1960-09-21,2025-03-13,utm_campaign=Marts25&utm_content=B&utm_medium=content&utm_source=jp.dk,FALSE,FALSE,0,0,0,2025-03-13,2025-05-12,0,0,Tid,Ikke tid,2025-05-12,2025-04-02,20,0–30 dage,65,65+,0,0,0,0,1,64,31,15,0.234375,0.27734375,0,1,64,8,31,36,30,0.234375,15,0.27734375,0.109375,0.546875,Computer,0,1,0,0.9722222222222222,0,0,internal,0.078125,0,0,0,0.4375,2025-03-13,2025-04-11,29,8,1
3234d46db0e6de36d49704d274247df2,2025-05-06,2025-03-07T08:17:07Z,Kvinde,1971-06-02,2017-11-07,utm_campaign=Marts25&utm_content=b&utm_medium=mail&utm_source=mail,FALSE,FALSE,1,0,1,2025-03-07,2025-05-06,0,0,Tid,Ikke tid,2025-05-06,2025-05-06,60,30–90 dage,54,45–54,0,0,0,0,13,70,44,21,0.3,0.4142857142857143,0.5428571428571428,0.45714285714285713,70,9,44,43,36,0.3,21,0.4142857142857143,0.3142857142857143,0.5,Mobile,1,2,0.09090909090909093,0.8363636363636363,0,0.01818181818181818,internal,0.17142857142857143,0,0,0,0.2857142857142857,2025-03-09,2025-04-04,26,7.777777777777778,1
333be8d71beacb6ec8d9caf47393d755,2025-03-25,2025-03-10T14:40:19Z,Mand,1979-02-14,2020-08-20,utm_campaign=Marts25&utm_content=A&utm_medium=content&utm_source=jp.dk,FALSE,FALSE,0,0,0,2025-03-10,2025-05-09,0,0,Tid,Ikke tid,2025-05-09,2025-03-25,15,0–30 dage,47,45–54,0,0,0,0,1,85,43,25,0.29411764705882354,0.3,0,1,85,15,43,41,41,0.29411764705882354,25,0.3,0.2,0.6,Computer,0,1,0,0.9111111111111112,0,0,internal,0.17647058823529413,0,0,0,0.4823529411764706,2025-03-10,2025-04-09,30,5.666666666666667,4
33426eacfafcb883784bcc9bcbc456d6,2025-05-06,2025-03-10T20:25:43Z,Kvinde,1969-07-21,2013-01-20,utm_campaign=Marts25&utm_medium=topticker&utm_source=jp.dk,TRUE,TRUE,2,1,1,2025-03-10,2025-05-09,0,0,Andet,kunden ønsker ikke at oplyse,2025-05-09,2025-05-06,57,30–90 dage,56,55–64,0,0,0,0,113,718,327,226,0.3147632311977716,0.2924791086350975,1,0,718,31,327,375,321,0.3147632311977716,226,0.2924791086350975,0.1532033426183844,0.5696378830083565,Mobile,1,1,0,0.9948849104859336,0,0,internal,0.10306406685236769,0,0.00696378830083565,0,0.4610027855153203,2025-03-10,2025-04-09,30,23.161290322580644,1
336d377b414d6aeb1756502907b6ab86,2025-08-01,2025-03-05T13:07:21Z,Kvinde,1950-07-12,2023-06-27,utm_campaign=Marts25&utm_content=a&utm_medium=mail&utm_source=mail,TRUE,TRUE,1,0,0,2025-03-05,2025-05-04,0,0,Tid,Ikke tid,2025-08-04,2025-08-01,149,90–180 dage,75,65+,1,0,0,0,220,17,12,8,0.47058823529411764,0.27941176470588236,1,0,17,8,12,12,11,0.4705882352941176,8,0.27941176470588236,0.17647058823529413,0.5294117647058824,Mobile,1,1,0,0.3076923076923077,0,0.2307692307692308,unknown,0.1176470588235294,0,0,0,0.29411764705882354,2025-03-05,2025-04-03,29,2.125,3
3486d8fbc710dec226242a9372c7a6b6,2025-03-24,2025-03-18T21:08:12Z,Mand,1969-10-16,2012-02-08,utm_campaign=Marts25&utm_content=A&utm_medium=content&utm_source=jp.dk,TRUE,TRUE,0,0,0,2025-03-18,2025-03-23,3,4,Andet,Administrativt,2025-03-23,2025-03-24,6,0–30 dage,56,55–64,1,0,0,1,370,40,31,23,0.575,0.6,0.3,0.7,40,6,31,38,30,0.575,23,0.6,0.45,0.25,Computer,0,2,0,0.7586206896551724,0,0,internal,0.25,0,0.025,0,0.05,2025-03-18,2025-04-16,29,6.666666666666667,4
34d88178100f7dc67e01e0aaba334352,2025-03-12,2025-03-04T20:04:59Z,Mand,1999-12-31,2013-02-20,utm_campaign=Basis_22&utm_content=HeaderButtonRaised&utm_medium=Matrice&utm_source=jp.dk,FALSE,TRUE,6,2,2,2025-03-04,2025-05-03,0,0,Produkt,Anden avis/produkt,2025-05-03,2025-03-12,8,0–30 dage,26,25–34,0,0,0,0,570,529,203,139,0.2627599243856333,0.29820415879017015,0.005671077504725898,0.994328922495274,529,31,203,225,202,0.2627599243856333,139,0.29820415879017015,0.17391304347826086,0.5954631379962193,Computer,0,2,0.00588235294117647,0.9823529411764704,0,0,internal,0.07939508506616257,0,0,0,0.5746691871455577,2025-03-04,2025-04-03,30,17.06451612903226,1
34e69eb8352599ea5989a86183e94a0c,2025-03-19,2025-03-13T07:15:53Z,Mand,1965-07-22,2012-04-06,utm_campaign=Marts25&utm_content=A&utm_medium=content&utm_source=jp.dk,FALSE,TRUE,3,1,0,2025-03-13,2025-05-12,4,4,Andet,Administrativt,2025-05-12,2025-03-19,6,0–30 dage,60,55–64,0,0,0,0,468,387,198,115,0.2971576227390181,0.3313953488372093,0.10852713178294573,0.8914728682170543,387,29,198,221,196,0.2971576227390181,115,0.3313953488372093,0.18604651162790695,0.5012919896640827,Computer,0,2,0.00293255131964809,0.9824046920821116,0,0,internal,0.07751937984496124,0,0.03100775193798449,0,0.4263565891472868,2025-03-13,2025-04-12,30,13.344827586206897,1
354e7a5939a921d12feedb99c6d967d1,2025-08-08,2025-03-04T12:49:23Z,Kvinde,1996-03-12,2021-07-18,utm_campaign=Marts25&utm_content=A&utm_medium=content&utm_source=jp.dk,FALSE,TRUE,0,0,0,2025-03-04,2025-05-03,0,0,Andet,kunden ønsker ikke at oplyse,2025-09-03,2025-08-08,157,90–180 dage,30,25–34,1,0,0,0,124,224,111,66,0.29464285714285715,0.28683035714285715,0.017857142857142856,0.9821428571428571,224,29,111,112,110,0.29464285714285715,66,0.28683035714285715,0.19196428571428573,0.5714285714285714,Computer,0,2,0,0.9583333333333334,0,0.01785714285714285,internal,0.10267857142857142,0,0.00446428571428571,0,0.5,2025-03-04,2025-04-03,30,7.724137931034483,3
35e4a3451e17fa1e4f7b69cb8768ddd7,2025-04-14,2025-03-21T07:35:57Z,Mand,1958-07-21,2023-10-15,utm_campaign=Marts25&utm_content=sc_b&utm_medium=mail&utm_source=mail,TRUE,TRUE,0,0,0,2025-03-21,2025-05-20,0,0,Produkt,Anden avis/produkt,2025-05-20,2025-04-14,24,0–30 dage,67,65+,0,0,0,0,1,5,4,2,0.4,0.4,1,0,5,4,4,4,3,0.4,2,0.4,0.2,0.4,Mobile,1,1,0,0.2,0.8,0,email,0.4,0,0,0,0.2,2025-03-21,2025-04-08,18,1.25,2
372423fee286446a26a1f3d2cf16beba,2025-05-09,2025-03-23T18:52:38Z,Mand,1966-08-15,2013-07-29,utm_campaign=Marts25&utm_content=sc_a&utm_medium=mail&utm_source=mail,FALSE,TRUE,4,4,1,2025-03-23,2025-05-22,0,0,Andet,kunden ønsker ikke at oplyse,2025-05-22,2025-05-09,47,30–90 dage,59,55–64,0,0,0,0,730,77,51,31,0.4025974025974026,0.577922077922078,0,0,77,15,51,54,50,0.4025974025974026,31,0.577922077922078,0.4935064935064935,0.3636363636363637,Tablet,0,1,0,0.9827586206896552,0,0,internal,0.14285714285714285,0,0,0,0.2987012987012987,2025-03-23,2025-04-22,30,5.133333333333334,1
374f3786930ea8008317faaafb586def,2025-05-12,2025-03-05T12:33:01Z,Ukendt,1962-06-19,2017-07-11,utm_campaign=Marts25&utm_content=B&utm_medium=content&utm_source=jp.dk,TRUE,TRUE,6,3,2,2025-03-05,2025-05-04,0,0,Andet,Ingen årsag – ingen tlf kontakt,2025-06-04,2025-05-12,68,30–90 dage,63,55–64,1,0,0,1,968,352,115,79,0.22443181818181818,0.19744318181818182,0.8920454545454546,0.10795454545454546,352,31,115,135,114,0.22443181818181815,79,0.19744318181818185,0.10795454545454546,0.7272727272727273,Mobile,1,2,0,0.8773006134969326,0,0,internal,0.05965909090909091,0,0.00284090909090909,0,0.6164772727272727,2025-03-05,2025-04-04,30,11.35483870967742,4
3779c328bc5efb7d0f9f77bc895122e4,2025-03-07,2025-03-04T20:30:51Z,Mand,1959-03-20,2014-02-11,utm_campaign=Marts25&utm_content=B&utm_medium=content&utm_source=jp.dk,TRUE,TRUE,2,2,0,2025-03-04,2025-05-03,1,1,Produkt,Redaktionelt indhold / holdning,2025-05-03,2025-03-07,3,0–30 dage,67,65+,0,1,0,0,377,46,32,18,0.391304347826087,0.4891304347826087,0,1,46,15,32,32,28,0.391304347826087,18,0.4891304347826087,0.2826086956521739,0.34782608695652173,Computer,0,1,0.5357142857142857,0.4642857142857143,0,0,search,0.15217391304347827,0,0.08695652173913043,0,0.2391304347826087,2025-03-04,2025-04-03,30,3.066666666666667,2
377dd6cfe7fe36b1c01d3f2996a44cfa,2025-05-12,2025-03-24T08:18:25Z,Mand,1943-01-14,2011-12-09,utm_campaign=Marts25&utm_content=sc_b&utm_medium=mail&utm_source=mail,TRUE,TRUE,13,7,6,2025-03-24,2025-05-23,0,1,Andet,Ingen årsag – ingen tlf kontakt,2025-05-23,2025-05-12,49,30–90 dage,83,65+,0,0,0,0,971,197,91,64,0.3248730964467005,0.29314720812182743,0,1,197,23,91,97,88,0.3248730964467005,64,0.29314720812182743,0.2233502538071066,0.6091370558375635,Computer,0,1,0,1,0,0,internal,0.03553299492385787,0,0,0,0.4873096446700508,2025-03-24,2025-04-23,30,8.565217391304348,1
37ee89a920e19271f9fbb498f483a02c,2025-06-25,2025-03-11T14:18:18Z,Mand,1958-12-04,2012-11-27,utm_campaign=Basis_22&utm_content=HeaderButtonRaised&utm_medium=Matrice&utm_source=jp.dk,FALSE,FALSE,4,0,3,2025-03-11,2025-05-10,0,0,Produkt,Anden avis/produkt,2025-07-10,2025-06-25,106,90–180 dage,67,65+,1,0,0,0,223,709,316,200,0.2820874471086037,0.36071932299012693,0,1,709,30,316,357,314,0.2820874471086037,200,0.36071932299012693,0.2637517630465444,0.5585331452750353,Computer,0,1,0,0.5021156558533145,0,0,internal,0.10578279266572638,0,0.00564174894217207,0,0.49506346967559944,2025-03-11,2025-04-10,30,23.633333333333333,4
37ff6f6b1a24548aa9038287d12f48b8,2025-12-18,2025-03-06T17:50:33Z,Mand,1982-11-27,2023-04-14,utm_campaign=Marts25&utm_content=b&utm_medium=mail&utm_source=mail,FALSE,TRUE,1,1,0,2025-03-06,2025-05-05,0,0,Økonomi,Pris,2026-01-05,2025-12-18,287,270–365 dage,43,35–44,1,0,0,0,351,485,146,87,0.17938144329896907,0.20670103092783504,1,0,485,31,146,160,144,0.17938144329896907,87,0.20670103092783504,0.1134020618556701,0.7216494845360825,Mobile,1,1,0,0.979591836734694,0,0,internal,0.04948453608247422,0,0.01030927835051546,0,0.6659793814432989,2025-03-06,2025-04-05,30,15.64516129032258,3
3828bc6e3a5fdfa667cb87eb2a13abf3,2025-05-14,2025-03-05T14:49:47Z,Mand,1955-09-11,2012-07-11,utm_campaign=Marts25&utm_content=A&utm_medium=content&utm_source=jp.dk,FALSE,FALSE,0,0,0,2025-03-05,2025-05-04,0,0,Produkt,Redaktionelt indhold / holdning,2025-06-04,2025-05-14,70,30–90 dage,70,65+,1,0,0,1,32,208,121,75,0.3605769230769231,0.5240384615384616,0,1,208,13,121,139,120,0.3605769230769231,75,0.5240384615384616,0.47115384615384615,0.4182692307692308,Computer,0,1,0,0.979381443298969,0,0,internal,0.1778846153846154,0,0,0,0.3317307692307692,2025-03-05,2025-04-04,30,16,1
3879b6e1d91fcbf0f18122529184e756,2025-09-17,2025-03-07T10:09:44Z,Mand,1962-04-29,2022-07-12,utm_campaign=Marts25&utm_content=B&utm_medium=content&utm_source=jp.dk,FALSE,FALSE,0,0,0,2025-03-07,2025-05-06,0,0,Tid,Ikke tid,2025-10-06,2025-09-17,194,180–270 dage,63,55–64,1,0,0,0,154,3,3,2,0.6666666666666666,0.8333333333333334,1,0,3,2,3,3,3,0.6666666666666666,2,0.8333333333333334,0.6666666666666666,0,Mobile,1,1,0,0.5,0,0,internal,0,0,0,0,0,2025-03-07,2025-03-20,13,1.5,4
38f5f24677474d61ad85fa40e4135d7d,2025-03-10,2025-03-08T15:15:43Z,Kvinde,1949-09-25,2015-03-10,utm_campaign=Marts25&utm_content=A&utm_medium=content&utm_source=jp.dk,FALSE,FALSE,2,0,0,2025-03-08,2025-05-07,0,1,Andet,Ingen årsag – ingen tlf kontakt,2025-05-07,2025-03-10,2,0–30 dage,76,65+,0,1,0,0,59,14,8,6,0.42857142857142855,0.6428571428571429,1,0,14,7,8,14,8,0.42857142857142855,6,0.6428571428571429,0.2857142857142857,0.21428571428571427,Mobile,1,1,0.2307692307692308,0,0.15384615384615383,0.4615384615384616,social,0.5,0,0,0,0,2025-03-08,2025-04-04,27,2,2
3926332ead4babb99d80e51a8649ed02,2025-07-02,2025-03-11T12:01:36Z,Kvinde,1986-10-23,2014-10-05,utm_campaign=Marts25&utm_content=B&utm_medium=content&utm_source=jp.dk,TRUE,TRUE,1,0,0,2025-03-11,2025-05-10,0,0,Andet,kunden ønsker ikke at oplyse,2025-07-10,2025-07-02,113,90–180 dage,39,35–44,1,0,0,0,93,318,166,92,0.2893081761006289,0.3577044025157233,0.9654088050314465,0.03459119496855346,318,24,166,187,158,0.2893081761006289,92,0.3577044025157233,0.22641509433962265,0.5188679245283019,Mobile,1,2,0.13738019169329074,0.7092651757188498,0,0,internal,0.10062893081761008,0,0.01886792452830188,0,0.29559748427672955,2025-03-11,2025-04-10,30,13.25,3
39b620b3cc260fddfafbb19c29a55521,2025-03-11,2025-03-11T09:42:50Z,Mand,1956-02-16,2018-07-20,utm_campaign=Basis_22&utm_content=HeaderButtonRaised&utm_medium=Matrice&utm_source=jp.dk,FALSE,TRUE,3,2,0,2025-03-11,2025-05-10,3,3,Salg,Tidsbestemt / kampagneløb,2025-05-10,2025-03-11,0,0–30 dage,70,65+,0,1,0,0,398,440,184,112,0.2545454545454545,0.30568181818181817,0,1,440,20,184,214,182,0.2545454545454545,112,0.30568181818181817,0.17954545454545454,0.5454545454545454,Computer,0,1,0.511520737327189,0.4792626728110599,0,0,search,0.08409090909090909,0,0.00681818181818181,0,0.5068181818181818,2025-03-11,2025-04-09,29,22,2
3a0bf932478ae8786cc3ed33867eec0a,2025-05-22,2025-03-22T08:19:53Z,Mand,1974-06-19,2018-07-16,utm_campaign=Marts25&utm_content=B&utm_medium=content&utm_source=jp.dk,FALSE,TRUE,16,11,4,2025-03-22,2025-05-21,0,0,Tid,Ikke tid,2025-06-21,2025-05-22,61,30–90 dage,51,45–54,1,0,0,1,1082,480,204,112,0.23333333333333334,0.36041666666666666,1,0,480,31,204,222,202,0.23333333333333336,112,0.36041666666666666,0.2875,0.5791666666666667,Mobile,1,1,0.00909090909090909,0.9863636363636364,0,0,internal,0.07083333333333333,0,0.01458333333333333,0,0.5354166666666667,2025-03-22,2025-04-21,30,15.483870967741936,4
3ab2a27e0f8fb6cf68d6d0229504b5aa,2025-05-06,2025-03-04T12:01:52Z,Mand,1978-02-13,2025-03-04,utm_campaign=Marts25&utm_content=A&utm_medium=content&utm_source=jp.dk,TRUE,TRUE,0,0,0,2025-03-04,2025-05-03,0,1,Produkt,Anden avis/produkt,2025-06-03,2025-05-06,63,30–90 dage,48,45–54,1,0,0,1,32,260,136,79,0.3038461538461538,0.3384615384615385,0.3923076923076923,0.6076923076923076,260,19,136,149,132,0.3038461538461538,79,0.3384615384615385,0.16538461538461538,0.5038461538461538,Computer,0,2,0.11711711711711711,0.8603603603603603,0,0,internal,0.06153846153846154,0,0,0,0.24615384615384617,2025-03-04,2025-04-03,30,13.68421052631579,4
3b14d58a14632ed87ae70ed029355208,2025-05-24,2025-03-22T02:57:11Z,Mand,1969-08-15,2025-03-22,utm_campaign=Marts25&utm_medium=Weblayer&utm_source=jp.dk,FALSE,FALSE,0,0,0,2025-03-22,2025-05-21,0,0,Produkt,Redaktionelt indhold / holdning,2025-06-21,2025-05-24,63,30–90 dage,56,55–64,1,0,0,1,32,315,140,84,0.26666666666666666,0.35714285714285715,0.5873015873015873,0.4126984126984127,315,31,140,150,128,0.26666666666666666,84,0.35714285714285715,0.2920634920634921,0.5777777777777777,Mobile,1,2,0,0.9902912621359224,0,0,internal,0.04126984126984127,0,0.06666666666666667,0,0.4,2025-03-22,2025-04-21,30,10.161290322580646,4
3b58e4de14144a7cb62e612b74d08254,2025-05-22,2025-03-21T05:53:36Z,Kvinde,1984-05-19,2025-03-21,utm_campaign=Basis_22&utm_content=HeaderButtonRaised&utm_medium=Matrice&utm_source=jp.dk,FALSE,FALSE,0,0,0,2025-03-21,2025-05-20,0,0,Salg,Annulleret køb,2025-05-21,2025-05-22,62,30–90 dage,41,35–44,1,0,0,1,2,25,9,5,0.2,0.17,1,0,25,8,9,9,8,0.2,5,0.17,0.12,0.8,Mobile,1,1,0,0.9,0,0,internal,0.08,0,0.04,0,0.64,2025-03-21,2025-04-16,26,3.125,3
3b7e252e3cad823b1a333da15165e8fc,2025-06-24,2025-03-20T20:30:45Z,Mand,1979-09-21,2022-02-26,utm_campaign=Marts25&utm_content=A&utm_medium=content&utm_source=jp.dk,FALSE,FALSE,1,0,1,2025-03-20,2025-05-19,0,0,Økonomi,Pris,2025-07-19,2025-06-24,96,90–180 dage,46,45–54,1,0,0,0,69,158,92,72,0.45569620253164556,0.5031645569620253,1,0,158,23,92,132,87,0.4556962025316456,72,0.5031645569620253,0.4240506329113924,0.379746835443038,Mobile,1,1,0.00709219858156028,0.8652482269503546,0,0,internal,0.22151898734177217,0,0.02531645569620253,0,0.13924050632911392,2025-03-20,2025-04-19,30,6.869565217391305,3
3c50279c1b9fa031b0aea0db774dbf3b,2025-05-12,2025-03-06T13:27:52Z,Mand,1955-12-24,2018-10-03,utm_campaign=Marts25&utm_content=A&utm_medium=content&utm_source=jp.dk,FALSE,TRUE,11,6,7,2025-03-06,2025-05-05,1,0,Økonomi,Pris,2025-06-05,2025-05-12,67,30–90 dage,70,65+,1,0,0,1,432,231,130,84,0.36363636363636365,0.4642857142857143,0.08658008658008658,0.9134199134199135,231,27,130,137,128,0.3636363636363637,84,0.4642857142857143,0.3896103896103896,0.44155844155844154,Computer,0,2,0,0.98,0,0,internal,0.11688311688311688,0,0,0,0.3852813852813853,2025-03-06,2025-04-05,30,8.555555555555555,4
3ccfb60c0dcc940bdf0b4b93fe782108,2025-04-02,2025-03-21T11:52:03Z,Kvinde,1963-09-02,2018-12-01,utm_campaign=Marts25&utm_content=sc_a&utm_medium=mail&utm_source=mail,TRUE,FALSE,4,2,2,2025-03-21,2025-05-20,0,0,Andet,Ingen årsag – ingen tlf kontakt,2025-05-20,2025-04-02,12,0–30 dage,62,55–64,0,0,0,0,327,11,5,2,0.18181818181818182,0.20454545454545456,0.5454545454545454,0,11,4,5,4,4,0.18181818181818185,2,0.20454545454545456,0,0.6363636363636364,Mobile,1,2,0,0.4444444444444444,0,0,unknown,0,0,0,0,0.6363636363636364,2025-03-23,2025-03-29,6,2.75,2
3cdfb0b20d7df4fafb8306203459b4bc,2025-04-13,2025-03-15T11:13:55Z,Mand,1986-08-11,2025-03-17,utm_campaign=Marts25&utm_content=B&utm_medium=content&utm_source=jp.dk,FALSE,FALSE,0,0,0,2025-03-15,2025-05-14,0,0,Produkt,Redaktionelt indhold / holdning,2025-05-14,2025-04-13,29,0–30 dage,39,35–44,0,0,0,0,1,8,7,1,0.125,0.5,0.125,0.875,8,2,7,5,5,0.125,1,0.5,0.5,0.5,Computer,0,2,0.25,0.5,0,0,internal,0.125,0,0,0,0.25,2025-03-17,2025-04-13,27,4,2
3d1673e3c7b52cbe6912069d9eae8d9c,2025-05-20,2025-03-24T08:54:19Z,Kvinde,1974-07-27,2016-06-17,utm_campaign=Marts25&utm_content=B&utm_medium=content&utm_source=jp.dk,FALSE,FALSE,0,0,0,2025-03-24,2025-05-23,0,0,Tid,Ikke tid,2025-05-23,2025-05-20,57,30–90 dage,51,45–54,0,0,0,0,1,1,1,0,0,1,0,1,1,1,1,1,1,0,0,1,1,0,Computer,0,1,0,0,0,0,unknown,1,0,0,0,0,2025-03-24,2025-03-24,0,1,1
3d5b0a78f46ce3493d06c63115065930,2025-04-12,2025-03-11T11:25:07Z,Mand,1944-08-17,2023-11-17,utm_campaign=Basis_22&utm_content=HeaderButtonRaised&utm_medium=Matrice&utm_source=jp.dk,TRUE,FALSE,2,2,0,2025-03-11,2025-05-10,0,2,Økonomi,Pris,2025-05-10,2025-04-12,32,30–90 dage,81,65+,0,0,0,0,198,4,3,0,0,0.0625,0,1,4,2,3,1,1,0,0,0.0625,0,0.75,Computer,0,1,0,1,0,0,internal,0,0,0,0,0.5,2025-03-11,2025-04-08,28,2,1
3dbf7ab21815a2df892c2ae6b4b0dd7e,2025-06-03,2025-03-10T09:29:46Z,Kvinde,2006-04-10,2024-05-30,utm_campaign=Marts25&utm_content=B&utm_medium=content&utm_source=jp.dk,FALSE,FALSE,0,0,0,2025-03-10,2025-05-09,0,0,Tid,Ikke tid,2025-06-03,2025-06-03,85,30–90 dage,20,18–24,1,0,0,0,26,13,6,4,0.3076923076923077,0.2692307692307692,0.5384615384615384,0.46153846153846156,13,6,6,9,5,0.3076923076923077,4,0.2692307692307692,0.15384615384615383,0.6923076923076923,Mobile,1,2,0.5,0.125,0,0,search,0.15384615384615383,0,0,0,0.3076923076923077,2025-03-10,2025-03-26,16,2.1666666666666665,3
3e167e82f647e5db6f095c4aa5abb931,2025-12-09,2025-03-07T17:13:39Z,Kvinde,1962-12-24,2018-10-16,utm_campaign=Marts25&utm_content=A&utm_medium=content&utm_source=jp.dk,TRUE,TRUE,4,1,2,2025-03-07,2025-05-06,0,0,Økonomi,Pris,2026-01-06,2025-12-09,277,270–365 dage,63,55–64,1,0,0,0,1090,278,185,112,0.4028776978417266,0.5251798561151079,1,0,278,26,185,206,173,0.4028776978417266,112,0.5251798561151079,0.4244604316546763,0.381294964028777,Mobile,1,1,0.2172284644194757,0.7715355805243446,0,0.00374531835205992,internal,0.21942446043165467,0,0.01079136690647482,0,0.06474820143884892,2025-03-07,2025-04-06,30,10.692307692307692,4
3e7f5b8de782a6936c4b6f5ad96432de,2025-05-07,2025-03-21T07:39:10Z,Mand,1949-10-02,2011-12-06,utm_campaign=Marts25&utm_content=sc_a&utm_medium=mail&utm_source=mail,FALSE,TRUE,4,3,2,2025-03-21,2025-05-06,0,1,Andet,Administrativt,2025-05-06,2025-05-07,47,30–90 dage,76,65+,1,0,0,1,534,306,101,57,0.18627450980392157,0.27941176470588236,0,1,306,25,101,112,99,0.18627450980392157,57,0.27941176470588236,0.2058823529411765,0.6535947712418301,Computer,0,1,0.00854700854700854,0.9316239316239316,0,0,internal,0.0588235294117647,0,0.0261437908496732,0,0.630718954248366,2025-03-21,2025-04-19,29,12.24,4
3ea2aa0aabcff460c0b99278add14b33,2025-07-03,2025-03-22T09:44:37Z,Mand,1960-12-16,2012-12-04,utm_campaign=Marts25&utm_content=B&utm_medium=content&utm_source=jp.dk,FALSE,TRUE,16,7,10,2025-03-22,2025-05-21,7,7,Andet,Administrativt,2025-07-04,2025-07-03,103,90–180 dage,65,65+,1,0,0,0,913,389,204,149,0.38303341902313626,0.35025706940874035,0.480719794344473,0.5167095115681234,389,24,204,239,190,0.38303341902313626,149,0.35025706940874035,0.2493573264781491,0.5475578406169666,Computer,0,3,0,0.9923954372623576,0,0,internal,0.11825192802056556,0,0.02827763496143958,0,0.20822622107969152,2025-03-22,2025-04-20,29,16.208333333333332,4
3ef2f6f92113adbf4b7b9a654898ba4a,2025-04-06,2025-03-23T14:15:42Z,Kvinde,1971-08-06,2012-09-02,utm_campaign=Marts25&utm_content=B&utm_medium=content&utm_source=jp.dk,FALSE,TRUE,1,0,1,2025-03-23,2025-05-22,0,0,Produkt,Redaktionelt indhold / holdning,2025-05-22,2025-04-06,14,0–30 dage,54,45–54,0,0,0,0,8,72,49,32,0.4444444444444444,0.4027777777777778,0.9305555555555556,0.06944444444444445,72,13,49,53,48,0.4444444444444444,32,0.4027777777777778,0.2777777777777778,0.4722222222222222,Mobile,1,2,0.01818181818181818,0.6,0,0.3090909090909091,internal,0.1388888888888889,0,0.01388888888888888,0,0.2638888888888889,2025-03-23,2025-04-15,23,5.538461538461538,1
3f267ca819325c1fe782457dac5089e1,2025-05-26,2025-03-22T09:06:29Z,Mand,1980-01-05,2024-07-21,utm_campaign=Marts25&utm_content=sc_b&utm_medium=mail&utm_source=mail,FALSE,FALSE,2,2,1,2025-03-22,2025-05-21,0,0,Tid,Ikke tid,2025-06-21,2025-05-26,65,30–90 dage,46,45–54,1,0,0,1,137,337,141,105,0.3115727002967359,0.30415430267062316,0,0.4362017804154303,337,30,141,160,140,0.3115727002967359,105,0.30415430267062316,0.18397626112759644,0.543026706231454,Tablet,0,2,0,0.9950248756218906,0,0,internal,0.09792284866468842,0,0.0029673590504451,0,0.5252225519287834,2025-03-22,2025-04-21,30,11.233333333333333,4
403adce9ceebe9bf502807ff561d4336,2025-04-02,2025-03-07T08:23:30Z,Mand,1939-09-18,2012-09-20,utm_campaign=Marts25&utm_content=a&utm_medium=mail&utm_source=mail,TRUE,TRUE,8,3,4,2025-03-07,2025-05-06,3,3,Andet,kunden ønsker ikke at oplyse,2025-05-06,2025-04-02,26,0–30 dage,86,65+,0,0,0,0,556,72,58,37,0.5138888888888888,0.5555555555555556,0,1,72,22,58,69,57,0.5138888888888888,37,0.5555555555555556,0.375,0.19444444444444445,Computer,0,1,0.16666666666666666,0.75,0,0,internal,0.2222222222222222,0,0,0,0.04166666666666666,2025-03-07,2025-04-03,27,3.272727272727273,2
40ce8c05d7acddc08d648c853f6c9a6a,2025-04-22,2025-03-11T07:47:42Z,Mand,1967-01-14,2025-03-11,utm_campaign=Basis_22&utm_content=HeaderButtonRaised&utm_medium=Matrice&utm_source=jp.dk,FALSE,FALSE,0,0,0,2025-03-11,2025-05-10,0,0,Produkt,Anden avis/produkt,2025-05-10,2025-04-22,42,30–90 dage,59,55–64,0,0,0,0,1,63,29,20,0.31746031746031744,0.32936507936507936,0.6349206349206349,0.36507936507936506,63,7,29,31,24,0.31746031746031744,20,0.32936507936507936,0.25396825396825395,0.6031746031746031,Mobile,1,2,0.02040816326530612,0.9183673469387756,0,0,internal,0.1111111111111111,0,0,0,0.2222222222222222,2025-03-11,2025-04-07,27,9,1
41241b233e501a67f213f3ef32ec13e3,2025-03-17,2025-03-03T10:59:41Z,Mand,1948-04-20,2012-12-09,utm_campaign=Marts25&utm_content=A&utm_medium=content&utm_source=jp.dk,FALSE,TRUE,2,2,0,2025-03-03,2025-05-02,1,1,Andet,kunden ønsker ikke at oplyse,2025-05-02,2025-03-17,14,0–30 dage,78,65+,0,0,0,0,607,761,376,225,0.2956636005256242,0.27036793692509853,0.48751642575558474,0.5124835742444153,761,31,376,408,373,0.2956636005256242,225,0.27036793692509853,0.15243101182654403,0.5886990801576872,Computer,0,2,0.00462962962962962,0.9791666666666666,0,0,internal,0.14586070959264127,0,0.00788436268068331,0,0.4283837056504599,2025-03-03,2025-04-02,30,24.548387096774192,1
415b000eecde4a9893f1b5573fc7881a,2025-09-24,2025-03-21T08:43:39Z,Mand,1956-12-09,2018-04-16,utm_campaign=Marts25&utm_content=sc_a&utm_medium=mail&utm_source=mail,TRUE,TRUE,1,1,0,2025-03-21,2025-05-20,6,7,Andet,RVS,2025-09-23,2025-09-24,187,180–270 dage,69,65+,1,0,0,0,218,40,35,18,0.45,0.7,0,1,40,10,35,34,34,0.45,18,0.7,0.575,0.175,Computer,0,1,0,1,0,0,internal,0.15,0,0,0,0.15,2025-03-21,2025-04-18,28,4,4
4181e0591321ea5735b2d671d59a2d15,2025-05-31,2025-03-22T15:23:22Z,Kvinde,1957-03-05,2014-07-29,utm_campaign=Marts25&utm_medium=Matrice&utm_source=jp.dk,FALSE,TRUE,7,2,4,2025-03-22,2025-05-21,3,3,Tid,Ikke tid,2025-06-21,2025-05-31,70,30–90 dage,69,65+,1,0,0,1,476,297,155,102,0.3434343434343434,0.4831649831649832,0.06060606060606061,0.9393939393939394,297,18,155,178,150,0.3434343434343434,102,0.4831649831649832,0.3973063973063974,0.4511784511784512,Computer,0,2,0.00757575757575757,0.9734848484848484,0,0,internal,0.11784511784511784,0,0.00673400673400673,0,0.31986531986531985,2025-03-22,2025-04-21,30,16.5,3
4186814b6bc1988f1aac92ccd15aec40,2025-06-26,2025-03-21T16:33:14Z,Kvinde,1966-10-11,2024-01-08,utm_campaign=Marts25&utm_content=sc_b&utm_medium=mail&utm_source=mail,FALSE,FALSE,1,1,0,2025-03-21,2025-05-20,0,0,Andet,kunden ønsker ikke at oplyse,2025-07-20,2025-06-26,97,90–180 dage,59,55–64,1,0,0,0,306,4,3,3,0.75,0.3125,1,0,4,2,3,3,2,0.75,3,0.3125,0.25,0.5,Mobile,1,1,0,0.75,0,0,internal,0,0,0,0,0,2025-04-08,2025-04-10,2,2,3
4262ff5f39aee5987c964b9d43dd7ddf,2025-06-05,2025-03-08T07:28:06Z,Mand,1942-10-27,2022-11-14,utm_campaign=L%C3%B8rdag&utm_content=2025-03-08&utm_medium=email&utm_source=jp,FALSE,TRUE,5,4,2,2025-03-08,2025-05-07,2,3,Andet,RVS,2025-06-07,2025-06-05,89,30–90 dage,83,65+,1,0,0,0,219,44,29,25,0.5681818181818182,0.48295454545454547,1,0,44,7,29,38,28,0.5681818181818182,25,0.4829545454545454,0.3181818181818182,0.3636363636363637,Mobile,1,1,0,0.38461538461538464,0.6153846153846154,0,email,0.25,0,0.06818181818181818,0,0.13636363636363635,2025-03-08,2025-04-05,28,6.285714285714286,4
433aa510b9dc273e221bde28e7296866,2025-04-28,2025-03-10T09:43:01Z,Mand,1959-05-19,2022-03-08,utm_campaign=Basis_22&utm_content=HeaderButtonRaised&utm_medium=Matrice&utm_source=jp.dk,FALSE,TRUE,10,5,7,2025-03-10,2025-05-09,0,0,Produkt,Redaktionelt indhold / holdning,2025-05-09,2025-04-28,49,30–90 dage,66,65+,0,0,0,0,416,716,242,140,0.19553072625698323,0.22870111731843576,0.6354748603351955,0.3645251396648045,716,31,242,258,235,0.19553072625698323,140,0.22870111731843576,0.13547486033519554,0.6787709497206704,Mobile,1,2,0.3812709030100334,0.6103678929765887,0,0,internal,0.05167597765363128,0,0.01396648044692737,0,0.4958100558659218,2025-03-10,2025-04-09,30,23.096774193548388,1
43ba9a358443177344257f5384a36a98,2025-03-24,2025-03-23T10:14:51Z,Mand,1947-11-21,2012-03-16,utm_campaign=Marts25&utm_content=sc_a&utm_medium=mail&utm_source=mail,FALSE,TRUE,9,3,8,2025-03-23,2025-05-22,9,5,Andet,Administrativt,2025-05-22,2025-03-24,1,0–30 dage,78,65+,0,1,0,0,60,89,80,50,0.5617977528089888,0.6882022471910112,0.38202247191011235,0.6179775280898876,89,27,80,83,76,0.5617977528089888,50,0.6882022471910112,0.4831460674157303,0.12359550561797752,Computer,0,2,0,0.8571428571428571,0,0,internal,0.10112359550561796,0,0,0,0.03370786516853932,2025-03-23,2025-04-22,30,3.2962962962962963,2
43dea564b7e1ee3780f2b2542dcb7b4f,2025-11-12,2025-03-09T16:36:52Z,Mand,1974-01-25,2022-01-06,utm_campaign=Marts25&utm_content=A&utm_medium=content&utm_source=jp.dk,FALSE,FALSE,3,3,0,2025-03-09,2025-05-08,0,0,Tid,Ikke tid,2025-12-08,2025-11-12,248,180–270 dage,52,45–54,1,0,0,0,624,1,1,1,1,0.75,1,0,1,1,1,1,1,1,1,0.75,0,0,Mobile,1,1,0,0,0,0,unknown,1,0,0,0,0,2025-03-09,2025-03-09,0,1,3
441fba58754878611c05fa395b86c80b,2025-05-23,2025-03-23T02:00:29Z,Mand,1992-08-19,2019-02-01,utm_campaign=Marts25&utm_content=A&utm_medium=content&utm_source=jp.dk,FALSE,TRUE,2,2,0,2025-03-23,2025-05-22,0,0,Tid,Ikke tid,2025-06-22,2025-05-23,61,30–90 dage,33,25–34,1,0,0,1,369,5,2,5,1,0.2,1,0,5,2,2,4,1,1,5,0.2,0.2,0.8,Mobile,1,1,0.2,0,0,0,unknown,0,0,0,0,0,2025-03-23,2025-04-01,9,2.5,3
44242123a235ab7886549f81d4a074ec,2025-03-15,2025-03-15T17:03:17Z,Kvinde,1979-04-14,2025-03-15,utm_campaign=Marts25&utm_content=A&utm_medium=content&utm_source=jp.dk,FALSE,FALSE,0,0,0,2025-03-15,2025-05-14,0,0,Produkt,Redaktionelt indhold / holdning,2025-05-14,2025-03-15,0,0–30 dage,47,45–54,0,1,0,0,1,4,3,0,0,0.375,1,0,4,1,3,3,2,0,0,0.375,0.25,0.5,Mobile,1,1,0,0.5,0,0,internal,0.75,0,0,0,0.25,2025-03-15,2025-03-15,0,4,2
44520b335edabb34f5b5a96e1d0bd832,2025-05-07,2025-03-15T06:27:15Z,Kvinde,1965-07-02,2019-09-18,utm_campaign=Marts25&utm_content=A&utm_medium=content&utm_source=jp.dk,TRUE,TRUE,3,1,2,2025-03-15,2025-05-14,0,0,Andet,kunden ønsker ikke at oplyse,2025-05-14,2025-05-07,53,30–90 dage,60,55–64,0,0,0,0,267,193,128,74,0.38341968911917096,0.5893782383419689,0,1,193,31,128,128,125,0.38341968911917096,74,0.5893782383419689,0.5233160621761658,0.35751295336787564,Computer,0,1,0.01666666666666666,0.49444444444444446,0,0,internal,0.15544041450777202,0,0.02072538860103627,0,0.32642487046632124,2025-03-15,2025-04-14,30,6.225806451612903,1
446f332ace9cc3135738ab48e8faa4fe,2025-11-27,2025-03-23T11:06:37Z,Mand,1989-05-16,2025-03-23,utm_campaign=Marts25&utm_content=A&utm_medium=content&utm_source=jp.dk,FALSE,FALSE,0,0,0,2025-03-23,2025-05-22,0,0,Tid,Ikke tid,2025-12-22,2025-11-27,249,180–270 dage,36,35–44,1,0,0,0,215,3,3,1,0.3333333333333333,1,0,1,3,2,3,1,1,0.3333333333333333,1,1,1,0,Computer,0,1,0,0.3333333333333333,0,0,unknown,0,0,0,0,0,2025-03-23,2025-03-24,1,1.5,4
44f3a70ad5f6c7d3b83909cff1ad231a,2025-04-22,2025-03-05T08:56:54Z,Mand,1969-03-30,2011-08-11,utm_campaign=Basis_22&utm_content=HeaderButtonRaised&utm_medium=Matrice&utm_source=jp.dk,FALSE,FALSE,0,0,0,2025-03-05,2025-05-04,0,0,Tid,Ikke tid,2025-05-04,2025-04-22,48,30–90 dage,57,55–64,0,0,0,0,1,445,202,149,0.3348314606741573,0.2786516853932584,0.4247191011235955,0.5752808988764045,445,29,202,244,199,0.3348314606741573,149,0.2786516853932584,0.13258426966292136,0.5393258426966292,Computer,0,2,0,0.8218085106382979,0,0,internal,0.12359550561797752,0,0.00224719101123595,0,0.42696629213483145,2025-03-05,2025-04-04,30,15.344827586206897,1
451d2956462e734e2086bd99e0d51b2c,2025-05-16,2025-03-05T14:47:16Z,Mand,1961-10-10,2016-07-19,utm_campaign=Marts25&utm_content=b&utm_medium=mail&utm_source=mail,FALSE,TRUE,2,1,0,2025-03-05,2025-05-04,4,4,Produkt,Redaktionelt indhold / holdning,2025-06-04,2025-05-16,72,30–90 dage,64,55–64,1,0,0,0,1641,825,320,260,0.3151515151515151,0.32727272727272727,0.9806060606060606,0.019393939393939394,825,31,320,451,317,0.3151515151515151,260,0.32727272727272727,0.19757575757575757,0.5648484848484848,Mobile,1,2,0,0.962852897473997,0,0,internal,0.06909090909090909,0,0.00606060606060606,0,0.4496969696969697,2025-03-05,2025-04-04,30,26.612903225806452,4
45334961f410050e6723765f1b7eae29,2025-05-27,2025-03-05T08:46:30Z,Mand,1973-05-15,2021-08-11,utm_campaign=Basis_22&utm_content=HeaderButtonRaised&utm_medium=Matrice&utm_source=jp.dk,TRUE,TRUE,1,0,1,2025-03-05,2025-05-04,0,0,Tid,Ikke tid,2025-06-04,2025-05-27,83,30–90 dage,52,45–54,1,0,0,0,111,30,23,15,0.5,0.20833333333333334,0.9333333333333333,0.06666666666666667,30,17,23,28,22,0.5,15,0.20833333333333337,0.13333333333333333,0.6333333333333333,Mobile,1,2,0,0.26666666666666666,0,0.6666666666666666,social,0.2,0,0,0,0.06666666666666667,2025-03-05,2025-04-04,30,1.7647058823529411,3
45693993923550bd9222c213478e0653,2025-03-19,2025-03-19T10:18:46Z,Mand,1977-07-05,2021-08-10,utm_campaign=Marts25&utm_content=A&utm_medium=content&utm_source=jp.dk,FALSE,FALSE,0,0,0,2025-03-19,2025-05-18,0,0,Produkt,Redaktionelt indhold / holdning,2025-05-18,2025-03-19,0,0–30 dage,48,45–54,0,1,0,0,93,12,6,5,0.4166666666666667,0.5,0,0.8333333333333334,12,4,6,6,3,0.4166666666666667,5,0.5,0.5,0.5,Computer,0,2,0.18181818181818185,0.5454545454545454,0,0,internal,0,0,0,0,0.25,2025-03-19,2025-04-11,23,3,2
45b86a626ea122688c3caebb29f603ea,2025-04-20,2025-03-05T09:56:00Z,Mand,1981-12-24,2025-03-05,utm_campaign=Marts25&utm_content=B&utm_medium=content&utm_source=jp.dk,TRUE,TRUE,0,0,0,2025-03-05,2025-05-04,0,0,Tid,Ikke tid,2025-05-04,2025-04-20,46,30–90 dage,44,35–44,0,0,0,0,1,166,71,32,0.1927710843373494,0.3207831325301205,0,1,166,20,71,70,61,0.1927710843373494,32,0.3207831325301205,0.2289156626506024,0.6024096385542169,Computer,0,1,0,0.9056603773584906,0,0,internal,0.10843373493975904,0,0,0,0.5060240963855421,2025-03-05,2025-04-04,30,8.3,4
45e9380ee07e4423f355d32a9949e482,2025-11-30,2025-03-11T06:48:04Z,Mand,1976-12-05,2012-12-15,utm_campaign=Basis_22&utm_content=HeaderButtonRaised&utm_medium=Matrice&utm_source=jp.dk,FALSE,TRUE,7,3,3,2025-03-11,2025-05-10,0,0,Økonomi,Pris,2025-12-10,2025-11-30,264,180–270 dage,49,45–54,1,0,0,0,975,288,124,75,0.2604166666666667,0.2717013888888889,0.08333333333333333,0.9166666666666666,288,29,124,126,121,0.2604166666666667,75,0.2717013888888889,0.1597222222222222,0.6215277777777778,Computer,0,2,0.01538461538461538,0.953846153846154,0,0.03076923076923077,internal,0.07291666666666667,0,0.00347222222222222,0,0.5555555555555556,2025-03-11,2025-04-10,30,9.93103448275862,4
45fd6146dbb7e8651cf3d712d81cdcf1,2025-05-10,2025-03-23T06:24:02Z,Ukendt,1971-05-08,2013-01-26,utm_campaign=Marts25&utm_content=A&utm_medium=content&utm_source=jp.dk,FALSE,FALSE,4,4,0,2025-03-23,2025-05-22,0,0,Tid,Ikke tid,2025-05-22,2025-05-10,48,30–90 dage,54,45–54,0,0,0,0,487,434,194,135,0.31105990783410137,0.3191244239631336,1,0,434,31,194,227,189,0.31105990783410137,135,0.3191244239631336,0.24193548387096775,0.6082949308755761,Mobile,1,1,0,0.9957627118644068,0,0,internal,0.08986175115207373,0,0.02304147465437788,0,0.4562211981566821,2025-03-23,2025-04-22,30,14,4
4603d14094a6193d927fff2b51708237,2025-04-29,2025-03-06T08:28:28Z,Mand,1950-04-21,2012-04-04,utm_campaign=Marts25&utm_content=b&utm_medium=mail&utm_source=mail,FALSE,TRUE,3,3,0,2025-03-06,2025-05-05,3,3,Tid,Ikke tid,2025-05-05,2025-04-29,54,30–90 dage,76,65+,0,0,0,0,593,60,44,31,0.5166666666666667,0.5208333333333334,0.21666666666666667,0.7833333333333333,60,20,44,50,43,0.5166666666666667,31,0.5208333333333334,0.35,0.31666666666666665,Computer,0,2,0,1,0,0,internal,0.18333333333333332,0,0.01666666666666666,0,0.16666666666666666,2025-03-06,2025-04-03,28,3,1
461307f36c29f9ea9cb676528540a5c6,2025-04-10,2025-03-05T16:28:55Z,Kvinde,1990-04-25,2022-10-18,utm_campaign=Marts25&utm_content=A&utm_medium=content&utm_source=jp.dk,FALSE,FALSE,1,1,0,2025-03-05,2025-05-04,0,0,Tid,Ikke tid,2025-05-04,2025-04-10,36,30–90 dage,36,35–44,0,0,0,0,62,157,96,59,0.37579617834394907,0.40445859872611467,0.910828025477707,0.08917197452229299,157,26,96,97,92,0.375796178343949,59,0.4044585987261146,0.21019108280254775,0.45222929936305734,Mobile,1,2,0.00826446280991735,0.6033057851239669,0,0.371900826446281,internal,0.17834394904458598,0,0,0,0.3630573248407643,2025-03-05,2025-04-04,30,6.038461538461538,1
46372de78e0b9375dee15073d1b5ad6f,2025-09-26,2025-03-08T16:13:08Z,Mand,1946-09-18,2016-11-11,utm_campaign=Marts25&utm_medium=Matrice&utm_source=jp.dk,TRUE,TRUE,2,0,1,2025-03-08,2025-05-07,4,4,Andet,Administrativt,2025-09-25,2025-09-26,202,180–270 dage,79,65+,1,0,0,0,574,90,68,41,0.45555555555555555,0.5166666666666667,0.14444444444444443,0.8555555555555555,90,21,68,72,64,0.45555555555555555,41,0.5166666666666667,0.36666666666666664,0.3,Computer,0,2,0.0217391304347826,0.7391304347826086,0,0,internal,0.18888888888888888,0,0.07777777777777778,0,0.1111111111111111,2025-03-09,2025-04-07,29,4.285714285714286,4
46458fa96e84938d9c665cfc72fbb2a9,2025-10-29,2025-03-05T15:23:49Z,Mand,1969-07-25,2012-12-30,utm_campaign=Marts25&utm_content=b&utm_medium=mail&utm_source=mail,TRUE,TRUE,3,1,2,2025-03-05,2025-05-04,2,2,Tid,Ikke tid,2025-11-04,2025-10-29,238,180–270 dage,56,55–64,1,0,0,0,314,430,174,121,0.2813953488372093,0.30697674418604654,0.7186046511627907,0.2813953488372093,430,31,174,207,173,0.2813953488372093,121,0.30697674418604654,0.17674418604651165,0.5906976744186047,Mobile,1,2,0.00775193798449612,0.9844961240310076,0,0,internal,0.06976744186046512,0,0.00465116279069767,0,0.5186046511627908,2025-03-05,2025-04-04,30,13.870967741935484,4
4686224ab47a1fa67c2bccdf7e3de540,2025-05-23,2025-03-21T13:05:09Z,Kvinde,1981-11-03,2015-03-12,utm_campaign=Marts25&utm_content=A&utm_medium=content&utm_source=jp.dk,TRUE,TRUE,0,0,0,2025-03-21,2025-05-20,0,0,Tid,Ikke tid,2025-05-22,2025-05-23,63,30–90 dage,44,35–44,1,0,0,1,3,27,9,7,0.25925925925925924,0.3611111111111111,0,1,27,4,9,12,6,0.25925925925925924,7,0.3611111111111111,0.3333333333333333,0.5925925925925926,Computer,0,1,0.09523809523809525,0.8571428571428571,0,0,internal,0,0,0,0,0.25925925925925924,2025-03-21,2025-04-10,20,6.75,3
46f011284f5c30e7bc7dce5e9df85374,2025-05-01,2025-03-05T11:42:49Z,Mand,1953-02-15,2025-02-05,utm_campaign=Marts25&utm_content=a&utm_medium=mail&utm_source=mail,FALSE,TRUE,1,1,1,2025-03-05,2025-05-04,0,0,Tid,Ikke tid,2025-05-04,2025-05-01,57,30–90 dage,73,65+,0,0,0,0,276,612,314,225,0.36764705882352944,0.4542483660130719,0,1,612,24,314,373,309,0.36764705882352944,225,0.4542483660130719,0.3937908496732026,0.4934640522875817,Computer,0,1,0.00181159420289855,0.7717391304347826,0,0,internal,0.11274509803921567,0,0.00490196078431372,0,0.3235294117647059,2025-03-05,2025-03-28,23,25.5,1
47378391834a5d8266f892c218e86a24,2025-05-12,2025-03-09T11:19:19Z,Mand,1958-07-17,2025-03-09,utm_campaign=Marts25&utm_content=A&utm_medium=content&utm_source=jp.dk,FALSE,TRUE,0,0,0,2025-03-09,2025-05-08,0,0,Andet,Administrativt,2025-05-12,2025-05-12,64,30–90 dage,67,65+,1,0,0,1,86,289,115,67,0.23183391003460208,0.21366782006920415,1,0,289,28,115,116,113,0.23183391003460208,67,0.21366782006920415,0.10380622837370242,0.6747404844290658,Mobile,1,1,0.00833333333333333,0.9833333333333332,0,0,internal,0.09342560553633218,0,0.01384083044982699,0,0.5951557093425606,2025-03-09,2025-04-08,30,10.321428571428571,4
477a6728517c7b760839ab584c3a7cc5,2025-03-21,2025-03-21T17:48:45Z,Mand,1990-04-07,2025-03-21,utm_campaign=Marts25&utm_content=A&utm_medium=content&utm_source=jp.dk,FALSE,FALSE,0,0,0,2025-03-21,2025-05-20,0,0,Produkt,Redaktionelt indhold / holdning,2025-05-20,2025-03-21,0,0–30 dage,36,35–44,0,1,0,0,1,2,1,2,1,0.5,1,0,2,1,1,2,1,1,2,0.5,0.5,0.5,Mobile,1,1,0,0,0,0,unknown,0,0,0,0,0,2025-03-21,2025-03-21,0,2,2
4780fa33d0848ce9eb4c2a04613232ae,2025-03-24,2025-03-23T19:55:59Z,Kvinde,1973-11-16,2015-03-12,utm_campaign=Marts25&utm_content=B&utm_medium=content&utm_source=jp.dk,FALSE,FALSE,1,1,0,2025-03-23,2025-05-22,0,0,Andet,Ingen årsag – ingen tlf kontakt,2025-05-22,2025-03-24,1,0–30 dage,52,45–54,0,1,0,0,32,4,4,3,0.75,0.8125,1,0,4,1,4,4,4,0.75,3,0.8125,0.75,0,Mobile,1,1,0,0.6666666666666666,0,0,internal,0.5,0,0,0,0,2025-03-23,2025-03-23,0,4,2
47fc1952c5f2a7403681a61bba50f6e3,2025-12-04,2025-03-05T18:50:09Z,Ukendt,1971-09-20,2012-12-23,utm_campaign=Marts25&utm_content=a&utm_medium=mail&utm_source=mail,FALSE,TRUE,12,11,3,2025-03-05,2025-05-04,3,3,Produkt,Anden avis/produkt,2025-12-04,2025-12-04,274,270–365 dage,54,45–54,1,0,0,0,1082,69,54,31,0.4492753623188406,0.5289855072463768,0.6376811594202898,0.36231884057971014,69,13,54,69,54,0.4492753623188406,31,0.5289855072463768,0.36231884057971014,0.2753623188405797,Mobile,1,2,0,0.5882352941176471,0.3382352941176471,0,internal,0.14492753623188406,0,0,0,0,2025-03-07,2025-04-03,27,5.3076923076923075,3
47fe9178a7b10ed88cb364259c7eea75,2025-07-24,2025-03-21T22:31:33Z,Kvinde,1963-03-03,2022-07-31,utm_campaign=Marts25&utm_content=A&utm_medium=content&utm_source=jp.dk,FALSE,FALSE,0,0,0,2025-03-21,2025-05-20,0,0,Tid,Ikke tid,2025-08-20,2025-07-24,125,90–180 dage,63,55–64,1,0,0,0,93,7,7,4,0.5714285714285714,0.8571428571428571,0,1,7,3,7,6,6,0.5714285714285714,4,0.8571428571428571,0.5714285714285714,0,Computer,0,1,0.3333333333333333,0.5,0,0,internal,0,0,0,0,0,2025-03-21,2025-04-02,12,2.3333333333333335,3
481524ce28c3dc23b2b9110b37fd4ff3,2025-03-12,2025-03-05T17:30:32Z,Mand,1964-05-06,2019-04-12,utm_campaign=Marts25&utm_content=B&utm_medium=content&utm_source=jp.dk,FALSE,FALSE,2,0,0,2025-03-05,2025-05-04,0,0,Andet,Ingen årsag – ingen tlf kontakt,2025-05-04,2025-03-12,7,0–30 dage,61,55–64,0,0,0,0,87,223,109,66,0.29596412556053814,0.4226457399103139,0,1,223,25,109,119,106,0.29596412556053814,66,0.4226457399103139,0.34080717488789236,0.4932735426008968,Computer,0,1,0,0.9529411764705882,0,0,internal,0.17937219730941703,0,0.0179372197309417,0,0.45739910313901344,2025-03-05,2025-04-04,30,8.92,1
481c8265554f63d9673fdfc21d40b119,2025-06-07,2025-03-22T06:42:36Z,Mand,1974-02-21,2020-09-08,utm_campaign=Basis_22&utm_content=HeaderButtonRaised&utm_medium=Matrice&utm_source=jp.dk,FALSE,TRUE,4,1,4,2025-03-22,2025-05-21,0,0,Tid,Ikke tid,2025-06-21,2025-06-07,77,30–90 dage,52,45–54,1,0,0,0,74,386,115,94,0.24352331606217617,0.22862694300518135,0.9844559585492227,0.015544041450777202,386,30,115,146,110,0.24352331606217617,94,0.22862694300518135,0.16580310880829016,0.7020725388601037,Mobile,1,2,0.047413793103448273,0.9396551724137931,0,0,internal,0.038860103626943,0,0.00518134715025906,0,0.422279792746114,2025-03-22,2025-04-21,30,12.866666666666667,4
484b1afd306927be4210bae26a48d4f4,2025-07-19,2025-03-21T07:27:30Z,Mand,1949-04-26,2019-05-07,utm_campaign=Marts25&utm_content=sc_b&utm_medium=mail&utm_source=mail,FALSE,TRUE,5,5,1,2025-03-21,2025-05-20,6,6,Andet,kunden ønsker ikke at oplyse,2025-07-20,2025-07-19,120,90–180 dage,76,65+,1,0,0,0,507,16,13,8,0.5,0.734375,0,1,16,6,13,12,11,0.5,8,0.734375,0.6875,0.25,Computer,0,1,0,0.4666666666666667,0,0.26666666666666666,internal,0.25,0,0,0,0.1875,2025-03-21,2025-04-13,23,2.6666666666666665,4
4896ea98f4c230ae7176e09053413ffc,2025-06-10,2025-03-05T16:47:02Z,Mand,1956-07-18,2014-01-05,utm_campaign=Marts25&utm_content=b&utm_medium=mail&utm_source=mail,FALSE,TRUE,3,1,0,2025-03-05,2025-05-04,0,0,Andet,kunden ønsker ikke at oplyse,2025-07-04,2025-06-10,97,90–180 dage,69,65+,1,0,0,0,608,139,71,43,0.30935251798561153,0.24820143884892087,0.10071942446043165,0.8992805755395683,139,10,71,71,67,0.30935251798561153,43,0.24820143884892087,0.11510791366906475,0.5539568345323741,Computer,0,2,0.01351351351351351,0.972972972972973,0,0,internal,0.14388489208633093,0,0,0,0.45323741007194246,2025-03-06,2025-04-04,29,13.9,4
48ad2a72e663d97240e3537688764632,2025-05-20,2025-03-21T07:22:20Z,Mand,1950-10-13,2013-02-04,utm_campaign=Marts25&utm_content=sc_b&utm_medium=mail&utm_source=mail,TRUE,TRUE,9,6,2,2025-03-21,2025-05-20,6,6,Tid,Ikke tid,2025-05-20,2025-05-20,60,30–90 dage,75,65+,0,0,0,0,691,79,53,27,0.34177215189873417,0.46835443037974683,0.45569620253164556,0.5443037974683544,79,18,53,58,48,0.34177215189873417,27,0.4683544303797468,0.34177215189873417,0.3924050632911392,Computer,0,2,0,0.902439024390244,0,0,internal,0.16455696202531644,0,0.25316455696202533,0,0,2025-03-22,2025-04-15,24,4.388888888888889,1
48d86d3c1e3a318b162d2e7232124bda,2025-05-25,2025-03-23T16:44:10Z,Mand,1948-03-25,2012-12-07,utm_campaign=Marts25&utm_content=B&utm_medium=content&utm_source=jp.dk,FALSE,FALSE,2,2,0,2025-03-23,2025-05-22,0,0,Økonomi,Pris,2025-06-22,2025-05-25,63,30–90 dage,78,65+,1,0,0,1,620,436,212,134,0.3073394495412844,0.35091743119266056,0,1,436,30,212,228,207,0.3073394495412844,134,0.35091743119266056,0.2545871559633027,0.5504587155963303,Computer,0,1,0,0.995850622406639,0,0,internal,0.08486238532110092,0,0.0091743119266055,0,0.45871559633027525,2025-03-23,2025-04-22,30,14.533333333333331,4
4905dd46c16d18159de212431037b037,2025-05-25,2025-03-21T14:17:53Z,Mand,1960-11-11,2020-03-12,utm_campaign=Marts25&utm_content=sc_b&utm_medium=mail&utm_source=mail,TRUE,TRUE,5,0,2,2025-03-21,2025-05-20,0,0,Produkt,Redaktionelt indhold / holdning,2025-06-20,2025-05-25,65,30–90 dage,65,65+,1,0,0,1,1620,59,16,11,0.1864406779661017,0.1652542372881356,0,1,59,8,16,17,12,0.1864406779661017,11,0.1652542372881356,0.1016949152542373,0.711864406779661,Computer,0,1,0,0.9787234042553192,0,0,internal,0.05084745762711865,0,0,0,0.3050847457627119,2025-03-21,2025-04-19,29,7.375,1
49b048d1df52534dc1b0cd371c8851f6,2025-09-15,2025-03-07T10:24:31Z,Kvinde,1943-02-21,2024-01-18,utm_campaign=Basis_22&utm_content=HeaderButtonRaised&utm_medium=Matrice&utm_source=jp.dk,FALSE,FALSE,0,0,0,2025-03-07,2025-05-06,0,0,Tid,Ikke tid,2025-10-06,2025-09-15,192,180–270 dage,83,65+,1,0,0,0,154,5,3,1,0.2,0.2,0,1,5,2,3,1,1,0.2,1,0.2,0.2,0.8,Computer,0,1,0,0.75,0,0,internal,0.2,0,0,0,0.6,2025-03-07,2025-03-18,11,2.5,3
4a6fea6ce49b72a8353d1c77209db304,2025-06-21,2025-03-19T06:03:18Z,Mand,1959-10-25,2012-12-13,utm_campaign=Morgen&utm_content=2025-03-19&utm_medium=email&utm_source=jp,FALSE,TRUE,23,9,12,2025-03-19,2025-05-18,5,6,Tid,Ikke tid,2025-07-18,2025-06-21,94,90–180 dage,66,65+,1,0,0,0,1140,13,10,5,0.38461538461538464,0.5769230769230769,1,0,13,5,10,12,9,0.38461538461538464,5,0.5769230769230769,0.38461538461538464,0.3076923076923077,Mobile,1,1,0,0.8333333333333334,0,0,internal,0.07692307692307693,0,0,0,0.07692307692307693,2025-03-19,2025-03-29,10,2.6,4
4ac06699f06056cb181a486f622657a7,2025-05-02,2025-03-16T09:16:34Z,Kvinde,1944-06-12,2018-10-25,utm_campaign=Marts25&utm_content=b&utm_medium=mail&utm_source=mail,FALSE,TRUE,16,12,5,2025-03-16,2025-05-15,7,5,Andet,kunden ønsker ikke at oplyse,2025-05-15,2025-05-02,47,30–90 dage,81,65+,0,0,0,0,1285,323,169,117,0.3622291021671827,0.3622291021671827,0.04643962848297214,0.9535603715170279,323,30,169,185,166,0.3622291021671827,117,0.3622291021671827,0.23839009287925697,0.5046439628482973,Computer,0,2,0.0238095238095238,0.9047619047619048,0,0,internal,0.13622291021671826,0,0.06811145510835913,0,0.42105263157894735,2025-03-16,2025-04-15,30,10.766666666666667,1
4ac661c7491b55a4984174f89fdaaa83,2025-05-21,2025-03-19T22:55:32Z,Kvinde,1970-01-31,2013-06-10,utm_campaign=Marts25&utm_medium=Weblayer&utm_source=jp.dk,FALSE,FALSE,2,2,0,2025-03-19,2025-05-18,0,0,Tid,Ikke tid,2025-06-18,2025-05-21,63,30–90 dage,56,55–64,1,0,0,1,350,7,4,2,0.2857142857142857,0.35714285714285715,1,0,7,3,4,3,3,0.2857142857142857,2,0.35714285714285715,0.14285714285714285,0.5714285714285714,Mobile,1,1,0,0.6,0,0,internal,0.14285714285714285,0,0,0,0.5714285714285714,2025-03-19,2025-03-21,2,2.3333333333333335,3
4b533526985480b9c90d72288ab55c41,2025-04-29,2025-03-11T11:00:17Z,Kvinde,1982-06-08,2015-04-01,utm_campaign=Basis_22&utm_content=HeaderButtonRaised&utm_medium=Matrice&utm_source=jp.dk,FALSE,FALSE,0,0,0,2025-03-11,2025-05-10,0,0,Tid,Ikke tid,2025-05-10,2025-04-29,49,30–90 dage,43,35–44,0,0,0,0,8,90,51,33,0.36666666666666664,0.375,0.32222222222222224,0.6777777777777778,90,10,51,55,49,0.36666666666666664,33,0.375,0.24444444444444444,0.4777777777777778,Computer,0,2,0.08,0.88,0,0,internal,0.14444444444444443,0,0.01111111111111111,0,0.37777777777777777,2025-03-11,2025-04-04,24,9,1
4b5ac62530c308e8b1869b7c95414415,2025-06-26,2025-03-21T12:32:00Z,Mand,1949-06-30,2012-06-11,utm_campaign=Marts25&utm_content=sc_a&utm_medium=mail&utm_source=mail,FALSE,TRUE,2,2,2,2025-03-21,2025-05-20,0,0,Tid,Ikke tid,2025-07-20,2025-06-26,97,90–180 dage,76,65+,1,0,0,0,188,36,18,14,0.3888888888888889,0.4027777777777778,0,1,36,7,18,19,17,0.3888888888888889,14,0.4027777777777778,0.3055555555555556,0.5277777777777778,Computer,0,1,0,0.5277777777777778,0,0,internal,0.08333333333333333,0,0,0,0.4722222222222222,2025-03-21,2025-04-11,21,5.142857142857143,4
4b95adccb4398fefc81398af8a257a45,2025-04-15,2025-03-15T10:42:08Z,Mand,1968-11-19,2022-11-07,utm_campaign=Marts25&utm_content=B&utm_medium=content&utm_source=jp.dk,FALSE,FALSE,0,0,0,2025-03-15,2025-05-14,0,0,Tid,Ikke tid,2025-05-14,2025-04-15,31,30–90 dage,57,55–64,0,0,0,0,1,574,177,120,0.20905923344947736,0.21428571428571427,0.5574912891986062,0.4425087108013937,574,28,177,239,173,0.20905923344947736,120,0.21428571428571427,0.1254355400696864,0.6759581881533101,Mobile,1,2,0.00455580865603644,0.979498861047836,0,0,internal,0.04878048780487805,0,0.00871080139372822,0,0.5714285714285714,2025-03-15,2025-04-14,30,20.5,1
4c617fb65472db63d8a3c1e1a1bda25c,2025-06-02,2025-03-09T07:17:31Z,Kvinde,1978-09-20,2013-06-29,utm_campaign=Marts25&utm_content=A&utm_medium=content&utm_source=jp.dk,FALSE,FALSE,1,1,0,2025-03-09,2025-05-08,0,0,Andet,kunden ønsker ikke at oplyse,2025-06-08,2025-06-02,85,30–90 dage,47,45–54,1,0,0,0,124,4,4,3,0.75,0.4375,1,0,4,1,4,3,3,0.75,3,0.4375,0.25,0.5,Mobile,1,1,0,0.5,0,0.25,internal,0.25,0,0,0,0.25,2025-03-09,2025-03-09,0,4,3
4d776c43d67541ee80a3327421aaabf6,2025-05-05,2025-03-22T06:31:06Z,Mand,1946-08-06,2015-03-25,utm_campaign=Marts25&utm_content=sc_b&utm_medium=mail&utm_source=mail,TRUE,TRUE,3,1,1,2025-03-22,2025-05-21,0,0,Tid,Ikke tid,2025-05-21,2025-05-05,44,30–90 dage,79,65+,0,0,0,0,1461,68,43,32,0.47058823529411764,0.3713235294117647,0,0.8970588235294118,68,10,43,44,37,0.4705882352941176,32,0.3713235294117647,0.25,0.5147058823529411,Computer,0,2,0.19696969696969696,0.7272727272727273,0,0,internal,0.08823529411764706,0,0,0,0.2352941176470588,2025-03-22,2025-04-19,28,6.8,1
4d8c4f5a4d1d1e646380f9c35c4dcb51,2025-03-21,2025-03-21T07:16:52Z,Mand,1960-01-07,2012-05-21,utm_campaign=Marts25&utm_content=sc_b&utm_medium=mail&utm_source=mail,FALSE,TRUE,14,5,9,2025-03-21,2025-05-20,0,0,Andet,kunden ønsker ikke at oplyse,2025-05-20,2025-03-21,0,0–30 dage,66,65+,0,1,0,0,253,216,108,70,0.32407407407407407,0.2650462962962963,0,1,216,16,108,115,107,0.32407407407407407,70,0.2650462962962963,0.10185185185185185,0.5601851851851852,Computer,0,1,0.4675925925925926,0.5324074074074074,0,0,internal,0.125,0,0.00925925925925925,0,0.4675925925925926,2025-03-21,2025-04-16,26,13.5,2
4db8972108485debeb090c70a547d7c1,2025-05-20,2025-03-24T08:29:47Z,Mand,1975-05-13,2023-09-17,utm_campaign=Marts25&utm_content=A&utm_medium=content&utm_source=jp.dk,FALSE,TRUE,2,2,0,2025-03-24,2025-05-23,3,3,Økonomi,Pris,2025-05-23,2025-05-20,57,30–90 dage,50,45–54,0,0,0,0,478,458,179,101,0.2205240174672489,0.29366812227074235,1,0,458,31,179,197,177,0.2205240174672489,101,0.29366812227074235,0.185589519650655,0.6135371179039302,Mobile,1,1,0.5645514223194749,0.4310722100656455,0,0,search,0.05895196506550218,0,0.00436681222707423,0,0.5655021834061136,2025-03-24,2025-04-23,30,14.774193548387096,4
4dd7cbb673923c83f9b8abc1e0a25aac,2025-05-28,2025-03-05T11:47:03Z,Mand,1949-12-12,2024-02-16,utm_campaign=Marts25&utm_content=a&utm_medium=mail&utm_source=mail,TRUE,FALSE,1,1,1,2025-03-05,2025-05-04,1,1,Tid,Ikke tid,2025-06-04,2025-05-28,84,30–90 dage,76,65+,1,0,0,0,46,7,4,2,0.2857142857142857,0.14285714285714285,1,0,7,2,4,3,3,0.2857142857142857,2,0.14285714285714285,0.14285714285714285,0.8571428571428571,Mobile,1,1,0,0.3333333333333333,0,0,unknown,0.14285714285714285,0,0,0,0.5714285714285714,2025-03-05,2025-03-13,8,3.5,4
4df356691cd1556ee0adba27f45d8bec,2025-05-27,2025-03-23T07:10:56Z,Mand,1977-11-23,2023-09-19,utm_campaign=Marts25&utm_medium=Weblayer&utm_source=jp.dk,FALSE,FALSE,0,0,0,2025-03-23,2025-05-22,0,0,Tid,Ikke tid,2025-05-27,2025-05-27,65,30–90 dage,48,45–54,1,0,0,1,6,17,11,4,0.23529411764705882,0.4117647058823529,1,0,17,1,11,7,7,0.2352941176470588,4,0.4117647058823529,0.4117647058823529,0.5882352941176471,Mobile,1,1,0.1176470588235294,0.6470588235294118,0,0,internal,0.17647058823529413,0,0,0,0.2352941176470588,2025-03-23,2025-03-23,0,17,4
4e834057d5879fe473e6575f05c7bec2,2025-04-08,2025-03-21T09:04:39Z,Mand,1955-12-27,2022-12-24,utm_campaign=Marts25&utm_content=sc_b&utm_medium=mail&utm_source=mail,FALSE,TRUE,1,1,0,2025-03-21,2025-05-20,0,0,Tid,Ikke tid,2025-05-20,2025-04-08,18,0–30 dage,70,65+,0,0,0,0,50,523,172,96,0.1835564053537285,0.17590822179732313,0,1,523,31,172,186,164,0.1835564053537285,96,0.17590822179732313,0.0497131931166348,0.6768642447418738,Computer,0,1,0.00284090909090909,0.5681818181818182,0,0,internal,0.06309751434034416,0,0.00573613766730401,0,0.6137667304015296,2025-03-21,2025-04-20,30,16.870967741935484,2
4ea127252a03310c4fa0e4bd18b2cf9b,2025-06-01,2025-03-23T07:10:32Z,Mand,1960-07-03,2021-11-17,utm_campaign=Marts25&utm_medium=topticker&utm_source=jp.dk,FALSE,TRUE,0,0,0,2025-03-23,2025-05-22,0,0,Produkt,Anden avis/produkt,2025-06-22,2025-06-01,70,30–90 dage,65,65+,1,0,0,1,32,121,62,44,0.36363636363636365,0.3367768595041322,0.6033057851239669,0,121,16,62,68,59,0.3636363636363637,44,0.3367768595041322,0.24793388429752067,0.5702479338842975,Mobile,1,2,0,0.9540229885057472,0,0,internal,0.1487603305785124,0,0.01652892561983471,0,0.4214876033057851,2025-03-23,2025-04-22,30,7.5625,3
4ea4d4140d6bc0163121bb62be46c93e,2025-06-24,2025-03-20T20:48:51Z,Mand,1953-04-07,2024-11-09,utm_campaign=Marts25&utm_content=A&utm_medium=content&utm_source=jp.dk,FALSE,FALSE,1,1,0,2025-03-20,2025-05-19,0,0,Andet,kunden ønsker ikke at oplyse,2025-07-19,2025-06-24,96,90–180 dage,73,65+,1,0,0,0,358,40,20,9,0.225,0.18125,0,1,40,8,20,18,13,0.225,9,0.18125,0.075,0.7,Computer,0,1,0,0.9655172413793104,0,0,internal,0,0,0,0,0,2025-03-21,2025-04-18,28,5,4
4faecfc123f27c115bfe358d67ef427a,2025-04-22,2025-03-23T16:29:54Z,Mand,1948-05-10,2025-03-23,utm_campaign=Marts25&utm_content=B&utm_medium=content&utm_source=jp.dk,TRUE,TRUE,0,0,0,2025-03-23,2025-05-22,0,0,Produkt,Redaktionelt indhold / holdning,2025-05-22,2025-04-22,30,30–90 dage,77,65+,0,0,0,0,1,95,53,32,0.3368421052631579,0.3631578947368421,0,1,95,17,53,60,51,0.3368421052631579,32,0.3631578947368421,0.28421052631578947,0.5157894736842106,Computer,0,1,0.3473684210526316,0.49473684210526314,0,0.1263157894736842,internal,0.07368421052631578,0,0.01052631578947368,0,0.35789473684210527,2025-03-23,2025-04-22,30,5.588235294117647,1
4fe29025af23e314347100a5147fea0a,2025-03-11,2025-03-11T15:45:31Z,Mand,1989-02-02,2021-06-09,utm_campaign=Marts25&utm_content=A&utm_medium=content&utm_source=jp.dk,FALSE,FALSE,0,0,0,2025-03-11,2025-05-10,0,0,Produkt,Redaktionelt indhold / holdning,2025-05-10,2025-03-11,0,0–30 dage,37,35–44,0,1,0,0,1,3,1,3,1,1,1,0,3,1,1,3,1,1,3,1,1,0,Mobile,1,1,0,0,0,0,unknown,1,0,0,0,0,2025-03-11,2025-03-11,0,3,2
500a242e549566077a58249a19090812,2025-04-26,2025-03-06T10:02:09Z,Ukendt,1959-07-14,2013-09-03,utm_campaign=Marts25&utm_content=a&utm_medium=mail&utm_source=mail,TRUE,TRUE,8,3,5,2025-03-06,2025-05-05,0,0,Økonomi,Pris,2025-05-05,2025-04-26,51,30–90 dage,66,65+,0,0,0,0,397,823,294,194,0.23572296476306198,0.22721749696233293,0.9975698663426489,0.002430133657351154,823,30,294,341,293,0.235722964763062,194,0.22721749696233293,0.1445929526123937,0.6804374240583232,Mobile,1,2,0.04481792717086835,0.9495798319327732,0,0,internal,0.09842041312272176,0,0.00121506682867557,0,0.5856622114216282,2025-03-06,2025-04-05,30,27.433333333333337,1
50299e69701388372e0a2d450a30f237,2025-07-29,2025-03-21T09:47:35Z,Kvinde,1959-01-26,2021-12-18,utm_campaign=Marts25&utm_medium=Matrice&utm_source=jp.dk,TRUE,FALSE,0,0,0,2025-03-21,2025-05-20,0,2,Salg,Misforstået salgsaftale,2025-07-28,2025-07-29,130,90–180 dage,67,65+,1,0,0,0,70,2,2,1,0.5,0.5,1,0,2,1,2,1,1,0.5,1,0.5,0.5,0.5,Mobile,1,1,0,0.5,0,0,internal,0.5,0,0,0,0.5,2025-03-21,2025-03-21,0,2,3
507b806786366903caf74c8d0ff13b47,2025-12-04,2025-03-23T06:20:08Z,Mand,1975-03-17,2013-02-08,utm_campaign=Marts25&utm_content=A&utm_medium=content&utm_source=jp.dk,FALSE,TRUE,19,15,3,2025-03-23,2025-05-22,5,4,Økonomi,Pris,2025-12-22,2025-12-04,256,180–270 dage,51,45–54,1,0,0,0,1539,701,295,193,0.275320970042796,0.33808844507845937,0.7888730385164051,0.21112696148359486,701,31,295,331,292,0.275320970042796,193,0.33808844507845937,0.2624821683309558,0.5905848787446505,Mobile,1,2,0.00589970501474926,0.991150442477876,0,0,internal,0.09700427960057062,0,0.0028530670470756,0,0.5221112696148359,2025-03-23,2025-04-22,30,22.612903225806452,4
50c8241b217a6fdf985092122b8a6114,2025-07-07,2025-03-10T12:54:24Z,Mand,1983-05-09,2025-03-10,utm_campaign=Marts25&utm_content=A&utm_medium=content&utm_source=jp.dk,TRUE,FALSE,0,0,0,2025-03-10,2025-05-09,0,0,Økonomi,Pris,2025-07-09,2025-07-07,119,90–180 dage,42,35–44,1,0,0,0,62,11,9,6,0.5454545454545454,0.3409090909090909,0,1,11,3,9,7,7,0.5454545454545454,6,0.3409090909090909,0.18181818181818185,0.3636363636363637,Computer,0,1,0,0.6666666666666666,0,0.1111111111111111,internal,0,0,0,0,0.2727272727272727,2025-03-10,2025-03-25,15,3.6666666666666665,4
513a1875871ce9ee20375595a2ff9231,2025-03-21,2025-03-17T08:04:27Z,Kvinde,1972-01-18,2015-03-17,utm_campaign=Basis_22&utm_content=HeaderButtonRaised&utm_medium=Matrice&utm_source=jp.dk,FALSE,FALSE,2,2,0,2025-03-17,2025-05-16,0,0,Andet,Ingen årsag – ingen tlf kontakt,2025-05-16,2025-03-21,4,0–30 dage,54,45–54,0,0,0,0,182,144,78,44,0.3055555555555556,0.3472222222222222,0.4166666666666667,0.5833333333333334,144,21,78,76,70,0.3055555555555556,44,0.3472222222222222,0.25,0.5416666666666666,Computer,0,2,0.2777777777777778,0.5694444444444444,0,0,internal,0.1388888888888889,0,0,0,0.4027777777777778,2025-03-17,2025-04-16,30,6.857142857142857,1
514346f9ea73786308ed7465bb307dac,2025-03-15,2025-03-15T09:33:20Z,Kvinde,1983-11-18,2025-03-15,utm_campaign=Basis_22&utm_content=HeaderButtonRaised&utm_medium=Matrice&utm_source=jp.dk,FALSE,FALSE,0,0,0,2025-03-15,2025-05-14,0,0,Produkt,Redaktionelt indhold / holdning,2025-05-14,2025-03-15,0,0–30 dage,42,35–44,0,1,0,0,93,4,4,1,0.25,0.8125,1,0,4,4,4,4,4,0.25,1,0.8125,0.75,0,Mobile,1,1,0,0,0,0.5,social,0,0,0,0,0,2025-03-15,2025-04-13,29,1,2
51a9cdc3a3de7855a8957c15513ffe2c,2025-05-13,2025-03-10T10:14:02Z,Mand,1988-12-28,2024-12-24,utm_campaign=Marts25&utm_content=A&utm_medium=content&utm_source=jp.dk,FALSE,FALSE,0,0,0,2025-03-10,2025-05-09,0,0,Tid,Ikke tid,2025-06-09,2025-05-13,64,30–90 dage,37,35–44,1,0,0,1,32,6,2,2,0.3333333333333333,0.8333333333333334,1,0,6,2,2,6,2,0.3333333333333333,2,0.8333333333333334,0.8333333333333334,0.16666666666666666,Mobile,1,1,0,0,0,0.16666666666666666,unknown,0.6666666666666666,0,0,0,0,2025-03-10,2025-04-08,29,3,3
51b37621d2635b5c55727b61b04c6918,2025-03-17,2025-03-17T15:21:46Z,Kvinde,1996-05-11,2015-03-19,utm_campaign=Marts25&utm_content=e-avis_ikkeabn&utm_medium=matrice&utm_source=jp.dk,FALSE,FALSE,0,0,0,2025-03-17,2025-05-16,0,0,Produkt,Redaktionelt indhold / holdning,2025-05-16,2025-03-17,0,0–30 dage,29,25–34,0,1,0,0,1,12,3,1,0.08333333333333333,0.08333333333333333,0,1,12,1,3,1,1,0.08333333333333333,1,0.08333333333333333,0.08333333333333333,0.9166666666666666,Computer,0,1,0,0.8,0,0,internal,0,0,0,0,0.75,2025-03-17,2025-03-17,0,12,2
51b8ddd8afac0e7b7233c503a76cf7b9,2025-03-10,2025-03-10T07:05:31Z,Mand,1963-05-29,2014-09-16,utm_campaign=Marts25&utm_content=A&utm_medium=content&utm_source=jp.dk,FALSE,FALSE,1,0,1,2025-03-10,2025-05-09,0,0,Andet,kunden ønsker ikke at oplyse,2025-05-09,2025-03-10,0,0–30 dage,62,55–64,0,1,0,0,306,114,59,29,0.2543859649122807,0.34868421052631576,0.24561403508771928,0.7543859649122807,114,22,59,57,55,0.2543859649122807,29,0.34868421052631576,0.2631578947368421,0.5701754385964912,Computer,0,2,0.03225806451612903,0.9193548387096774,0,0,internal,0.11403508771929824,0,0.0175438596491228,0,0.43859649122807015,2025-03-10,2025-04-09,30,5.181818181818182,2
51c2d08fe703a913e16ff2fa55176d2a,2026-02-10,2025-03-05T15:26:51Z,Kvinde,1971-09-25,2022-10-07,utm_campaign=Marts25&utm_content=b&utm_medium=mail&utm_source=mail,FALSE,TRUE,1,1,0,2025-03-05,2025-05-04,0,0,Økonomi,Pris,2026-03-04,2026-02-10,342,270–365 dage,54,45–54,1,0,0,0,441,85,31,18,0.21176470588235294,0.23823529411764705,0.09411764705882353,0.9058823529411765,85,22,31,29,29,0.21176470588235297,18,0.23823529411764705,0.17647058823529413,0.6941176470588235,Computer,0,2,0,0.935483870967742,0,0,internal,0.1176470588235294,0,0,0,0.6352941176470588,2025-03-05,2025-04-04,30,3.863636363636364,4
5204d369fbf62355800d2e3b5ce6baa9,2025-04-04,2025-03-11T16:38:21Z,Mand,1986-11-21,2025-03-11,utm_campaign=Basis_22&utm_content=MegaMenu&utm_medium=Matrice&utm_source=jp.dk,FALSE,FALSE,0,0,0,2025-03-11,2025-05-10,0,0,Produkt,Redaktionelt indhold / holdning,2025-05-10,2025-04-04,24,0–30 dage,39,35–44,0,0,0,0,1,33,10,9,0.2727272727272727,0.2727272727272727,1,0,33,3,10,16,7,0.2727272727272727,9,0.2727272727272727,0.21212121212121213,0.6666666666666666,Mobile,1,1,0.03225806451612903,0.6451612903225806,0,0,internal,0.06060606060606061,0,0,0,0.4545454545454546,2025-03-11,2025-04-09,29,11,2
53a5a0ac68ef0f39ff5d68a23ad1b88e,2025-03-17,2025-03-14T13:46:28Z,Mand,1983-04-04,2022-06-05,utm_campaign=Marts25&utm_content=A&utm_medium=content&utm_source=jp.dk,TRUE,FALSE,3,3,0,2025-03-14,2025-05-13,0,0,Økonomi,Pris,2025-05-13,2025-03-17,3,0–30 dage,43,35–44,0,1,0,0,410,658,270,188,0.2857142857142857,0.2405015197568389,0.12310030395136778,0.8768996960486323,658,31,270,312,268,0.2857142857142857,188,0.2405015197568389,0.11398176291793312,0.601823708206687,Computer,0,2,0,0.9815789473684212,0,0,internal,0.09270516717325228,0,0.0060790273556231,0,0.513677811550152,2025-03-14,2025-04-13,30,21.225806451612904,2
53d01f1f3bec115d6ef1353f681595cb,2025-04-30,2025-03-18T19:18:01Z,Mand,1966-01-18,2021-01-14,utm_campaign=Marts25&utm_content=A&utm_medium=content&utm_source=jp.dk,FALSE,FALSE,1,1,0,2025-03-18,2025-05-17,0,0,Tid,Ikke tid,2025-05-17,2025-04-30,43,30–90 dage,60,55–64,0,0,0,0,32,68,55,40,0.5882352941176471,0.44485294117647056,0,1,68,22,55,56,53,0.5882352941176471,40,0.44485294117647056,0.25,0.39705882352941174,Computer,0,1,0,0.4117647058823529,0,0,unknown,0.19117647058823528,0,0.01470588235294117,0,0.01470588235294117,2025-03-18,2025-04-14,27,3.090909090909091,1
53f42387042ed9cb158618747d74dea6,2025-03-10,2025-03-10T14:13:36Z,Kvinde,1994-10-20,2025-03-10,utm_campaign=Marts25&utm_content=B&utm_medium=content&utm_source=jp.dk,FALSE,TRUE,0,0,0,2025-03-10,2025-05-09,0,0,Produkt,Redaktionelt indhold / holdning,2025-05-09,2025-03-10,0,0–30 dage,31,25–34,0,1,0,0,29,4,2,1,0.25,0.25,1,0,4,2,2,2,1,0.25,1,0.25,0.25,0.75,Mobile,1,1,0,0.5,0,0,internal,0.5,0,0,0,0.5,2025-03-10,2025-03-11,1,2,2
54094c3c9edc3db4786151a6c8b9b5a6,2025-06-09,2025-03-05T12:49:49Z,Mand,1959-02-24,2014-10-20,utm_campaign=Marts25&utm_content=A&utm_medium=content&utm_source=jp.dk,FALSE,TRUE,3,0,3,2025-03-05,2025-05-04,3,4,Andet,Ingen årsag – ingen tlf kontakt,2025-06-09,2025-06-09,96,90–180 dage,67,65+,1,0,0,0,257,747,206,144,0.1927710843373494,0.19912985274431058,1,0,747,31,206,237,204,0.1927710843373494,144,0.19912985274431055,0.14457831325301204,0.7483266398929049,Mobile,1,1,0.07142857142857142,0.9246031746031746,0,0,internal,0.06693440428380187,0,0.00401606425702811,0,0.6599732262382865,2025-03-05,2025-04-04,30,24.096774193548388,4
5413da057f4a21a8b46e27f3d78b7596,2025-03-25,2025-03-11T20:49:53Z,Kvinde,1974-01-25,2017-12-06,utm_campaign=Marts25&utm_content=B&utm_medium=content&utm_source=jp.dk,TRUE,TRUE,2,2,0,2025-03-11,2025-05-10,0,0,Andet,kunden ønsker ikke at oplyse,2025-05-10,2025-03-25,14,0–30 dage,52,45–54,0,0,0,0,184,210,116,70,0.3333333333333333,0.48928571428571427,1,0,210,29,116,133,115,0.3333333333333333,70,0.4892857142857142,0.3857142857142858,0.4380952380952381,Mobile,1,1,0.3743842364532019,0.6206896551724138,0,0,internal,0.21428571428571427,0,0.00476190476190476,0,0.36666666666666664,2025-03-11,2025-04-10,30,7.241379310344827,1
5414c1785bf852a26470a8f4a434f89e,2026-02-02,2025-03-16T22:42:00Z,Ukendt,1991-02-05,2025-03-16,utm_campaign=Marts25&utm_content=A&utm_medium=content&utm_source=jp.dk,FALSE,FALSE,0,0,0,2025-03-16,2025-05-15,0,0,Tid,Ikke tid,2026-02-15,2026-02-02,323,270–365 dage,35,35–44,1,0,0,0,277,54,23,10,0.18518518518518517,0.33796296296296297,0.7592592592592593,0.24074074074074073,54,11,23,27,18,0.18518518518518515,10,0.33796296296296297,0.2222222222222222,0.5555555555555556,Mobile,1,2,0.2962962962962963,0.5925925925925926,0,0,internal,0,0,0,0,0.05555555555555555,2025-03-16,2025-04-14,29,4.909090909090909,3
541d7bf883db417c6879eb5c4fa6f282,2025-05-13,2025-03-23T07:07:20Z,Kvinde,1948-05-23,2012-06-25,utm_campaign=Marts25&utm_content=sc_a&utm_medium=mail&utm_source=mail,FALSE,TRUE,10,3,8,2025-03-23,2025-05-22,1,1,Andet,kunden ønsker ikke at oplyse,2025-05-22,2025-05-13,51,30–90 dage,77,65+,0,0,0,0,381,342,184,130,0.38011695906432746,0.23538011695906433,1,0,342,30,184,198,183,0.38011695906432746,130,0.23538011695906433,0.09064327485380116,0.5526315789473685,Mobile,1,1,0.45110410094637227,0.5425867507886435,0,0,internal,0.17543859649122806,0,0.0175438596491228,0,0.42105263157894735,2025-03-23,2025-04-22,30,11.4,1
5422e7ec71c443cb70b22fda17cc0994,2025-11-09,2025-03-11T07:44:50Z,Mand,1967-12-22,2012-11-21,utm_campaign=Basis_22&utm_content=HeaderButtonRaised&utm_medium=Matrice&utm_source=jp.dk,FALSE,TRUE,1,1,0,2025-03-11,2025-05-10,0,0,Tid,Ikke tid,2025-11-10,2025-11-09,243,180–270 dage,58,55–64,1,0,0,0,299,8,7,3,0.375,0.40625,0,1,8,1,7,5,5,0.375,3,0.40625,0.25,0.375,Computer,0,1,0.125,0.625,0,0,internal,0.25,0,0.125,0,0.25,2025-03-11,2025-03-11,0,8,4
5469793ef2178893320b025aec95559b,2025-10-02,2025-03-15T19:53:53Z,Mand,1960-02-24,2025-03-15,utm_campaign=Marts25&utm_content=B&utm_medium=content&utm_source=jp.dk,FALSE,FALSE,0,0,0,2025-03-15,2025-05-14,0,0,Tid,Ikke tid,2025-10-14,2025-10-02,201,180–270 dage,66,65+,1,0,0,0,154,11,6,3,0.2727272727272727,0.13636363636363635,0,1,11,1,6,4,4,0.2727272727272727,3,0.13636363636363635,0.09090909090909093,0.8181818181818182,Computer,0,1,0,0.4545454545454546,0,0,unknown,0.09090909090909093,0,0,0,0.4545454545454546,2025-03-15,2025-03-15,0,11,4
5470116f6d8ccd7b8e6c3bebf57f1f84,2025-03-22,2025-03-22T06:00:56Z,Mand,1975-01-28,2025-03-22,utm_campaign=Basis_22&utm_content=HeaderButtonRaised&utm_medium=Matrice&utm_source=jp.dk,FALSE,FALSE,0,0,0,2025-03-22,2025-05-21,0,0,Andet,kunden ønsker ikke at oplyse,2025-05-21,2025-03-22,0,0–30 dage,51,45–54,0,1,0,0,1,58,26,11,0.1896551724137931,0.29310344827586204,0.034482758620689655,0.9655172413793104,58,17,26,23,23,0.1896551724137931,11,0.29310344827586204,0.1896551724137931,0.603448275862069,Computer,0,2,0,0.8571428571428571,0,0,internal,0.01724137931034482,0,0,0,0.5517241379310345,2025-03-22,2025-04-21,30,3.411764705882353,2
5480b280d24995741819da1706528ed7,2025-04-25,2025-03-21T08:17:18Z,Kvinde,1953-09-25,2012-11-27,utm_campaign=Marts25&utm_content=sc_a&utm_medium=mail&utm_source=mail,TRUE,TRUE,11,4,7,2025-03-21,2025-05-20,0,0,Tid,Ikke tid,2025-05-20,2025-04-25,35,30–90 dage,72,65+,0,0,0,0,108,83,46,31,0.37349397590361444,0.2921686746987952,0.8795180722891566,0.03614457831325301,83,10,46,54,38,0.3734939759036144,31,0.2921686746987952,0.1566265060240964,0.5783132530120482,Mobile,1,3,0.01298701298701298,0.8571428571428571,0,0,internal,0.14457831325301204,0,0.02409638554216867,0,0.13253012048192772,2025-03-21,2025-04-15,25,8.3,1
54dabd914db3590d25b816c39fd862b5,2025-03-31,2025-03-04T19:58:35Z,Kvinde,1962-11-08,2025-03-04,utm_campaign=Marts25&utm_content=B&utm_medium=content&utm_source=jp.dk,FALSE,FALSE,0,0,0,2025-03-04,2025-05-03,0,0,Tid,Ikke tid,2025-05-03,2025-03-31,27,0–30 dage,63,55–64,0,0,0,0,1,686,373,264,0.3848396501457726,0.47339650145772594,0.8411078717201166,0.1588921282798834,686,31,373,467,370,0.3848396501457726,264,0.47339650145772594,0.3760932944606414,0.4475218658892128,Mobile,1,2,0,0.9891500904159132,0,0,internal,0.12536443148688048,0,0.01895043731778425,0,0.31341107871720114,2025-03-04,2025-04-03,30,22.129032258064516,1
555edd907cc4194ff6ac3441ebd3dbbe,2025-03-18,2025-03-18T11:18:33Z,Mand,1982-06-08,2011-08-11,utm_campaign=Basis_22&utm_content=HeaderButtonRaised&utm_medium=Matrice&utm_source=jp.dk,FALSE,FALSE,1,1,0,2025-03-18,2025-05-17,0,0,Produkt,Redaktionelt indhold / holdning,2025-05-17,2025-03-18,0,0–30 dage,43,35–44,0,1,0,0,92,27,13,10,0.37037037037037035,0.46296296296296297,0.18518518518518517,0.8148148148148148,27,5,13,15,9,0.3703703703703703,10,0.46296296296296297,0.3333333333333333,0.4074074074074074,Computer,0,2,0.1153846153846154,0.7307692307692307,0,0,internal,0.4074074074074074,0,0,0,0.25925925925925924,2025-03-18,2025-04-09,22,5.4,2
55681f6b1bbe6bce5d7b447f96a2d854,2025-12-10,2025-03-08T17:18:34Z,Mand,1960-04-25,2025-03-08,utm_campaign=Marts25&utm_content=B&utm_medium=content&utm_source=jp.dk,TRUE,TRUE,0,0,0,2025-03-08,2025-05-07,0,0,Økonomi,Prisstigning,2026-01-31,2025-12-10,277,270–365 dage,66,65+,1,0,0,0,276,491,239,152,0.3095723014256619,0.3024439918533605,1,0,491,31,239,258,229,0.3095723014256619,152,0.3024439918533605,0.18533604887983707,0.5763747454175153,Mobile,1,1,0.0037593984962406,0.9323308270676692,0,0,internal,0.09572301425661914,0,0.01629327902240325,0,0.03869653767820773,2025-03-08,2025-04-07,30,15.838709677419354,4
5582f3359c519dabc59888fe33454786,2025-03-10,2025-03-05T14:08:05Z,Kvinde,1955-10-24,2018-05-02,utm_campaign=Marts25&utm_content=b&utm_medium=mail&utm_source=mail,TRUE,TRUE,0,0,0,2025-03-05,2025-03-10,2,2,Digitalt,Tekniske problemer (kunde),2025-05-04,2025-03-10,5,0–30 dage,70,65+,0,0,0,0,1,6,5,3,0.5,0.6666666666666666,1,0,6,1,5,6,5,0.5,3,0.6666666666666666,0.6666666666666666,0.3333333333333333,Mobile,1,1,0,1,0,0,internal,0,0,0,0,0,2025-03-05,2025-03-05,0,6,1
5588b87ecc885fe81f54f875ca129b92,2025-05-18,2025-03-22T10:21:07Z,Mand,1946-09-19,2017-07-23,utm_campaign=Marts25&utm_content=sc_b&utm_medium=mail&utm_source=mail,FALSE,TRUE,21,7,15,2025-03-22,2025-05-21,10,10,Tid,Ikke tid,2025-05-21,2025-05-18,57,30–90 dage,79,65+,0,0,0,0,1047,863,473,323,0.3742757821552723,0.4168597914252607,0.1320973348783314,0.8447276940903824,863,31,473,556,471,0.3742757821552723,323,0.4168597914252607,0.27925840092699883,0.4426419466975666,Computer,0,3,0,0.992063492063492,0,0,internal,0.09154113557358054,0,0.01969872537659327,0,0.354577056778679,2025-03-22,2025-04-21,30,27.838709677419356,1
559410d8ab5887d2e936ff36d756803a,2025-05-19,2025-03-07T10:30:13Z,Mand,1960-05-28,2015-09-12,utm_campaign=Marts25&utm_content=b&utm_medium=mail&utm_source=mail,FALSE,TRUE,9,6,3,2025-03-07,2025-05-06,0,0,Tid,Ikke tid,2025-08-19,2025-05-19,73,30–90 dage,65,65+,1,0,0,0,857,211,113,101,0.4786729857819905,0.46445497630331756,0.909952606635071,0.09004739336492891,211,27,113,140,112,0.4786729857819905,101,0.4644549763033176,0.3886255924170616,0.45023696682464454,Mobile,1,2,0.02158273381294964,0.9568345323741008,0,0,internal,0.24170616113744076,0,0,0,0.33649289099526064,2025-03-07,2025-04-06,30,7.814814814814815,4
55b8677472e9d4c765d3c22623dc6f60,2025-06-23,2025-03-05T15:40:38Z,Mand,2004-05-06,2025-03-05,utm_campaign=Marts25&utm_content=A&utm_medium=content&utm_source=jp.dk,TRUE,TRUE,0,0,0,2025-03-05,2025-05-04,0,0,Produkt,Redaktionelt indhold / holdning,2025-07-04,2025-06-23,110,90–180 dage,21,18–24,1,0,0,0,62,23,9,7,0.30434782608695654,0.40217391304347827,1,0,23,2,9,14,4,0.30434782608695654,7,0.4021739130434782,0.30434782608695654,0.5652173913043478,Mobile,1,1,0.21739130434782608,0.7391304347826086,0,0,internal,0,0,0,0,0.13043478260869565,2025-03-05,2025-03-07,2,11.5,3
55c6473e7caafd070a35a8907e348548,2025-06-11,2025-03-21T15:37:14Z,Mand,1971-01-11,2025-03-21,utm_campaign=Basis_22&utm_content=HeaderButtonRaised&utm_medium=Matrice&utm_source=jp.dk,TRUE,FALSE,0,0,0,2025-03-21,2025-05-20,0,0,Tid,Ikke tid,2025-11-20,2025-06-11,82,30–90 dage,55,55–64,1,0,0,0,185,26,14,14,0.5384615384615384,0.36538461538461536,0.6538461538461539,0.34615384615384615,26,7,14,26,14,0.5384615384615384,14,0.36538461538461536,0.19230769230769232,0.5,Mobile,1,2,0,0,0,0.2857142857142857,unknown,0,0,0,0,0,2025-03-25,2025-04-19,25,3.7142857142857144,3
55cd5e4dbb4a407e4a3c3b57c7fb99be,2025-08-04,2025-03-06T16:34:20Z,Kvinde,1983-02-26,2025-03-06,utm_campaign=Basis_22&utm_content=MegaMenu&utm_medium=Matrice&utm_source=jp.dk,FALSE,FALSE,0,0,0,2025-03-06,2025-05-05,0,0,Andet,Ingen årsag – ingen tlf kontakt,2025-08-05,2025-08-04,151,90–180 dage,43,35–44,1,0,0,0,93,3,2,1,0.3333333333333333,0.3333333333333333,1,0,3,1,2,1,1,0.3333333333333333,1,0.3333333333333333,0.3333333333333333,0.6666666666666666,Mobile,1,1,0,1,0,0,internal,0,0,0,0,0.6666666666666666,2025-03-06,2025-03-06,0,3,3
5624fe0ba2ed62343dfa5dc651bcbb4a,2026-02-11,2025-03-11T07:11:51Z,Mand,1965-04-14,2020-04-07,utm_campaign=Basis_22&utm_content=HeaderButtonRaised&utm_medium=Matrice&utm_source=jp.dk,FALSE,TRUE,2,1,0,2025-03-11,2025-05-10,0,0,Økonomi,Pris,2026-03-10,2026-02-11,337,270–365 dage,61,55–64,1,0,0,0,582,409,140,78,0.19070904645476772,0.22432762836185818,0,1,409,30,140,146,135,0.19070904645476772,78,0.22432762836185816,0.12224938875305624,0.6699266503667481,Computer,0,1,0,0.974025974025974,0,0,internal,0.06845965770171149,0,0,0,0.6259168704156479,2025-03-11,2025-04-10,30,13.633333333333333,4
562b7fa175e7d20af1d4fd8b700ab6b2,2025-08-29,2025-03-09T10:52:03Z,Mand,1947-03-03,2022-12-08,utm_campaign=Marts25&utm_content=A&utm_medium=content&utm_source=jp.dk,TRUE,TRUE,3,3,1,2025-03-09,2025-05-08,1,1,Tid,Ikke tid,2025-09-08,2025-08-29,173,90–180 dage,79,65+,1,0,0,0,802,48,48,21,0.4375,0.9427083333333334,0,1,48,14,48,48,48,0.4375,21,0.9427083333333334,0.875,0.02083333333333333,Computer,0,1,0,0.9615384615384616,0,0,internal,0.1875,0,0.25,0,0,2025-03-09,2025-04-08,30,3.4285714285714284,4
5639e95cda59fda72f6131b5e6e4e716,2025-03-20,2025-03-19T18:43:34Z,Mand,1966-08-16,2012-06-15,utm_campaign=Marts25&utm_content=A&utm_medium=content&utm_source=jp.dk,FALSE,TRUE,15,10,5,2025-03-19,2025-05-18,0,0,Andet,kunden ønsker ikke at oplyse,2025-05-18,2025-03-20,1,0–30 dage,59,55–64,0,1,0,0,1108,753,263,189,0.250996015936255,0.28120849933598935,0.04249667994687915,0.9575033200531209,753,31,263,336,260,0.250996015936255,189,0.28120849933598935,0.16865869853917662,0.5869853917662683,Computer,0,2,0.03680981595092025,0.9591002044989776,0,0,internal,0.06241699867197875,0,0,0,0.5511288180610889,2025-03-19,2025-04-18,30,24.29032258064516,2
564ef54581efe26367b066edef38e432,2025-06-10,2025-03-10T05:15:31Z,Mand,1984-08-07,2025-03-10,utm_campaign=Marts25&utm_content=B&utm_medium=content&utm_source=jp.dk,TRUE,TRUE,0,0,0,2025-03-10,2025-05-09,0,0,Andet,kunden ønsker ikke at oplyse,2025-07-09,2025-06-10,92,90–180 dage,41,35–44,1,0,0,0,32,59,23,18,0.3050847457627119,0.1864406779661017,0.9661016949152542,0.03389830508474576,59,14,23,25,20,0.3050847457627119,18,0.1864406779661017,0.1016949152542373,0.7457627118644068,Mobile,1,2,0,0.8055555555555556,0,0.05555555555555555,internal,0.06779661016949153,0,0,0,0.5084745762711864,2025-03-10,2025-04-08,29,4.214285714285714,3
56d0f1684db83e82bdad0992cf7ae4b2,2025-11-18,2025-03-10T14:53:22Z,Mand,1971-11-10,2018-10-09,utm_campaign=Marts25&utm_content=B&utm_medium=content&utm_source=jp.dk,FALSE,FALSE,0,0,0,2025-03-10,2025-05-09,0,0,Produkt,Redaktionelt indhold / holdning,2025-12-09,2025-11-18,253,180–270 dage,54,45–54,1,0,0,0,215,159,103,54,0.33962264150943394,0.5062893081761006,0,1,159,31,103,103,102,0.33962264150943394,54,0.5062893081761006,0.389937106918239,0.389937106918239,Computer,0,1,0.33548387096774196,0.6387096774193548,0,0,internal,0.1320754716981132,0,0,0,0.3522012578616352,2025-03-10,2025-04-09,30,5.129032258064516,3
571159ca10daca95e57ac9661ce75d2c,2025-05-10,2025-03-22T20:03:31Z,Mand,1993-04-03,2015-04-03,utm_campaign=Basis_22&utm_content=HeaderButtonRaised&utm_medium=Matrice&utm_source=jp.dk,FALSE,FALSE,2,1,1,2025-03-22,2025-05-21,0,0,Tid,Ikke tid,2025-05-21,2025-05-10,49,30–90 dage,33,25–34,0,0,0,0,100,56,32,14,0.25,0.32589285714285715,1,0,56,10,32,30,30,0.25,14,0.32589285714285715,0.23214285714285715,0.5535714285714286,Mobile,1,1,0.09302325581395347,0.8604651162790697,0,0,internal,0.03571428571428571,0,0,0,0.4107142857142857,2025-03-22,2025-04-21,30,5.6,1
57ad9a7e617c8046eceb938ec43f2890,2025-05-14,2025-03-17T21:23:32Z,Kvinde,1990-12-11,2025-03-17,utm_campaign=Marts25&utm_content=A&utm_medium=content&utm_source=jp.dk,FALSE,FALSE,0,0,0,2025-03-17,2025-05-16,0,0,Produkt,Redaktionelt indhold / holdning,2025-05-16,2025-05-14,58,30–90 dage,35,35–44,0,0,0,0,1,3,2,3,1,0.6666666666666666,1,0,3,2,2,3,2,1,3,0.6666666666666666,0.6666666666666666,0.3333333333333333,Mobile,1,1,0,0,0,0,unknown,1,0,0,0,0,2025-03-17,2025-03-18,1,1.5,2
57c3d24e72fa070d69d3b587a75f99e5,2025-04-01,2025-03-10T06:06:37Z,Mand,1960-04-22,2022-03-07,utm_campaign=Basis_22&utm_content=GiveArticlePopup&utm_medium=Matrice&utm_source=jp.dk,FALSE,FALSE,1,0,1,2025-03-10,2025-05-09,0,0,Tid,Ikke tid,2025-05-09,2025-04-01,22,0–30 dage,66,65+,0,0,0,0,8,93,52,34,0.3655913978494624,0.46774193548387094,0.8279569892473119,0.17204301075268819,93,18,52,54,50,0.3655913978494624,34,0.46774193548387094,0.3978494623655914,0.4838709677419355,Mobile,1,2,0.17142857142857143,0.6571428571428571,0,0,internal,0.0967741935483871,0,0.01075268817204301,0,0.4086021505376344,2025-03-10,2025-04-09,30,5.166666666666667,2
57cef26b24dd3261305b89346fde0eeb,2025-03-24,2025-03-22T07:58:27Z,Kvinde,1951-10-23,2024-03-27,utm_campaign=Marts25&utm_content=sc_b&utm_medium=mail&utm_source=mail,TRUE,TRUE,2,2,1,2025-03-22,2025-05-21,9,9,Andet,kunden ønsker ikke at oplyse,2025-05-21,2025-03-24,2,0–30 dage,74,65+,0,1,0,0,361,189,106,64,0.3386243386243386,0.4656084656084656,0.14285714285714285,0.798941798941799,189,24,106,136,102,0.3386243386243386,64,0.4656084656084656,0.3544973544973545,0.42857142857142855,Computer,0,3,0.03246753246753246,0.8961038961038961,0,0.00649350649350649,internal,0.07407407407407407,0,0.01058201058201058,0,0.15873015873015872,2025-03-24,2025-04-21,28,7.875,2
58e02888045f1da0bf22ed5463423158,2025-12-26,2025-03-11T09:16:37Z,Mand,1951-02-26,2012-12-04,utm_campaign=Marts25&utm_content=A&utm_medium=content&utm_source=jp.dk,FALSE,FALSE,0,0,0,2025-03-11,2025-05-10,0,0,Andet,RVS,2025-12-25,2025-12-26,290,270–365 dage,75,65+,1,0,0,0,230,117,62,31,0.26495726495726496,0.36752136752136755,0,1,117,16,62,58,57,0.26495726495726496,31,0.3675213675213675,0.2564102564102564,0.5299145299145299,Computer,0,1,0,0.9805825242718448,0,0,internal,0.08547008547008547,0,0.01709401709401709,0,0.38461538461538464,2025-03-11,2025-04-10,30,7.3125,4
5925eab9bc621733645f6fd41ebaccb0,2025-06-02,2025-03-21T07:28:29Z,Mand,1945-04-06,2017-08-01,utm_campaign=Marts25&utm_content=sc_b&utm_medium=mail&utm_source=mail,TRUE,TRUE,8,6,3,2025-03-21,2025-05-20,6,6,Andet,kunden ønsker ikke at oplyse,2025-06-20,2025-06-02,73,30–90 dage,81,65+,1,0,0,0,585,164,145,89,0.5426829268292683,0.6737804878048781,1,0,164,31,145,162,143,0.5426829268292683,89,0.6737804878048781,0.47560975609756095,0.1402439024390244,Mobile,1,1,0,0.3225806451612903,0.6580645161290323,0,email,0.16463414634146342,0,0.04268292682926829,0,0.00609756097560975,2025-03-21,2025-04-20,30,5.290322580645161,4
59412282eb0ad7b5ff852d30641808fd,2025-05-20,2025-03-23T12:36:12Z,Mand,1958-01-08,2025-03-23,utm_campaign=Basis_22&utm_content=HeaderButtonRaised&utm_medium=Matrice&utm_source=jp.dk,FALSE,TRUE,0,0,0,2025-03-23,2025-05-22,0,0,Produkt,Redaktionelt indhold / holdning,2025-05-22,2025-05-20,58,30–90 dage,68,65+,0,0,0,0,29,353,140,74,0.2096317280453258,0.24008498583569404,0.24929178470254956,0.7507082152974505,353,28,140,148,133,0.2096317280453258,74,0.24008498583569404,0.11048158640226628,0.6345609065155807,Computer,0,2,0,0.859375,0,0,internal,0.09915014164305948,0,0,0,0.5269121813031161,2025-03-23,2025-04-22,30,12.607142857142858,1
59873b542c5de67efd6802e056c1510b,2025-04-22,2025-03-13T21:10:10Z,Kvinde,1976-02-13,2015-07-27,utm_campaign=Marts25&utm_content=A&utm_medium=content&utm_source=jp.dk,FALSE,FALSE,2,2,0,2025-03-13,2025-05-12,0,0,Andet,kunden ønsker ikke at oplyse,2025-05-12,2025-04-22,40,30–90 dage,50,45–54,0,0,0,0,324,84,38,23,0.27380952380952384,0.37202380952380953,0.6190476190476191,0.38095238095238093,84,18,38,42,35,0.27380952380952384,23,0.37202380952380953,0.27380952380952384,0.5476190476190477,Mobile,1,2,0,0.8653846153846154,0,0.03846153846153846,internal,0.1904761904761905,0,0,0,0.3928571428571429,2025-03-13,2025-04-12,30,4.666666666666667,1
59ae565e5018e86e8a80ed789f3b6450,2025-04-28,2025-03-17T16:00:58Z,Kvinde,1964-12-07,2023-10-21,utm_campaign=Marts25&utm_content=A&utm_medium=content&utm_source=jp.dk,FALSE,FALSE,1,1,0,2025-03-17,2025-05-16,1,1,Tid,Ikke tid,2025-05-16,2025-04-28,42,30–90 dage,61,55–64,0,0,0,0,155,43,40,32,0.7441860465116279,0.7790697674418605,0,1,43,6,40,42,39,0.7441860465116279,32,0.7790697674418605,0.6976744186046512,0.11627906976744186,Computer,0,1,0,0.96,0,0,internal,0.3023255813953488,0,0,0,0,2025-03-17,2025-04-11,25,7.166666666666667,1
59d3277007e8d45958cb0c37be36bd63,2025-04-14,2025-03-22T11:00:26Z,Mand,1945-01-06,2013-12-06,utm_campaign=Marts25&utm_content=sc_a&utm_medium=mail&utm_source=mail,FALSE,TRUE,2,2,0,2025-03-22,2025-05-21,0,0,Tid,Ikke tid,2025-05-21,2025-04-14,23,0–30 dage,81,65+,0,0,0,0,288,4,2,1,0.25,0.25,0,1,4,2,2,1,1,0.25,1,0.25,0.25,0.75,Computer,0,1,0,0.25,0,0,unknown,0,0,0.25,0,0.75,2025-03-22,2025-04-14,23,2,2
59dc551739bcb4f3f5c48a405394278c,2026-02-25,2025-03-05T06:48:25Z,Mand,1954-01-22,2020-06-19,utm_campaign=Marts25&utm_medium=Matrice&utm_source=jp.dk,TRUE,TRUE,1,1,0,2025-03-05,2025-05-04,0,0,Tid,Ikke tid,2026-03-22,2026-02-25,357,270–365 dage,72,65+,1,0,0,0,482,2,2,1,0.5,0.5,0,1,2,1,2,1,1,0.5,1,0.5,0.5,0.5,Computer,0,1,0,1,0,0,internal,0.5,0,0,0,0.5,2025-03-05,2025-03-05,0,2,4
59eac661f106396c61b2993b656bf706,2025-12-02,2025-03-05T12:33:49Z,Mand,1953-10-20,2020-11-19,utm_campaign=Marts25&utm_content=a&utm_medium=mail&utm_source=mail,FALSE,TRUE,17,9,8,2025-03-05,2025-05-04,0,0,Andet,kunden ønsker ikke at oplyse,2025-12-04,2025-12-02,272,270–365 dage,72,65+,1,0,0,0,1479,1702,690,567,0.33313748531139836,0.35972385428907167,0.618096357226792,0.381903642773208,1702,31,690,1021,680,0.33313748531139836,567,0.35972385428907167,0.2602820211515864,0.545828437132785,Mobile,1,2,0.18453292496171517,0.8131699846860643,0,0,internal,0.1410105757931845,0,0.0117508813160987,0,0.3619271445358402,2025-03-05,2025-04-04,30,54.903225806451616,4
5a4462a29a562fe12eead8aaa422ad61,2025-03-21,2025-03-07T23:11:55Z,Mand,1954-11-27,2020-09-17,utm_campaign=Marts25&utm_content=A&utm_medium=content&utm_source=jp.dk,FALSE,TRUE,2,1,0,2025-03-07,2025-05-06,0,0,Tid,Ikke tid,2025-05-06,2025-03-21,14,0–30 dage,71,65+,0,0,0,0,100,267,122,71,0.26591760299625467,0.3249063670411985,0.5280898876404494,0.47191011235955055,267,29,122,137,120,0.26591760299625467,71,0.3249063670411985,0.2209737827715356,0.5692883895131086,Mobile,1,2,0.14096916299559473,0.8502202643171806,0,0,internal,0.08239700374531835,0,0,0,0.44569288389513106,2025-03-08,2025-04-06,29,9.20689655172414,2
5ac2c11ffacf428b84f9d918b333cbfc,2025-03-24,2025-03-20T21:18:10Z,Kvinde,1965-02-11,2021-09-13,utm_campaign=Marts25&utm_content=A&utm_medium=content&utm_source=jp.dk,FALSE,FALSE,1,1,0,2025-03-20,2025-05-19,0,0,Produkt,Redaktionelt indhold / holdning,2025-05-19,2025-03-24,4,0–30 dage,61,55–64,0,0,0,0,324,6,4,1,0.16666666666666666,0.4166666666666667,0,1,6,3,4,2,1,0.16666666666666666,1,0.4166666666666667,0.3333333333333333,0.5,Computer,0,1,0.16666666666666666,0.5,0,0,internal,0,0,0,0,0.3333333333333333,2025-03-20,2025-03-29,9,2,1
5b184e20faf8e969c0e55e9f82dc821f,2025-06-10,2025-03-06T15:21:42Z,Mand,1965-11-03,2015-05-28,utm_campaign=Marts25&utm_content=B&utm_medium=content&utm_source=jp.dk,FALSE,FALSE,0,0,0,2025-03-06,2025-05-05,0,0,Andet,Ingen årsag – ingen tlf kontakt,2025-07-05,2025-06-10,96,90–180 dage,60,55–64,1,0,0,0,95,14,8,7,0.5,0.21428571428571427,0,1,14,2,8,8,7,0.5,7,0.21428571428571427,0.07142857142857142,0.5,Computer,0,1,0,0.75,0,0,internal,0.14285714285714285,0,0.07142857142857142,0,0.42857142857142855,2025-03-06,2025-03-12,6,7,4
5b6a7ea3f7caeadaadd87d90cc4e4780,2025-03-14,2025-03-14T12:58:03Z,Mand,1980-09-19,2024-12-12,utm_campaign=Basis_22&utm_content=HeaderButtonRaised&utm_medium=Matrice&utm_source=jp.dk,FALSE,FALSE,1,1,0,2025-03-14,2025-05-13,0,0,Andet,kunden ønsker ikke at oplyse,2025-05-13,2025-03-14,0,0–30 dage,45,45–54,0,1,0,0,91,947,320,224,0.2365364308342133,0.2703273495248152,1,0,947,31,320,376,314,0.2365364308342133,224,0.2703273495248152,0.21013727560718057,0.6715945089757128,Mobile,1,1,0.00493827160493827,0.9901234567901236,0,0.00246913580246913,internal,0.08447729672650475,0,0.00950369588173178,0,0.5934530095036958,2025-03-14,2025-04-13,30,30.548387096774192,2
5bf87d92442082440339d43d7996e983,2025-11-25,2025-03-04T20:09:34Z,Mand,1970-02-13,2013-03-17,utm_campaign=Marts25&utm_content=B&utm_medium=content&utm_source=jp.dk,TRUE,TRUE,7,6,1,2025-03-04,2025-05-03,2,2,Tid,Ikke tid,2025-12-03,2025-11-25,266,180–270 dage,56,55–64,1,0,0,0,1085,555,214,172,0.3099099099099099,0.31486486486486487,0.6972972972972973,0.3027027027027027,555,30,214,263,209,0.3099099099099099,172,0.31486486486486487,0.23963963963963963,0.6036036036036037,Mobile,1,2,0,0.9959016393442623,0,0,internal,0.12972972972972974,0,0.0018018018018018,0,0.4882882882882883,2025-03-04,2025-04-03,30,18.5,4
5c270fa319642d25ce2f6304b565c516,2025-05-18,2025-03-16T19:47:10Z,Mand,1975-07-13,2020-03-06,utm_campaign=Marts25&utm_content=A&utm_medium=content&utm_source=jp.dk,FALSE,FALSE,1,1,0,2025-03-16,2025-05-15,0,0,Tid,Ikke tid,2025-11-15,2025-05-18,63,30–90 dage,50,45–54,1,0,0,1,277,194,103,69,0.3556701030927835,0.20747422680412372,1,0,194,30,103,106,101,0.3556701030927835,69,0.20747422680412372,0.10824742268041238,0.6907216494845361,Mobile,1,1,0,0.9906542056074766,0,0,internal,0.10309278350515463,0,0.00515463917525773,0,0.4484536082474227,2025-03-16,2025-04-15,30,6.466666666666667,4
5c9960179eb77654c0eb0c510067473f,2025-10-09,2025-03-09T07:44:48Z,Mand,1964-07-01,2022-10-16,utm_campaign=Basis_22&utm_content=HeaderButtonRaised&utm_medium=Matrice&utm_source=jp.dk,FALSE,FALSE,1,1,0,2025-03-09,2025-05-08,0,0,Økonomi,Pris,2025-11-08,2025-10-09,214,180–270 dage,61,55–64,1,0,0,0,274,399,168,98,0.24561403508771928,0.20300751879699247,0.5388471177944862,0.46115288220551376,399,29,168,177,165,0.24561403508771928,98,0.20300751879699247,0.09523809523809525,0.6716791979949874,Mobile,1,2,0,0.9949238578680204,0,0,internal,0.07017543859649122,0,0.0200501253132832,0,0.5388471177944862,2025-03-09,2025-04-08,30,13.758620689655173,4
5cefcaad01e8ec72faac4537f2ea715b,2025-03-24,2025-03-24T06:45:14Z,Mand,1971-02-27,2012-01-27,utm_campaign=Marts25&utm_content=B&utm_medium=content&utm_source=jp.dk,FALSE,TRUE,7,4,0,2025-03-24,2025-05-23,0,0,Andet,kunden ønsker ikke at oplyse,2025-05-23,2025-03-24,0,0–30 dage,55,55–64,0,1,0,0,695,377,167,147,0.38992042440318303,0.3978779840848806,0.5543766578249337,0.1246684350132626,377,28,167,240,161,0.38992042440318303,147,0.3978779840848806,0.3076923076923077,0.5251989389920424,Mobile,1,3,0.19658119658119655,0.6410256410256411,0,0,internal,0.10610079575596816,0,0.0026525198938992,0,0.246684350132626,2025-03-24,2025-04-23,30,13.464285714285714,2
5dda4e685600b3ae7b09836aca37d057,2025-04-08,2025-03-22T07:45:59Z,Kvinde,1982-04-24,2022-11-09,utm_campaign=Marts25&utm_content=A&utm_medium=content&utm_source=jp.dk,FALSE,FALSE,0,0,0,2025-03-22,2025-05-21,0,0,Tid,Ikke tid,2025-05-21,2025-04-08,17,0–30 dage,44,35–44,0,0,0,0,1,61,24,12,0.19672131147540983,0.3483606557377049,1,0,61,9,24,25,23,0.19672131147540983,12,0.3483606557377049,0.32786885245901637,0.639344262295082,Mobile,1,1,0,0.7049180327868853,0,0,internal,0.09836065573770492,0,0.01639344262295082,0,0.5901639344262295,2025-03-22,2025-04-21,30,6.777777777777778,1
5e0a5a0d407f199fbd20566d5903ac71,2025-04-02,2025-03-10T18:52:14Z,Mand,1979-01-16,2024-02-12,utm_campaign=Marts25&utm_content=A&utm_medium=content&utm_source=jp.dk,FALSE,FALSE,0,0,0,2025-03-10,2025-05-09,0,0,Andet,kunden ønsker ikke at oplyse,2025-05-09,2025-04-02,23,0–30 dage,47,45–54,0,0,0,0,1,77,26,12,0.15584415584415584,0.21103896103896103,1,0,77,12,26,32,22,0.15584415584415584,12,0.21103896103896105,0.14285714285714285,0.7272727272727273,Mobile,1,1,0.04651162790697674,0.8604651162790697,0,0.02325581395348837,internal,0.11688311688311688,0,0.06493506493506493,0,0.4935064935064935,2025-03-10,2025-04-07,28,6.416666666666667,4
5e3435da502300921632fa4d47c44202,2025-11-10,2025-03-11T09:51:08Z,Kvinde,1956-07-21,2025-03-11,utm_campaign=Marts25&utm_content=A&utm_medium=content&utm_source=jp.dk,FALSE,FALSE,0,0,0,2025-03-11,2025-05-10,0,0,Tid,Ikke tid,2025-11-10,2025-11-10,244,180–270 dage,69,65+,1,0,0,0,185,278,126,84,0.302158273381295,0.30305755395683454,0.935251798561151,0.06474820143884892,278,24,126,140,123,0.302158273381295,84,0.30305755395683454,0.2050359712230216,0.5899280575539568,Mobile,1,2,0,0.9819004524886876,0,0,internal,0.1079136690647482,0,0,0,0.30935251798561153,2025-03-11,2025-04-09,29,11.583333333333334,3
5e8af72025c9d68c8ca63ce6c5ae208c,2025-07-31,2025-03-03T10:26:42Z,Mand,1964-12-09,2018-05-02,utm_campaign=Marts25&utm_content=B&utm_medium=content&utm_source=jp.dk,FALSE,TRUE,4,3,2,2025-03-03,2025-05-02,1,1,Produkt,Redaktionelt indhold / holdning,2025-08-02,2025-07-31,150,90–180 dage,61,55–64,1,0,0,0,836,93,59,29,0.3118279569892473,0.4112903225806452,0,1,93,13,59,57,53,0.3118279569892473,29,0.4112903225806452,0.25806451612903225,0.4516129032258064,Computer,0,1,0.015625,0.953125,0,0.015625,internal,0.13978494623655913,0,0.02150537634408602,0,0.2903225806451613,2025-03-03,2025-04-02,30,7.153846153846154,4
5eb134a15957b96a04fdaa64d3990e0e,2025-05-04,2025-03-10T12:30:11Z,Mand,1945-07-21,2019-10-05,utm_campaign=Marts25&utm_content=B&utm_medium=content&utm_source=jp.dk,FALSE,TRUE,8,6,1,2025-03-10,2025-05-09,0,0,Økonomi,Pris,2025-05-09,2025-05-04,55,30–90 dage,80,65+,0,0,0,0,811,602,287,171,0.2840531561461794,0.3704318936877076,0,1,602,30,287,301,285,0.2840531561461794,171,0.3704318936877076,0.2757475083056478,0.5299003322259136,Computer,0,1,0,0.49666666666666665,0,0,unknown,0.09634551495016612,0,0.01495016611295681,0,0.4983388704318937,2025-03-10,2025-04-08,29,20.066666666666663,1
5ec9609c523d672d8c7b3cfc38b5cf8f,2025-05-31,2025-03-21T16:11:04Z,Kvinde,1973-04-16,2013-07-21,utm_campaign=Marts25&utm_content=sc_b&utm_medium=mail&utm_source=mail,TRUE,TRUE,14,3,11,2025-03-21,2025-05-20,0,0,Andet,kunden ønsker ikke at oplyse,2025-06-20,2025-05-31,71,30–90 dage,53,45–54,1,0,0,0,584,23,22,13,0.5652173913043478,0.6847826086956522,1,0,23,11,22,23,22,0.5652173913043478,13,0.6847826086956522,0.5217391304347826,0.13043478260869565,Mobile,1,1,0,0.2272727272727273,0,0.7272727272727273,social,0.2608695652173913,0,0,0,0,2025-03-23,2025-04-20,28,2.090909090909091,3
5f3f0dee1e07a275c13edeab81b5dc24,2026-02-10,2025-03-07T08:44:25Z,Mand,1955-05-31,2022-10-01,utm_campaign=Marts25&utm_content=b&utm_medium=mail&utm_source=mail,FALSE,TRUE,4,3,2,2025-03-07,2025-05-06,0,0,Økonomi,Pris,2026-08-06,2026-02-10,340,270–365 dage,70,65+,1,0,0,0,529,510,244,156,0.3058823529411765,0.3980392156862745,0.1,0,510,31,244,268,237,0.3058823529411765,156,0.3980392156862745,0.3058823529411765,0.5058823529411764,Tablet,0,2,0.003125,0.98125,0,0,internal,0.1,0,0.00588235294117647,0,0.43137254901960786,2025-03-07,2025-04-06,30,16.451612903225808,4
5f836a331a4fc102ed77a36472629aff,2025-10-23,2025-03-17T07:23:09Z,Mand,1983-09-13,2018-05-02,utm_campaign=Marts25&utm_content=A&utm_medium=content&utm_source=jp.dk,FALSE,FALSE,0,0,0,2025-03-17,2025-05-16,0,0,Produkt,Redaktionelt indhold / holdning,2025-11-16,2025-10-23,220,180–270 dage,42,35–44,1,0,0,0,185,16,9,2,0.125,0.28125,1,0,16,1,9,5,5,0.125,2,0.28125,0.25,0.625,Mobile,1,1,0,0.8666666666666667,0,0,internal,0.1875,0,0,0,0.375,2025-03-17,2025-03-17,0,16,3
5f9c3f215ecb6d25befc985b9c24beb3,2025-03-12,2025-03-10T15:36:42Z,Mand,1974-06-02,2020-01-26,utm_campaign=Basis_22&utm_content=HeaderButtonRaised&utm_medium=Matrice&utm_source=jp.dk,FALSE,TRUE,4,4,0,2025-03-10,2025-05-09,0,0,Økonomi,Pris,2025-05-09,2025-03-12,2,0–30 dage,51,45–54,0,1,0,0,640,322,104,59,0.18322981366459629,0.2080745341614907,1,0,322,31,104,116,102,0.18322981366459629,59,0.2080745341614907,0.11180124223602483,0.7049689440993789,Mobile,1,1,0,0.9747899159663864,0,0,internal,0.04347826086956521,0,0,0,0.6335403726708074,2025-03-10,2025-04-09,30,10.387096774193548,2
5fc6f61f405434f7c0044892d2bc8578,2025-10-30,2025-03-18T11:09:04Z,Mand,1969-12-27,2023-09-10,utm_campaign=Marts25&utm_content=A&utm_medium=content&utm_source=jp.dk,TRUE,TRUE,0,0,0,2025-03-18,2025-05-17,0,0,Tid,Ikke tid,2025-11-17,2025-10-30,226,180–270 dage,56,55–64,1,0,0,0,185,17,12,7,0.4117647058823529,0.5,0.11764705882352941,0.8823529411764706,17,3,12,8,8,0.4117647058823529,7,0.5,0.4117647058823529,0.29411764705882354,Computer,0,2,0.06666666666666667,0.7333333333333333,0,0,internal,0.0588235294117647,0,0,0,0.1176470588235294,2025-03-18,2025-03-25,7,5.666666666666667,4
6018d711be0ab2c0b733e52453da95a3,2025-07-14,2025-03-13T07:44:01Z,Kvinde,1951-04-20,2022-07-11,utm_campaign=Marts25&utm_content=A&utm_medium=content&utm_source=jp.dk,TRUE,FALSE,0,0,0,2025-03-13,2025-05-12,0,0,Andet,Ingen årsag – ingen tlf kontakt,2025-07-14,2025-07-14,123,90–180 dage,75,65+,1,0,0,0,63,5,4,4,0.8,0.45,1,0,5,2,4,4,3,0.8,4,0.45,0.4,0.4,Mobile,1,1,0,0.6,0,0,internal,0,0,0,0,0.2,2025-03-13,2025-03-14,1,2.5,3
607f4019185a2666418cd2bfd51ddb77,2025-06-06,2025-03-14T09:58:56Z,Mand,1961-06-28,2013-01-18,utm_campaign=Marts25&utm_content=A&utm_medium=content&utm_source=jp.dk,TRUE,TRUE,0,0,0,2025-03-14,2025-05-13,1,1,Tid,Ikke tid,2025-06-13,2025-06-06,84,30–90 dage,64,55–64,1,0,0,0,267,280,128,72,0.2571428571428571,0.38125,0.175,0.825,280,26,128,132,124,0.2571428571428571,72,0.38125,0.3,0.55,Computer,0,2,0.11351351351351352,0.8756756756756757,0,0,internal,0.075,0,0.00357142857142857,0,0.3964285714285714,2025-03-14,2025-04-13,30,10.76923076923077,4
6091f63e9313dc3e4146be31e293f445,2025-12-02,2025-03-12T13:25:54Z,Mand,1942-03-24,2018-05-02,utm_campaign=Marts25&utm_content=A&utm_medium=content&utm_source=jp.dk,FALSE,FALSE,0,0,0,2025-03-12,2025-05-11,3,3,Andet,kunden ønsker ikke at oplyse,2025-12-11,2025-12-02,265,180–270 dage,84,65+,1,0,0,0,215,47,41,23,0.48936170212765956,0.7021276595744681,0.14893617021276595,0.8085106382978723,47,19,41,43,39,0.4893617021276595,23,0.7021276595744681,0.6170212765957447,0.1702127659574468,Computer,0,3,0,0.8421052631578947,0,0,internal,0.1702127659574468,0,0,0,0.06382978723404255,2025-03-12,2025-04-11,30,2.473684210526316,4
60a0d1887cd106e7464a10a381ec3253,2025-04-22,2025-03-04T13:33:47Z,Kvinde,1952-05-06,2025-03-04,utm_campaign=Basis_22&utm_content=Footer&utm_medium=Matrice&utm_source=jp.dk,FALSE,FALSE,0,0,0,2025-03-04,2025-05-03,0,0,Andet,kunden ønsker ikke at oplyse,2025-05-03,2025-04-22,49,30–90 dage,73,65+,0,0,0,0,1,447,168,106,0.2371364653243848,0.30257270693512306,0.0022371364653243847,0.9798657718120806,447,31,168,200,165,0.2371364653243848,106,0.30257270693512306,0.2550335570469799,0.6420581655480985,Computer,0,3,0,0.9627659574468084,0,0,internal,0.09619686800894854,0,0.01565995525727069,0,0.5458612975391499,2025-03-04,2025-04-03,30,14.419354838709678,1
60b56255d3af837409ac85a30c69ed51,2025-05-24,2025-03-22T11:57:01Z,Kvinde,2024-01-18,2016-10-11,utm_campaign=Marts25&utm_content=sc_b&utm_medium=mail&utm_source=mail,TRUE,TRUE,9,2,7,2025-03-22,2025-05-21,1,2,Økonomi,Pris,2025-06-21,2025-05-24,63,30–90 dage,2,18–24,1,0,0,1,643,128,85,45,0.3515625,0.470703125,0.625,0.375,128,21,85,85,80,0.3515625,45,0.470703125,0.375,0.4296875,Mobile,1,2,0.21495327102803735,0.7757009345794392,0,0,internal,0.171875,0,0,0,0.1953125,2025-03-22,2025-04-21,30,6.095238095238095,3
6131759dabf5ee546602447d5770a54f,2025-03-05,2025-03-05T18:01:30Z,Kvinde,1972-10-27,2025-03-05,utm_campaign=Basis_22&utm_content=HeaderButtonRaised&utm_medium=Matrice&utm_source=jp.dk,TRUE,TRUE,0,0,0,2025-03-05,2025-05-04,0,0,Produkt,Redaktionelt indhold / holdning,2025-05-04,2025-03-05,0,0–30 dage,53,45–54,0,1,0,0,198,361,167,107,0.296398891966759,0.27977839335180055,0.013850415512465374,0.9861495844875346,361,30,167,186,166,0.296398891966759,107,0.27977839335180055,0.1883656509695291,0.6149584487534626,Computer,0,2,0.01030927835051546,0.9742268041237112,0,0,internal,0.10803324099722993,0,0.00554016620498615,0,0.48476454293628807,2025-03-05,2025-04-04,30,12.033333333333331,2
61423e0d9a8a1b3b06f4e29a0515c61b,2025-05-01,2025-03-03T14:48:07Z,Kvinde,1953-08-08,2020-07-07,utm_campaign=Basis_22&utm_content=HeaderButtonRaised&utm_medium=Matrice&utm_source=jp.dk,FALSE,FALSE,0,0,0,2025-03-03,2025-05-02,0,0,Andet,Ingen årsag – ingen tlf kontakt,2025-05-02,2025-05-01,59,30–90 dage,72,65+,0,0,0,0,1,3,3,0,0,0.3333333333333333,1,0,3,1,3,1,1,0,0,0.3333333333333333,0.3333333333333333,0.6666666666666666,Mobile,1,1,0,1,0,0,internal,0,0,0,0,0,2025-03-03,2025-03-03,0,3,1
61578793cf57b4e94b2a2bc108ad67f3,2025-12-10,2025-03-14T10:51:24Z,Kvinde,1970-11-19,2025-03-14,utm_campaign=Marts25&utm_content=A&utm_medium=content&utm_source=jp.dk,FALSE,FALSE,0,0,0,2025-03-14,2025-05-13,0,0,Tid,Ikke tid,2025-12-13,2025-12-10,271,270–365 dage,55,55–64,1,0,0,0,215,3,2,1,0.3333333333333333,0.8333333333333334,1,0,3,1,2,3,2,0.3333333333333333,1,0.8333333333333334,0.3333333333333333,0,Mobile,1,1,0,0,0,0.6666666666666666,social,1,0,0,0,0,2025-03-14,2025-03-14,0,3,3
617cf8c6d46a29f75c51b93c0fc42ef6,2026-03-22,2025-03-16T08:34:36Z,Ukendt,1945-10-05,2016-09-24,utm_campaign=Basis_22&utm_content=HeaderButtonRaised&utm_medium=Matrice&utm_source=jp.dk,TRUE,TRUE,2,0,0,2025-03-16,2025-05-15,0,0,Ukendt,Ukendt,2026-03-22,2026-03-22,371,365+ dage,80,65+,1,0,0,0,1817,174,94,70,0.40229885057471265,0.4238505747126437,0,1,174,28,94,106,93,0.40229885057471265,70,0.4238505747126437,0.3045977011494253,0.46551724137931033,Computer,0,1,0,0.9807692307692308,0,0,internal,0.09770114942528736,0,0.01149425287356321,0,0.39080459770114945,2025-03-16,2025-04-15,30,6.214285714285714,4
61a8d7545abeeae31cca4d7ea8adfbd5,2025-03-27,2025-03-17T09:05:31Z,Mand,1952-11-14,2018-05-02,utm_campaign=Marts25&utm_content=B&utm_medium=content&utm_source=jp.dk,FALSE,FALSE,1,1,0,2025-03-17,2025-05-16,0,0,Andet,kunden ønsker ikke at oplyse,2025-05-16,2025-03-27,10,0–30 dage,73,65+,0,0,0,0,155,605,222,147,0.24297520661157024,0.2359504132231405,0.6512396694214876,0.3487603305785124,605,28,222,256,219,0.24297520661157024,147,0.2359504132231405,0.12396694214876032,0.6743801652892562,Mobile,1,2,0,0.9609929078014184,0,0,internal,0.07272727272727272,0,0.00991735537190082,0,0.5669421487603306,2025-03-17,2025-04-16,30,21.607142857142858,1
61e16705d87a29017b7e46136c9e5756,2025-05-22,2025-03-14T22:46:55Z,Kvinde,1967-08-15,2013-05-21,utm_campaign=Basis_22&utm_content=HeaderButtonRaised&utm_medium=Matrice&utm_source=jp.dk,FALSE,TRUE,0,0,0,2025-03-14,2025-05-13,0,0,Andet,kunden ønsker ikke at oplyse,2025-06-13,2025-05-22,69,30–90 dage,58,55–64,1,0,0,1,256,13,9,5,0.38461538461538464,0.25,1,0,13,4,9,9,7,0.38461538461538464,5,0.25,0.15384615384615383,0.6923076923076923,Mobile,1,1,0,0.75,0,0,internal,0,0,0,0,0.15384615384615383,2025-03-15,2025-03-26,11,3.25,4
62883bbbeff3352d2f591e24ca154bed,2025-03-13,2025-03-10T07:49:34Z,Kvinde,1968-04-10,2012-02-03,utm_campaign=Marts25&utm_content=b&utm_medium=mail&utm_source=mail,TRUE,FALSE,16,8,6,2025-03-10,2025-05-09,0,0,Andet,kunden ønsker ikke at oplyse,2025-05-09,2025-03-13,3,0–30 dage,58,55–64,0,1,0,0,1319,72,47,30,0.4166666666666667,0.4583333333333333,0.125,0.875,72,16,47,50,46,0.4166666666666667,30,0.4583333333333333,0.3194444444444444,0.3888888888888889,Computer,0,2,0,0.8653846153846154,0,0.1346153846153846,internal,0.1388888888888889,0,0.01388888888888888,0,0.3055555555555556,2025-03-10,2025-04-09,30,4.5,2
62891d0bcc22360e6d25694b45cd0920,2025-04-29,2025-03-15T08:12:48Z,Mand,1963-12-22,2022-12-25,utm_campaign=Marts25&utm_content=A&utm_medium=content&utm_source=jp.dk,FALSE,FALSE,0,0,0,2025-03-15,2025-05-14,0,0,Tid,Ikke tid,2025-05-14,2025-04-29,45,30–90 dage,62,55–64,0,0,0,0,126,735,337,211,0.2870748299319728,0.2445578231292517,0.9292517006802721,0.0707482993197279,735,30,337,391,336,0.2870748299319728,211,0.2445578231292517,0.1129251700680272,0.6068027210884354,Mobile,1,2,0,0.9878345498783456,0,0,internal,0.1238095238095238,0,0,0,0.4680272108843538,2025-03-15,2025-04-14,30,24.5,1
62903f01a8b4d36801a30d3e3a61c26c,2025-06-27,2025-03-21T12:14:51Z,Mand,1968-12-04,2011-09-12,utm_campaign=Marts25&utm_medium=Weblayer&utm_source=jp.dk,FALSE,FALSE,2,2,0,2025-03-21,2025-05-20,0,0,Andet,kunden ønsker ikke at oplyse,2025-07-20,2025-06-27,98,90–180 dage,57,55–64,1,0,0,0,367,143,95,60,0.4195804195804196,0.548951048951049,0.8391608391608392,0.16083916083916083,143,19,95,105,94,0.4195804195804196,60,0.548951048951049,0.4545454545454546,0.3636363636363637,Mobile,1,2,0.01869158878504672,0.9252336448598132,0,0,internal,0.16083916083916083,0,0,0,0.26573426573426573,2025-03-21,2025-04-19,29,7.526315789473684,4
62a132e8a5279a11a7f4c84a775369c4,2025-07-07,2025-03-19T17:57:20Z,Mand,1990-08-06,2025-03-19,utm_campaign=Basis_22&utm_content=HeaderButtonRaised&utm_medium=Matrice&utm_source=jp.dk,FALSE,FALSE,0,0,0,2025-03-19,2025-05-18,0,0,Andet,RVS,2025-07-18,2025-07-07,110,90–180 dage,35,35–44,1,0,0,0,51,4,4,2,0.5,0.5,1,0,4,3,4,3,3,0.5,2,0.5,0.5,0.5,Mobile,1,1,0.25,0,0,0.25,unknown,0,0,0,0,0.25,2025-03-19,2025-03-22,3,1.3333333333333333,3
62d6f6fbb6b7aed51301d5204f735ac3,2025-04-19,2025-03-05T17:15:37Z,Kvinde,1958-03-22,2024-12-09,utm_campaign=Marts25&utm_content=a&utm_medium=mail&utm_source=mail,FALSE,TRUE,0,0,0,2025-03-05,2025-05-04,0,0,Tid,Ikke tid,2025-05-04,2025-04-19,45,30–90 dage,68,65+,0,0,0,0,15,137,63,38,0.2773722627737226,0.34124087591240876,0,0.9927007299270073,137,29,63,61,60,0.2773722627737226,38,0.34124087591240876,0.24817518248175183,0.5912408759124088,Computer,0,2,0.01515151515151515,0.9242424242424242,0,0,internal,0.072992700729927,0,0,0,0.5182481751824818,2025-03-05,2025-04-04,30,4.724137931034483,1
63129f2085412836335e4d26ddaa6ef5,2025-06-23,2025-03-05T16:13:38Z,Mand,1953-02-25,2021-07-17,utm_campaign=Marts25&utm_content=b&utm_medium=mail&utm_source=mail,TRUE,TRUE,6,4,3,2025-03-05,2025-05-04,0,0,Andet,Ingen årsag – ingen tlf kontakt,2025-07-04,2025-06-23,110,90–180 dage,73,65+,1,0,0,0,637,322,144,96,0.2981366459627329,0.327639751552795,0,0.9906832298136646,322,30,144,163,143,0.2981366459627329,96,0.327639751552795,0.2422360248447205,0.5714285714285714,Computer,0,2,0,0.9526627218934912,0,0,internal,0.12422360248447203,0,0.0031055900621118,0,0.4937888198757764,2025-03-05,2025-04-04,30,10.733333333333333,4
6323ed1aa67dc767d55d97846a20a59c,2025-09-17,2025-03-04T08:55:32Z,Mand,1954-04-22,2025-03-04,utm_campaign=Marts25&utm_content=A&utm_medium=content&utm_source=jp.dk,TRUE,TRUE,0,0,0,2025-03-04,2025-05-03,0,0,Andet,Administrativt,2025-09-19,2025-09-17,197,180–270 dage,72,65+,1,0,0,0,329,395,248,162,0.41012658227848103,0.49873417721518987,0,1,395,31,248,281,238,0.41012658227848103,162,0.49873417721518987,0.42278481012658226,0.4253164556962025,Computer,0,1,0.21282051282051281,0.782051282051282,0,0,internal,0.13670886075949368,0,0.05316455696202531,0,0.20253164556962025,2025-03-04,2025-04-03,30,12.741935483870968,4
6327de327a3d8f57a37c7462da321d07,2025-03-22,2025-03-11T12:58:44Z,Mand,2005-03-09,2025-03-11,utm_campaign=Basis_22&utm_content=HeaderButtonRaised&utm_medium=Matrice&utm_source=jp.dk,FALSE,FALSE,0,0,0,2025-03-11,2025-05-10,0,0,Produkt,Redaktionelt indhold / holdning,2025-05-10,2025-03-22,11,0–30 dage,21,18–24,0,0,0,0,1,8,3,2,0.25,0.21875,0.125,0.875,8,4,3,6,2,0.25,2,0.21875,0.125,0.625,Computer,0,2,0.25,0.5,0,0,internal,0,0,0,0,0.25,2025-03-11,2025-03-22,11,2,2
6329358de53bfa9dbc7d0f9fa5507d3f,2025-05-15,2025-03-21T10:23:36Z,Kvinde,1956-04-25,2019-01-05,utm_campaign=Marts25&utm_content=sc_b&utm_medium=mail&utm_source=mail,FALSE,TRUE,1,1,0,2025-03-21,2025-05-20,0,0,Tid,Ikke tid,2025-05-20,2025-05-15,55,30–90 dage,70,65+,0,0,0,0,396,19,18,9,0.47368421052631576,0.9210526315789473,1,0,19,12,18,19,18,0.47368421052631576,9,0.9210526315789472,0.8421052631578947,0.05263157894736842,Mobile,1,1,0,0.0588235294117647,0,0.1176470588235294,unknown,0.21052631578947367,0,0,0,0,2025-03-22,2025-04-16,25,1.5833333333333333,1
636b7d1b6d112fae9a3d0ef792410d65,2025-06-04,2025-03-17T09:19:27Z,Mand,1990-07-11,2022-05-02,utm_campaign=Marts25&utm_content=A&utm_medium=content&utm_source=jp.dk,FALSE,FALSE,0,0,0,2025-03-17,2025-05-16,0,0,Andet,Ingen årsag – ingen tlf kontakt,2025-06-03,2025-06-04,79,30–90 dage,35,35–44,1,0,0,0,19,2,2,1,0.5,0.5,0,1,2,1,2,2,2,0.5,1,0.5,0.5,0.5,Computer,0,1,0.5,0,0,0,search,1,0,0,0,0,2025-03-17,2025-03-17,0,2,3
63897b31c21845c2831f2e3500dd0275,2025-03-07,2025-03-05T21:11:26Z,Kvinde,1961-07-12,2022-09-22,utm_campaign=Marts25&utm_content=b&utm_medium=mail&utm_source=mail,FALSE,FALSE,1,1,0,2025-03-05,2025-05-04,0,0,Økonomi,Pris,2025-05-04,2025-03-07,2,0–30 dage,64,55–64,0,1,0,0,32,9,8,4,0.4444444444444444,0.5,1,0,9,3,8,7,7,0.4444444444444444,4,0.5,0.4444444444444444,0.4444444444444444,Mobile,1,1,0,0.6666666666666666,0,0,internal,0.4444444444444444,0,0,0,0.2222222222222222,2025-03-05,2025-03-23,18,3,2
6419c6782d3fc968cf4d6be103be44e4,2025-04-02,2025-03-05T11:24:43Z,Mand,1974-05-14,2013-01-06,utm_campaign=Marts25&utm_content=a&utm_medium=mail&utm_source=mail,TRUE,TRUE,11,7,2,2025-03-05,2025-05-04,0,0,Produkt,Redaktionelt indhold / holdning,2025-05-04,2025-04-02,28,0–30 dage,51,45–54,0,0,0,0,871,1076,393,233,0.21654275092936803,0.27555762081784385,1,0,1076,31,393,423,390,0.21654275092936803,233,0.27555762081784385,0.20353159851301111,0.662639405204461,Mobile,1,1,0,0.9929078014184396,0,0,internal,0.04925650557620818,0,0.01672862453531598,0,0.604089219330855,2025-03-05,2025-04-04,30,34.70967741935484,2
647b9a8e69e1823003b5351fa6ce97a8,2025-03-23,2025-03-22T22:22:15Z,Mand,1999-08-10,2025-03-22,utm_campaign=Marts25&utm_medium=Weblayer&utm_source=jp.dk,FALSE,FALSE,0,0,0,2025-03-22,2025-05-21,0,0,Andet,kunden ønsker ikke at oplyse,2025-05-21,2025-03-23,1,0–30 dage,26,25–34,0,1,0,0,1,11,8,3,0.2727272727272727,0.5,1,0,11,6,8,7,6,0.2727272727272727,3,0.5,0.4545454545454546,0.4545454545454546,Mobile,1,1,0,0.3,0,0.4,social,0.5454545454545454,0,0,0,0.2727272727272727,2025-03-22,2025-04-19,28,1.8333333333333333,2
64be7e486e1a7a9c0654c3ae81310447,2025-05-16,2025-03-22T14:08:55Z,Mand,1957-01-24,2016-03-28,utm_campaign=Marts25&utm_content=sc_b&utm_medium=mail&utm_source=mail,TRUE,TRUE,2,1,1,2025-03-22,2025-05-21,0,0,Andet,kunden ønsker ikke at oplyse,2025-05-21,2025-05-16,55,30–90 dage,69,65+,0,0,0,0,252,341,187,113,0.3313782991202346,0.3980938416422287,0.8826979472140762,0.11730205278592376,341,28,187,205,183,0.3313782991202346,113,0.3980938416422287,0.31085043988269795,0.5161290322580645,Mobile,1,2,0.0144927536231884,0.9746376811594204,0,0,internal,0.09090909090909093,0,0.00586510263929618,0,0.3607038123167155,2025-03-22,2025-04-21,30,12.178571428571429,1
64f71bebfa046a629b48594e23e6df3a,2025-11-13,2025-03-07T20:11:49Z,Kvinde,1960-01-14,2025-03-07,utm_campaign=Marts25&utm_content=B&utm_medium=content&utm_source=jp.dk,FALSE,FALSE,0,0,0,2025-03-07,2025-05-06,0,0,Andet,kunden ønsker ikke at oplyse,2025-12-06,2025-11-13,251,180–270 dage,66,65+,1,0,0,0,215,63,32,20,0.31746031746031744,0.36904761904761907,0.1746031746031746,0.8253968253968254,63,9,32,37,29,0.31746031746031744,20,0.369047619047619,0.2063492063492063,0.4444444444444444,Computer,0,2,0.1914893617021277,0.7446808510638298,0,0,internal,0.06349206349206349,0,0,0,0.380952380952381,2025-03-07,2025-04-05,29,7,3
651effcfa8f870250cb49c68e9507e90,2025-03-23,2025-03-23T15:08:41Z,Mand,1957-02-12,2020-11-09,utm_campaign=Marts25&utm_content=A&utm_medium=content&utm_source=jp.dk,FALSE,FALSE,0,0,0,2025-03-23,2025-05-22,0,0,Produkt,Redaktionelt indhold / holdning,2025-05-22,2025-03-23,0,0–30 dage,69,65+,0,1,0,0,1,64,40,18,0.28125,0.51953125,0,1,64,11,40,39,38,0.28125,18,0.51953125,0.46875,0.421875,Computer,0,1,0,0.9090909090909092,0,0.02272727272727272,internal,0.171875,0,0,0,0.375,2025-03-23,2025-04-20,28,5.818181818181818,2
6567c1ca05dde94aa6bb51004cdee9e3,2026-02-10,2025-03-10T05:15:28Z,Mand,1971-07-14,2015-05-31,utm_campaign=Marts25&utm_content=A&utm_medium=content&utm_source=jp.dk,FALSE,TRUE,2,0,1,2025-03-10,2025-05-09,0,0,Økonomi,Pris,2026-03-09,2026-02-10,337,270–365 dage,54,45–54,1,0,0,0,372,331,173,89,0.2688821752265861,0.37084592145015105,1,0,331,26,173,200,167,0.2688821752265861,89,0.37084592145015105,0.23867069486404835,0.5226586102719033,Mobile,1,1,0,0.9953271028037384,0,0,internal,0.11178247734138971,0,0,0,0.35347432024169184,2025-03-10,2025-04-09,30,12.73076923076923,4
65f384db2f6edd9e5206321ecfbcee33,2025-05-16,2025-03-21T18:20:27Z,Mand,1945-10-02,2022-03-04,utm_campaign=Marts25&utm_content=sc_a&utm_medium=mail&utm_source=mail,FALSE,TRUE,7,5,2,2025-03-21,2025-05-20,0,0,Andet,Ingen årsag – ingen tlf kontakt,2025-05-20,2025-05-16,56,30–90 dage,80,65+,0,0,0,0,1145,827,298,189,0.22853688029020555,0.2617896009673519,0,1,827,30,298,335,297,0.22853688029020555,189,0.2617896009673519,0.17654171704957675,0.652962515114873,Computer,0,1,0,0.9794117647058824,0,0,internal,0.06650544135429262,0,0.00241837968561064,0,0.5949214026602176,2025-03-21,2025-04-20,30,27.566666666666663,1
660fab39539b87b268e59b0d5cc6be74,2025-05-28,2025-03-10T10:38:09Z,Kvinde,2001-01-11,2024-08-13,utm_campaign=Marts25&utm_content=A&utm_medium=content&utm_source=jp.dk,FALSE,FALSE,0,0,0,2025-03-10,2025-05-09,0,0,Produkt,Redaktionelt indhold / holdning,2025-06-09,2025-05-28,79,30–90 dage,25,25–34,1,0,0,0,20,5,2,1,0.2,0.6,0,1,5,2,2,3,1,0.2,1,0.6,0.6,0.4,Computer,0,1,0.4,0.4,0,0,internal,0.6,0,0,0,0.4,2025-03-10,2025-03-11,1,2.5,3
66104ab0613a2f9088b1df33c38dbc59,2025-05-10,2025-03-16T07:18:28Z,Kvinde,1994-01-24,2025-03-16,utm_campaign=Basis_22&utm_content=HeaderButtonRaised&utm_medium=Matrice&utm_source=jp.dk,FALSE,FALSE,0,0,0,2025-03-16,2025-05-15,0,0,Produkt,Redaktionelt indhold / holdning,2025-05-15,2025-05-10,55,30–90 dage,32,25–34,0,0,0,0,1,6,2,0,0,0.16666666666666666,1,0,6,2,2,1,1,0,0,0.16666666666666666,0.16666666666666666,0.8333333333333334,Mobile,1,1,0,0.8333333333333334,0,0,internal,0.16666666666666666,0,0,0,0.8333333333333334,2025-03-16,2025-03-17,1,3,1
669659f0772f96da0bac4f84b1ff696d,2025-12-10,2025-03-05T14:44:44Z,Mand,1956-07-11,2012-03-11,utm_campaign=Marts25&utm_content=a&utm_medium=mail&utm_source=mail,TRUE,TRUE,3,1,2,2025-03-05,2025-05-04,0,0,Tid,Ikke tid,2026-01-04,2025-12-10,280,270–365 dage,69,65+,1,0,0,0,1770,141,70,42,0.2978723404255319,0.4627659574468085,0,1,141,19,70,74,69,0.2978723404255319,42,0.4627659574468085,0.3829787234042553,0.4893617021276595,Computer,0,1,0,0.948051948051948,0,0,internal,0.0851063829787234,0,0.02127659574468085,0,0.475177304964539,2025-03-05,2025-04-04,30,7.421052631578948,4
66c688595e2ec62dcbd9fe7d840d3ce1,2025-09-24,2025-03-22T10:09:56Z,Mand,1967-06-21,2025-03-22,utm_campaign=Marts25&utm_content=B&utm_medium=content&utm_source=jp.dk,TRUE,TRUE,0,0,0,2025-03-22,2025-05-21,0,0,Andet,RVS,2025-09-23,2025-09-24,186,180–270 dage,58,55–64,1,0,0,0,126,26,13,5,0.19230769230769232,0.2692307692307692,0.038461538461538464,0.9615384615384616,26,5,13,12,12,0.19230769230769232,5,0.2692307692307692,0.1153846153846154,0.5384615384615384,Computer,0,2,0,0.8846153846153846,0,0,internal,0.03846153846153846,0,0,0,0.5384615384615384,2025-03-22,2025-04-09,18,5.2,4
66e531018b3b999d38f0894511a6a6e0,2025-06-26,2025-03-19T15:30:47Z,Kvinde,1987-01-04,2015-10-02,utm_campaign=Marts25&utm_medium=Weblayer&utm_source=jp.dk,FALSE,FALSE,0,0,0,2025-03-19,2025-05-18,0,0,Tid,Ikke tid,2025-07-18,2025-06-26,99,90–180 dage,39,35–44,1,0,0,0,62,24,7,3,0.125,0.19791666666666666,0.375,0.625,24,6,7,15,5,0.125,3,0.19791666666666663,0.125,0.6666666666666666,Computer,0,2,0.1111111111111111,0.7222222222222222,0,0.05555555555555555,internal,0,0,0,0,0.3333333333333333,2025-03-19,2025-04-09,21,4,3
66f57e32e0c74a2c96496546c59b27d6,2025-05-19,2025-03-22T04:18:05Z,Ukendt,1972-12-05,2013-05-21,utm_campaign=Marts25&utm_content=B&utm_medium=content&utm_source=jp.dk,FALSE,FALSE,1,0,1,2025-03-22,2025-05-21,0,0,Andet,Ingen årsag – ingen tlf kontakt,2025-05-21,2025-05-19,58,30–90 dage,53,45–54,0,0,0,0,22,254,84,57,0.22440944881889763,0.21358267716535434,1,0,254,29,84,101,81,0.22440944881889763,57,0.2135826771653543,0.14566929133858267,0.7047244094488189,Mobile,1,1,0,0.9912280701754386,0,0,internal,0.05511811023622047,0,0,0,0.5551181102362205,2025-03-22,2025-04-21,30,8.758620689655173,4
672c3edfb76ea64fa63a475a6f3f835d,2025-07-31,2025-03-20T17:37:29Z,Kvinde,1958-11-21,2025-03-20,utm_campaign=Marts25&utm_content=A&utm_medium=content&utm_source=jp.dk,TRUE,TRUE,0,0,0,2025-03-20,2025-05-19,0,0,Tid,Ikke tid,2025-08-19,2025-07-31,133,90–180 dage,67,65+,1,0,0,0,93,12,9,6,0.5,0.5625,1,0,12,5,9,9,8,0.5,6,0.5625,0.4166666666666667,0.3333333333333333,Mobile,1,1,0,0.18181818181818185,0,0.09090909090909093,unknown,0.5,0,0,0,0.25,2025-03-20,2025-04-12,23,2.4,3
673614cb7aa6ff9045d6a6da7911a1eb,2025-05-27,2025-03-09T16:07:04Z,Mand,1965-05-23,2013-10-26,utm_campaign=Marts25&utm_medium=Matrice&utm_source=jp.dk,FALSE,TRUE,3,2,0,2025-03-09,2025-05-08,0,0,Andet,Ingen årsag – ingen tlf kontakt,2025-05-26,2025-05-27,79,30–90 dage,60,55–64,1,0,0,0,559,7,6,1,0.14285714285714285,0.32142857142857145,1,0,7,3,6,4,4,0.14285714285714285,1,0.32142857142857145,0.2857142857142857,0.5714285714285714,Mobile,1,1,0,1,0,0,internal,0.2857142857142857,0,0,0,0.2857142857142857,2025-03-09,2025-03-20,11,2.3333333333333335,4
6739966e381899913b6e47129d7677b9,2026-01-26,2025-03-24T09:01:31Z,Mand,1966-03-13,2012-06-24,utm_campaign=Marts25&utm_content=A&utm_medium=content&utm_source=jp.dk,FALSE,TRUE,2,1,0,2025-03-24,2025-05-23,5,5,Tid,Ikke tid,2026-02-23,2026-01-26,308,270–365 dage,60,55–64,1,0,0,0,429,34,15,11,0.3235294117647059,0.35294117647058826,0.23529411764705882,0.7647058823529411,34,14,15,14,14,0.3235294117647059,11,0.35294117647058826,0.2647058823529412,0.5882352941176471,Computer,0,2,0,0.75,0,0,internal,0.1176470588235294,0,0,0,0.5882352941176471,2025-03-24,2025-04-21,28,2.4285714285714284,4
677850815754ae05e51e9d6d395d574f,2025-03-11,2025-03-11T06:46:27Z,Mand,1975-11-06,2018-12-28,utm_campaign=Marts25&utm_content=A&utm_medium=content&utm_source=jp.dk,FALSE,FALSE,1,1,0,2025-03-11,2025-05-10,0,0,Salg,Tidsbestemt / kampagneløb,2025-05-10,2025-03-11,0,0–30 dage,50,45–54,0,1,0,0,336,503,189,130,0.2584493041749503,0.21769383697813122,0.7673956262425448,0.23260437375745527,503,31,189,228,184,0.2584493041749503,130,0.2176938369781312,0.1172962226640159,0.6660039761431411,Mobile,1,2,0.08333333333333333,0.8712121212121212,0,0,internal,0.08349900596421471,0,0.00397614314115308,0,0.5387673956262425,2025-03-11,2025-04-10,30,16.225806451612904,2
679422c87961c3b866fc52150781731d,2025-04-10,2025-03-10T08:02:47Z,Kvinde,1961-12-31,2013-05-20,utm_campaign=Basis_22&utm_content=MegaMenu&utm_medium=Matrice&utm_source=jp.dk,FALSE,FALSE,1,0,1,2025-03-10,2025-05-09,0,0,Økonomi,Pris,2025-05-09,2025-04-10,31,30–90 dage,64,55–64,0,0,0,0,8,179,59,48,0.2681564245810056,0.16899441340782123,1,0,179,21,59,80,58,0.2681564245810056,48,0.16899441340782123,0.05586592178770949,0.6927374301675978,Mobile,1,1,0,0.9866666666666668,0,0,internal,0.0670391061452514,0,0,0,0.553072625698324,2025-03-10,2025-04-08,29,8.523809523809524,1
67d63442a6872a7d0c8c9c556222efb3,2025-05-19,2025-03-21T08:12:36Z,Kvinde,1950-02-14,2023-01-08,utm_campaign=Marts25&utm_content=sc_b&utm_medium=mail&utm_source=mail,TRUE,TRUE,0,0,0,2025-03-21,2025-05-20,0,1,Økonomi,Pris,2025-05-20,2025-05-19,59,30–90 dage,76,65+,0,0,0,0,165,651,272,194,0.2980030721966206,0.2672811059907834,0.019969278033794162,0.9216589861751152,651,31,272,335,267,0.2980030721966206,194,0.2672811059907834,0.14746543778801843,0.5975422427035331,Computer,0,3,0.03095975232198142,0.8699690402476781,0,0.08359133126934984,internal,0.15053763440860216,0,0.00768049155145929,0,0.47772657450076805,2025-03-21,2025-04-20,30,21,1
683f34302ed1e312582a6257135ad7ac,2026-02-17,2025-03-16T11:25:56Z,Mand,1956-08-30,2018-10-01,utm_campaign=Marts25&utm_content=B&utm_medium=content&utm_source=jp.dk,TRUE,TRUE,8,5,0,2025-03-16,2025-05-15,0,0,Tid,Ikke tid,2026-03-15,2026-02-17,338,270–365 dage,69,65+,1,0,0,0,1344,648,249,149,0.22993827160493827,0.2847222222222222,0,1,648,31,249,263,247,0.2299382716049383,149,0.2847222222222222,0.1882716049382716,0.625,Computer,0,1,0,0.9966101694915256,0,0,internal,0.08641975308641975,0,0.00617283950617283,0,0.5910493827160493,2025-03-16,2025-04-15,30,20.903225806451612,4
68732262f5ce69c23aeaa985fd1ca61b,2025-05-28,2025-03-14T03:14:23Z,Kvinde,1967-02-14,2022-09-05,utm_campaign=Marts25&utm_content=b&utm_medium=mail&utm_source=mail,FALSE,TRUE,2,2,2,2025-03-14,2025-05-13,0,0,Andet,kunden ønsker ikke at oplyse,2025-06-13,2025-05-28,75,30–90 dage,59,55–64,1,0,0,0,152,111,82,51,0.4594594594594595,0.545045045045045,0,1,111,12,82,85,79,0.4594594594594595,51,0.545045045045045,0.4864864864864865,0.36036036036036034,Computer,0,1,0.01098901098901099,0.967032967032967,0,0,internal,0.18018018018018017,0,0,0,0.21621621621621623,2025-03-14,2025-04-10,27,9.25,1
68cc004add6d16311514269355dfd910,2025-03-12,2025-03-11T10:59:52Z,Mand,1989-01-13,2025-03-11,utm_campaign=Marts25&utm_content=B&utm_medium=content&utm_source=jp.dk,FALSE,FALSE,0,0,0,2025-03-11,2025-05-10,0,0,Tid,Ikke tid,2025-05-10,2025-03-12,1,0–30 dage,37,35–44,0,1,0,0,1,12,4,5,0.4166666666666667,0.20833333333333334,0.16666666666666666,0.8333333333333334,12,2,4,8,3,0.4166666666666667,5,0.20833333333333337,0.16666666666666666,0.6666666666666666,Computer,0,2,0,0.625,0,0,internal,0.3333333333333333,0,0,0,0.3333333333333333,2025-03-11,2025-03-12,1,6,2
68f122f11bd427db445b55d31d330b93,2025-07-08,2025-03-23T22:00:27Z,Mand,1974-09-26,2021-09-23,utm_campaign=Marts25&utm_content=sc_a&utm_medium=mail&utm_source=mail,FALSE,TRUE,9,6,3,2025-03-23,2025-05-23,0,0,Andet,kunden ønsker ikke at oplyse,2025-07-31,2025-07-08,107,90–180 dage,51,45–54,1,0,0,0,904,131,57,43,0.3282442748091603,0.3301526717557252,0.9770992366412213,0.022900763358778626,131,7,57,68,56,0.3282442748091603,43,0.3301526717557252,0.2748091603053435,0.6106870229007634,Mobile,1,2,0,0.9726027397260274,0,0,internal,0.12213740458015268,0,0,0,0.4809160305343512,2025-04-16,2025-04-22,6,18.714285714285715,4
69bd53d9aabb419a60a4d017008fa7f4,2025-03-06,2025-03-05T16:43:28Z,Mand,1957-03-29,2021-12-31,utm_campaign=Marts25&utm_content=b&utm_medium=mail&utm_source=mail,FALSE,FALSE,1,1,1,2025-03-05,2025-05-04,1,1,Andet,kunden ønsker ikke at oplyse,2025-05-04,2025-03-06,1,0–30 dage,69,65+,0,1,0,0,312,629,213,113,0.17965023847376788,0.20508744038155802,0,1,629,31,213,201,181,0.17965023847376788,113,0.205087440381558,0.14467408585055644,0.7233704292527822,Computer,0,1,0.3241252302025783,0.6629834254143646,0,0,internal,0.05405405405405406,0,0.01430842607313195,0,0.40540540540540543,2025-03-05,2025-04-04,30,20.29032258064516,2
6ac41ca81c8a5b763cfdc15ca1db45ab,2025-03-15,2025-03-12T16:20:43Z,Kvinde,1973-12-22,2012-12-23,utm_campaign=Marts25&utm_content=A&utm_medium=content&utm_source=jp.dk,FALSE,FALSE,5,2,0,2025-03-12,2025-05-11,5,5,Andet,kunden ønsker ikke at oplyse,2025-05-11,2025-03-15,3,0–30 dage,52,45–54,0,1,0,0,1478,89,32,24,0.2696629213483146,0.31179775280898875,0,1,89,25,32,35,31,0.2696629213483146,24,0.31179775280898875,0.2247191011235955,0.6067415730337079,Computer,0,1,0,1,0,0,internal,0.10112359550561796,0,0.01123595505617977,0,0.6067415730337079,2025-03-12,2025-04-11,30,3.56,2
6b127ea1d52e08eaeb4a25097d1c35b7,2025-04-10,2025-03-12T09:43:54Z,Mand,1956-07-25,2021-10-12,utm_campaign=Basis_22&utm_content=HeaderButtonRaised&utm_medium=Matrice&utm_source=jp.dk,FALSE,TRUE,4,3,3,2025-03-12,2025-05-11,0,0,Andet,kunden ønsker ikke at oplyse,2025-05-11,2025-04-10,29,0–30 dage,69,65+,0,0,0,0,92,489,187,121,0.2474437627811861,0.2198364008179959,1,0,489,27,187,210,183,0.2474437627811861,121,0.2198364008179959,0.077709611451942745,0.6441717791411042,Mobile,1,1,0.5635245901639344,0.4344262295081967,0,0,search,0.07157464212678936,0,0.00408997955010225,0,0.5603271983640081,2025-03-12,2025-04-10,29,18.11111111111111,2
6b97216a6178c74405357c7296debf76,2025-04-29,2025-03-22T08:13:13Z,Kvinde,1955-06-25,2018-03-18,utm_campaign=Marts25&utm_content=sc_a&utm_medium=mail&utm_source=mail,FALSE,TRUE,12,6,6,2025-03-22,2025-05-21,0,0,Tid,Ikke tid,2025-05-21,2025-04-29,38,30–90 dage,70,65+,0,0,0,0,1061,8,1,0,0,0,0,1,8,6,1,0,0,0,0,0,0,1,Computer,0,1,0,0.5,0,0,internal,0,0,0,0,1,2025-03-22,2025-04-08,17,1.3333333333333333,1
6ba9456f4ffcca24b723d294a3eb77dd,2025-04-21,2025-03-09T21:53:32Z,Kvinde,1961-01-31,2022-12-29,utm_campaign=Marts25&utm_content=A&utm_medium=content&utm_source=jp.dk,FALSE,FALSE,0,0,0,2025-03-09,2025-05-08,0,0,Tid,Ikke tid,2025-05-08,2025-04-21,43,30–90 dage,65,65+,0,0,0,0,1,2,2,1,0.5,0.875,1,0,2,1,2,2,2,0.5,1,0.875,0.5,0,Mobile,1,1,0,0,0,0,unknown,1,0,0,0,0,2025-03-12,2025-03-12,0,2,1
6badcc2cd2b644e876ce5b50ee71795b,2025-04-04,2025-03-09T09:42:03Z,Mand,1965-01-30,2020-09-10,utm_campaign=Marts25&utm_content=A&utm_medium=content&utm_source=jp.dk,FALSE,FALSE,7,3,4,2025-03-09,2025-05-08,0,0,Produkt,Redaktionelt indhold / holdning,2025-05-08,2025-04-04,26,0–30 dage,61,55–64,0,0,0,0,376,620,196,117,0.18870967741935485,0.19879032258064516,0.5129032258064516,0.4870967741935484,620,29,196,212,193,0.18870967741935485,117,0.19879032258064516,0.13548387096774195,0.7209677419354839,Mobile,1,2,0,0.9904306220095692,0,0,internal,0.07741935483870968,0,0.00967741935483871,0,0.6548387096774193,2025-03-09,2025-04-08,30,21.379310344827587,2
6bd0f400ff4d5f60356a683f2b2ead41,2026-01-12,2025-03-08T12:13:30Z,Mand,1965-02-18,2025-03-08,utm_campaign=Marts25&utm_content=B&utm_medium=content&utm_source=jp.dk,FALSE,FALSE,0,0,0,2025-03-08,2025-05-07,0,0,Tid,Ikke tid,2026-02-07,2026-01-12,310,270–365 dage,61,55–64,1,0,0,0,277,211,102,44,0.20853080568720378,0.3234597156398104,0,1,211,24,102,96,93,0.20853080568720375,44,0.3234597156398104,0.2132701421800948,0.5829383886255924,Computer,0,1,0,0.9316239316239316,0,0,internal,0.09004739336492891,0,0.00473933649289099,0,0.4928909952606635,2025-03-08,2025-04-07,30,8.791666666666666,4
6be1f70d713e332f19221af13f05290a,2025-03-23,2025-03-19T15:20:00Z,Mand,1969-09-12,2016-08-17,utm_campaign=Marts25&utm_medium=Weblayer&utm_source=jp.dk,FALSE,FALSE,7,5,2,2025-03-19,2025-05-18,0,0,Andet,kunden ønsker ikke at oplyse,2025-05-18,2025-03-23,4,0–30 dage,56,55–64,0,0,0,0,598,115,59,41,0.3565217391304348,0.3391304347826087,1,0,115,15,59,69,58,0.3565217391304348,41,0.3391304347826087,0.2,0.5304347826086957,Mobile,1,1,0,0.9305555555555556,0,0,internal,0.1826086956521739,0,0.00869565217391304,0,0.4,2025-03-19,2025-04-17,29,7.666666666666667,1
6bea216a1e3d25a48f391aff36d22901,2025-04-30,2025-03-10T18:32:05Z,Mand,1956-11-10,2012-06-07,utm_campaign=Marts25&utm_content=B&utm_medium=content&utm_source=jp.dk,TRUE,TRUE,16,4,11,2025-03-10,2025-05-09,0,0,Økonomi,Pris,2025-05-09,2025-04-30,51,30–90 dage,69,65+,0,0,0,0,739,182,89,57,0.3131868131868132,0.41620879120879123,1,0,182,22,89,117,88,0.3131868131868132,57,0.4162087912087912,0.3241758241758242,0.5054945054945055,Mobile,1,1,0.01626016260162601,0.975609756097561,0,0,internal,0.16483516483516483,0,0,0,0.35714285714285715,2025-03-10,2025-04-09,30,8.272727272727273,1
6c710b9263533c42dfaa2082413210c3,2025-06-26,2025-03-07T08:14:08Z,Mand,1973-03-02,2022-03-04,utm_campaign=Marts25&utm_content=A&utm_medium=content&utm_source=jp.dk,FALSE,FALSE,1,0,1,2025-03-07,2025-05-06,0,0,Tid,Ikke tid,2025-07-06,2025-06-26,111,90–180 dage,53,45–54,1,0,0,0,69,35,22,12,0.34285714285714286,0.4,1,0,35,5,22,28,21,0.34285714285714286,12,0.4,0.22857142857142856,0.4857142857142857,Mobile,1,1,0,0.9,0,0,internal,0,0,0,0,0.2,2025-03-07,2025-03-16,9,7,4
6c925b49b5a96735146e5ff5aa0d32ff,2025-10-31,2025-03-06T09:14:04Z,Mand,1957-04-25,2022-09-29,utm_campaign=Marts25&utm_content=b&utm_medium=mail&utm_source=mail,FALSE,TRUE,1,1,0,2025-03-06,2025-05-05,0,0,Økonomi,Pris,2025-11-05,2025-10-31,239,180–270 dage,69,65+,1,0,0,0,290,216,91,55,0.25462962962962965,0.375,0,1,216,15,91,92,90,0.25462962962962965,55,0.375,0.3101851851851852,0.5740740740740741,Computer,0,1,0,0.989247311827957,0,0,internal,0.09722222222222222,0,0.00925925925925925,0,0.5740740740740741,2025-03-06,2025-03-23,17,14.4,4
6cf4559158ca6f6a6ca07cfc319774a3,2025-12-01,2025-03-21T10:30:19Z,Mand,1964-01-08,2025-03-21,utm_campaign=Marts25&utm_medium=Weblayer&utm_source=jp.dk,FALSE,FALSE,0,0,0,2025-03-21,2025-05-20,0,0,Produkt,Redaktionelt indhold / holdning,2025-12-20,2025-12-01,255,180–270 dage,62,55–64,1,0,0,0,215,277,131,68,0.24548736462093862,0.34386281588447654,0.6823104693140795,0.3176895306859206,277,28,131,133,130,0.24548736462093865,68,0.34386281588447654,0.2527075812274368,0.5776173285198556,Mobile,1,2,0,0.9757085020242916,0,0,internal,0.07581227436823104,0,0,0,0.51985559566787,2025-03-21,2025-04-20,30,9.892857142857142,4
6d65f77c4bce56087d22a22a734f493c,2026-03-14,2025-03-05T15:26:45Z,Mand,1964-05-31,2022-03-21,utm_campaign=Marts25&utm_content=b&utm_medium=mail&utm_source=mail,FALSE,TRUE,7,5,1,2025-03-05,2025-05-04,0,0,Økonomi,Pris,2026-01-04,2026-03-14,374,365+ dage,61,55–64,1,0,0,0,985,64,40,25,0.390625,0.42578125,0,1,64,10,40,42,35,0.390625,25,0.42578125,0.296875,0.453125,Computer,0,1,0,0.9636363636363636,0,0,internal,0.109375,0,0.015625,0,0.21875,2025-03-05,2025-04-03,29,6.4,4
6d8714d39b892dfb0983c38baf79e278,2025-03-10,2025-03-08T07:01:27Z,Kvinde,1989-09-02,2025-03-08,utm_campaign=Marts25&utm_content=B&utm_medium=content&utm_source=jp.dk,FALSE,FALSE,0,0,0,2025-03-08,2025-05-07,0,0,Produkt,Redaktionelt indhold / holdning,2025-05-07,2025-03-10,2,0–30 dage,36,35–44,0,1,0,0,1,18,8,9,0.5,0.5138888888888888,0,1,18,8,8,16,7,0.5,9,0.5138888888888888,0.4444444444444444,0.2777777777777778,Computer,0,1,0.3636363636363637,0.09090909090909093,0,0.3636363636363637,search,0,0,0,0,0.1111111111111111,2025-03-08,2025-03-28,20,2.25,2
6da9c812091932fced96420eab2919f7,2025-11-28,2025-03-14T11:03:09Z,Kvinde,1981-02-08,2012-03-29,utm_campaign=Marts25&utm_content=B&utm_medium=content&utm_source=jp.dk,FALSE,FALSE,0,0,0,2025-03-14,2025-05-13,1,1,Tid,Ikke tid,2025-12-13,2025-11-28,259,180–270 dage,45,45–54,1,0,0,0,215,78,45,27,0.34615384615384615,0.358974358974359,0.8333333333333334,0.16666666666666666,78,12,45,50,44,0.34615384615384615,27,0.358974358974359,0.19230769230769232,0.47435897435897434,Mobile,1,2,0,0.9714285714285714,0,0,internal,0.10256410256410256,0,0,0,0.358974358974359,2025-03-14,2025-04-13,30,6.5,3
6de367620679c429ff462d9a576b2c18,2025-06-24,2025-03-21T10:53:40Z,Kvinde,2005-08-04,2024-01-14,utm_campaign=Marts25&utm_content=A&utm_medium=content&utm_source=jp.dk,TRUE,TRUE,0,0,0,2025-03-21,2025-05-20,0,0,Andet,RVS,2025-06-23,2025-06-24,95,90–180 dage,20,18–24,1,0,0,0,35,3,3,1,0.3333333333333333,0.3333333333333333,0,1,3,1,3,1,1,0.3333333333333333,1,0.3333333333333333,0.3333333333333333,0.6666666666666666,Computer,0,1,0,0.6666666666666666,0,0,internal,0.3333333333333333,0,0,0,0.3333333333333333,2025-03-21,2025-03-21,0,3,3
6e0aa1e08827251ef1efacbc4b157402,2025-07-29,2025-03-15T10:38:38Z,Mand,2000-05-05,2024-10-12,utm_campaign=Basis_22&utm_content=HeaderButtonRaised&utm_medium=Matrice&utm_source=jp.dk,FALSE,FALSE,1,1,0,2025-03-15,2025-05-14,0,0,Økonomi,Pris,2025-11-14,2025-07-29,136,90–180 dage,25,25–34,1,0,0,0,290,414,241,160,0.3864734299516908,0.427536231884058,0.8333333333333334,0.16666666666666666,414,31,241,262,239,0.3864734299516908,160,0.427536231884058,0.3164251207729469,0.48792270531400966,Mobile,1,2,0.00671140939597315,0.976510067114094,0,0,internal,0.16183574879227053,0,0.00483091787439613,0,0.3647342995169082,2025-03-15,2025-04-14,30,13.35483870967742,3
6ecb28b84d3a784429d89cdd1bf707e8,2025-03-28,2025-03-07T08:23:57Z,Mand,1962-05-15,2022-12-01,utm_campaign=Marts25&utm_content=b&utm_medium=mail&utm_source=mail,FALSE,TRUE,1,1,0,2025-03-07,2025-05-06,0,0,Tid,Ikke tid,2025-05-06,2025-03-28,21,0–30 dage,63,55–64,0,0,0,0,261,15,7,3,0.2,0.31666666666666665,0.13333333333333333,0.8666666666666667,15,9,7,4,4,0.2,3,0.31666666666666665,0.26666666666666666,0.6,Computer,0,2,0.26666666666666666,0.3333333333333333,0,0,unknown,0.13333333333333333,0,0,0,0.6,2025-03-07,2025-04-05,29,1.6666666666666667,1
6ece8933e5f45d1de309cedd5af97e5a,2025-06-17,2025-03-12T21:35:29Z,Kvinde,1958-12-26,2025-03-12,utm_campaign=Marts25&utm_content=B&utm_medium=content&utm_source=jp.dk,FALSE,FALSE,0,0,0,2025-03-12,2025-05-11,0,0,Andet,Ingen årsag – ingen tlf kontakt,2025-07-11,2025-06-17,97,90–180 dage,67,65+,1,0,0,0,62,2,2,1,0.5,0.5,1,0,2,1,2,1,1,0.5,1,0.5,0.5,0.5,Mobile,1,1,0,0,0,0,unknown,0,0,0,0,0.5,2025-03-12,2025-03-12,0,2,3
6ee037905fee692858240685220213be,2025-08-21,2025-03-21T21:27:27Z,Mand,1959-11-04,2015-03-29,utm_campaign=Marts25&utm_content=A&utm_medium=content&utm_source=jp.dk,FALSE,FALSE,0,0,0,2025-03-21,2025-05-20,0,0,Produkt,Redaktionelt indhold / holdning,2025-09-20,2025-08-21,153,90–180 dage,66,65+,1,0,0,0,124,5,5,3,0.6,1,0,1,5,5,5,4,4,0.6,3,1,1,0,Computer,0,1,0.4,0,0,0.4,search,0.4,0,0,0,0,2025-03-21,2025-04-12,22,1,4
7052d949d939fc804724f9706d031f04,2025-05-21,2025-03-23T12:17:43Z,Mand,1956-03-26,2021-06-05,utm_campaign=Marts25&utm_content=sc_b&utm_medium=mail&utm_source=mail,TRUE,TRUE,10,5,5,2025-03-23,2025-05-22,0,0,Tid,Ikke tid,2025-05-22,2025-05-21,59,30–90 dage,70,65+,0,0,0,0,557,177,69,41,0.23163841807909605,0.2443502824858757,1,0,177,22,69,73,65,0.23163841807909605,41,0.2443502824858757,0.14124293785310735,0.6497175141242938,Mobile,1,1,0,0.9629629629629628,0,0,internal,0.1016949152542373,0,0.01694915254237288,0,0.5480225988700564,2025-03-23,2025-04-22,30,8.045454545454545,1
7069e5b21f83398d49d36fb52ecc23a7,2025-03-07,2025-03-07T19:38:14Z,Mand,1974-01-14,2025-03-07,utm_campaign=Marts25&utm_content=B&utm_medium=content&utm_source=jp.dk,FALSE,TRUE,0,0,0,2025-03-07,2025-05-06,0,0,Produkt,Redaktionelt indhold / holdning,2025-05-06,2025-03-07,0,0–30 dage,52,45–54,0,1,0,0,1,91,45,38,0.4175824175824176,0.37362637362637363,0.9560439560439561,0.04395604395604396,91,19,45,64,43,0.4175824175824176,38,0.3736263736263736,0.26373626373626374,0.5274725274725275,Mobile,1,2,0,0.8695652173913043,0,0,internal,0.2967032967032967,0,0.03296703296703297,0,0.2857142857142857,2025-03-07,2025-04-06,30,4.7894736842105265,2
7080837382b57577727af45c00841473,2025-03-21,2025-03-13T09:04:26Z,Mand,1961-09-13,2018-03-26,utm_campaign=Basis_22&utm_content=HeaderButtonRaised&utm_medium=Matrice&utm_source=jp.dk,TRUE,FALSE,0,0,0,2025-03-13,2025-05-12,0,2,Andet,Ingen årsag – ingen tlf kontakt,2025-05-12,2025-03-21,8,0–30 dage,64,55–64,0,0,0,0,1,37,20,15,0.40540540540540543,0.5202702702702703,0,1,37,6,20,26,18,0.40540540540540543,15,0.5202702702702703,0.35135135135135137,0.2972972972972973,Computer,0,1,0,0.8181818181818182,0,0,internal,0.4864864864864865,0,0,0,0.13513513513513514,2025-03-13,2025-04-08,26,6.166666666666667,1
70a170d32950120143a1af34636ae8ab,2025-03-20,2025-03-20T12:31:47Z,Mand,2000-11-17,2019-11-16,utm_campaign=Marts25&utm_content=A&utm_medium=content&utm_source=jp.dk,TRUE,TRUE,2,0,2,2025-03-20,2025-05-19,0,0,Produkt,Redaktionelt indhold / holdning,2025-05-19,2025-03-20,0,0–30 dage,25,25–34,0,1,0,0,8,2,2,2,1,0.5,0,1,2,1,2,2,2,1,2,0.5,0.5,0.5,Computer,0,1,0,0.5,0,0,internal,0,0,1,0,0,2025-03-20,2025-03-20,0,2,2
70b4d870d09b91a6d0b8b07af47a65c5,2025-03-16,2025-03-15T13:15:06Z,Mand,1989-08-10,2024-06-20,utm_campaign=Marts25&utm_content=A&utm_medium=content&utm_source=jp.dk,FALSE,FALSE,0,0,0,2025-03-15,2025-05-14,0,0,Produkt,Redaktionelt indhold / holdning,2025-05-14,2025-03-16,1,0–30 dage,36,35–44,0,1,0,0,1,46,16,24,0.5217391304347826,0.3695652173913043,0.9782608695652174,0.021739130434782608,46,13,16,34,12,0.5217391304347826,24,0.3695652173913043,0.2391304347826087,0.5652173913043478,Mobile,1,2,0.04347826086956521,0.6086956521739131,0,0.04347826086956521,internal,0.4130434782608696,0,0,0,0.17391304347826086,2025-03-15,2025-04-08,24,3.5384615384615383,2
717f81079f55e2cd5f9e7585f0cef79e,2026-01-23,2025-03-23T12:13:09Z,Kvinde,1951-03-10,2025-03-23,utm_campaign=Marts25&utm_content=A&utm_medium=content&utm_source=jp.dk,FALSE,FALSE,0,0,0,2025-03-23,2025-05-22,0,0,Tid,Ikke tid,2026-01-22,2026-01-23,306,270–365 dage,75,65+,1,0,0,0,246,4,4,3,0.75,0.5625,0,1,4,1,4,3,3,0.75,3,0.5625,0.5,0.25,Computer,0,1,0,0.3333333333333333,0,0,unknown,0.5,0,0,0,0.25,2025-03-23,2025-03-23,0,4,3
71f7820ce499735a3a517ec239a7c1a1,2025-04-16,2025-03-21T08:19:39Z,Mand,2025-03-18,2015-06-23,utm_campaign=Marts25&utm_content=sc_a&utm_medium=mail&utm_source=mail,TRUE,TRUE,2,1,0,2025-03-21,2025-04-16,0,0,Produkt,Redaktionelt indhold / holdning,2025-04-16,2025-04-16,26,0–30 dage,1,18–24,0,0,0,0,699,20,11,8,0.4,0.3625,0,1,20,3,11,12,10,0.4,8,0.3625,0.2,0.5,Computer,0,1,0,0.6,0,0,internal,0.05,0,0.05,0,0.4,2025-03-21,2025-03-23,2,6.666666666666667,2
7218582a0f6510270d4b4cb10276f767,2025-06-13,2025-03-08T18:08:01Z,Ukendt,2000-10-20,2025-03-08,utm_campaign=Basis_22&utm_content=HeaderButtonRaised&utm_medium=Matrice&utm_source=jp.dk,TRUE,TRUE,0,0,0,2025-03-08,2025-05-07,0,0,Andet,kunden ønsker ikke at oplyse,2025-07-07,2025-06-13,97,90–180 dage,25,25–34,1,0,0,0,62,281,94,52,0.18505338078291814,0.16370106761565836,0.8220640569395018,0.17793594306049823,281,11,94,105,87,0.18505338078291816,52,0.16370106761565836,0.07473309608540925,0.7508896797153025,Mobile,1,2,0.0087719298245614,0.9649122807017544,0,0,internal,0.06761565836298933,0,0,0,0.594306049822064,2025-03-08,2025-03-18,10,25.545454545454547,3
72260acf5e480340359ff4b64eb87274,2025-03-15,2025-03-08T07:53:08Z,Mand,1965-05-19,2025-03-08,utm_campaign=Marts25&utm_content=A&utm_medium=content&utm_source=jp.dk,FALSE,FALSE,0,0,0,2025-03-08,2025-05-07,0,0,Andet,kunden ønsker ikke at oplyse,2025-05-07,2025-03-15,7,0–30 dage,60,55–64,0,0,0,0,1,148,43,26,0.17567567567567569,0.17567567567567569,0.08108108108108109,0.918918918918919,148,15,43,47,42,0.17567567567567569,26,0.17567567567567569,0.10135135135135136,0.7162162162162162,Computer,0,2,0,0.9315068493150684,0,0.0136986301369863,internal,0.0945945945945946,0,0,0,0.6824324324324325,2025-03-08,2025-04-04,27,9.866666666666667,1
72adc6d24abd2e177f104280a93c8b36,2025-05-09,2025-03-07T18:24:47Z,Mand,1970-05-21,2025-03-07,utm_campaign=Basis_22&utm_content=HeaderButtonRaised&utm_medium=Matrice&utm_source=jp.dk,FALSE,FALSE,0,0,0,2025-03-07,2025-05-06,0,0,Tid,Ikke tid,2025-06-06,2025-05-09,63,30–90 dage,55,55–64,1,0,0,1,32,33,13,7,0.21212121212121213,0.22727272727272727,1,0,33,6,13,12,10,0.21212121212121213,7,0.2272727272727273,0.09090909090909093,0.6666666666666666,Mobile,1,1,0,0.7878787878787878,0,0,internal,0.15151515151515152,0,0,0,0.5151515151515151,2025-03-07,2025-04-05,29,5.5,4
72d1e04b4efb1a26e958273f601ecbd6,2025-04-05,2025-03-22T05:44:12Z,Kvinde,1946-11-15,2021-12-23,utm_campaign=Marts25&utm_content=sc_b&utm_medium=mail&utm_source=mail,FALSE,TRUE,3,3,3,2025-03-22,2025-05-21,1,1,Andet,Ingen årsag – ingen tlf kontakt,2025-05-21,2025-04-05,14,0–30 dage,79,65+,0,0,0,0,57,54,34,37,0.6851851851851852,0.25462962962962965,0.9629629629629629,0,54,18,34,52,33,0.6851851851851852,37,0.25462962962962965,0.1111111111111111,0.5740740740740741,Mobile,1,2,0,0.7777777777777778,0,0,internal,0.14814814814814814,0,0,0,0.03703703703703703,2025-03-24,2025-04-19,26,3,1
7310d9a89f117d551524d81270cc4cea,2025-10-10,2025-03-23T22:48:42Z,Mand,1954-03-09,2025-03-23,utm_campaign=Marts25&utm_content=A&utm_medium=content&utm_source=jp.dk,FALSE,TRUE,0,0,0,2025-03-23,2025-05-22,0,0,Tid,Ikke tid,2025-10-09,2025-10-10,201,180–270 dage,72,65+,1,0,0,0,148,267,163,101,0.3782771535580524,0.5056179775280899,0.651685393258427,0.34831460674157305,267,28,163,195,162,0.3782771535580524,101,0.5056179775280899,0.3970037453183521,0.3970037453183521,Mobile,1,2,0,0.9838709677419356,0,0,internal,0.10112359550561796,0,0.00374531835205992,0,0.2696629213483146,2025-03-23,2025-04-22,30,9.535714285714286,4
73fb96dd564367a986cc5673b33a2bdf,2025-05-04,2025-03-11T13:41:03Z,Kvinde,1954-08-23,2019-09-19,utm_campaign=Basis_22&utm_content=HeaderButtonRaised&utm_medium=Matrice&utm_source=jp.dk,FALSE,TRUE,2,2,0,2025-03-11,2025-05-10,0,0,Tid,Ikke tid,2025-05-10,2025-05-04,54,30–90 dage,71,65+,0,0,0,0,401,130,67,33,0.25384615384615383,0.4115384615384615,0,1,130,19,67,73,66,0.25384615384615383,33,0.4115384615384615,0.3230769230769231,0.5076923076923077,Computer,0,1,0,0.922077922077922,0,0,internal,0.16923076923076924,0,0.01538461538461538,0,0.43846153846153846,2025-03-11,2025-04-09,29,6.842105263157895,1
73fe5fb3c7941d317c7d1d0af638d6d7,2025-03-18,2025-03-18T12:48:03Z,Mand,1962-05-30,2024-01-19,utm_campaign=Basis_22&utm_content=HeaderButtonRaised&utm_medium=Matrice&utm_source=jp.dk,FALSE,FALSE,0,0,0,2025-03-18,2025-05-17,0,0,Produkt,Redaktionelt indhold / holdning,2025-05-17,2025-03-18,0,0–30 dage,63,55–64,0,1,0,0,1,331,154,88,0.26586102719033233,0.27416918429003023,0.31419939577039274,0.6827794561933535,331,26,154,159,140,0.26586102719033233,88,0.27416918429003023,0.17522658610271905,0.649546827794562,Computer,0,3,0.01171875,0.97265625,0,0,internal,0.02114803625377643,0,0.06042296072507553,0,0.22054380664652568,2025-03-18,2025-04-17,30,12.73076923076923,2
743a9d6d44dfa092081f615773fdfd6b,2025-04-30,2025-03-11T18:12:00Z,Mand,1962-12-21,2014-05-13,utm_campaign=Basis_22&utm_content=HeaderButtonRaised&utm_medium=Matrice&utm_source=jp.dk,FALSE,TRUE,4,4,0,2025-03-11,2025-05-10,0,0,Tid,Ikke tid,2025-05-10,2025-04-30,50,30–90 dage,63,55–64,0,0,0,0,584,714,271,192,0.2689075630252101,0.3084733893557423,0.04201680672268908,0.957983193277311,714,31,271,329,260,0.2689075630252101,192,0.3084733893557423,0.25210084033613445,0.6260504201680672,Computer,0,2,0,0.9863760217983653,0,0,internal,0.12184873949579832,0,0.00280112044817927,0,0.4943977591036415,2025-03-11,2025-04-10,30,23.032258064516128,1
746c3c7e52c85a005037bead64aa2949,2025-05-01,2025-03-11T07:46:29Z,Mand,1947-04-11,2015-04-09,utm_campaign=Basis_22&utm_content=HeaderButtonRaised&utm_medium=Matrice&utm_source=jp.dk,TRUE,TRUE,26,10,18,2025-03-11,2025-05-10,0,0,Tid,Ikke tid,2025-05-10,2025-05-01,51,30–90 dage,79,65+,0,0,0,0,892,5,3,2,0.4,0.2,0,1,5,2,3,2,2,0.4,2,0.2,0,0.6,Computer,0,1,0,0.6,0,0,internal,0,0,0,0,0.6,2025-03-11,2025-04-05,25,2.5,1
74967f9c539cf87f7da82fcab48780f9,2025-06-17,2025-03-13T11:28:40Z,Kvinde,1973-07-24,2025-03-13,utm_campaign=Marts25&utm_content=A&utm_medium=content&utm_source=jp.dk,FALSE,FALSE,0,0,0,2025-03-13,2025-05-12,0,0,Tid,Ikke tid,2025-07-12,2025-06-17,96,90–180 dage,52,45–54,1,0,0,0,62,7,3,6,0.8571428571428571,0.6071428571428571,0,1,7,4,3,1,1,0.8571428571428571,6,0.6071428571428571,0.42857142857142855,0.14285714285714285,Computer,0,1,0.6666666666666666,0,0,0,search,0,0,0,0,0,2025-03-13,2025-04-03,21,1.75,3
750dd3ddc294d786ba32f8f14cda190f,2025-05-07,2025-03-05T15:04:56Z,Kvinde,1954-06-11,2016-09-03,utm_campaign=Marts25&utm_content=b&utm_medium=mail&utm_source=mail,TRUE,TRUE,3,2,2,2025-03-05,2025-05-04,0,0,Tid,Ikke tid,2025-06-04,2025-05-07,63,30–90 dage,71,65+,1,0,0,1,310,2,1,0,0,0,0,1,2,1,1,0,0,0,0,0,0,1,Computer,0,1,0,0,0,0,unknown,0,0,0,0,1,2025-03-05,2025-03-05,0,2,1
761f1df8f468f1bb378e9d72cbe382e5,2025-05-06,2025-03-08T21:11:23Z,Mand,1944-04-03,2025-03-08,utm_campaign=Marts25&utm_content=B&utm_medium=content&utm_source=jp.dk,TRUE,FALSE,0,0,0,2025-03-08,2025-05-07,0,0,Tid,Ikke tid,2025-05-07,2025-05-06,59,30–90 dage,82,65+,0,0,0,0,1,27,22,11,0.4074074074074074,0.5648148148148148,0.14814814814814814,0.8518518518518519,27,5,22,22,20,0.4074074074074074,11,0.5648148148148148,0.5185185185185185,0.3333333333333333,Computer,0,2,0.07407407407407407,0.7037037037037037,0,0.03703703703703703,internal,0.1111111111111111,0,0,0,0.14814814814814814,2025-03-08,2025-03-25,17,5.4,1
763d058903725935287f1ee857645566,2025-07-03,2025-03-11T06:44:50Z,Mand,1945-03-20,2011-08-11,utm_campaign=Marts25&utm_content=B&utm_medium=content&utm_source=jp.dk,FALSE,FALSE,1,1,0,2025-03-11,2025-05-10,0,0,Økonomi,Pris,2025-07-10,2025-07-03,114,90–180 dage,81,65+,1,0,0,0,183,95,78,54,0.5684210526315789,0.7263157894736842,0,1,95,15,78,76,76,0.5684210526315789,54,0.7263157894736842,0.6631578947368421,0.2,Computer,0,1,0.2235294117647059,0.7529411764705882,0,0,internal,0.18947368421052632,0,0,0,0,2025-03-11,2025-04-09,29,6.333333333333333,4
76668bebf380d4c6e8b3583902d82b9c,2025-03-21,2025-03-21T08:25:37Z,Mand,1966-12-12,2017-03-30,utm_campaign=Marts25&utm_content=sc_a&utm_medium=mail&utm_source=mail,FALSE,TRUE,6,5,3,2025-03-21,2025-05-20,0,0,Andet,Ingen årsag – ingen tlf kontakt,2025-05-20,2025-03-21,0,0–30 dage,59,55–64,0,1,0,0,327,485,157,108,0.22268041237113403,0.24175257731958763,0.5711340206185567,0.4288659793814433,485,31,157,189,153,0.22268041237113403,108,0.24175257731958763,0.177319587628866,0.6969072164948453,Mobile,1,2,0.09545454545454546,0.9,0,0,internal,0.04948453608247422,0,0.00206185567010309,0,0.6041237113402061,2025-03-21,2025-04-20,30,15.64516129032258,2
76d0bcb275d7f3d64117922ad29d083d,2025-03-19,2025-03-19T06:19:54Z,Mand,1950-05-13,2022-09-30,utm_campaign=Marts25&utm_content=A&utm_medium=content&utm_source=jp.dk,FALSE,TRUE,8,8,0,2025-03-19,2025-05-18,0,0,Andet,kunden ønsker ikke at oplyse,2025-05-18,2025-03-19,0,0–30 dage,75,65+,0,1,0,0,1045,341,196,122,0.35777126099706746,0.46847507331378296,0,1,341,30,196,215,190,0.35777126099706746,122,0.46847507331378296,0.35777126099706746,0.4516129032258064,Computer,0,1,0,0.9959839357429718,0,0,internal,0.12903225806451613,0,0.00586510263929618,0,0.26392961876832843,2025-03-19,2025-04-18,30,11.366666666666667,2
7765b84362c3f2409057ab7e51be2947,2025-03-09,2025-03-08T09:23:22Z,Mand,1967-09-22,2020-03-25,utm_campaign=Marts25&utm_content=b&utm_medium=mail&utm_source=mail,TRUE,TRUE,2,2,1,2025-03-08,2025-05-07,1,1,Andet,kunden ønsker ikke at oplyse,2025-05-07,2025-03-09,1,0–30 dage,58,55–64,0,1,0,0,373,33,16,6,0.18181818181818182,0.29545454545454547,0,1,33,4,16,13,13,0.18181818181818185,6,0.29545454545454547,0.21212121212121213,0.6363636363636364,Computer,0,1,0.3703703703703703,0.5185185185185185,0,0,internal,0.0303030303030303,0,0,0,0.3939393939393939,2025-03-08,2025-03-12,4,8.25,2
7775de537c04fc9861dc2968f2755917,2025-05-28,2025-03-20T19:29:13Z,Kvinde,1986-01-30,2025-03-20,utm_campaign=Marts25&utm_content=A&utm_medium=content&utm_source=jp.dk,FALSE,FALSE,0,0,0,2025-03-20,2025-05-19,0,0,Produkt,Redaktionelt indhold / holdning,2025-06-19,2025-05-28,69,30–90 dage,40,35–44,1,0,0,1,32,14,12,4,0.2857142857142857,0.75,0,1,14,2,12,0,0,0.2857142857142857,4,0.75,0.7142857142857143,0.21428571428571427,Computer,0,1,0,0.9230769230769232,0,0,internal,0,0,0,0,0.07142857142857142,2025-03-20,2025-03-28,8,7,3
777833f12b1c604a5b3d6dd76bdde6ec,2025-04-17,2025-03-23T12:18:24Z,Kvinde,1961-09-05,2015-01-02,utm_campaign=Marts25&utm_content=sc_a&utm_medium=mail&utm_source=mail,FALSE,TRUE,3,3,0,2025-03-23,2025-05-22,0,0,Andet,Ingen årsag – ingen tlf kontakt,2025-05-22,2025-04-17,25,0–30 dage,64,55–64,0,0,0,0,182,7,5,2,0.2857142857142857,0.2857142857142857,0,1,7,2,5,4,4,0.2857142857142857,2,0.2857142857142857,0.2857142857142857,0.7142857142857143,Computer,0,1,0,0.8,0,0,internal,0.2857142857142857,0,0,0,0.42857142857142855,2025-03-23,2025-03-27,4,3.5,1
77b11ccf26a9e23d4e6fb10a372b8374,2025-10-27,2025-03-13T11:42:58Z,Mand,1971-08-01,2025-03-13,utm_campaign=Marts25&utm_content=A&utm_medium=content&utm_source=jp.dk,FALSE,FALSE,0,0,0,2025-03-13,2025-05-12,0,0,Økonomi,Pris,2025-11-12,2025-10-27,228,180–270 dage,54,45–54,1,0,0,0,292,194,101,67,0.34536082474226804,0.41237113402061853,0.041237113402061855,0.9587628865979382,194,23,101,114,99,0.34536082474226804,67,0.41237113402061853,0.28865979381443296,0.4742268041237113,Computer,0,2,0.0248447204968944,0.937888198757764,0,0.0124223602484472,internal,0.18041237113402064,0,0.00515463917525773,0,0.4072164948453608,2025-03-13,2025-04-12,30,8.434782608695652,4
77d030727b03fd6c9a637362091819d1,2026-02-04,2025-03-22T05:19:56Z,Mand,1977-06-11,2021-11-08,utm_campaign=Marts25&utm_content=sc_a&utm_medium=mail&utm_source=mail,FALSE,TRUE,1,0,1,2025-03-22,2025-05-21,0,0,Tid,Ikke tid,2026-02-21,2026-02-04,319,270–365 dage,48,45–54,1,0,0,0,291,5,5,2,0.4,0.25,0.6,0.4,5,4,5,4,4,0.4,2,0.25,0.2,0.6,Mobile,1,2,0,0.5,0,0,internal,0,0,0,0,0.2,2025-03-22,2025-03-26,4,1.25,3
788607b17ee04f19865a51f8543acb9b,2025-05-12,2025-03-18T14:01:33Z,Kvinde,1981-04-08,2012-03-07,utm_campaign=Basis_22&utm_content=HeaderButtonRaised&utm_medium=Matrice&utm_source=jp.dk,FALSE,FALSE,0,0,0,2025-03-18,2025-05-17,0,0,Tid,Ikke tid,2025-05-17,2025-05-12,55,30–90 dage,45,45–54,0,0,0,0,246,21,12,8,0.38095238095238093,0.39285714285714285,0.38095238095238093,0.6190476190476191,21,6,12,12,10,0.380952380952381,8,0.3928571428571429,0.23809523809523808,0.47619047619047616,Computer,0,2,0.09523809523809525,0.8095238095238095,0,0,internal,0.09523809523809525,0,0,0,0.3333333333333333,2025-03-18,2025-04-04,17,3.5,1
7914eefd03db41f93ff599d0b8de560c,2025-03-27,2025-03-11T07:32:26Z,Mand,1952-10-03,2011-11-19,utm_campaign=Basis_22&utm_content=HeaderButtonRaised&utm_medium=Matrice&utm_source=jp.dk,TRUE,TRUE,3,2,2,2025-03-11,2025-05-10,0,1,Tid,Ikke tid,2025-05-10,2025-03-27,16,0–30 dage,73,65+,0,0,0,0,356,2,1,0,0,0,1,0,2,1,1,0,0,0,0,0,0,1,Mobile,1,1,0,0,0,0,unknown,0,0,0,0,1,2025-03-14,2025-03-14,0,2,2
798f1ad26b892da22923188a9e8e4797,2025-10-07,2025-03-05T16:37:34Z,Mand,1950-01-08,2012-06-15,utm_campaign=Marts25&utm_content=b&utm_medium=mail&utm_source=mail,TRUE,TRUE,34,10,26,2025-03-05,2025-05-04,10,10,Tid,Ikke tid,2025-11-04,2025-10-07,216,180–270 dage,76,65+,1,0,0,0,902,102,68,51,0.5,0.4485294117647059,0.9411764705882353,0.058823529411764705,102,20,68,86,67,0.5,51,0.4485294117647059,0.2352941176470588,0.37254901960784315,Mobile,1,2,0,0.6875,0,0,internal,0.12745098039215683,0,0.04901960784313725,0,0.1568627450980392,2025-03-06,2025-04-02,27,5.1,4
799f16b134fc3399262a5bd5c08434b1,2025-10-07,2025-03-11T08:23:11Z,Kvinde,1946-12-20,2025-03-11,utm_campaign=&utm_content=genbesog_JP_digital&utm_medium=ppc&utm_source=adwords&utm_term=jyllands+posten+tilbud,FALSE,FALSE,0,0,0,2025-03-11,2025-05-10,0,0,Tid,Ikke tid,2025-11-11,2025-10-07,210,180–270 dage,79,65+,1,0,0,0,186,380,181,102,0.26842105263157895,0.34342105263157896,0,1,380,30,181,187,173,0.26842105263157895,102,0.34342105263157896,0.2394736842105263,0.55,Computer,0,1,0.00934579439252336,0.8878504672897196,0,0.02336448598130841,internal,0.0868421052631579,0,0.00526315789473684,0,0.4763157894736842,2025-03-11,2025-04-10,30,12.666666666666666,3
79bcea0ca1df80809925ac6826965e65,2025-06-23,2025-03-21T09:09:29Z,Mand,1948-07-09,2012-02-22,utm_campaign=Marts25&utm_content=sc_a&utm_medium=mail&utm_source=mail,TRUE,FALSE,4,2,1,2025-03-21,2025-05-20,2,2,Tid,Ikke tid,2025-07-20,2025-06-23,94,90–180 dage,77,65+,1,0,0,0,539,17,9,5,0.29411764705882354,0.3088235294117647,1,0,17,6,9,10,8,0.29411764705882354,5,0.3088235294117647,0.17647058823529413,0.5294117647058824,Mobile,1,1,0,0.8888888888888888,0,0,internal,0,0,0,0,0.4117647058823529,2025-03-21,2025-04-03,13,2.8333333333333335,4
7a6e57a47889f4199c69b7f4de87e338,2025-12-16,2025-03-14T09:51:13Z,Kvinde,1974-11-22,2012-11-05,utm_campaign=Marts25&utm_content=B&utm_medium=content&utm_source=jp.dk,FALSE,TRUE,14,5,8,2025-03-14,2025-05-13,0,0,Økonomi,Pris,2026-01-13,2025-12-16,277,270–365 dage,51,45–54,1,0,0,0,876,181,80,48,0.26519337016574585,0.32734806629834257,0.7624309392265194,0.23756906077348067,181,29,80,86,79,0.26519337016574585,48,0.32734806629834257,0.19337016574585636,0.580110497237569,Mobile,1,2,0,0.8777777777777778,0,0.1,internal,0.06629834254143646,0,0.01104972375690607,0,0.5248618784530387,2025-03-14,2025-04-13,30,6.241379310344827,4
7a70cfa85256557dbf368c6287d20378,2025-04-13,2025-03-21T16:15:31Z,Mand,1953-02-11,2014-11-30,utm_campaign=Marts25&utm_content=B&utm_medium=content&utm_source=jp.dk,FALSE,TRUE,9,8,1,2025-03-21,2025-05-20,1,1,Andet,kunden ønsker ikke at oplyse,2025-05-20,2025-04-13,23,0–30 dage,73,65+,0,0,0,0,767,847,340,269,0.31759149940968123,0.4197166469893743,0.7249114521841794,0.27508854781582054,847,31,340,458,330,0.31759149940968123,269,0.4197166469893743,0.3577331759149941,0.5230224321133412,Mobile,1,2,0,0.9746376811594204,0.0108695652173913,0,internal,0.1038961038961039,0,0.01416765053128689,0,0.43211334120425027,2025-03-21,2025-04-20,30,27.322580645161292,1
7a9fad27ae8841708385b2827b7bf92e,2025-12-27,2025-03-20T20:16:12Z,Mand,1969-10-08,2025-03-20,utm_campaign=Marts25&utm_medium=Weblayer&utm_source=jp.dk,FALSE,FALSE,0,0,0,2025-03-20,2025-05-19,0,0,Økonomi,Pris,2026-01-19,2025-12-27,282,270–365 dage,56,55–64,1,0,0,0,313,281,104,64,0.2277580071174377,0.23309608540925267,0.09252669039145907,0.9074733096085409,281,31,104,104,99,0.2277580071174377,64,0.23309608540925267,0.13167259786476868,0.6548042704626335,Computer,0,2,0,0.9663865546218487,0,0,internal,0.05693950177935943,0,0.00711743772241992,0,0.597864768683274,2025-03-20,2025-04-19,30,9.064516129032258,4
7ac115daad07fcf9761b2b44f3f703db,2025-04-28,2025-03-04T05:35:12Z,Mand,1969-12-02,2015-06-28,utm_campaign=Marts25&utm_content=B&utm_medium=content&utm_source=jp.dk,FALSE,TRUE,5,4,0,2025-03-04,2025-05-03,0,0,Produkt,Redaktionelt indhold / holdning,2025-05-03,2025-04-28,55,30–90 dage,56,55–64,0,0,0,0,851,602,214,118,0.19601328903654486,0.2956810631229236,0.9634551495016611,0.014950166112956811,602,31,214,242,213,0.19601328903654489,118,0.2956810631229236,0.20930232558139536,0.6411960132890365,Mobile,1,3,0.00313479623824451,0.9968652037617556,0,0,internal,0.05647840531561462,0,0.01162790697674418,0,0.5980066445182725,2025-03-04,2025-04-03,30,19.419354838709676,1
7ad00b86b8634e354c143637d68475af,2025-11-23,2025-03-21T07:10:16Z,Mand,1964-11-23,2013-01-15,utm_campaign=Marts25&utm_content=sc_a&utm_medium=mail&utm_source=mail,FALSE,FALSE,3,2,0,2025-03-21,2025-05-20,0,0,Økonomi,Pris,2025-12-20,2025-11-23,247,180–270 dage,61,55–64,1,0,0,0,804,335,164,90,0.26865671641791045,0.4455223880597015,0.08955223880597014,0.9104477611940298,335,31,164,172,163,0.26865671641791045,90,0.4455223880597015,0.4,0.5104477611940299,Computer,0,2,0,0.935483870967742,0.03763440860215054,0,internal,0.14328358208955225,0,0.00895522388059701,0,0.4865671641791045,2025-03-21,2025-04-20,30,10.806451612903226,4
7aec7c5ef4851aaa9d0f08f8f8312457,2025-10-15,2025-03-14T00:00:52Z,Kvinde,1946-11-22,2014-02-07,utm_campaign=Marts25&utm_content=A&utm_medium=content&utm_source=jp.dk,FALSE,TRUE,7,3,4,2025-03-14,2025-05-13,0,0,Økonomi,Pris,2025-10-14,2025-10-15,215,180–270 dage,79,65+,1,0,0,0,816,292,206,122,0.4178082191780822,0.6078767123287672,1,0,292,22,206,228,202,0.4178082191780822,122,0.6078767123287672,0.5342465753424658,0.3116438356164384,Mobile,1,1,0.02212389380530973,0.9646017699115044,0,0,internal,0.1780821917808219,0,0.03082191780821917,0,0.1917808219178082,2025-03-14,2025-04-12,29,13.272727272727272,4
7b0ad7f1896e766c4ad4993f53082ce9,2025-07-25,2025-03-22T07:24:42Z,Mand,1963-05-16,2025-03-22,utm_campaign=Marts25&utm_medium=topticker&utm_source=jp.dk,TRUE,TRUE,0,0,0,2025-03-22,2025-05-21,0,2,Tid,Ikke tid,2025-08-21,2025-07-25,125,90–180 dage,62,55–64,1,0,0,0,295,51,29,17,0.3333333333333333,0.31862745098039214,0.11764705882352941,0.8823529411764706,51,11,29,29,27,0.3333333333333333,17,0.31862745098039214,0.13725490196078433,0.5294117647058824,Computer,0,2,0,0.8461538461538461,0,0.03846153846153846,internal,0.0784313725490196,0,0.0392156862745098,0,0.4117647058823529,2025-03-22,2025-04-21,30,4.636363636363637,4
7b27290677c1111502f87e9089d35a01,2025-05-06,2025-03-05T14:05:07Z,Mand,1958-06-14,2020-03-24,utm_campaign=Marts25&utm_content=a&utm_medium=mail&utm_source=mail,FALSE,TRUE,8,4,4,2025-03-05,2025-05-04,2,2,Tid,Ikke tid,2025-06-04,2025-05-06,62,30–90 dage,67,65+,1,0,0,1,1453,502,296,174,0.3466135458167331,0.4357569721115538,0.5916334661354582,0.40836653386454186,502,30,296,346,284,0.3466135458167331,174,0.4357569721115538,0.3107569721115538,0.4442231075697211,Mobile,1,2,0,0.976525821596244,0,0,internal,0.12151394422310756,0,0.02788844621513944,0,0.20717131474103587,2025-03-05,2025-04-04,30,16.733333333333334,4
7b4fa6601c1f309c017664b468956354,2025-07-16,2025-03-14T10:33:17Z,Mand,1968-11-08,2024-09-10,utm_campaign=Marts25&utm_content=A&utm_medium=content&utm_source=jp.dk,FALSE,FALSE,0,0,0,2025-03-14,2025-05-13,0,0,Tid,Ikke tid,2025-08-13,2025-07-16,124,90–180 dage,57,55–64,1,0,0,0,93,27,11,6,0.2222222222222222,0.32407407407407407,0.2962962962962963,0.7037037037037037,27,3,11,18,9,0.2222222222222222,6,0.32407407407407407,0.1111111111111111,0.5185185185185185,Computer,0,2,0,0.6666666666666666,0,0,internal,0.4444444444444444,0,0,0,0.25925925925925924,2025-03-14,2025-03-18,4,9,4
7b5d631f99704537c85aa26c4f9ad079,2025-04-30,2025-03-05T17:50:30Z,Mand,1964-03-20,2020-07-01,utm_campaign=Marts25&utm_content=b&utm_medium=mail&utm_source=mail,FALSE,FALSE,5,4,2,2025-03-05,2025-05-04,0,0,Andet,kunden ønsker ikke at oplyse,2025-05-04,2025-04-30,56,30–90 dage,62,55–64,0,0,0,0,270,285,121,69,0.24210526315789474,0.32456140350877194,0.3192982456140351,0.6631578947368421,285,25,121,140,119,0.2421052631578947,69,0.32456140350877194,0.256140350877193,0.6035087719298246,Computer,0,3,0.14917127071823205,0.8176795580110497,0,0,internal,0.11578947368421053,0,0.02105263157894736,0,0.5052631578947369,2025-03-06,2025-04-04,29,11.4,1
7b5dc0298c1f08e63d7907ce05257f64,2025-09-11,2025-03-05T23:51:37Z,Mand,1951-02-25,2024-04-11,utm_campaign=Marts25&utm_content=a&utm_medium=mail&utm_source=mail,FALSE,TRUE,3,3,1,2025-03-05,2025-05-04,0,0,Andet,Administrativt,2025-09-14,2025-09-11,190,180–270 dage,75,65+,1,0,0,0,580,304,218,125,0.41118421052631576,0.4597039473684211,0.9769736842105263,0.023026315789473683,304,27,218,230,216,0.41118421052631576,125,0.4597039473684211,0.3256578947368421,0.3881578947368421,Mobile,1,2,0,0.91796875,0,0,internal,0.15789473684210523,0,0.00657894736842105,0,0.2236842105263158,2025-03-06,2025-04-04,29,11.25925925925926,4
7b74009236e8b58936ab88e293fa7c7d,2025-09-30,2025-03-11T12:49:09Z,Kvinde,1956-01-01,2012-06-11,utm_campaign=Marts25&utm_medium=topticker&utm_source=jp.dk,FALSE,TRUE,4,4,1,2025-03-11,2025-05-10,0,0,Økonomi,Pris,2025-10-10,2025-09-30,203,180–270 dage,70,65+,1,0,0,0,997,451,187,129,0.2860310421286031,0.24722838137472283,0.9955654101995566,0.004434589800443459,451,29,187,220,186,0.2860310421286031,129,0.24722838137472283,0.13082039911308205,0.6319290465631929,Mobile,1,2,0,0.981981981981982,0,0,internal,0.08425720620842572,0,0,0,0.5121951219512195,2025-03-11,2025-04-10,30,15.551724137931034,4
7bd3476e9c4d1e139317924f42a5b8fb,2025-05-01,2025-03-09T05:54:50Z,Mand,1962-02-09,2022-10-03,utm_campaign=Marts25&utm_content=b&utm_medium=mail&utm_source=mail,TRUE,TRUE,3,2,0,2025-03-09,2025-05-08,0,0,Andet,kunden ønsker ikke at oplyse,2025-05-08,2025-05-01,53,30–90 dage,64,55–64,0,0,0,0,343,546,195,137,0.2509157509157509,0.30448717948717946,0,0,546,31,195,256,193,0.2509157509157509,137,0.30448717948717946,0.22344322344322343,0.6153846153846154,Tablet,0,1,0,0.9919678714859438,0,0,internal,0.0695970695970696,0,0.0238095238095238,0,0.5293040293040293,2025-03-09,2025-04-08,30,17.612903225806452,1
7bf3a9ea20a2f4661d94dd194a1cf803,2025-04-22,2025-03-22T13:03:57Z,Mand,1952-07-03,2023-05-31,utm_campaign=Marts25&utm_medium=topticker&utm_source=jp.dk,FALSE,TRUE,2,2,0,2025-03-22,2025-05-21,0,0,Andet,Ingen årsag – ingen tlf kontakt,2025-05-21,2025-04-22,31,30–90 dage,73,65+,0,0,0,0,191,98,62,48,0.4897959183673469,0.4897959183673469,0,0.07142857142857142,98,14,62,71,55,0.4897959183673469,48,0.4897959183673469,0.40816326530612246,0.41836734693877553,Tablet,0,2,0.17721518987341772,0.7721518987341772,0,0,internal,0.14285714285714285,0,0.03061224489795918,0,0.1326530612244898,2025-03-22,2025-04-21,30,7,1
7c4436fb02b5ec2e2f2926846b4f1df7,2025-03-11,2025-03-10T15:17:24Z,Kvinde,2005-10-18,2025-03-10,utm_campaign=Marts25&utm_content=A&utm_medium=content&utm_source=jp.dk,FALSE,FALSE,0,0,0,2025-03-10,2025-05-09,0,0,Tid,Ikke tid,2025-05-09,2025-03-11,1,0–30 dage,20,18–24,0,1,0,0,1,7,3,1,0.14285714285714285,0.5357142857142857,0,1,7,2,3,4,1,0.14285714285714285,1,0.5357142857142857,0.42857142857142855,0.42857142857142855,Computer,0,1,0,0.16666666666666666,0,0,unknown,0,0,0,0,0.2857142857142857,2025-03-10,2025-03-11,1,3.5,2
7cc6d77803a5c2de142a14ace1b34a08,2025-03-21,2025-03-10T21:04:26Z,Mand,1966-06-13,2015-09-27,utm_campaign=Basis_22&utm_content=HeaderButtonRaised&utm_medium=Matrice&utm_source=jp.dk,FALSE,FALSE,1,1,0,2025-03-10,2025-05-09,0,0,Andet,Ingen årsag – ingen tlf kontakt,2025-05-09,2025-03-21,11,0–30 dage,59,55–64,0,0,0,0,77,538,242,136,0.2527881040892193,0.29182156133828996,0.05018587360594796,0.949814126394052,538,22,242,250,230,0.2527881040892193,136,0.29182156133828996,0.2230483271375465,0.6301115241635687,Computer,0,2,0,0.8715596330275229,0,0,internal,0.08550185873605948,0,0.03531598513011153,0,0.42379182156133827,2025-03-10,2025-04-07,28,24.454545454545453,1
7cdfc87b3d8dd8aae8464558885e374b,2025-03-31,2025-03-05T15:42:48Z,Kvinde,1937-02-27,2020-07-26,utm_campaign=Marts25&utm_content=A&utm_medium=content&utm_source=jp.dk,TRUE,TRUE,2,1,0,2025-03-05,2025-05-04,0,0,Produkt,Redaktionelt indhold / holdning,2025-05-04,2025-03-31,26,0–30 dage,89,65+,0,0,0,0,223,263,232,148,0.5627376425855514,0.8849809885931559,0.9429657794676806,0.057034220532319393,263,30,232,260,231,0.5627376425855514,148,0.8849809885931559,0.7946768060836502,0.04562737642585551,Mobile,1,2,0,0.5,0.48,0,internal,0.13307984790874525,0,0,0,0.01140684410646387,2025-03-05,2025-04-04,30,8.766666666666667,1
7dd7d15cf5f9a5190e6a640fa670fef7,2026-02-23,2025-03-07T07:40:18Z,Mand,1973-08-30,2013-05-19,utm_campaign=Basis_22&utm_content=HeaderButtonRaised&utm_medium=Matrice&utm_source=jp.dk,FALSE,FALSE,4,1,2,2025-03-07,2025-05-06,0,0,Andet,kunden ønsker ikke at oplyse,2026-03-06,2026-02-23,353,270–365 dage,52,45–54,1,0,0,0,1111,116,52,33,0.28448275862068967,0.34698275862068967,0,1,116,22,52,54,51,0.28448275862068967,33,0.34698275862068967,0.2413793103448276,0.5689655172413793,Computer,0,1,0,0.9344262295081968,0,0,internal,0.08620689655172414,0,0,0,0.5344827586206896,2025-03-07,2025-04-06,30,5.2727272727272725,4
7e501c13b0115638d9f52b73fa21869e,2025-04-07,2025-03-04T12:11:26Z,Kvinde,1947-06-25,2019-03-07,utm_campaign=Marts25&utm_content=e-avis_ikkeabn&utm_medium=matrice&utm_source=jp.dk,FALSE,TRUE,9,5,5,2025-03-04,2025-05-03,0,0,Tid,Ikke tid,2025-05-03,2025-04-07,34,30–90 dage,78,65+,0,0,0,0,637,143,96,64,0.44755244755244755,0.4597902097902098,0,1,143,9,96,117,92,0.4475524475524475,64,0.4597902097902098,0.3006993006993007,0.3706293706293706,Computer,0,1,0.10638297872340426,0.8936170212765957,0,0,internal,0.15384615384615383,0,0,0,0.11188811188811187,2025-03-04,2025-04-02,29,15.88888888888889,1
7e75ad391f08921f8876539d914ccaf0,2025-12-04,2025-03-11T17:45:39Z,Kvinde,1954-12-13,2012-07-11,utm_campaign=Basis_22&utm_content=HeaderButtonRaised&utm_medium=Matrice&utm_source=jp.dk,FALSE,FALSE,4,1,2,2025-03-11,2025-05-10,1,1,Digitalt,Tekniske problemer (kunde),2025-12-10,2025-12-04,268,180–270 dage,71,65+,1,0,0,0,423,25,21,17,0.68,0.53,0.32,0.68,25,11,21,23,20,0.68,17,0.53,0.44,0.24,Computer,0,2,0.16666666666666666,0.6666666666666666,0,0,internal,0.12,0,0,0,0.08,2025-03-11,2025-04-10,30,2.272727272727273,3
7eb3412b5a29ae007e0264755a7aeae5,2025-03-24,2025-03-21T11:08:20Z,Ukendt,1954-01-01,2016-01-23,utm_campaign=Marts25&utm_content=sc_a&utm_medium=mail&utm_source=mail,TRUE,TRUE,8,2,6,2025-03-21,2025-05-20,0,0,Andet,kunden ønsker ikke at oplyse,2025-05-20,2025-03-24,3,0–30 dage,72,65+,0,1,0,0,296,88,55,30,0.3409090909090909,0.5340909090909091,0,1,88,10,55,49,48,0.3409090909090909,30,0.5340909090909091,0.5227272727272727,0.4431818181818182,Computer,0,1,0,0.8977272727272727,0,0,internal,0.09090909090909093,0,0,0,0.18181818181818185,2025-03-29,2025-04-19,21,8.8,2
7edeb8ee21028717df5a792e83205006,2025-12-23,2025-03-22T15:24:48Z,Kvinde,1974-02-28,2021-07-16,utm_campaign=Marts25&utm_content=B&utm_medium=content&utm_source=jp.dk,TRUE,TRUE,0,0,0,2025-03-22,2025-05-21,0,0,Digitalt,Tekniske problemer (kunde),2025-12-22,2025-12-23,276,270–365 dage,52,45–54,1,0,0,0,216,4,4,3,0.75,0.5,1,0,4,2,4,4,4,0.75,3,0.5,0.25,0.25,Mobile,1,1,0,0.3333333333333333,0,0.3333333333333333,internal,0,0,0.75,0,0,2025-03-22,2025-03-24,2,2,3
7f1fbd1dddd6cfd4329fdb318e8bcfb0,2025-03-11,2025-03-11T10:07:57Z,Mand,1972-11-22,2025-03-11,utm_campaign=Marts25&utm_content=B&utm_medium=content&utm_source=jp.dk,FALSE,FALSE,0,0,0,2025-03-11,2025-05-10,0,0,Andet,kunden ønsker ikke at oplyse,2025-05-10,2025-03-11,0,0–30 dage,53,45–54,0,1,0,0,1,697,269,197,0.28263988522238165,0.3152797704447633,0.8220946915351507,0.17790530846484937,697,31,269,342,266,0.28263988522238165,197,0.3152797704447633,0.1994261119081779,0.5767575322812052,Mobile,1,2,0,0.9827586206896552,0,0,internal,0.08895265423242468,0,0.00573888091822094,0,0.4964131994261119,2025-03-11,2025-04-10,30,22.483870967741936,2
7f9c334a7773fd1aad4a9549571eb396,2025-04-17,2025-03-22T06:23:05Z,Kvinde,1981-02-24,2025-03-22,utm_campaign=&utm_content=genbesog_JP_digital&utm_medium=ppc&utm_source=adwords&utm_term=jyllands-posten+abonnement+pris,TRUE,TRUE,0,0,0,2025-03-22,2025-05-21,0,0,Tid,Ikke tid,2025-05-21,2025-04-17,26,0–30 dage,45,45–54,0,0,0,0,1,472,233,156,0.3305084745762712,0.3988347457627119,1,0,472,30,233,264,231,0.3305084745762712,156,0.3988347457627119,0.3177966101694915,0.5211864406779662,Mobile,1,1,0.01858736059479554,0.9776951672862454,0,0,internal,0.11440677966101696,0,0,0,0.4343220338983051,2025-03-22,2025-04-21,30,15.733333333333333,1
7fbcf23d92ff3ad185541f9b4626b20e,2025-04-28,2025-03-07T07:11:44Z,Mand,1951-02-01,2024-11-01,utm_campaign=Marts25&utm_content=A&utm_medium=content&utm_source=jp.dk,FALSE,FALSE,0,0,0,2025-03-07,2025-05-06,0,0,Produkt,Redaktionelt indhold / holdning,2025-05-06,2025-04-28,52,30–90 dage,75,65+,0,0,0,0,1,120,64,33,0.275,0.3958333333333333,0,1,120,15,64,53,51,0.275,33,0.3958333333333333,0.30833333333333335,0.525,Computer,0,1,0.17391304347826086,0.8,0,0,internal,0.06666666666666667,0,0.25833333333333336,0,0.18333333333333332,2025-03-07,2025-04-05,29,8,1
7fcfd5b9e8ade3613c73b0c8270fabb4,2025-12-05,2025-03-05T14:14:12Z,Mand,1966-10-29,2015-10-12,utm_campaign=Marts25&utm_content=b&utm_medium=mail&utm_source=mail,TRUE,FALSE,1,0,1,2025-03-05,2025-05-04,0,0,Andet,Ingen årsag – ingen tlf kontakt,2026-01-04,2025-12-05,275,270–365 dage,59,55–64,1,0,0,0,281,301,92,70,0.23255813953488372,0.19352159468438537,0.9700996677740864,0.029900332225913623,301,28,92,130,89,0.23255813953488372,70,0.19352159468438537,0.12624584717607973,0.7242524916943521,Mobile,1,2,0.5243055555555556,0.46875,0,0,search,0.09966777408637874,0,0.02990033222591362,0,0.5282392026578073,2025-03-05,2025-04-04,30,10.75,4
7fe44128ee877150541e83b00f8af178,2025-03-26,2025-03-23T19:49:39Z,Kvinde,1964-03-08,2025-01-02,utm_campaign=Marts25&utm_content=sc_a&utm_medium=mail&utm_source=mail,TRUE,FALSE,0,0,0,2025-03-23,2025-03-26,0,0,Salg,Misforstået salgsaftale,2025-03-26,2025-03-26,3,0–30 dage,62,55–64,0,1,0,0,1,3,2,2,0.6666666666666666,0.6666666666666666,1,0,3,2,2,2,1,0.6666666666666666,2,0.6666666666666666,0.6666666666666666,0.3333333333333333,Mobile,1,1,0,0.6666666666666666,0,0,internal,0.6666666666666666,0,0,0,0.3333333333333333,2025-03-24,2025-03-25,1,1.5,2
801d790c22ef7395c6be6038b42df1d4,2025-03-26,2025-03-20T15:44:25Z,Mand,1976-02-25,2021-07-09,utm_campaign=Marts25&utm_content=A&utm_medium=content&utm_source=jp.dk,FALSE,TRUE,3,1,1,2025-03-20,2025-05-19,1,1,Andet,kunden ønsker ikke at oplyse,2025-05-19,2025-03-26,6,0–30 dage,50,45–54,0,0,0,0,230,485,211,115,0.23711340206185566,0.30670103092783507,0.9505154639175257,0.049484536082474224,485,21,211,236,205,0.2371134020618557,115,0.30670103092783507,0.2020618556701031,0.6041237113402061,Mobile,1,2,0.01265822784810126,0.9335443037974684,0,0,internal,0.09278350515463918,0,0.00618556701030927,0,0.4536082474226804,2025-03-20,2025-04-18,29,23.095238095238095,4
8101e37c195a3fa67a46c0f0a46489e1,2025-03-25,2025-03-21T08:45:49Z,Mand,1942-03-09,2013-12-18,utm_campaign=Marts25&utm_content=sc_a&utm_medium=mail&utm_source=mail,TRUE,TRUE,6,3,1,2025-03-21,2025-03-28,0,0,Andet,Administrativt,2025-03-28,2025-03-25,4,0–30 dage,84,65+,0,0,0,0,635,2,2,1,0.5,0.125,0,1,2,1,2,1,1,0.5,1,0.125,0,0.5,Computer,0,1,0,0.5,0,0,internal,0,0,0,0,0.5,2025-03-21,2025-03-21,0,2,2
813bfd2231636d143e977b3c92482297,2025-04-29,2025-03-23T06:54:57Z,Kvinde,1951-07-23,2022-12-14,utm_campaign=Marts25&utm_medium=Weblayer&utm_source=jp.dk,TRUE,TRUE,7,0,4,2025-03-23,2025-04-28,0,0,Andet,Administrativt,2025-04-28,2025-04-29,37,30–90 dage,74,65+,1,0,0,1,1156,77,45,31,0.4025974025974026,0.36363636363636365,0,1,77,7,45,43,40,0.4025974025974026,31,0.3636363636363637,0.2077922077922078,0.5064935064935064,Computer,0,1,0.3896103896103896,0.5974025974025974,0,0,internal,0.12987012987012986,0,0,0,0.3896103896103896,2025-03-23,2025-04-21,29,11,4
81650fef63fd494f8fb784e3f2b35c4f,2025-12-13,2025-03-05T14:15:14Z,Mand,1955-12-02,2023-12-23,utm_campaign=Marts25&utm_content=b&utm_medium=mail&utm_source=mail,FALSE,TRUE,3,3,1,2025-03-05,2025-05-04,8,8,Økonomi,Pris,2026-01-05,2025-12-13,283,270–365 dage,70,65+,1,0,0,0,538,316,103,60,0.189873417721519,0.27056962025316456,0,1,316,25,103,107,102,0.189873417721519,60,0.27056962025316456,0.19936708860759497,0.6708860759493671,Computer,0,1,0,0.963302752293578,0,0,internal,0.05379746835443038,0,0.01582278481012658,0,0.6613924050632911,2025-03-05,2025-03-29,24,12.64,4
81a6dcabba113493087f9862fcb9375c,2025-05-20,2025-03-13T18:11:51Z,Kvinde,1961-06-18,2014-10-01,utm_campaign=Marts25&utm_content=A&utm_medium=content&utm_source=jp.dk,TRUE,TRUE,0,0,0,2025-03-13,2025-05-12,0,0,Produkt,Anden avis/produkt,2025-06-12,2025-05-20,68,30–90 dage,64,55–64,1,0,0,1,32,5,5,3,0.6,0.65,1,0,5,3,5,5,5,0.6,3,0.65,0.6,0.2,Mobile,1,1,0.5,0.25,0,0,search,0.6,0,0,0,0,2025-03-13,2025-03-22,9,1.6666666666666667,3
82649ad2ffa03cbbf4c823a76d75a1b1,2025-03-10,2025-03-09T20:24:59Z,Kvinde,1979-10-29,2018-03-21,utm_campaign=Basis_22&utm_content=HeaderButtonRaised&utm_medium=Matrice&utm_source=jp.dk,FALSE,FALSE,1,0,0,2025-03-09,2025-05-08,0,0,Produkt,Redaktionelt indhold / holdning,2025-05-08,2025-03-10,1,0–30 dage,46,45–54,0,1,0,0,456,5,4,1,0.2,0.45,0.8,0.2,5,3,4,3,3,0.2,1,0.45,0.4,0.4,Mobile,1,2,0,0.3333333333333333,0,0,unknown,0.6,0,0,0,0.4,2025-03-09,2025-04-05,27,1.6666666666666667,2
8285b49c0a8f3e74ceeb7db67dee6150,2025-06-06,2025-03-06T18:53:35Z,Mand,1946-05-18,2022-03-20,utm_campaign=Marts25&utm_content=A&utm_medium=content&utm_source=jp.dk,FALSE,TRUE,4,3,1,2025-03-06,2025-05-05,0,0,Andet,Ingen årsag – ingen tlf kontakt,2025-07-05,2025-06-06,92,90–180 dage,79,65+,1,0,0,0,445,332,174,119,0.35843373493975905,0.276355421686747,0.9427710843373494,0.0572289156626506,332,31,174,184,172,0.35843373493975905,119,0.276355421686747,0.12951807228915663,0.5542168674698795,Mobile,1,2,0.427710843373494,0.5542168674698795,0,0,internal,0.09939759036144578,0,0.01204819277108433,0,0.4427710843373494,2025-03-06,2025-04-05,30,10.709677419354838,4
82c381bcb5da7b266e8457450d4d9d5a,2025-04-25,2025-03-10T07:07:38Z,Kvinde,1956-04-11,2025-03-10,utm_campaign=Marts25&utm_content=A&utm_medium=content&utm_source=jp.dk,FALSE,FALSE,0,0,0,2025-03-10,2025-05-09,0,0,Tid,Ikke tid,2025-05-09,2025-04-25,46,30–90 dage,70,65+,0,0,0,0,1,493,194,165,0.33468559837728196,0.3640973630831643,0,0.9979716024340771,493,31,194,280,191,0.33468559837728196,165,0.3640973630831643,0.27586206896551724,0.5334685598377282,Computer,0,2,0,0.9928057553956836,0,0,internal,0.11561866125760648,0,0,0,0.4279918864097363,2025-03-10,2025-04-09,30,15.903225806451612,1
82e94553b5632fdab9a7723df1b4fde4,2025-05-21,2025-03-17T07:59:21Z,Mand,1985-05-26,2025-03-17,utm_campaign=Basis_22&utm_content=HeaderButtonRaised&utm_medium=Matrice&utm_source=jp.dk,FALSE,FALSE,0,0,0,2025-03-17,2025-05-16,0,0,Produkt,Redaktionelt indhold / holdning,2025-06-16,2025-05-21,65,30–90 dage,40,35–44,1,0,0,1,32,72,41,25,0.3472222222222222,0.3819444444444444,1,0,72,7,41,45,40,0.3472222222222222,25,0.3819444444444444,0.2222222222222222,0.4861111111111111,Mobile,1,1,0.02816901408450704,0.9577464788732394,0,0,internal,0.1388888888888889,0,0,0,0.375,2025-03-18,2025-04-16,29,10.285714285714286,3
834ad5211bd6e9519192ce3cb9457802,2025-11-26,2025-03-17T08:34:02Z,Mand,1976-08-24,2025-03-17,utm_campaign=Marts25&utm_content=A&utm_medium=content&utm_source=jp.dk,FALSE,FALSE,0,0,0,2025-03-17,2025-05-16,0,0,Produkt,Redaktionelt indhold / holdning,2025-12-16,2025-11-26,254,180–270 dage,49,45–54,1,0,0,0,215,94,78,46,0.48936170212765956,0.48404255319148937,0,1,94,8,78,80,77,0.4893617021276595,46,0.48404255319148937,0.3617021276595745,0.3829787234042553,Computer,0,1,0,0.9390243902439024,0,0,internal,0.1595744680851064,0,0.01063829787234042,0,0.14893617021276595,2025-03-17,2025-04-09,23,11.75,3
835d69dda5ba5d750f73a0b5b854568d,2025-06-11,2025-03-08T12:24:37Z,Mand,1956-01-28,2025-03-08,utm_campaign=Basis_22&utm_content=HeaderButtonRaised&utm_medium=Matrice&utm_source=jp.dk,FALSE,FALSE,0,0,0,2025-03-08,2025-05-07,0,0,Andet,RVS,2025-06-10,2025-06-11,95,90–180 dage,70,65+,1,0,0,0,35,158,80,43,0.2721518987341772,0.17246835443037975,0,1,158,27,80,81,79,0.2721518987341772,43,0.17246835443037975,0.0949367088607595,0.7088607594936709,Computer,0,1,0,0.9753086419753086,0,0,internal,0.16455696202531644,0,0.01265822784810126,0,0.4873417721518987,2025-03-08,2025-04-06,29,5.851851851851852,4
83da59eb70f526294fc5903113df888f,2025-05-21,2025-03-17T05:33:59Z,Mand,1957-06-04,2012-12-05,utm_campaign=Marts25&utm_content=a&utm_medium=mail&utm_source=mail,FALSE,TRUE,1,1,1,2025-03-17,2025-05-16,0,0,Andet,Ingen årsag – ingen tlf kontakt,2025-06-16,2025-05-21,65,30–90 dage,68,65+,1,0,0,1,224,23,18,11,0.4782608695652174,0.4673913043478261,0.5652173913043478,0.43478260869565216,23,11,18,17,17,0.4782608695652174,11,0.4673913043478261,0.2608695652173913,0.30434782608695654,Mobile,1,2,0,0.25,0,0.55,social,0.21739130434782608,0,0,0,0.2608695652173913,2025-03-26,2025-04-16,21,2.090909090909091,4
840bb9b0a0ea4b1a70639e5569f36bdb,2025-04-07,2025-03-21T08:20:16Z,Mand,1951-03-25,2015-05-14,utm_campaign=Basis_22&utm_content=MegaMenu&utm_medium=Matrice&utm_source=jp.dk,TRUE,TRUE,25,11,15,2025-03-21,2025-05-20,0,0,Produkt,Redaktionelt indhold / holdning,2025-05-20,2025-04-07,17,0–30 dage,75,65+,0,0,0,0,1068,257,108,69,0.26848249027237353,0.26653696498054474,0.16731517509727625,0.8326848249027238,257,24,108,124,104,0.26848249027237353,69,0.26653696498054474,0.1828793774319066,0.6342412451361867,Computer,0,2,0,0.9931972789115646,0,0,internal,0.10505836575875488,0,0.1245136186770428,0,0.3813229571984435,2025-03-21,2025-04-20,30,10.708333333333334,1
8423866ec1a677d8bf54c4cb91ec613a,2025-04-09,2025-03-08T19:25:13Z,Mand,1967-07-23,2015-03-19,utm_campaign=&utm_content=Besog_JP&utm_medium=ppc&utm_source=adwords&utm_term=avis+abonnement,FALSE,TRUE,1,1,0,2025-03-08,2025-05-07,0,0,Andet,kunden ønsker ikke at oplyse,2025-05-07,2025-04-09,32,30–90 dage,58,55–64,0,0,0,0,205,5,4,3,0.6,0.25,1,0,5,1,4,4,3,0.6,3,0.25,0.2,0.6,Mobile,1,1,0,1,0,0,internal,0,0,0,0,0,2025-03-08,2025-03-08,0,5,1
84462c32fcbf7b533329cebcb21db397,2025-12-12,2025-03-21T08:42:00Z,Mand,2002-02-01,2018-10-02,utm_campaign=Marts25&utm_content=sc_a&utm_medium=mail&utm_source=mail,FALSE,TRUE,16,6,11,2025-03-21,2025-05-20,0,0,Produkt,Digital platform,2025-12-20,2025-12-12,266,180–270 dage,24,18–24,1,0,0,0,401,143,82,50,0.34965034965034963,0.42657342657342656,1,0,143,22,82,94,77,0.34965034965034963,50,0.42657342657342656,0.3006993006993007,0.4615384615384616,Mobile,1,1,0,0.9789473684210528,0,0,internal,0.09090909090909093,0,0.00699300699300699,0,0.3146853146853147,2025-03-21,2025-04-18,28,6.5,3
8450867c34d2e1b804617f92fedc6d49,2025-05-14,2025-03-18T12:51:54Z,Kvinde,1959-05-01,2012-06-12,utm_campaign=Nyhedsoverblik+11.00&utm_content=2025-03-18&utm_medium=email&utm_source=jp,TRUE,TRUE,4,3,2,2025-03-18,2025-05-17,1,1,Tid,Ikke tid,2025-05-17,2025-05-14,57,30–90 dage,66,65+,0,0,0,0,339,19,15,7,0.3684210526315789,0.4342105263157895,0.05263157894736842,0.9473684210526315,19,2,15,16,12,0.3684210526315789,7,0.4342105263157895,0.3684210526315789,0.47368421052631576,Computer,0,2,0,0.875,0,0,internal,0.5263157894736842,0,0,0,0.05263157894736842,2025-03-18,2025-03-22,4,9.5,1
845b4add6adcbc933e973db308d89080,2025-03-18,2025-03-07T19:58:39Z,Kvinde,1949-06-30,2014-01-07,utm_campaign=Marts25&utm_content=A&utm_medium=content&utm_source=jp.dk,FALSE,TRUE,6,4,2,2025-03-07,2025-05-06,1,1,Andet,Ingen årsag – ingen tlf kontakt,2025-05-06,2025-03-18,11,0–30 dage,76,65+,0,0,0,0,425,25,19,12,0.48,0.77,0,0,25,4,19,24,18,0.48,12,0.77,0.64,0.12,Tablet,0,1,0,0.9230769230769232,0,0,internal,0.12,0,0,0,0.04,2025-03-07,2025-03-10,3,6.25,1
848ee26ce93babd7d9d9d93b2df65b6b,2025-05-19,2025-03-19T11:16:23Z,Kvinde,1996-11-09,2025-03-19,utm_campaign=Marts25&utm_content=A&utm_medium=content&utm_source=jp.dk,FALSE,FALSE,0,0,0,2025-03-19,2025-05-18,0,0,Andet,kunden ønsker ikke at oplyse,2025-06-18,2025-05-19,61,30–90 dage,29,25–34,1,0,0,1,32,30,20,12,0.4,0.6,0.03333333333333333,0.9666666666666667,30,7,20,19,19,0.4,12,0.6,0.5333333333333333,0.36666666666666664,Computer,0,2,0.07692307692307693,0.6538461538461539,0,0,internal,0.13333333333333333,0,0,0,0.36666666666666664,2025-03-19,2025-04-08,20,4.285714285714286,3
84a0ea3fbb01645645ab3c637f704838,2025-09-21,2025-03-18T08:51:50Z,Kvinde,1994-09-01,2023-09-19,utm_campaign=Marts25&utm_content=A&utm_medium=content&utm_source=jp.dk,FALSE,FALSE,0,0,0,2025-03-18,2025-05-17,0,0,Andet,RVS,2025-09-20,2025-09-21,187,180–270 dage,31,25–34,1,0,0,0,127,14,8,6,0.42857142857142855,0.19642857142857142,1,0,14,3,8,8,7,0.42857142857142855,6,0.19642857142857145,0.07142857142857142,0.5,Mobile,1,1,0,0.7142857142857143,0,0,internal,0.21428571428571427,0,0,0,0.42857142857142855,2025-03-18,2025-03-20,2,4.666666666666667,3
84dac38615093b058cdaddfd9bedd984,2025-03-20,2025-03-20T14:42:48Z,Mand,1990-04-20,2024-01-03,utm_campaign=Marts25&utm_content=A&utm_medium=content&utm_source=jp.dk,FALSE,TRUE,1,1,0,2025-03-20,2025-05-19,0,0,Andet,kunden ønsker ikke at oplyse,2025-05-19,2025-03-20,0,0–30 dage,36,35–44,0,1,0,0,214,69,24,13,0.18840579710144928,0.13405797101449277,0.2753623188405797,0.7246376811594203,69,14,24,26,22,0.18840579710144928,13,0.13405797101449277,0.02898550724637681,0.6956521739130435,Computer,0,2,0,0.8823529411764706,0,0,internal,0.02898550724637681,0,0,0,0.07246376811594203,2025-03-20,2025-04-18,29,4.928571428571429,2
84e6974e7c3ebf7fcc2f994ca97068f7,2025-03-11,2025-03-10T18:47:43Z,Mand,1980-09-24,2014-08-25,utm_campaign=Marts25&utm_content=A&utm_medium=content&utm_source=jp.dk,FALSE,FALSE,0,0,0,2025-03-10,2025-05-09,3,4,Produkt,Redaktionelt indhold / holdning,2025-05-09,2025-03-11,1,0–30 dage,45,45–54,0,1,0,0,1,28,13,4,0.14285714285714285,0.21428571428571427,1,0,28,5,13,13,12,0.14285714285714285,4,0.21428571428571427,0.14285714285714285,0.6785714285714286,Mobile,1,1,0,0.8823529411764706,0,0,internal,0.14285714285714285,0,0.03571428571428571,0,0.5357142857142857,2025-03-10,2025-03-23,13,5.6,2
84f6698b842c9fafd5b8729c2ceea216,2025-03-08,2025-03-08T14:00:46Z,Mand,1956-04-28,2020-04-30,utm_campaign=Marts25&utm_content=a&utm_medium=mail&utm_source=mail,TRUE,TRUE,9,5,2,2025-03-08,2025-05-07,0,0,Økonomi,Pris,2025-05-07,2025-03-08,0,0–30 dage,69,65+,0,1,0,0,1384,96,61,28,0.2916666666666667,0.5494791666666666,0,1,96,10,61,60,59,0.2916666666666667,28,0.5494791666666666,0.5,0.375,Computer,0,1,0,0.9871794871794872,0,0,internal,0.10416666666666669,0,0,0,0.3645833333333333,2025-03-08,2025-04-07,30,9.6,2
856cb3f6e96cecc0ea9e5c063c49d2c2,2025-04-08,2025-03-12T07:18:53Z,Kvinde,1972-12-12,2015-03-26,utm_campaign=Marts25&utm_content=A&utm_medium=content&utm_source=jp.dk,FALSE,FALSE,0,0,0,2025-03-12,2025-05-11,0,0,Produkt,Bestemt indhold,2025-05-11,2025-04-08,27,0–30 dage,53,45–54,0,0,0,0,1,10,8,6,0.6,0.525,0,1,10,8,8,6,6,0.6,6,0.525,0.5,0.4,Computer,0,1,0.8571428571428571,0,0,0,search,0.5,0,0,0,0.3,2025-03-12,2025-04-08,27,1.25,2
85879b96cc5b5ffd524cd66d43d6133c,2025-04-30,2025-03-07T16:24:30Z,Mand,1966-09-26,2018-06-30,utm_campaign=Marts25&utm_content=A&utm_medium=content&utm_source=jp.dk,FALSE,FALSE,3,3,0,2025-03-07,2025-05-06,0,0,Tid,Ikke tid,2025-05-06,2025-04-30,54,30–90 dage,59,55–64,0,0,0,0,456,89,45,27,0.30337078651685395,0.398876404494382,0,1,89,11,45,47,41,0.30337078651685395,27,0.398876404494382,0.30337078651685395,0.5056179775280899,Computer,0,1,0.11235955056179776,0.8314606741573034,0,0,internal,0.0449438202247191,0,0,0,0.3258426966292135,2025-03-07,2025-04-05,29,8.090909090909092,1
85bfda24811f12ef9db73027d7d0ba48,2025-03-16,2025-03-16T11:24:12Z,Kvinde,1996-01-16,2015-03-14,utm_campaign=Marts25&utm_content=A&utm_medium=content&utm_source=jp.dk,FALSE,FALSE,2,1,0,2025-03-16,2025-05-15,0,0,Produkt,Redaktionelt indhold / holdning,2025-05-15,2025-03-16,0,0–30 dage,30,25–34,0,1,0,0,183,38,24,14,0.3684210526315789,0.5526315789473685,1,0,38,11,24,33,23,0.3684210526315789,14,0.5526315789473685,0.2894736842105263,0.2631578947368421,Mobile,1,1,0,0.36666666666666664,0,0.6,social,0.5,0,0,0,0.13157894736842105,2025-03-16,2025-04-15,30,3.4545454545454546,2
862228c71e06513517a016fb17580c94,2026-01-10,2025-03-08T09:25:23Z,Mand,1942-01-02,2013-09-02,utm_campaign=Basis_22&utm_content=HeaderButtonRaised&utm_medium=Matrice&utm_source=jp.dk,FALSE,FALSE,0,0,0,2025-03-08,2025-05-07,0,0,Tid,Ikke tid,2026-02-07,2026-01-10,308,270–365 dage,84,65+,1,0,0,0,277,419,174,100,0.2386634844868735,0.18198090692124105,0,1,419,30,174,180,173,0.2386634844868735,100,0.18198090692124105,0.06205250596658711,0.6754176610978521,Computer,0,1,0.00377358490566037,0.6830188679245283,0,0,internal,0.11455847255369928,0,0,0,0.5704057279236276,2025-03-08,2025-04-06,29,13.966666666666669,4
864e9924d017e8e3f57b370be7749c29,2025-10-15,2025-03-08T17:49:37Z,Mand,1952-02-11,2025-03-08,utm_campaign=Basis_22&utm_content=HeaderButtonRaised&utm_medium=Matrice&utm_source=jp.dk,FALSE,FALSE,0,0,0,2025-03-08,2025-05-07,0,0,Tid,Ikke tid,2025-11-07,2025-10-15,221,180–270 dage,74,65+,1,0,0,0,185,195,104,84,0.4307692307692308,0.391025641025641,0,1,195,24,104,125,103,0.4307692307692308,84,0.391025641025641,0.28205128205128205,0.4871794871794872,Computer,0,1,0,0.9421487603305784,0,0,internal,0.11794871794871796,0,0,0,0.358974358974359,2025-03-08,2025-04-07,30,8.125,4
86a838f1d2d0779f6e3bae98ccf53ebd,2025-04-29,2025-03-21T07:14:31Z,Mand,1973-03-06,2019-12-29,utm_campaign=Marts25&utm_content=sc_a&utm_medium=mail&utm_source=mail,FALSE,TRUE,14,6,8,2025-03-21,2025-05-01,0,0,Andet,Administrativt,2025-05-01,2025-04-29,39,30–90 dage,53,45–54,0,0,0,0,1120,51,22,13,0.2549019607843137,0.25,0,0.27450980392156865,51,12,22,15,15,0.2549019607843137,13,0.25,0.19607843137254904,0.7254901960784313,Tablet,0,2,0,0.9285714285714286,0,0,internal,0.0588235294117647,0,0.0196078431372549,0,0.4901960784313726,2025-03-26,2025-04-20,25,4.25,4
86bada2394a6cbe10af2ec8e80297326,2025-05-09,2025-03-21T13:44:18Z,Mand,1962-11-14,2013-12-02,utm_campaign=Marts25&utm_content=sc_a&utm_medium=mail&utm_source=mail,FALSE,TRUE,4,2,2,2025-03-21,2025-05-20,0,0,Produkt,Anden avis/produkt,2025-05-20,2025-05-09,49,30–90 dage,63,55–64,0,0,0,0,367,17,12,6,0.35294117647058826,0.5882352941176471,0,1,17,4,12,13,11,0.35294117647058826,6,0.5882352941176471,0.5294117647058824,0.35294117647058826,Computer,0,1,0,0.5,0,0,internal,0.1176470588235294,0,0,0,0.2352941176470588,2025-03-25,2025-04-19,25,4.25,1
870916599f1702f25f2425eb19f2b10f,2025-05-25,2025-03-23T16:49:05Z,Mand,1967-05-06,2023-05-15,utm_campaign=Marts25&utm_medium=topticker&utm_source=jp.dk,FALSE,FALSE,2,2,0,2025-03-23,2025-05-22,0,0,Tid,Ikke tid,2025-06-22,2025-05-25,63,30–90 dage,58,55–64,1,0,0,1,409,697,146,97,0.13916786226685796,0.11477761836441894,1,0,697,30,146,206,144,0.13916786226685796,97,0.11477761836441894,0.03586800573888091,0.8077474892395983,Mobile,1,1,0,0.968421052631579,0,0,internal,0.05021520803443329,0,0.00430416068866571,0,0.703012912482066,2025-03-23,2025-04-21,29,23.233333333333334,4
87d2a11d788649d4c69bb4e10ff780c0,2025-04-11,2025-03-12T13:49:05Z,Mand,1945-03-30,2022-05-05,utm_campaign=Marts25&utm_medium=Matrice&utm_source=jp.dk,TRUE,FALSE,1,1,0,2025-03-12,2025-05-11,0,2,Tid,Ikke tid,2025-05-11,2025-04-11,30,30–90 dage,81,65+,0,0,0,0,116,2,2,0,0,0.375,0,1,2,1,2,1,1,0,0,0.375,0,0.5,Computer,0,1,0,0.5,0,0,internal,0,0,0,0,0.5,2025-03-13,2025-03-13,0,2,1
87ea5962d114ff09f1e4f50555fb2a67,2025-03-24,2025-03-23T06:27:37Z,Mand,1973-08-01,2012-12-08,utm_campaign=Marts25&utm_medium=topticker&utm_source=jp.dk,FALSE,TRUE,6,0,5,2025-03-23,2025-05-22,0,0,Andet,kunden ønsker ikke at oplyse,2025-05-22,2025-03-24,1,0–30 dage,52,45–54,0,1,0,0,67,476,201,124,0.2605042016806723,0.3335084033613445,1,0,476,29,201,217,192,0.2605042016806723,124,0.3335084033613445,0.2689075630252101,0.6092436974789915,Mobile,1,1,0.4831223628691983,0.5147679324894515,0,0,internal,0.09033613445378152,0,0.00210084033613445,0,0.4957983193277311,2025-03-24,2025-04-21,28,16.413793103448278,2
883b095032e3de2ea29c0f37082e116f,2026-02-15,2025-03-21T13:21:41Z,Kvinde,1967-03-17,2012-08-15,utm_campaign=Marts25&utm_content=A&utm_medium=content&utm_source=jp.dk,FALSE,FALSE,1,0,1,2025-03-21,2025-05-20,0,0,Tid,Ikke tid,2026-02-20,2026-02-15,331,270–365 dage,59,55–64,1,0,0,0,284,1,1,1,1,0.75,0,1,1,1,1,1,1,1,1,0.75,0,0,Computer,0,1,0,0,0,0,unknown,0,0,0,0,0,2025-03-21,2025-03-21,0,1,3
890c53b5a0b80578830b84510b6b76b8,2025-05-18,2025-03-17T16:14:35Z,Kvinde,1976-11-20,2025-03-17,utm_campaign=Marts25&utm_content=B&utm_medium=content&utm_source=jp.dk,FALSE,FALSE,0,0,0,2025-03-17,2025-05-16,0,0,Produkt,Redaktionelt indhold / holdning,2025-06-16,2025-05-18,62,30–90 dage,49,45–54,1,0,0,1,32,21,14,5,0.23809523809523808,0.5119047619047619,0.6666666666666666,0.3333333333333333,21,8,14,17,12,0.23809523809523808,5,0.5119047619047619,0.3333333333333333,0.1904761904761905,Mobile,1,2,0.2777777777777778,0.4444444444444444,0,0,internal,0.6666666666666666,0,0,0,0.09523809523809525,2025-03-17,2025-04-13,27,2.625,3
892870b7adcff5ec90a80203b1724bbb,2025-03-11,2025-03-11T17:22:06Z,Kvinde,1972-01-02,2018-08-14,utm_campaign=Marts25&utm_content=B&utm_medium=content&utm_source=jp.dk,FALSE,FALSE,0,0,0,2025-03-11,2025-05-10,0,0,Produkt,Anden avis/produkt,2025-05-10,2025-03-11,0,0–30 dage,54,45–54,0,1,0,0,1,13,9,3,0.23076923076923078,0.23076923076923078,1,0,13,2,9,6,6,0.2307692307692308,3,0.2307692307692308,0.2307692307692308,0.7692307692307693,Mobile,1,1,0.1,0.8,0,0,internal,0.07692307692307693,0,0.07692307692307693,0,0.3076923076923077,2025-03-11,2025-04-04,24,6.5,2
89c59f1c957f1af29ebb9e618cf55e5c,2025-10-20,2025-03-24T08:31:26Z,Mand,1975-10-17,2012-09-29,utm_campaign=Basis_22&utm_content=HeaderButtonRaised&utm_medium=Matrice&utm_source=jp.dk,FALSE,TRUE,7,3,4,2025-03-24,2025-05-23,0,0,Økonomi,Pris,2025-10-23,2025-10-20,210,180–270 dage,50,45–54,1,0,0,0,446,835,297,198,0.237125748502994,0.24850299401197604,0.911377245508982,0.08862275449101796,835,31,297,355,296,0.237125748502994,198,0.24850299401197604,0.16526946107784432,0.6694610778443114,Mobile,1,2,0.00840336134453781,0.9803921568627452,0,0,internal,0.06467065868263473,0,0.00359281437125748,0,0.5748502994011976,2025-03-24,2025-04-23,30,26.93548387096774,4
89fe18e88ee14abb6b80d6c2bffe70fe,2025-08-01,2025-03-21T08:15:57Z,Mand,1962-10-14,2014-10-21,utm_campaign=Marts25&utm_content=sc_a&utm_medium=mail&utm_source=mail,FALSE,TRUE,10,5,6,2025-03-21,2025-05-20,1,1,Andet,kunden ønsker ikke at oplyse,2025-08-20,2025-08-01,133,90–180 dage,63,55–64,1,0,0,0,811,92,50,34,0.3695652173913043,0.4266304347826087,1,0,92,19,50,61,47,0.3695652173913043,34,0.4266304347826087,0.2717391304347826,0.4782608695652174,Mobile,1,1,0.29310344827586204,0.5689655172413793,0,0,internal,0.10869565217391304,0,0.0217391304347826,0,0.30434782608695654,2025-03-21,2025-04-20,30,4.842105263157895,4
8a807bb2fc8743e59c5d7479472d53d9,2025-12-05,2025-03-21T07:23:25Z,Kvinde,1971-05-02,2018-05-02,utm_campaign=Marts25&utm_content=sc_b&utm_medium=mail&utm_source=mail,TRUE,TRUE,1,1,0,2025-03-21,2025-05-20,0,0,Andet,kunden ønsker ikke at oplyse,2025-12-20,2025-12-05,259,180–270 dage,54,45–54,1,0,0,0,496,194,73,43,0.22164948453608246,0.21520618556701032,0.8298969072164949,0.17010309278350516,194,26,73,81,71,0.2216494845360825,43,0.21520618556701032,0.12371134020618556,0.6804123711340206,Mobile,1,2,0.0588235294117647,0.9411764705882352,0,0,internal,0.10309278350515463,0,0.00515463917525773,0,0.5773195876288659,2025-03-21,2025-04-20,30,7.461538461538462,3
8af08980740ee721f3d745897e3f128a,2026-03-07,2025-03-10T11:22:55Z,Mand,1964-11-07,2025-03-10,utm_campaign=Basis_22&utm_content=HeaderButtonRaised&utm_medium=Matrice&utm_source=jp.dk,FALSE,FALSE,0,0,0,2025-03-10,2025-05-09,0,0,Produkt,Redaktionelt indhold / holdning,2026-04-29,2026-03-07,362,270–365 dage,61,55–64,1,0,0,0,323,29,19,10,0.3448275862068966,0.45689655172413796,0,1,29,2,19,14,14,0.3448275862068966,10,0.4568965517241379,0.41379310344827586,0.5172413793103449,Computer,0,1,0,0.8846153846153846,0,0,internal,0.13793103448275862,0,0,0,0.20689655172413793,2025-03-10,2025-03-11,1,14.5,4
8b716e11d42ed2e3a0ab16af04e27afd,2025-03-19,2025-03-14T10:09:50Z,Mand,1953-06-09,2013-01-19,utm_campaign=Marts25&utm_content=A&utm_medium=content&utm_source=jp.dk,FALSE,FALSE,0,0,0,2025-03-14,2025-03-19,0,0,Andet,Ingen årsag – ingen tlf kontakt,2025-03-19,2025-03-19,5,0–30 dage,72,65+,0,0,0,0,1,3,3,1,0.3333333333333333,0.6666666666666666,1,0,3,2,3,3,3,0.3333333333333333,1,0.6666666666666666,0.3333333333333333,0,Mobile,1,1,0,0,0,0,unknown,0,0,0,0,0,2025-03-14,2025-03-15,1,1.5,2
8b7f6aa45ee2f16c5020b05f5ef44a95,2025-04-12,2025-03-11T21:00:19Z,Mand,1973-03-09,2012-06-08,utm_campaign=Marts25&utm_medium=topticker&utm_source=jp.dk,FALSE,TRUE,5,3,1,2025-03-11,2025-05-10,1,1,Tid,Ikke tid,2025-05-10,2025-04-12,32,30–90 dage,53,45–54,0,0,0,0,749,377,114,60,0.15915119363395225,0.23076923076923078,1,0,377,31,114,117,111,0.15915119363395225,60,0.2307692307692308,0.16445623342175067,0.7082228116710876,Mobile,1,1,0,1,0,0,internal,0.0636604774535809,0,0.0026525198938992,0,0.6790450928381963,2025-03-11,2025-04-10,30,12.161290322580646,4
8c033696b57b3ff5b67f457a01171285,2025-05-19,2025-03-21T09:06:19Z,Kvinde,1953-04-11,2012-12-07,utm_campaign=Basis_22&utm_content=HeaderButtonRaised&utm_medium=Matrice&utm_source=jp.dk,FALSE,TRUE,8,3,0,2025-03-21,2025-05-20,0,0,Økonomi,Pris,2025-05-20,2025-05-19,59,30–90 dage,73,65+,0,0,0,0,1360,101,64,47,0.46534653465346537,0.5198019801980198,1,0,101,6,64,74,59,0.46534653465346537,47,0.5198019801980198,0.4257425742574258,0.4158415841584158,Mobile,1,1,0.09090909090909093,0.8787878787878788,0.0202020202020202,0,internal,0.06930693069306931,0,0.04950495049504951,0,0.0099009900990099,2025-03-26,2025-04-07,12,16.833333333333332,1
8c63bc6f82daa6485b044ed69e133b19,2025-04-16,2025-03-23T12:31:50Z,Mand,1953-06-01,2021-07-23,utm_campaign=Marts25&utm_content=e-avis_ikkeabn&utm_medium=matrice&utm_source=jp.dk,FALSE,FALSE,5,3,2,2025-03-23,2025-05-22,4,3,Produkt,Anden avis/produkt,2025-05-22,2025-04-16,24,0–30 dage,72,65+,0,0,0,0,525,5,3,0,0,0.05,0,1,5,3,3,1,1,0,0,0.05,0,0.8,Computer,0,1,0,0.6666666666666666,0,0,internal,0,0,0,0,0.6,2025-03-23,2025-03-28,5,1.6666666666666667,2
8ca62176a2868f3a1c9d4b663d802fba,2025-03-06,2025-03-05T17:38:01Z,Mand,1955-02-19,2018-10-26,utm_campaign=Biler&utm_content=2025-03-05&utm_medium=email&utm_source=jp,FALSE,TRUE,1,1,1,2025-03-05,2025-05-04,6,6,Økonomi,Pris,2025-05-04,2025-03-06,1,0–30 dage,71,65+,0,1,0,0,64,237,174,114,0.4810126582278481,0.5084388185654009,0.9831223628691983,0.016877637130801686,237,30,174,216,168,0.4810126582278481,114,0.5084388185654009,0.3755274261603376,0.3291139240506329,Mobile,1,2,0.01,0.94,0,0,internal,0.23628691983122363,0,0.1350210970464135,0,0.05907172995780591,2025-03-05,2025-04-04,30,7.9,2
8d6db829e8ec4283d3d84a0f47ef3c8e,2025-07-23,2025-03-22T06:16:46Z,Mand,1942-02-28,2020-03-18,utm_campaign=Basis_22&utm_content=HeaderButtonRaised&utm_medium=Matrice&utm_source=jp.dk,TRUE,TRUE,4,4,3,2025-03-22,2025-05-21,4,4,Digitalt,Tekniske problemer (kunde),2025-08-21,2025-07-23,123,90–180 dage,84,65+,1,0,0,0,366,49,38,24,0.4897959183673469,0.33163265306122447,0,0.9591836734693877,49,14,38,40,33,0.4897959183673469,24,0.33163265306122447,0.12244897959183672,0.3877551020408163,Computer,0,2,0.08,0.72,0,0,internal,0.16326530612244897,0,0,0,0.08163265306122448,2025-03-22,2025-04-17,26,3.5,4
8d905c53b4f60e9724904c8f4a3ba95a,2025-03-19,2025-03-19T09:06:40Z,Mand,1972-08-19,2013-01-10,utm_campaign=Marts25&utm_content=Footer&utm_medium=Matrice&utm_source=jp.dk,FALSE,TRUE,2,2,0,2025-03-19,2025-05-18,2,2,Økonomi,Pris,2025-05-18,2025-03-19,0,0–30 dage,53,45–54,0,1,0,0,154,275,86,55,0.2,0.21636363636363637,0.4509090909090909,0.5490909090909091,275,31,86,93,83,0.2,55,0.21636363636363637,0.14181818181818182,0.7090909090909091,Computer,0,2,0,0.9844961240310076,0,0.00775193798449612,internal,0.7272727272727273,0,0,0,0.13090909090909092,2025-03-19,2025-04-18,30,8.870967741935484,2
8e19042933cfe2a4899f617526666507,2025-03-05,2025-03-05T06:33:37Z,Kvinde,1964-08-17,2016-08-19,utm_campaign=&utm_content=genbesog_JP_digital&utm_medium=ppc&utm_source=adwords&utm_term=jyllands-posten+abonnementer,FALSE,TRUE,16,11,6,2025-03-05,2025-05-04,0,0,Andet,kunden ønsker ikke at oplyse,2025-05-04,2025-03-05,0,0–30 dage,61,55–64,0,1,0,0,1046,5,3,2,0.4,0.15,1,0,5,1,3,2,2,0.4,2,0.15,0,0.6,Mobile,1,1,0,0.4,0,0,unknown,0,0,0,0,0.6,2025-03-05,2025-03-05,0,5,2
8e3f83df238b7c83c8cfa217c33b9e95,2025-03-20,2025-03-03T14:11:50Z,Mand,1958-05-05,2025-03-03,utm_campaign=Marts25&utm_content=A&utm_medium=content&utm_source=jp.dk,FALSE,FALSE,0,0,0,2025-03-03,2025-05-02,0,0,Økonomi,Pris,2025-05-02,2025-03-20,17,0–30 dage,67,65+,0,0,0,0,1,326,97,63,0.19325153374233128,0.20398773006134968,0.5061349693251533,0.4938650306748466,326,28,97,110,96,0.19325153374233128,63,0.20398773006134968,0.0950920245398773,0.6932515337423313,Mobile,1,2,0,0.9649122807017544,0,0,internal,0.08588957055214724,0,0.00920245398773006,0,0.6625766871165644,2025-03-03,2025-04-02,30,11.642857142857142,2
8ea82943798597396a272ed57e26eadd,2025-03-07,2025-03-03T13:14:09Z,Kvinde,1976-08-02,2025-03-03,utm_campaign=Basis_22&utm_content=HeaderButtonRaised&utm_medium=Matrice&utm_source=jp.dk,FALSE,FALSE,0,0,0,2025-03-03,2025-05-02,0,0,Produkt,Redaktionelt indhold / holdning,2025-05-02,2025-03-07,4,0–30 dage,49,45–54,0,0,0,0,41,395,147,90,0.22784810126582278,0.20506329113924052,0.7037974683544304,0.29620253164556964,395,31,147,160,141,0.2278481012658228,90,0.20506329113924052,0.1291139240506329,0.7139240506329114,Mobile,1,2,0.03608247422680412,0.9484536082474226,0,0,internal,0.14177215189873418,0,0.00253164556962025,0,0.5215189873417722,2025-03-03,2025-04-02,30,12.741935483870968,1
8f024d44baff2d628ed87ca219f535df,2025-10-26,2025-03-19T13:55:48Z,Ukendt,1951-07-12,2023-07-24,utm_campaign=Marts25&utm_content=A&utm_medium=content&utm_source=jp.dk,TRUE,TRUE,1,1,0,2025-03-19,2025-05-18,0,0,Tid,Ikke tid,2025-11-18,2025-10-26,221,180–270 dage,74,65+,1,0,0,0,400,464,223,149,0.32112068965517243,0.3011853448275862,1,0,464,25,223,257,222,0.32112068965517243,149,0.3011853448275862,0.1724137931034483,0.5689655172413793,Mobile,1,1,0,0.9883720930232558,0,0,internal,0.15732758620689655,0,0,0,0.4461206896551724,2025-03-20,2025-04-18,29,18.56,4
8fa0a44a9bd3140f0ffb0c221d291f7c,2025-07-04,2025-03-18T08:25:34Z,Mand,1956-12-18,2011-08-11,utm_campaign=Marts25&utm_content=A&utm_medium=content&utm_source=jp.dk,TRUE,FALSE,1,1,0,2025-03-18,2025-05-17,1,1,Produkt,Redaktionelt indhold / holdning,2025-07-17,2025-07-04,108,90–180 dage,69,65+,1,0,0,0,167,203,101,67,0.33004926108374383,0.47783251231527096,0.14285714285714285,0.8571428571428571,203,25,101,115,98,0.33004926108374383,67,0.47783251231527096,0.4334975369458128,0.4729064039408867,Computer,0,2,0.00735294117647058,0.8676470588235294,0,0,internal,0.1083743842364532,0,0.00492610837438423,0,0.39408866995073893,2025-03-18,2025-04-16,29,8.12,4
8fc8ac5a28516c7528190dc596a5cda5,2025-10-27,2025-03-23T12:39:48Z,Kvinde,1994-08-23,2014-09-05,utm_campaign=Marts25&utm_content=A&utm_medium=content&utm_source=jp.dk,FALSE,FALSE,1,1,0,2025-03-23,2025-05-22,0,0,Andet,RVS,2025-10-26,2025-10-27,218,180–270 dage,31,25–34,1,0,0,0,386,2,2,2,1,0.125,0,1,2,1,2,2,2,1,2,0.125,0,0.5,Computer,0,1,0.5,0,0,0,search,1,0,0,0,0,2025-03-23,2025-03-23,0,2,3
9032519e0fe05946b3e715ff4c2c75c1,2025-05-06,2025-03-21T19:57:05Z,Kvinde,1956-03-30,2012-05-05,utm_campaign=Marts25&utm_content=sc_b&utm_medium=mail&utm_source=mail,FALSE,FALSE,3,1,1,2025-03-21,2025-05-20,0,0,Produkt,Anden avis/produkt,2025-05-20,2025-05-06,46,30–90 dage,70,65+,0,0,0,0,1357,545,233,148,0.27155963302752295,0.3119266055045872,0.5339449541284403,0.46605504587155966,545,30,233,274,229,0.27155963302752295,148,0.3119266055045872,0.23119266055045873,0.6018348623853211,Mobile,1,2,0.00236966824644549,0.9834123222748816,0,0,internal,0.07522935779816514,0,0.0018348623853211,0,0.47155963302752296,2025-03-21,2025-04-20,30,18.166666666666668,1
905ad53e7ca2f7ae55cfa5b3734fae4e,2025-03-15,2025-03-15T14:56:49Z,Mand,1975-09-25,2013-01-09,utm_campaign=Marts25&utm_content=A&utm_medium=content&utm_source=jp.dk,FALSE,FALSE,0,0,0,2025-03-15,2025-05-14,0,0,Produkt,Redaktionelt indhold / holdning,2025-05-14,2025-03-15,0,0–30 dage,50,45–54,0,1,0,0,1,33,29,12,0.36363636363636365,0.6439393939393939,0,1,33,4,29,29,27,0.3636363636363637,12,0.6439393939393939,0.4545454545454546,0.18181818181818185,Computer,0,1,0,0.8387096774193549,0,0,internal,0.09090909090909093,0,0.0303030303030303,0,0.09090909090909093,2025-03-15,2025-04-14,30,8.25,2
9082cd5bd339e7f6efaeac23a1551815,2025-07-23,2025-03-20T21:23:49Z,Kvinde,1977-04-25,2019-01-29,utm_campaign=Basis_22&utm_content=HeaderButtonRaised&utm_medium=Matrice&utm_source=jp.dk,FALSE,FALSE,1,0,0,2025-03-20,2025-05-19,0,0,Tid,Ikke tid,2025-08-19,2025-07-23,125,90–180 dage,49,45–54,1,0,0,0,154,96,49,33,0.34375,0.4166666666666667,1,0,96,19,49,50,42,0.34375,33,0.4166666666666667,0.3229166666666667,0.5416666666666666,Mobile,1,1,0.1129032258064516,0.8225806451612904,0,0,internal,0.15625,0,0,0,0.3958333333333333,2025-03-20,2025-04-19,30,5.052631578947368,3
91a2573ca8e375c5c1612a20c525f5c5,2025-03-21,2025-03-13T05:48:23Z,Mand,1978-04-04,2022-03-04,utm_campaign=Marts25&utm_content=B&utm_medium=content&utm_source=jp.dk,FALSE,TRUE,5,3,1,2025-03-13,2025-05-12,0,0,Andet,kunden ønsker ikke at oplyse,2025-05-12,2025-03-21,8,0–30 dage,48,45–54,0,0,0,0,1332,1327,374,296,0.22305953278070836,0.23455162019593068,0.8251695553880934,0.17483044461190655,1327,31,374,489,370,0.22305953278070836,296,0.23455162019593068,0.1461944235116805,0.6865109269027883,Mobile,1,2,0.00404858299595141,0.9939271255060728,0,0,internal,0.0535041446872645,0,0.00226073850791258,0,0.6284853051996986,2025-03-13,2025-04-12,30,42.806451612903224,2
91f8807046303bf8b0ebf8712503812d,2025-12-09,2025-03-05T15:35:01Z,Mand,1952-11-10,2020-08-18,utm_campaign=Marts25&utm_content=b&utm_medium=mail&utm_source=mail,FALSE,TRUE,3,2,2,2025-03-05,2025-05-04,1,1,Tid,Ikke tid,2026-01-04,2025-12-09,279,270–365 dage,73,65+,1,0,0,0,478,34,30,19,0.5588235294117647,0.5808823529411765,0.6470588235294118,0.35294117647058826,34,16,30,34,30,0.5588235294117647,19,0.5808823529411765,0.35294117647058826,0.2352941176470588,Mobile,1,2,0,1,0,0,internal,0.17647058823529413,0,0.0588235294117647,0,0,2025-03-06,2025-04-04,29,2.125,4
9226bce10f06f4ab2d13d793985fe2dc,2025-03-23,2025-03-23T06:56:26Z,Mand,1975-05-12,2018-01-01,utm_campaign=Marts25&utm_content=sc_b&utm_medium=mail&utm_source=mail,FALSE,TRUE,18,6,15,2025-03-23,2025-05-22,0,0,Økonomi,Pris,2025-05-22,2025-03-23,0,0–30 dage,50,45–54,0,1,0,0,637,20,13,6,0.3,0.3625,0.85,0.15,20,4,13,11,10,0.3,6,0.3625,0.3,0.55,Mobile,1,2,0.06666666666666667,0.7333333333333333,0,0,internal,0.05,0,0,0,0.3,2025-03-23,2025-04-05,13,5,2
9254dd7538b530e8e5015f612d51d553,2025-03-26,2025-03-13T08:28:09Z,Kvinde,1954-08-21,2012-03-22,utm_campaign=Marts25&utm_content=A&utm_medium=content&utm_source=jp.dk,FALSE,FALSE,0,0,0,2025-03-13,2025-05-12,0,0,Tid,Ikke tid,2025-05-12,2025-03-26,13,0–30 dage,71,65+,0,0,0,0,1,14,9,8,0.5714285714285714,0.375,0.5,0.21428571428571427,14,4,9,10,8,0.5714285714285714,8,0.375,0.21428571428571427,0.5,Mobile,1,3,0,0.6153846153846154,0,0,internal,0.21428571428571427,0,0,0,0.2857142857142857,2025-03-13,2025-03-28,15,3.5,1
928b157e4e5cadd4d92b31f0458e8a25,2025-07-06,2025-03-17T10:50:36Z,Kvinde,1989-07-10,2014-06-30,utm_campaign=Marts25&utm_content=A&utm_medium=content&utm_source=jp.dk,FALSE,FALSE,1,1,0,2025-03-17,2025-05-16,0,0,Tid,Ikke tid,2025-07-16,2025-07-06,111,90–180 dage,36,35–44,1,0,0,0,124,4,4,1,0.25,0.25,0,1,4,2,4,3,3,0.25,1,0.25,0.25,0.75,Computer,0,1,0,0.3333333333333333,0,0.3333333333333333,internal,0.25,0,0,0,0.25,2025-03-17,2025-03-28,11,2,3
92cd67180417eb40d415c800fed452bf,2025-07-25,2025-03-05T21:11:10Z,Kvinde,1945-05-10,2016-08-17,utm_campaign=Marts25&utm_content=b&utm_medium=mail&utm_source=mail,FALSE,TRUE,4,3,3,2025-03-05,2025-05-04,1,1,Tid,Ikke tid,2025-08-04,2025-07-25,142,90–180 dage,80,65+,1,0,0,0,142,5,5,1,0.2,0.75,0,1,5,2,5,4,4,0.2,1,0.75,0.6,0.2,Computer,0,1,0,0.8,0,0,internal,0,0,0,0,0.2,2025-03-15,2025-03-16,1,2.5,3
9320c0ecb452f188cb6fecb6fa4ecb70,2025-03-10,2025-03-10T07:24:10Z,Mand,1951-02-17,2013-01-26,utm_campaign=Basis_22&utm_content=HeaderButtonRaised&utm_medium=Matrice&utm_source=jp.dk,FALSE,FALSE,13,5,7,2025-03-10,2025-05-09,1,1,Økonomi,Pris,2025-05-09,2025-03-10,0,0–30 dage,75,65+,0,1,0,0,1140,20,18,6,0.3,0.5875,1,0,20,3,18,17,17,0.3,6,0.5875,0.35,0.25,Mobile,1,1,0,0.9,0,0,internal,0,0,0,0,0.15,2025-03-10,2025-04-08,29,6.666666666666667,2
93e230b871260afcd9027dfe1742fd01,2025-10-15,2025-03-05T19:27:50Z,Kvinde,1945-09-30,2015-03-29,utm_campaign=Marts25&utm_content=A&utm_medium=content&utm_source=jp.dk,FALSE,TRUE,4,2,3,2025-03-05,2025-05-04,0,0,Økonomi,Pris,2025-11-04,2025-10-15,224,180–270 dage,80,65+,1,0,0,0,292,9,7,1,0.1111111111111111,0.5277777777777778,0,1,9,3,7,6,6,0.1111111111111111,1,0.5277777777777778,0.3333333333333333,0.3333333333333333,Computer,0,1,0.3333333333333333,0.5555555555555556,0,0,internal,0,0,0,0,0.3333333333333333,2025-03-05,2025-03-29,24,3,4
941c2b3054d4aff517aef077da1ed7a0,2025-09-26,2025-03-21T07:11:24Z,Mand,1953-05-15,2014-10-02,utm_campaign=Marts25&utm_content=sc_a&utm_medium=mail&utm_source=mail,FALSE,TRUE,6,6,1,2025-03-21,2025-05-20,0,2,Tid,Ikke tid,2025-10-20,2025-09-26,189,180–270 dage,72,65+,1,0,0,0,1023,186,98,61,0.3279569892473118,0.34139784946236557,0,1,186,24,98,105,96,0.3279569892473118,61,0.34139784946236557,0.2043010752688172,0.521505376344086,Computer,0,1,0,0.9902912621359224,0,0,internal,0.12365591397849462,0,0.0053763440860215,0,0.41397849462365593,2025-03-21,2025-04-20,30,7.75,4
94b676c80fe51500f9b72c7222d01021,2026-01-20,2025-03-23T08:57:22Z,Mand,1967-03-09,2025-03-23,utm_campaign=Basis_22&utm_content=App_android&utm_medium=Matrice&utm_source=App,TRUE,TRUE,0,0,0,2025-03-23,2025-05-22,0,0,Økonomi,Pris,2026-01-22,2026-01-20,303,270–365 dage,59,55–64,1,0,0,0,246,36,31,14,0.3888888888888889,0.4236111111111111,1,0,36,12,31,26,26,0.3888888888888889,14,0.4236111111111111,0.3055555555555556,0.4444444444444444,Mobile,1,1,0,0.6666666666666666,0,0,internal,0.19444444444444445,0,0,0,0.1111111111111111,2025-03-23,2025-04-22,30,3,4
95278ba8adc6b0fdd3f509baf2f967e4,2025-04-11,2025-03-21T11:18:18Z,Kvinde,1950-08-09,2014-03-01,utm_campaign=Marts25&utm_content=sc_a&utm_medium=mail&utm_source=mail,FALSE,TRUE,9,5,5,2025-03-21,2025-05-20,2,2,Produkt,Anden avis/produkt,2025-05-20,2025-04-11,21,0–30 dage,75,65+,0,0,0,0,292,109,82,59,0.5412844036697247,0.5825688073394495,0.045871559633027525,0.8256880733944955,109,27,82,96,78,0.5412844036697247,59,0.5825688073394495,0.4128440366972478,0.25688073394495414,Computer,0,3,0.06060606060606061,0.5454545454545454,0,0,internal,0.14678899082568808,0,0.0091743119266055,0,0.04587155963302752,2025-03-21,2025-04-20,30,4.037037037037037,1
9529d220006c3cb9dbe9a74a46013a79,2025-10-21,2025-03-22T16:56:51Z,Mand,1969-03-06,2014-05-15,utm_campaign=Marts25&utm_content=A&utm_medium=content&utm_source=jp.dk,FALSE,FALSE,0,0,0,2025-03-22,2025-05-21,0,0,Andet,Dårlig kundeservice / oplevelse,2025-10-21,2025-10-21,213,180–270 dage,57,55–64,1,0,0,0,154,28,25,16,0.5714285714285714,0.8214285714285714,0.8571428571428571,0.14285714285714285,28,5,25,26,24,0.5714285714285714,16,0.8214285714285714,0.6785714285714286,0.10714285714285714,Mobile,1,2,0,0.64,0,0.2,internal,0.3928571428571429,0,0,0,0.07142857142857142,2025-03-22,2025-04-16,25,5.6,3
952f7975704d54cd4af0b892ac9c62d1,2025-03-20,2025-03-04T12:13:00Z,Kvinde,2000-04-17,2015-11-18,utm_campaign=Basis_22&utm_content=MegaMenu&utm_medium=Matrice&utm_source=jp.dk,FALSE,FALSE,0,0,0,2025-03-04,2025-05-03,0,0,Produkt,Redaktionelt indhold / holdning,2025-05-03,2025-03-20,16,0–30 dage,26,25–34,0,0,0,0,1,187,81,49,0.2620320855614973,0.23663101604278075,0.5668449197860963,0.43315508021390375,187,23,81,84,77,0.2620320855614973,49,0.23663101604278075,0.1711229946524064,0.6577540106951871,Mobile,1,2,0.2209302325581395,0.6976744186046512,0,0.03488372093023256,internal,0.12299465240641712,0,0.0267379679144385,0,0.37433155080213903,2025-03-05,2025-04-03,29,8.130434782608695,1
95475eb5c95d53d33288731c7721d070,2025-07-28,2025-03-09T18:18:24Z,Kvinde,1959-08-18,2025-03-09,utm_campaign=Marts25&utm_content=A&utm_medium=content&utm_source=jp.dk,FALSE,FALSE,0,0,0,2025-03-09,2025-05-08,0,0,Produkt,Redaktionelt indhold / holdning,2025-08-08,2025-07-28,141,90–180 dage,66,65+,1,0,0,0,93,11,5,2,0.18181818181818182,0.25,1,0,11,3,5,3,3,0.18181818181818185,2,0.25,0.18181818181818185,0.7272727272727273,Mobile,1,1,0,0.375,0,0,unknown,0.09090909090909093,0,0,0,0.6363636363636364,2025-03-09,2025-03-29,20,3.6666666666666665,3
95558b3372f189aac34ee20d87310feb,2025-08-12,2025-03-21T15:12:51Z,Kvinde,1964-01-03,2014-06-11,utm_campaign=Marts25&utm_medium=Weblayer&utm_source=jp.dk,FALSE,TRUE,5,4,0,2025-03-21,2025-05-21,1,1,Tid,Ikke tid,2025-08-31,2025-08-12,144,90–180 dage,62,55–64,1,0,0,0,642,16,14,5,0.3125,0.265625,1,0,16,9,14,11,10,0.3125,5,0.265625,0.1875,0.6875,Mobile,1,1,0,0.8,0,0,internal,0.1875,0,0,0,0.125,2025-03-21,2025-04-13,23,1.7777777777777777,3
958256f5ac2353959f4f7f76b7cdda54,2025-05-15,2025-03-17T10:26:07Z,Mand,1985-03-07,2024-08-02,utm_campaign=Marts25&utm_content=A&utm_medium=content&utm_source=jp.dk,FALSE,FALSE,1,1,0,2025-03-17,2025-05-16,0,0,Produkt,Redaktionelt indhold / holdning,2025-05-16,2025-05-15,59,30–90 dage,41,35–44,0,0,0,0,263,684,286,197,0.2880116959064328,0.32858187134502925,0.9941520467836257,0.0043859649122807015,684,31,286,349,280,0.2880116959064328,197,0.32858187134502925,0.24269005847953215,0.5950292397660819,Mobile,1,3,0,0.9912472647702408,0,0,internal,0.09210526315789472,0,0.01461988304093567,0,0.4766081871345029,2025-03-17,2025-04-16,30,22.06451612903226,1
959c700e99c5e04175aa14267701fb89,2025-05-23,2025-03-21T07:12:29Z,Mand,1957-12-31,2012-12-14,utm_campaign=Marts25&utm_content=sc_a&utm_medium=mail&utm_source=mail,TRUE,FALSE,7,3,2,2025-03-21,2025-05-20,0,1,Tid,Ikke tid,2025-06-20,2025-05-23,63,30–90 dage,68,65+,1,0,0,1,553,70,41,31,0.44285714285714284,0.49642857142857144,0,1,70,11,41,46,39,0.4428571428571429,31,0.49642857142857144,0.42857142857142855,0.4428571428571429,Computer,0,1,0.2898550724637681,0.43478260869565216,0,0,internal,0.05714285714285714,0,0.01428571428571428,0,0.32857142857142857,2025-03-21,2025-04-02,12,6.363636363636363,4
95a2228013a28207e917ce359ee6a7ef,2025-07-23,2025-03-21T14:26:42Z,Mand,1985-04-24,2014-07-28,utm_campaign=Marts25&utm_content=A&utm_medium=content&utm_source=jp.dk,FALSE,FALSE,0,0,0,2025-03-21,2025-05-20,0,0,Produkt,Redaktionelt indhold / holdning,2025-08-20,2025-07-23,124,90–180 dage,41,35–44,1,0,0,0,93,6,4,3,0.5,0.3333333333333333,1,0,6,3,4,3,2,0.5,3,0.3333333333333333,0.16666666666666666,0.5,Mobile,1,1,0,0.4,0,0.4,internal,0,0,0,0,0.3333333333333333,2025-03-21,2025-03-26,5,2,3
9643696e3d7223eba64c33fec571a3ed,2025-06-23,2025-03-20T07:07:43Z,Kvinde,1972-04-20,2018-12-26,utm_campaign=Marts25&utm_content=B&utm_medium=content&utm_source=jp.dk,FALSE,TRUE,14,7,6,2025-03-20,2025-05-19,0,0,Andet,kunden ønsker ikke at oplyse,2025-07-19,2025-06-23,95,90–180 dage,54,45–54,1,0,0,0,977,345,150,112,0.32463768115942027,0.27318840579710146,0.7768115942028986,0.22318840579710145,345,31,150,177,146,0.32463768115942027,112,0.27318840579710146,0.16521739130434782,0.6202898550724638,Mobile,1,2,0.0054054054054054,0.9891891891891892,0,0,internal,0.10144927536231883,0,0.00869565217391304,0,0.4695652173913043,2025-03-20,2025-04-19,30,11.129032258064516,4
967d82c28270edd1b92191a9b29fbd6c,2025-04-22,2025-03-04T07:42:50Z,Kvinde,1961-12-22,2022-10-17,utm_campaign=Basis_22&utm_content=HeaderButtonRaised&utm_medium=Matrice&utm_source=jp.dk,FALSE,FALSE,1,1,0,2025-03-04,2025-05-03,0,0,Tid,Ikke tid,2025-05-03,2025-04-22,49,30–90 dage,64,55–64,0,0,0,0,62,126,73,37,0.29365079365079366,0.35119047619047616,1,0,126,5,73,76,72,0.29365079365079366,37,0.35119047619047616,0.18253968253968253,0.4841269841269842,Mobile,1,1,0,0.680327868852459,0,0,internal,0.1349206349206349,0,0.01587301587301587,0,0.3968253968253968,2025-03-04,2025-03-29,25,25.2,1
97277819e09ed9f7d393fd3f3d624656,2025-05-19,2025-03-21T10:59:51Z,Mand,1956-06-08,2013-05-13,utm_campaign=Marts25&utm_content=B&utm_medium=content&utm_source=jp.dk,TRUE,TRUE,25,10,14,2025-03-21,2025-05-20,8,8,Økonomi,Pris,2025-05-20,2025-05-19,59,30–90 dage,69,65+,0,0,0,0,1073,60,56,37,0.6166666666666667,0.575,1,0,60,27,56,60,56,0.6166666666666667,37,0.575,0.26666666666666666,0.15,Mobile,1,1,0,0.03333333333333333,0.9666666666666668,0,email,0.18333333333333332,0,0,0,0,2025-03-21,2025-04-20,30,2.2222222222222223,2
9797839576569545caa2f1cf389108ef,2025-04-11,2025-03-21T19:32:57Z,Kvinde,1976-06-05,2015-03-18,utm_campaign=Marts25&utm_content=A&utm_medium=content&utm_source=jp.dk,FALSE,FALSE,0,0,0,2025-03-21,2025-05-20,0,0,Produkt,Redaktionelt indhold / holdning,2025-05-20,2025-04-11,21,0–30 dage,49,45–54,0,0,0,0,1,28,26,15,0.5357142857142857,0.7589285714285714,0,1,28,11,26,24,24,0.5357142857142857,15,0.7589285714285714,0.6785714285714286,0.14285714285714285,Computer,0,1,0,0.5833333333333334,0,0.08333333333333333,internal,0.2857142857142857,0,0,0,0.10714285714285714,2025-03-21,2025-04-15,25,2.5454545454545454,1
98cc01e63f399c96201bfd463028c9ee,2025-05-18,2025-03-11T07:19:29Z,Mand,1951-03-23,2023-11-10,utm_campaign=&utm_medium=ppc&utm_source=adwords&utm_term=jyllands-posten+abonnement,FALSE,FALSE,0,0,0,2025-03-11,2025-05-10,0,0,Økonomi,Pris,2025-06-10,2025-05-18,68,30–90 dage,75,65+,1,0,0,1,32,52,32,28,0.5384615384615384,0.5240384615384616,0.7307692307692307,0.019230769230769232,52,13,32,48,29,0.5384615384615384,28,0.5240384615384616,0.38461538461538464,0.28846153846153844,Mobile,1,3,0,0.7777777777777778,0,0,internal,0.03846153846153846,0,0,0,0.03846153846153846,2025-03-11,2025-04-10,30,4,4
9907abce208587f376f3d01a7639787b,2025-03-28,2025-03-18T17:51:07Z,Kvinde,1943-09-06,2017-10-18,utm_campaign=Marts25&utm_content=A&utm_medium=content&utm_source=jp.dk,FALSE,FALSE,0,0,0,2025-03-18,2025-05-17,0,0,Produkt,Anden avis/produkt,2025-05-17,2025-03-28,10,0–30 dage,82,65+,0,0,0,0,25,64,58,35,0.546875,0.71484375,0,1,64,19,58,57,57,0.546875,35,0.71484375,0.578125,0.140625,Computer,0,1,0.02702702702702703,0.7297297297297297,0,0.08108108108108109,internal,0.203125,0,0,0,0.109375,2025-03-18,2025-04-11,24,3.3684210526315788,1
9914011e182681ed9d6c24cb442405ce,2025-03-17,2025-03-05T15:53:23Z,Mand,1949-01-30,2013-10-21,utm_campaign=Marts25&utm_content=b&utm_medium=mail&utm_source=mail,TRUE,TRUE,4,3,3,2025-03-05,2025-05-04,1,1,Tid,Ikke tid,2025-05-04,2025-03-17,12,0–30 dage,77,65+,0,0,0,0,92,3,3,2,0.6666666666666666,0.5,0,1,3,1,3,2,2,0.6666666666666666,2,0.5,0.3333333333333333,0.3333333333333333,Computer,0,1,0,0.6666666666666666,0,0,internal,0.3333333333333333,0,0,0,0.3333333333333333,2025-03-05,2025-03-05,0,3,2
995b95ede4107aab54f00f40a337f04f,2025-09-23,2025-03-20T10:37:10Z,Mand,1978-07-18,2025-03-20,utm_campaign=Marts25&utm_content=A&utm_medium=content&utm_source=jp.dk,FALSE,FALSE,0,0,0,2025-03-20,2025-05-19,0,0,Tid,Ikke tid,2025-10-19,2025-09-23,187,180–270 dage,47,45–54,1,0,0,0,154,153,69,33,0.21568627450980393,0.29248366013071897,0,1,153,19,69,70,67,0.21568627450980393,33,0.29248366013071897,0.16993464052287582,0.5947712418300654,Computer,0,1,0.03947368421052631,0.9473684210526316,0,0,internal,0.0588235294117647,0,0.0392156862745098,0,0.5359477124183006,2025-03-20,2025-04-17,28,8.052631578947368,4
996dc85b06c948a2c541b04413a9dfb4,2025-03-06,2025-03-03T11:42:58Z,Mand,1964-07-01,2014-10-29,utm_campaign=Marts25&utm_content=A&utm_medium=content&utm_source=jp.dk,FALSE,FALSE,0,0,0,2025-03-03,2025-05-02,0,0,Tid,Ikke tid,2025-05-02,2025-03-06,3,0–30 dage,61,55–64,0,1,0,0,1,393,177,108,0.2748091603053435,0.26590330788804073,0,1,393,20,177,182,174,0.2748091603053435,108,0.26590330788804073,0.1628498727735369,0.5928753180661578,Computer,0,1,0,0.6520618556701031,0,0,internal,0.11450381679389313,0,0.01017811704834605,0,0.4809160305343512,2025-03-03,2025-04-01,29,19.65,2
99acdcbfb31d153ddb16ad098baa3c2f,2025-04-30,2025-03-05T12:45:41Z,Kvinde,1947-11-24,2018-08-11,utm_campaign=Marts25&utm_content=a&utm_medium=mail&utm_source=mail,FALSE,TRUE,2,2,0,2025-03-05,2025-05-04,5,6,Produkt,Anden avis/produkt,2025-05-04,2025-04-30,56,30–90 dage,78,65+,0,0,0,0,662,186,149,94,0.5053763440860215,0.5887096774193549,1,0,186,29,149,183,148,0.5053763440860215,94,0.5887096774193549,0.3655913978494624,0.20967741935483872,Mobile,1,1,0,1,0,0,internal,0.22043010752688172,0,0.02150537634408602,0,0.01612903225806451,2025-03-05,2025-04-04,30,6.413793103448276,1
99b2dd2edb8fef8172f3d5b9f376f219,2025-04-24,2025-03-21T12:05:39Z,Kvinde,1949-10-06,2016-02-07,utm_campaign=Marts25&utm_content=sc_b&utm_medium=mail&utm_source=mail,TRUE,TRUE,11,6,3,2025-03-21,2025-05-20,1,1,Andet,kunden ønsker ikke at oplyse,2025-05-20,2025-04-24,34,30–90 dage,76,65+,0,0,0,0,1480,784,247,149,0.19005102040816327,0.15465561224489796,1,0,784,31,247,274,241,0.19005102040816327,149,0.15465561224489796,0.08035714285714286,0.7525510204081632,Mobile,1,1,0.45202952029520294,0.5461254612546126,0,0,internal,0.04846938775510204,0,0.00127551020408163,0,0.6058673469387755,2025-03-21,2025-04-20,30,25.29032258064516,1
9a72e2d07560b1f2dcce1ddf6f4e5754,2025-05-02,2025-03-06T12:31:29Z,Mand,1959-03-24,2025-02-28,utm_campaign=Marts25&utm_content=A&utm_medium=content&utm_source=jp.dk,FALSE,FALSE,0,0,0,2025-03-06,2025-05-05,0,0,Produkt,Kommercielt indhold,2025-05-05,2025-05-02,57,30–90 dage,67,65+,0,0,0,0,1,580,366,276,0.47586206896551725,0.475,0.5051724137931034,0.49482758620689654,580,30,366,467,364,0.4758620689655173,276,0.475,0.3482758620689655,0.3931034482758621,Mobile,1,2,0,0.9840954274353876,0,0,internal,0.1724137931034483,0,0.00172413793103448,0,0.1896551724137931,2025-03-06,2025-04-05,30,19.333333333333332,1
9a740f002bede65a38ed185625bccb35,2025-03-18,2025-03-05T05:59:36Z,Mand,1965-06-24,2018-01-09,utm_campaign=Marts25&utm_content=A&utm_medium=content&utm_source=jp.dk,TRUE,TRUE,10,4,3,2025-03-05,2025-05-04,0,0,Andet,kunden ønsker ikke at oplyse,2025-05-04,2025-03-18,13,0–30 dage,60,55–64,0,0,0,0,1708,1077,370,278,0.25812441968430827,0.27274837511606315,1,0,1077,30,370,473,368,0.25812441968430827,278,0.27274837511606315,0.181058495821727,0.6295264623955432,Mobile,1,1,0,0.9962859795728876,0,0,internal,0.0947075208913649,0,0.00742804085422469,0,0.5580315691736305,2025-03-05,2025-04-04,30,35.9,2
9ab1c009fca6cd39cb93f9da0c90c0b3,2025-06-18,2025-03-14T15:59:46Z,Mand,1952-10-22,2012-03-26,utm_campaign=Marts25&utm_content=A&utm_medium=content&utm_source=jp.dk,FALSE,FALSE,0,0,0,2025-03-14,2025-05-13,0,0,Andet,kunden ønsker ikke at oplyse,2025-07-13,2025-06-18,96,90–180 dage,73,65+,1,0,0,0,62,10,8,4,0.4,0.525,0.8,0.2,10,2,8,6,6,0.4,4,0.525,0.3,0.4,Mobile,1,2,0,0.7,0,0,internal,0,0,0,0,0.3,2025-03-14,2025-03-16,2,5,4
9b286b9d8135a91d3d8edc5f6caefe5d,2025-05-13,2025-03-13T06:39:51Z,Mand,1981-06-29,2022-03-17,utm_campaign=Marts25&utm_content=B&utm_medium=content&utm_source=jp.dk,FALSE,TRUE,1,0,1,2025-03-13,2025-05-12,0,0,Tid,Ikke tid,2025-06-12,2025-05-13,61,30–90 dage,44,35–44,1,0,0,1,39,140,70,49,0.35,0.4107142857142857,0,1,140,12,70,80,67,0.35,49,0.4107142857142857,0.3357142857142857,0.5071428571428571,Computer,0,1,0,0.9727272727272728,0,0,internal,0.07142857142857142,0,0,0,0.35,2025-03-13,2025-04-09,27,11.666666666666666,4
9b636dd933ffe5f7bcc115d62aeee610,2025-05-13,2025-03-16T08:38:40Z,Mand,1961-10-06,2025-03-11,utm_campaign=Basis_22&utm_content=HeaderButtonRaised&utm_medium=Matrice&utm_source=jp.dk,TRUE,TRUE,0,0,0,2025-03-16,2025-05-15,12,10,Andet,Administrativt,2025-05-15,2025-05-13,58,30–90 dage,64,55–64,0,0,0,0,317,52,46,26,0.5,0.5144230769230769,0.6538461538461539,0.34615384615384615,52,25,46,51,45,0.5,26,0.5144230769230769,0.25,0.2115384615384615,Mobile,1,2,0,0.25,0,0.25,unknown,0.1153846153846154,0,0.01923076923076923,0,0.01923076923076923,2025-03-16,2025-04-15,30,2.08,1
9b9aed51699330d089392e12ad4f2e6a,2025-05-26,2025-03-24T06:26:46Z,Mand,1968-06-28,2018-05-02,utm_campaign=Marts25&utm_medium=topticker&utm_source=jp.dk,TRUE,TRUE,2,1,1,2025-03-24,2025-05-23,1,1,Tid,Ikke tid,2025-06-23,2025-05-26,63,30–90 dage,57,55–64,1,0,0,1,409,544,209,129,0.23713235294117646,0.3079044117647059,1,0,544,31,209,239,207,0.2371323529411765,129,0.3079044117647059,0.2352941176470588,0.6194852941176471,Mobile,1,1,0,0.9956709956709956,0,0,internal,0.09375,0,0,0,0.5588235294117647,2025-03-24,2025-04-23,30,17.548387096774192,4
9bfae9e41939127da82276d8e0c6a15b,2025-05-02,2025-03-11T09:35:56Z,Kvinde,1960-12-10,2018-12-30,utm_campaign=Basis_22&utm_content=HeaderButtonRaised&utm_medium=Matrice&utm_source=jp.dk,FALSE,TRUE,3,3,0,2025-03-11,2025-05-10,0,0,Andet,kunden ønsker ikke at oplyse,2025-05-10,2025-05-02,52,30–90 dage,65,65+,0,0,0,0,568,744,350,235,0.31586021505376344,0.3165322580645161,1,0,744,31,350,407,345,0.31586021505376344,235,0.3165322580645161,0.20698924731182797,0.5658602150537635,Mobile,1,1,0,1,0,0,internal,0.11827956989247312,0,0,0,0.44623655913978494,2025-03-11,2025-04-10,30,24,1
9c002c13eedc708f9732104b70028094,2025-04-29,2025-03-06T06:58:31Z,Mand,1951-05-20,2020-03-31,utm_campaign=Marts25&utm_content=b&utm_medium=mail&utm_source=mail,TRUE,TRUE,6,3,2,2025-03-06,2025-05-05,0,0,Tid,Ikke tid,2025-05-05,2025-04-29,54,30–90 dage,74,65+,0,0,0,0,410,2,2,1,0.5,0.375,0,1,2,2,2,1,1,0.5,1,0.375,0,0.5,Computer,0,1,0,0,0,0,unknown,0,0,0,0,0.5,2025-03-06,2025-03-13,7,1,1
9cc003951ac3955755a2b1580326cf3c,2025-05-14,2025-03-21T07:37:43Z,Kvinde,1956-05-27,2011-12-04,utm_campaign=Basis_22&utm_content=HeaderButtonRaised&utm_medium=Matrice&utm_source=jp.dk,TRUE,TRUE,1,0,0,2025-03-21,2025-05-20,0,0,Produkt,Redaktionelt indhold / holdning,2025-05-20,2025-05-14,54,30–90 dage,69,65+,0,0,0,0,39,639,228,187,0.29264475743348983,0.27543035993740217,1,0,639,31,228,329,216,0.29264475743348983,187,0.27543035993740217,0.17214397496087636,0.6071987480438185,Mobile,1,1,0,0.9929701230228472,0,0,internal,0.05320813771517996,0,0.01721439749608763,0,0.28012519561815336,2025-03-21,2025-04-20,30,20.612903225806452,1
9d1a5d63801ca793f8043793666f99c0,2025-12-05,2025-03-07T14:08:50Z,Kvinde,1985-06-03,2012-02-11,utm_campaign=Marts25&utm_content=A&utm_medium=content&utm_source=jp.dk,FALSE,TRUE,4,0,3,2025-03-07,2025-05-06,0,0,Økonomi,Pris,2025-12-06,2025-12-05,273,270–365 dage,40,35–44,1,0,0,0,271,337,176,111,0.3293768545994065,0.42433234421364985,1,0,337,31,176,189,174,0.3293768545994065,111,0.42433234421364985,0.31750741839762614,0.49851632047477745,Mobile,1,1,0.00680272108843537,0.9591836734693876,0,0.02040816326530612,internal,0.12759643916913946,0,0.0029673590504451,0,0.4362017804154303,2025-03-07,2025-04-06,30,10.870967741935484,3
9d5ff4740115f12ddda4845e9acf9f48,2025-07-29,2025-03-11T18:13:54Z,Kvinde,1959-09-13,2020-04-25,utm_campaign=Marts25&utm_content=B&utm_medium=content&utm_source=jp.dk,FALSE,FALSE,0,0,0,2025-03-11,2025-05-10,0,0,Tid,Ikke tid,2025-08-10,2025-07-29,140,90–180 dage,66,65+,1,0,0,0,93,194,98,46,0.23711340206185566,0.31829896907216493,0,1,194,16,98,95,81,0.2371134020618557,46,0.31829896907216493,0.2422680412371134,0.5773195876288659,Computer,0,1,0,0.984126984126984,0,0,internal,0.18556701030927836,0,0.00515463917525773,0,0.00515463917525773,2025-03-11,2025-04-06,26,12.125,3
9d7dd9a43116697257a3631fc3d43dd4,2025-06-26,2025-03-22T15:59:14Z,Kvinde,1973-05-05,2021-10-27,utm_campaign=Basis_22&utm_content=HeaderButtonRaised&utm_medium=Matrice&utm_source=jp.dk,TRUE,FALSE,1,1,0,2025-03-22,2025-05-21,0,0,Tid,Ikke tid,2025-07-21,2025-06-26,96,90–180 dage,52,45–54,1,0,0,0,68,946,320,212,0.22410147991543342,0.23017970401691332,1,0,946,30,320,388,318,0.22410147991543344,212,0.23017970401691332,0.1659619450317125,0.6987315010570825,Mobile,1,1,0,0.9846547314578004,0,0,internal,0.10253699788583508,0,0.00105708245243128,0,0.5887949260042283,2025-03-22,2025-04-21,30,31.533333333333335,3
9dab05fdf67b0b139c8520a54e9b97ce,2025-05-09,2025-03-11T16:45:53Z,Kvinde,1933-09-28,2022-03-17,utm_campaign=Marts25&utm_content=6664621143452&utm_medium=fb_matrice&utm_source=some&utm_term=6657291290252,FALSE,TRUE,1,0,1,2025-03-11,2025-05-10,0,0,Tid,Ikke tid,2025-05-10,2025-05-09,59,30–90 dage,92,65+,0,0,0,0,86,54,23,14,0.25925925925925924,0.35648148148148145,0.5740740740740741,0.42592592592592593,54,17,23,27,22,0.25925925925925924,14,0.35648148148148145,0.25925925925925924,0.5555555555555556,Mobile,1,2,0,0.8620689655172413,0,0,internal,0.07407407407407407,0,0,0,0.5,2025-03-11,2025-04-10,30,3.176470588235294,1
9df181d1c01cad49efc7b0eab03a631d,2025-05-15,2025-03-12T17:41:16Z,Mand,1955-07-26,2014-12-01,utm_campaign=Marts25&utm_content=A&utm_medium=content&utm_source=jp.dk,FALSE,FALSE,3,1,0,2025-03-12,2025-05-11,0,0,Andet,kunden ønsker ikke at oplyse,2025-11-11,2025-05-15,64,30–90 dage,70,65+,1,0,0,1,497,668,339,205,0.3068862275449102,0.40344311377245506,0.07634730538922156,0.9236526946107785,668,31,339,364,332,0.3068862275449102,205,0.40344311377245506,0.27245508982035926,0.4865269461077844,Computer,0,2,0.00260416666666666,0.9375,0,0,internal,0.0718562874251497,0,0.00449101796407185,0,0.437125748502994,2025-03-12,2025-04-11,30,21.548387096774192,4
9e0088e9ee60088a284bb54dcdc18eb5,2025-06-20,2025-03-14T18:44:52Z,Mand,1967-04-02,2023-06-05,utm_campaign=Marts25&utm_content=A&utm_medium=content&utm_source=jp.dk,FALSE,FALSE,0,0,0,2025-03-14,2025-05-13,0,0,Tid,Ikke tid,2025-07-13,2025-06-20,98,90–180 dage,59,55–64,1,0,0,0,62,313,114,85,0.2715654952076677,0.33785942492012777,0.7156549520766773,0.28434504792332266,313,28,114,141,113,0.2715654952076677,85,0.33785942492012777,0.2971246006389776,0.6198083067092651,Mobile,1,2,0,0.9790209790209792,0,0,internal,0.022364217252396162,0,0.00638977635782747,0,0.549520766773163,2025-03-14,2025-04-13,30,11.178571428571429,4
9e0e45845c878498d17ca42dbd872785,2025-04-03,2025-03-06T16:09:29Z,Mand,1962-01-15,2016-03-26,utm_campaign=Marts25&utm_content=A&utm_medium=content&utm_source=jp.dk,FALSE,FALSE,0,0,0,2025-03-06,2025-05-05,0,0,Andet,kunden ønsker ikke at oplyse,2025-05-05,2025-04-03,28,0–30 dage,64,55–64,0,0,0,0,1,234,114,84,0.358974358974359,0.38675213675213677,0,0.9957264957264957,234,25,114,131,106,0.358974358974359,84,0.3867521367521368,0.31196581196581197,0.5512820512820513,Computer,0,2,0,0.9940828402366864,0,0,internal,0.08547008547008547,0,0.00854700854700854,0,0.3974358974358974,2025-03-06,2025-04-05,30,9.36,1
9ee60c297a751b20d595266bd388215c,2025-06-03,2025-03-19T22:15:38Z,Mand,1974-03-04,2019-05-03,utm_campaign=Marts25&utm_content=A&utm_medium=content&utm_source=jp.dk,FALSE,FALSE,0,0,0,2025-03-19,2025-05-18,0,0,Andet,RVS,2025-06-18,2025-06-03,76,30–90 dage,52,45–54,1,0,0,0,32,13,9,7,0.5384615384615384,0.38461538461538464,0,1,13,2,9,9,8,0.5384615384615384,7,0.38461538461538464,0.07692307692307693,0.38461538461538464,Computer,0,1,0,0.7777777777777778,0,0,internal,0.07692307692307693,0,0,0,0.3076923076923077,2025-03-19,2025-03-20,1,6.5,4
9f2b0d3c1d53f558f70bfad4c79df597,2025-08-19,2025-03-21T05:14:33Z,Mand,1966-07-30,2025-03-21,utm_campaign=Marts25&utm_content=B&utm_medium=content&utm_source=jp.dk,TRUE,TRUE,0,0,0,2025-03-21,2025-05-20,0,0,Andet,RVS,2025-08-20,2025-08-19,151,90–180 dage,59,55–64,1,0,0,0,93,188,156,115,0.6117021276595744,0.7473404255319149,0,1,188,26,156,183,153,0.6117021276595744,115,0.7473404255319149,0.5638297872340425,0.13297872340425532,Computer,0,1,0,0.8888888888888888,0,0,internal,0.15425531914893617,0,0.01063829787234042,0,0.01595744680851063,2025-03-21,2025-04-15,25,7.230769230769231,4
9f47afc2999ee1b2c0a09fdf248c8dff,2025-04-23,2025-03-15T06:55:51Z,Kvinde,1975-08-03,2025-03-15,utm_campaign=Marts25&utm_content=A&utm_medium=content&utm_source=jp.dk,FALSE,FALSE,0,0,0,2025-03-15,2025-05-14,0,0,Produkt,Bestemt indhold,2025-05-14,2025-04-23,39,30–90 dage,50,45–54,0,0,0,0,1,4,4,4,1,0.6875,1,0,4,1,4,4,4,1,4,0.6875,0.5,0.25,Mobile,1,1,0,0.75,0,0,internal,0,0,0,0,0,2025-03-15,2025-03-15,0,4,1
9f6cebfdcb0808f398039940c0e923e3,2025-03-26,2025-03-07T09:24:20Z,Kvinde,1965-12-03,2025-03-07,utm_campaign=Marts25&utm_content=a&utm_medium=mail&utm_source=mail,FALSE,FALSE,4,3,2,2025-03-07,2025-05-06,0,0,Økonomi,Pris,2025-05-06,2025-03-26,19,0–30 dage,60,55–64,0,0,0,0,772,249,153,88,0.3534136546184739,0.5040160642570282,0.13654618473895583,0.8634538152610441,249,29,153,169,151,0.3534136546184739,88,0.5040160642570282,0.39357429718875503,0.3815261044176707,Computer,0,2,0.01183431952662721,0.9763313609467456,0,0,internal,0.20883534136546184,0,0.00401606425702811,0,0.3172690763052209,2025-03-07,2025-04-06,30,8.586206896551724,1
a05360ee0a103a32fdd271bf4b976650,2025-05-08,2025-03-12T10:10:47Z,Mand,1954-02-03,2022-03-17,utm_campaign=Marts25&utm_medium=topticker&utm_source=jp.dk,FALSE,FALSE,1,1,0,2025-03-12,2025-05-11,0,0,Andet,Ingen årsag – ingen tlf kontakt,2025-05-11,2025-05-08,57,30–90 dage,72,65+,0,0,0,0,389,842,336,248,0.29453681710213775,0.30641330166270786,0.9501187648456056,0.0498812351543943,842,31,336,437,335,0.29453681710213775,248,0.30641330166270786,0.18883610451306412,0.5712589073634204,Mobile,1,2,0.0023094688221709,0.9907621247113164,0,0,internal,0.08194774346793349,0,0.00356294536817102,0,0.4809976247030879,2025-03-12,2025-04-11,30,27.161290322580644,1
a08e7f89635b14ed4cb87d21d13b6ed2,2025-03-25,2025-03-10T11:08:56Z,Mand,1986-08-09,2024-10-31,utm_campaign=Marts25&utm_content=A&utm_medium=content&utm_source=jp.dk,FALSE,FALSE,0,0,0,2025-03-10,2025-05-09,0,0,Andet,kunden ønsker ikke at oplyse,2025-05-09,2025-03-25,15,0–30 dage,39,35–44,0,0,0,0,1,25,19,10,0.4,0.6,0.24,0.76,25,3,19,18,18,0.4,10,0.6,0.48,0.28,Computer,0,2,0.08333333333333333,0.5833333333333334,0,0,internal,0.24,0,0,0,0.28,2025-03-10,2025-03-25,15,8.333333333333334,2
a127622a8e755cdd518273575edae201,2025-04-18,2025-03-21T08:53:21Z,Mand,1950-01-05,2015-04-05,utm_campaign=Marts25&utm_content=sc_b&utm_medium=mail&utm_source=mail,TRUE,TRUE,12,4,10,2025-03-21,2025-05-20,1,1,Produkt,Redaktionelt indhold / holdning,2025-05-20,2025-04-18,28,0–30 dage,76,65+,0,0,0,0,401,184,68,43,0.23369565217391305,0.20652173913043478,0.5380434782608695,0.46195652173913043,184,29,68,67,64,0.23369565217391303,43,0.2065217391304348,0.1032608695652174,0.6739130434782609,Mobile,1,2,0.10569105691056913,0.8617886178861789,0.02439024390243902,0,internal,0.04347826086956521,0,0,0,0.3641304347826087,2025-03-21,2025-04-20,30,6.344827586206897,2
a1982f47d5e6ad76a062e64367127c07,2025-03-05,2025-03-05T09:22:15Z,Kvinde,1976-12-08,2021-05-11,utm_campaign=Marts25&utm_content=A&utm_medium=content&utm_source=jp.dk,FALSE,FALSE,0,0,0,2025-03-05,2025-05-04,0,0,Produkt,Redaktionelt indhold / holdning,2025-05-04,2025-03-05,0,0–30 dage,49,45–54,0,1,0,0,1,7,5,4,0.5714285714285714,0.2857142857142857,0,1,7,1,5,4,3,0.5714285714285714,4,0.2857142857142857,0.2857142857142857,0.7142857142857143,Computer,0,1,0.3333333333333333,0.5,0,0,internal,0.5714285714285714,0,0,0,0.2857142857142857,2025-03-05,2025-03-05,0,7,2
a1ab031d1263dbcbc2c4f235f3564423,2025-05-20,2025-03-21T08:03:21Z,Mand,1937-08-04,2012-11-24,utm_campaign=Marts25&utm_content=sc_b&utm_medium=mail&utm_source=mail,TRUE,TRUE,8,3,2,2025-03-21,2025-05-20,3,3,Andet,kunden ønsker ikke at oplyse,2025-05-20,2025-05-20,60,30–90 dage,88,65+,0,0,0,0,941,141,61,31,0.2198581560283688,0.31382978723404253,0,1,141,28,61,62,60,0.2198581560283688,31,0.31382978723404253,0.2624113475177305,0.624113475177305,Computer,0,1,0,0.9830508474576272,0,0,internal,0.05673758865248227,0,0,0,0.5602836879432624,2025-03-21,2025-04-20,30,5.035714285714286,1
a1af3b6a83ab3831bad60fdc53a712ed,2025-06-16,2025-03-14T09:34:23Z,Kvinde,1985-09-03,2018-05-02,utm_campaign=Marts25&utm_content=A&utm_medium=content&utm_source=jp.dk,FALSE,FALSE,0,0,0,2025-03-14,2025-05-13,0,0,Tid,Ikke tid,2025-07-13,2025-06-16,94,90–180 dage,40,35–44,1,0,0,0,62,27,14,7,0.25925925925925924,0.37037037037037035,0.14814814814814814,0.8518518518518519,27,4,14,12,12,0.25925925925925924,7,0.3703703703703703,0.25925925925925924,0.5555555555555556,Computer,0,2,0.1153846153846154,0.8076923076923077,0,0,internal,0,0,0,0,0.3703703703703703,2025-03-14,2025-03-26,12,6.75,3
a21eb0411730430a189ef885132a43b3,2025-06-18,2025-03-04T09:24:10Z,Mand,1961-09-12,2015-03-02,utm_campaign=Marts25&utm_content=A&utm_medium=content&utm_source=jp.dk,FALSE,TRUE,2,1,0,2025-03-04,2025-05-03,3,4,Andet,RVS,2025-06-17,2025-06-18,106,90–180 dage,64,55–64,1,0,0,0,473,424,123,84,0.19811320754716982,0.24410377358490565,0,0.4363207547169811,424,30,123,154,120,0.19811320754716985,84,0.24410377358490565,0.16981132075471697,0.6816037735849056,Tablet,0,2,0.00804289544235925,0.9892761394101875,0,0,internal,0.03537735849056604,0,0.00235849056603773,0,0.6179245283018868,2025-03-04,2025-04-03,30,14.133333333333333,4
a2a931ef8e5f6fe348f878077b5a6ee7,2025-07-11,2025-03-09T19:27:04Z,Mand,1965-10-04,2021-09-13,utm_campaign=Basis_22&utm_content=HeaderButtonRaised&utm_medium=Matrice&utm_source=jp.dk,FALSE,FALSE,0,0,0,2025-03-09,2025-05-08,0,0,Andet,kunden ønsker ikke at oplyse,2025-08-08,2025-07-11,124,90–180 dage,60,55–64,1,0,0,0,93,7,7,5,0.7142857142857143,0.6071428571428571,0.5714285714285714,0.42857142857142855,7,5,7,7,7,0.7142857142857143,5,0.6071428571428571,0.2857142857142857,0.14285714285714285,Mobile,1,2,0,0.2857142857142857,0,0.5714285714285714,social,0.42857142857142855,0,0,0,0,2025-03-09,2025-03-29,20,1.4,3
a2dd7c714c31465cdaf26be48eae1587,2025-05-05,2025-03-21T09:37:41Z,Mand,1943-05-07,2013-01-19,utm_campaign=Marts25&utm_content=sc_a&utm_medium=mail&utm_source=mail,TRUE,FALSE,2,1,0,2025-03-21,2025-05-04,0,0,Andet,Ingen årsag – ingen tlf kontakt,2025-05-04,2025-05-05,45,30–90 dage,82,65+,1,0,0,1,1151,11,9,7,0.6363636363636364,0.6136363636363636,0.7272727272727273,0.2727272727272727,11,3,9,9,8,0.6363636363636364,7,0.6136363636363636,0.5454545454545454,0.2727272727272727,Mobile,1,2,0,0.7,0,0,internal,0.09090909090909093,0,0,0,0.18181818181818185,2025-03-26,2025-04-15,20,3.6666666666666665,4
a2e729827f0e72005698a0ba1313aae1,2025-05-20,2025-03-11T21:00:34Z,Mand,1951-06-07,2023-05-25,utm_campaign=Basis_22&utm_content=HeaderButtonRaised&utm_medium=Matrice&utm_source=jp.dk,FALSE,FALSE,0,0,0,2025-03-11,2025-05-10,0,0,Tid,Ikke tid,2025-06-10,2025-05-20,70,30–90 dage,74,65+,1,0,0,1,32,208,96,106,0.5096153846153846,0.3425480769230769,1,0,208,23,96,183,95,0.5096153846153846,106,0.3425480769230769,0.25,0.5817307692307693,Mobile,1,1,0,0.9603960396039604,0,0,internal,0.10576923076923075,0,0.0048076923076923,0,0.1201923076923077,2025-03-12,2025-04-10,29,9.043478260869565,4
a31e2114032d1859c32b0b5ad797c3db,2025-06-20,2025-03-18T05:52:40Z,Mand,1979-11-08,2011-08-11,utm_campaign=Marts25&utm_content=A&utm_medium=content&utm_source=jp.dk,FALSE,FALSE,0,0,0,2025-03-18,2025-05-17,0,0,Tid,Ikke tid,2025-07-17,2025-06-20,94,90–180 dage,46,45–54,1,0,0,0,62,12,11,3,0.25,0.3541666666666667,1,0,12,8,11,10,9,0.25,3,0.3541666666666667,0.16666666666666666,0.3333333333333333,Mobile,1,1,0,0.09090909090909093,0,0.5454545454545454,social,0.16666666666666666,0,0,0,0.08333333333333333,2025-03-18,2025-04-12,25,1.5,3
a3670336ee034e5147ce83a4aab58e9b,2025-03-24,2025-03-23T18:46:35Z,Kvinde,1992-10-22,2025-03-23,utm_campaign=Marts25&utm_content=B&utm_medium=content&utm_source=jp.dk,FALSE,FALSE,0,0,0,2025-03-23,2025-05-22,0,0,Produkt,Redaktionelt indhold / holdning,2025-05-22,2025-03-24,1,0–30 dage,33,25–34,0,1,0,0,1,4,2,0,0,0.25,0.75,0.25,4,2,2,2,1,0,0,0.25,0.25,0.75,Mobile,1,2,0,0,0,0,unknown,0,0,0,0,0.5,2025-03-23,2025-03-24,1,2,2
a3967b887bfb0e30a6521b40211e059a,2025-03-16,2025-03-16T20:13:01Z,Mand,1983-01-26,2012-06-25,utm_campaign=Marts25&utm_content=A&utm_medium=content&utm_source=jp.dk,FALSE,FALSE,2,1,0,2025-03-16,2025-05-15,0,0,Økonomi,Pris,2025-05-15,2025-03-16,0,0–30 dage,43,35–44,0,1,0,0,1285,486,178,115,0.2366255144032922,0.29012345679012347,0.35185185185185186,0.6481481481481481,486,31,178,203,176,0.2366255144032922,115,0.29012345679012347,0.21604938271604937,0.6296296296296297,Computer,0,2,0,0.9727626459143968,0,0,internal,0.10082304526748972,0,0.01440329218106996,0,0.5802469135802469,2025-03-16,2025-04-15,30,15.67741935483871,2
a3f22adaaa3f71c5dbda11ce952938c8,2025-08-14,2025-03-10T14:53:22Z,Mand,1950-01-26,2025-03-05,utm_campaign=Marts25&utm_content=A&utm_medium=content&utm_source=jp.dk,FALSE,FALSE,0,0,0,2025-03-10,2025-05-09,0,0,Andet,Ingen årsag – ingen tlf kontakt,2025-09-09,2025-08-14,157,90–180 dage,76,65+,1,0,0,0,124,41,20,18,0.43902439024390244,0.5609756097560976,0.4146341463414634,0.5853658536585366,41,7,20,24,15,0.4390243902439024,18,0.5609756097560976,0.4878048780487805,0.36585365853658536,Computer,0,2,0.32142857142857145,0.5,0,0,internal,0.34146341463414637,0,0,0,0.2195121951219512,2025-03-10,2025-03-29,19,5.857142857142857,4
a44108148e8cffb011c3395b78f5f938,2025-08-13,2025-03-10T06:38:54Z,Mand,1987-05-03,2025-03-10,utm_campaign=Marts25&utm_content=A&utm_medium=content&utm_source=jp.dk,FALSE,FALSE,0,0,0,2025-03-10,2025-05-09,0,0,Andet,RVS,2025-08-12,2025-08-13,156,90–180 dage,38,35–44,1,0,0,0,96,4,2,2,0.5,0.375,1,0,4,1,2,4,2,0.5,2,0.375,0.25,0.5,Mobile,1,1,0,0,0,0.75,social,0.25,0,0,0,0,2025-03-10,2025-03-10,0,4,3
a49247a5a877b7120e1fc45bab3435c2,2025-03-10,2025-03-10T07:29:29Z,Mand,1983-04-08,2013-06-27,utm_campaign=Marts25&utm_content=B&utm_medium=content&utm_source=jp.dk,FALSE,TRUE,1,1,0,2025-03-10,2025-05-09,0,0,Andet,kunden ønsker ikke at oplyse,2025-05-09,2025-03-10,0,0–30 dage,43,35–44,0,1,0,0,195,2,2,1,0.5,0.5,0,1,2,1,2,1,1,0.5,1,0.5,0.5,0.5,Computer,0,1,0,0.5,0,0,internal,0.5,0,0,0,0.5,2025-03-10,2025-03-10,0,2,2
a4f15224d97eb071028a4f5c814322ab,2025-03-27,2025-03-04T09:02:03Z,Mand,1976-06-10,2014-05-01,utm_campaign=Marts25&utm_content=A&utm_medium=content&utm_source=jp.dk,FALSE,FALSE,11,4,4,2025-03-04,2025-05-03,0,0,Tid,Ikke tid,2025-05-03,2025-03-27,23,0–30 dage,49,45–54,0,0,0,0,947,258,137,96,0.37209302325581395,0.42151162790697677,0.9844961240310077,0,258,26,137,157,136,0.3720930232558139,96,0.4215116279069768,0.3062015503875969,0.46124031007751937,Mobile,1,2,0.00523560209424083,0.9633507853403142,0,0,internal,0.10852713178294572,0,0.00387596899224806,0,0.39147286821705424,2025-03-04,2025-04-03,30,9.923076923076923,4
a512d5a0ca762d99340e57b85e78705e,2025-04-23,2025-03-23T15:18:39Z,Mand,1956-07-07,2013-11-01,utm_campaign=Marts25&utm_content=sc_a&utm_medium=mail&utm_source=mail,TRUE,TRUE,6,4,2,2025-03-23,2025-05-22,11,10,Andet,kunden ønsker ikke at oplyse,2025-05-22,2025-04-23,31,30–90 dage,69,65+,0,0,0,0,769,54,53,27,0.5,0.75,0,1,54,16,53,49,49,0.5,27,0.75,0.5925925925925926,0.1111111111111111,Computer,0,1,0,1,0,0,internal,0.12962962962962962,0,0.16666666666666666,0,0.03703703703703703,2025-03-23,2025-04-22,30,3.375,1
a57f8cf69d62981546eab4ad5d846f52,2025-12-09,2025-03-05T22:10:01Z,Mand,1960-11-27,2016-06-24,utm_campaign=Marts25&utm_content=b&utm_medium=mail&utm_source=mail,FALSE,TRUE,10,6,4,2025-03-05,2025-05-04,4,5,Økonomi,Pris,2026-01-04,2025-12-09,279,270–365 dage,65,65+,1,0,0,0,1091,124,82,45,0.3629032258064516,0.45161290322580644,0.9274193548387096,0.07258064516129033,124,23,82,84,81,0.3629032258064516,45,0.4516129032258064,0.3225806451612903,0.4032258064516129,Mobile,1,2,0,0.6282051282051282,0.358974358974359,0,internal,0.1935483870967742,0,0.01612903225806451,0,0.3225806451612903,2025-03-06,2025-04-04,29,5.391304347826087,4
a584c7f8aa67f3399a61edd43812f0e4,2025-06-17,2025-03-03T15:34:22Z,Mand,1991-09-18,2021-11-20,utm_campaign=Basis_22&utm_content=HeaderButtonRaised&utm_medium=Matrice&utm_source=jp.dk,FALSE,FALSE,0,0,0,2025-03-03,2025-05-02,0,0,Produkt,Redaktionelt indhold / holdning,2025-07-02,2025-06-17,106,90–180 dage,34,25–34,1,0,0,0,62,3,3,1,0.3333333333333333,0.3333333333333333,1,0,3,1,3,1,1,0.3333333333333333,1,0.3333333333333333,0.3333333333333333,0.6666666666666666,Mobile,1,1,0,0.6666666666666666,0,0,internal,0,0,0,0,0.3333333333333333,2025-03-03,2025-03-03,0,3,3
a5c0e0274f29cd61224a91e4a8a28cfb,2025-04-17,2025-03-20T17:35:58Z,Mand,1979-11-12,2019-06-01,utm_campaign=Marts25&utm_content=A&utm_medium=content&utm_source=jp.dk,FALSE,FALSE,6,3,2,2025-03-20,2025-05-19,0,0,Andet,kunden ønsker ikke at oplyse,2025-05-19,2025-04-17,28,0–30 dage,46,45–54,0,0,0,0,643,464,167,101,0.21767241379310345,0.20043103448275862,1,0,464,31,167,180,166,0.21767241379310345,101,0.20043103448275865,0.1206896551724138,0.7198275862068966,Mobile,1,1,0.02185792349726776,0.9726775956284152,0,0,internal,0.08836206896551724,0,0.0021551724137931,0,0.6120689655172413,2025-03-20,2025-04-19,30,14.96774193548387,4
a63f3d49d0f18526f2965d7968082f2a,2025-09-24,2025-03-21T08:12:54Z,Mand,1951-12-13,2016-05-14,utm_campaign=Marts25&utm_content=sc_a&utm_medium=mail&utm_source=mail,TRUE,TRUE,2,0,0,2025-03-21,2025-05-20,8,8,Tid,Ikke tid,2025-10-20,2025-09-24,187,180–270 dage,74,65+,1,0,0,0,1660,40,36,31,0.775,0.7,0,1,40,12,36,40,36,0.775,31,0.7,0.55,0.175,Computer,0,1,0,1,0,0,internal,0.125,0,0,0,0,2025-03-22,2025-04-20,29,3.3333333333333335,4
a7167ae7ddb2ba3b3198c0914e6bc76a,2025-06-05,2025-03-21T19:32:18Z,Mand,1999-12-31,2017-07-16,utm_campaign=Marts25&utm_medium=Weblayer&utm_source=jp.dk,FALSE,FALSE,9,5,3,2025-03-21,2025-05-20,0,0,Økonomi,Pris,2025-06-20,2025-06-05,76,30–90 dage,26,25–34,1,0,0,0,861,209,108,55,0.2631578947368421,0.3875598086124402,0.5885167464114832,0.41148325358851673,209,23,108,118,105,0.2631578947368421,55,0.3875598086124402,0.2535885167464115,0.5023923444976076,Mobile,1,2,0,0.9849624060150376,0,0,internal,0.10047846889952151,0,0.00478468899521531,0,0.4258373205741627,2025-03-21,2025-04-19,29,9.08695652173913,3
a77f1ea6a4aaa156d26bf44c45530b71,2025-06-12,2025-03-05T18:09:11Z,Mand,1945-01-01,2012-12-05,utm_campaign=Marts25&utm_content=b&utm_medium=mail&utm_source=mail,TRUE,TRUE,3,1,2,2025-03-05,2025-05-04,3,3,Andet,Ingen årsag – ingen tlf kontakt,2025-07-04,2025-06-12,99,90–180 dage,81,65+,1,0,0,0,260,951,466,302,0.3175604626708728,0.44085173501577285,0,1,951,30,466,566,462,0.3175604626708728,302,0.4408517350157729,0.33964248159831756,0.4752891692954784,Computer,0,1,0.00178890876565295,0.9910554561717352,0,0.00178890876565295,internal,0.12933753943217666,0,0.01051524710830704,0,0.40168243953732913,2025-03-05,2025-04-04,30,31.7,4
a7cd673a8e3e9db1b86781d7d40e317d,2025-03-05,2025-03-05T03:13:00Z,Mand,1971-11-16,2011-08-11,utm_campaign=Marts25&utm_content=A&utm_medium=content&utm_source=jp.dk,TRUE,TRUE,30,17,13,2025-03-05,2025-05-04,0,0,Økonomi,Pris,2025-05-04,2025-03-05,0,0–30 dage,54,45–54,0,1,0,0,1346,1174,364,217,0.1848381601362862,0.16737649063032367,1,0,1174,31,364,407,363,0.1848381601362862,217,0.16737649063032367,0.07495741056218058,0.731686541737649,Mobile,1,1,0,0.9975369458128078,0,0,internal,0.06388415672913117,0,0.00936967632027257,0,0.6533219761499148,2025-03-05,2025-04-04,30,37.87096774193548,2
a7e986aac8ad1d94417c528739b94ff3,2025-10-13,2025-03-05T16:51:24Z,Mand,1949-01-06,2020-04-04,utm_campaign=Marts25&utm_content=b&utm_medium=mail&utm_source=mail,TRUE,TRUE,1,1,0,2025-03-05,2025-05-04,0,0,Tid,Ikke tid,2025-11-04,2025-10-13,222,180–270 dage,77,65+,1,0,0,0,574,1,1,1,1,0.75,1,0,1,1,1,1,1,1,1,0.75,0,0,Mobile,1,1,0,1,0,0,internal,0,0,0,0,0,2025-03-09,2025-03-09,0,1,4
a849d9488b9cdf59051a61d3ef094af8,2025-11-09,2025-03-06T10:12:22Z,Mand,1969-01-26,2015-12-30,utm_campaign=Marts25&utm_content=A&utm_medium=content&utm_source=jp.dk,FALSE,TRUE,4,3,0,2025-03-06,2025-05-05,0,0,Andet,RVS,2025-11-08,2025-11-09,248,180–270 dage,57,55–64,1,0,0,0,1820,1028,438,326,0.31712062256809337,0.4180447470817121,0.6867704280155642,0.3132295719844358,1028,29,438,596,434,0.31712062256809337,326,0.4180447470817121,0.33754863813229574,0.5107003891050583,Mobile,1,2,0,0.9985955056179776,0,0,internal,0.12062256809338522,0,0.00875486381322957,0,0.3657587548638132,2025-03-06,2025-04-05,30,35.44827586206897,4
a86d5ef36eda767cce42d1c28dd18869,2025-03-15,2025-03-15T14:00:34Z,Kvinde,1956-04-28,2025-03-15,utm_campaign=Marts25&utm_content=A&utm_medium=content&utm_source=jp.dk,FALSE,FALSE,0,0,0,2025-03-15,2025-05-14,0,0,Produkt,Redaktionelt indhold / holdning,2025-05-14,2025-03-15,0,0–30 dage,69,65+,0,1,0,0,1,1,1,1,1,1,1,0,1,1,1,1,1,1,1,1,1,0,Mobile,1,1,0,0,0,0,unknown,0,0,0,0,0,2025-03-15,2025-03-15,0,1,2
a9546fc46e09cf57bd17910e7f16c724,2025-03-25,2025-03-23T09:54:14Z,Kvinde,1966-09-04,2015-03-10,utm_campaign=Marts25&utm_content=sc_b&utm_medium=mail&utm_source=mail,FALSE,FALSE,3,2,0,2025-03-23,2025-05-22,0,0,Andet,kunden ønsker ikke at oplyse,2025-05-22,2025-03-25,2,0–30 dage,59,55–64,0,1,0,0,1293,624,165,88,0.14102564102564102,0.12139423076923077,0,1,624,31,165,173,161,0.14102564102564102,88,0.12139423076923075,0.04326923076923077,0.7612179487179487,Computer,0,1,0,0.95850622406639,0,0,internal,0.05288461538461538,0,0.0032051282051282,0,0.6330128205128205,2025-03-23,2025-04-22,30,20.129032258064516,2
a9776a8f6473d254f8441d26aa767367,2025-03-11,2025-03-11T13:35:39Z,Mand,1951-06-20,2012-10-13,utm_campaign=Marts25&utm_content=B&utm_medium=content&utm_source=jp.dk,FALSE,TRUE,4,1,2,2025-03-11,2025-05-10,0,0,Produkt,Redaktionelt indhold / holdning,2025-05-10,2025-03-11,0,0–30 dage,74,65+,0,1,0,0,117,28,11,5,0.17857142857142858,0.26785714285714285,0,1,28,10,11,10,10,0.17857142857142858,5,0.26785714285714285,0.14285714285714285,0.6428571428571429,Computer,0,1,0,0.8888888888888888,0,0,internal,0.10714285714285714,0,0,0,0.6428571428571429,2025-03-11,2025-04-09,29,2.8,2
a9c309b04afe33c62e437d57280d74e4,2025-06-16,2025-03-11T11:47:15Z,Mand,1975-09-10,2017-07-08,utm_campaign=Marts25&utm_content=A&utm_medium=content&utm_source=jp.dk,FALSE,TRUE,1,1,0,2025-03-11,2025-05-10,0,0,Økonomi,Pris,2025-07-10,2025-06-16,97,90–180 dage,50,45–54,1,0,0,0,245,400,191,134,0.335,0.324375,0.7225,0.2775,400,30,191,205,189,0.335,134,0.324375,0.21,0.58,Mobile,1,2,0,0.990521327014218,0,0,internal,0.1,0,0.0075,0,0.4825,2025-03-11,2025-04-10,30,13.333333333333334,4
a9da990965cf54eeed3cf91c4ed152e5,2026-01-09,2025-03-07T15:49:17Z,Mand,1940-11-22,2013-09-02,utm_campaign=Marts25&utm_content=A&utm_medium=content&utm_source=jp.dk,FALSE,TRUE,5,2,1,2025-03-07,2025-05-06,3,3,Tid,Ikke tid,2026-02-06,2026-01-09,308,270–365 dage,85,65+,1,0,0,0,1019,8,8,5,0.625,0.96875,0,1,8,1,8,8,8,0.625,5,0.96875,0.875,0,Computer,0,1,0,1,0,0,internal,0,0,0,0,0,2025-04-04,2025-04-04,0,8,4
a9f26321a4149c609504b1c01b16a8cb,2025-11-02,2025-03-09T19:28:06Z,Ukendt,2002-06-03,2025-03-09,utm_campaign=Marts25&utm_medium=Matrice&utm_source=jp.dk,TRUE,TRUE,0,0,0,2025-03-09,2025-05-08,0,0,Tid,Ikke tid,2025-11-08,2025-11-02,238,180–270 dage,23,18–24,1,0,0,0,185,22,10,9,0.4090909090909091,0.22727272727272727,1,0,22,2,10,10,7,0.4090909090909091,9,0.2272727272727273,0.18181818181818185,0.7272727272727273,Mobile,1,1,0.15,0.7,0,0,internal,0.13636363636363635,0,0,0,0.3636363636363637,2025-03-09,2025-03-10,1,11,3
aa345f66c3734ec28ca44313506d22f4,2025-05-05,2025-03-05T12:03:54Z,Mand,1969-11-20,2025-03-05,utm_campaign=Marts25&utm_content=A&utm_medium=content&utm_source=jp.dk,FALSE,FALSE,0,0,0,2025-03-05,2025-05-04,0,0,Andet,kunden ønsker ikke at oplyse,2025-06-04,2025-05-05,61,30–90 dage,56,55–64,1,0,0,1,32,4,2,2,0.5,0.5,1,0,4,2,2,4,2,0.5,2,0.5,0.5,0.5,Mobile,1,1,0.75,0,0,0,search,0,0,0,0,0,2025-03-05,2025-03-07,2,2,3
aa6e269cf153a1cb18bc691e3f947241,2025-03-15,2025-03-15T18:58:36Z,Kvinde,1971-07-21,2025-03-15,utm_campaign=Basis_22&utm_content=HeaderButtonRaised&utm_medium=Matrice&utm_source=jp.dk,FALSE,FALSE,0,0,0,2025-03-15,2025-05-14,0,0,Produkt,Redaktionelt indhold / holdning,2025-05-14,2025-03-15,0,0–30 dage,54,45–54,0,1,0,0,1,30,8,6,0.2,0.24166666666666667,1,0,30,10,8,13,6,0.2,6,0.24166666666666667,0.2,0.7,Mobile,1,1,0,0.8666666666666667,0,0,internal,0.43333333333333335,0,0,0,0.36666666666666664,2025-03-15,2025-04-04,20,3,2
aab906f1e94c3d75a4aad601d00431f1,2025-03-26,2025-03-21T08:37:11Z,Ukendt,1949-08-06,2015-06-28,utm_campaign=Marts25&utm_content=sc_b&utm_medium=mail&utm_source=mail,TRUE,TRUE,16,7,9,2025-03-21,2025-05-20,0,0,Tid,Ikke tid,2025-05-20,2025-03-26,5,0–30 dage,76,65+,0,0,0,0,388,4,4,1,0.25,0.0625,0.25,0.75,4,2,4,0,0,0.25,1,0.0625,0,0.75,Computer,0,2,0,0.5,0,0,internal,0,0,0,0,0.25,2025-03-24,2025-03-26,2,2,1
aac9bb91d160b45de44dd566969c0839,2025-05-16,2025-03-10T17:41:28Z,Mand,1957-06-06,2015-07-14,utm_campaign=Marts25&utm_content=A&utm_medium=content&utm_source=jp.dk,FALSE,TRUE,6,5,1,2025-03-10,2025-05-09,1,2,Økonomi,Pris,2025-06-09,2025-05-16,67,30–90 dage,68,65+,1,0,0,1,713,512,217,131,0.255859375,0.22314453125,0.99609375,0.00390625,512,31,217,232,213,0.255859375,131,0.22314453125,0.1015625,0.646484375,Mobile,1,2,0.47568710359408034,0.4714587737843552,0,0,search,0.103515625,0,0.005859375,0,0.537109375,2025-03-10,2025-04-09,30,16.516129032258064,4
aace5950e6b447f75724c6edebe9b719,2025-05-10,2025-03-08T07:33:59Z,Mand,1953-04-28,2015-03-19,utm_campaign=Marts25&utm_content=a&utm_medium=mail&utm_source=mail,FALSE,TRUE,9,5,4,2025-03-08,2025-05-07,0,0,Økonomi,Pris,2025-06-07,2025-05-10,63,30–90 dage,72,65+,1,0,0,1,925,228,101,75,0.32894736842105265,0.375,0.2719298245614035,0.7280701754385965,228,30,101,125,98,0.32894736842105265,75,0.375,0.30701754385964913,0.5526315789473685,Computer,0,2,0,0.993103448275862,0,0,internal,0.12719298245614036,0,0,0,0.44298245614035087,2025-03-08,2025-04-07,30,7.6,4
ab41382298fc046bfa048d55ce9b1f0d,2025-10-15,2025-03-05T13:30:45Z,Mand,1944-03-16,2013-01-18,utm_campaign=Marts25&utm_content=a&utm_medium=mail&utm_source=mail,TRUE,TRUE,4,2,2,2025-03-05,2025-05-04,4,4,Tid,Ikke tid,2025-11-04,2025-10-15,224,180–270 dage,82,65+,1,0,0,0,337,33,29,18,0.5454545454545454,0.8787878787878788,0,1,33,10,29,32,28,0.5454545454545454,18,0.8787878787878788,0.8484848484848485,0.09090909090909093,Computer,0,1,0,0.9285714285714286,0,0,internal,0.09090909090909093,0,0,0,0.0303030303030303,2025-03-05,2025-04-04,30,3.3,4
abeb1d79971bcb963d77fc429fdc130d,2025-08-10,2025-03-21T13:04:27Z,Mand,1971-06-19,2020-11-11,utm_campaign=Marts25&utm_content=sc_b&utm_medium=mail&utm_source=mail,TRUE,TRUE,7,2,5,2025-03-21,2025-05-20,0,0,Tid,Ikke tid,2025-08-20,2025-08-10,142,90–180 dage,54,45–54,1,0,0,0,565,24,24,16,0.6666666666666666,0.6770833333333334,1,0,24,17,24,24,24,0.6666666666666666,16,0.6770833333333334,0.4583333333333333,0.08333333333333333,Mobile,1,1,0,0.1904761904761905,0,0.8095238095238095,social,0.125,0,0,0,0,2025-03-24,2025-04-18,25,1.411764705882353,3
ac0c634965a44feaf5f3a20d95de3fdc,2025-07-28,2025-03-17T09:00:18Z,Kvinde,1998-08-24,2025-02-28,utm_campaign=Marts25&utm_content=A&utm_medium=content&utm_source=jp.dk,FALSE,FALSE,0,0,0,2025-03-17,2025-05-16,0,0,Andet,kunden ønsker ikke at oplyse,2025-08-16,2025-07-28,133,90–180 dage,27,25–34,1,0,0,0,93,23,16,10,0.43478260869565216,0.4891304347826087,0,1,23,4,16,17,14,0.43478260869565216,10,0.4891304347826087,0.34782608695652173,0.43478260869565216,Computer,0,1,0.5714285714285714,0.2857142857142857,0,0,search,0,0,0,0,0.17391304347826086,2025-03-17,2025-04-09,23,5.75,3
ac147643ddbb23fbd9182a4236c57ac8,2025-10-04,2025-03-18T10:08:01Z,Ukendt,1947-01-16,2025-03-18,utm_campaign=Marts25&utm_content=A&utm_medium=content&utm_source=jp.dk,FALSE,FALSE,0,0,0,2025-03-18,2025-05-17,0,0,Produkt,Redaktionelt indhold / holdning,2025-10-17,2025-10-04,200,180–270 dage,79,65+,1,0,0,0,154,8,8,3,0.375,0.8125,0,1,8,3,8,7,7,0.375,3,0.8125,0.75,0.125,Computer,0,1,0,0.8,0,0,internal,0.25,0,0,0,0.125,2025-03-18,2025-04-16,29,2.6666666666666665,3
ac2d3c89f1c3f45158ff06bb091219db,2025-03-24,2025-03-23T06:01:55Z,Kvinde,1958-10-09,2023-09-18,utm_campaign=Marts25&utm_medium=Weblayer&utm_source=jp.dk,FALSE,TRUE,2,1,1,2025-03-23,2025-05-22,0,0,Andet,kunden ønsker ikke at oplyse,2025-05-22,2025-03-24,1,0–30 dage,67,65+,0,1,0,0,192,123,52,36,0.2926829268292683,0.2682926829268293,0.056910569105691054,0.943089430894309,123,20,52,59,51,0.2926829268292683,36,0.2682926829268293,0.15447154471544716,0.6178861788617886,Computer,0,2,0.00819672131147541,0.4426229508196721,0,0,unknown,0.05691056910569105,0,0.01626016260162601,0,0.5203252032520326,2025-03-23,2025-04-19,27,6.15,2
ac379f976af179c7f900b2b9f118c123,2025-05-30,2025-03-22T14:24:42Z,Mand,1948-03-09,2023-10-22,utm_campaign=Marts25&utm_content=sc_a&utm_medium=mail&utm_source=mail,FALSE,TRUE,4,4,1,2025-03-22,2025-05-21,0,0,Tid,Ikke tid,2025-06-21,2025-05-30,69,30–90 dage,78,65+,1,0,0,1,714,291,134,93,0.31958762886597936,0.3745704467353952,0,1,291,30,134,140,131,0.31958762886597936,93,0.3745704467353952,0.3024054982817869,0.5463917525773195,Computer,0,1,0.00699300699300699,0.972027972027972,0,0,internal,0.147766323024055,0,0,0,0.5120274914089347,2025-03-22,2025-04-21,30,9.7,4
ac5c578c40656689a251c866ba3d6f98,2025-04-07,2025-03-21T07:34:46Z,Mand,1961-08-08,2020-12-18,utm_campaign=Marts25&utm_content=sc_b&utm_medium=mail&utm_source=mail,TRUE,TRUE,2,2,2,2025-03-21,2025-05-20,0,0,Tid,Ikke tid,2025-05-20,2025-04-07,17,0–30 dage,64,55–64,0,0,0,0,22,186,92,56,0.3010752688172043,0.33602150537634407,1,0,186,26,92,98,84,0.3010752688172043,56,0.33602150537634407,0.24731182795698925,0.5806451612903226,Mobile,1,1,0.4673913043478261,0.5271739130434783,0,0,internal,0.21505376344086025,0,0.06989247311827956,0,0.01075268817204301,2025-03-21,2025-04-20,30,7.153846153846154,1
ac7f31ba17a317d6e992e882a0a4d55b,2025-04-08,2025-03-23T19:23:50Z,Mand,1966-07-07,2015-09-15,utm_campaign=Marts25&utm_content=sc_a&utm_medium=mail&utm_source=mail,TRUE,TRUE,6,3,3,2025-03-23,2025-05-22,0,0,Produkt,Anden avis/produkt,2025-05-22,2025-04-08,16,0–30 dage,59,55–64,0,0,0,0,708,529,234,169,0.31947069943289225,0.3809073724007561,0.8903591682419659,0.10964083175803403,529,31,234,268,227,0.31947069943289225,169,0.3809073724007561,0.31190926275992437,0.5595463137996219,Mobile,1,2,0.08940397350993377,0.9006622516556292,0,0,internal,0.0945179584120983,0,0.01323251417769376,0,0.47448015122873344,2025-03-23,2025-04-22,30,17.06451612903226,2
ad372c8a7a3b8d134c9eb5cf7267af63,2025-12-10,2025-03-21T07:23:16Z,Mand,1951-11-14,2012-12-27,utm_campaign=Marts25&utm_content=sc_a&utm_medium=mail&utm_source=mail,TRUE,TRUE,4,1,2,2025-03-21,2025-05-20,3,3,Økonomi,Pris,2025-12-20,2025-12-10,264,180–270 dage,74,65+,1,0,0,0,990,18,12,7,0.3888888888888889,0.3333333333333333,1,0,18,9,12,13,11,0.3888888888888889,7,0.3333333333333333,0.1111111111111111,0.3888888888888889,Mobile,1,1,0,0.21428571428571427,0,0.35714285714285715,unknown,0.2222222222222222,0,0,0,0.2777777777777778,2025-03-30,2025-04-15,16,2,4
ad56104de30f4dea6c7a65ca88a9a9fe,2025-05-06,2025-03-05T14:08:20Z,Mand,1956-11-13,2014-06-18,utm_campaign=Marts25&utm_content=b&utm_medium=mail&utm_source=mail,TRUE,TRUE,17,3,8,2025-03-05,2025-05-04,1,1,Tid,Ikke tid,2025-06-04,2025-05-06,62,30–90 dage,69,65+,1,0,0,1,788,57,24,13,0.22807017543859648,0.2631578947368421,0.8596491228070176,0.14035087719298245,57,4,24,24,23,0.22807017543859648,13,0.2631578947368421,0.15789473684210523,0.6140350877192983,Mobile,1,2,0,0.9655172413793104,0,0,internal,0.17543859649122806,0,0,0,0.5789473684210527,2025-03-05,2025-03-08,3,14.25,4
ad7180fe09827b1267495a0a6a51b728,2025-10-20,2025-03-04T21:27:52Z,Kvinde,1981-01-02,2016-07-28,utm_campaign=Marts25&utm_content=A&utm_medium=content&utm_source=jp.dk,FALSE,FALSE,1,0,0,2025-03-04,2025-05-03,2,2,Tid,Ikke tid,2025-11-03,2025-10-20,230,180–270 dage,45,45–54,1,0,0,0,368,71,43,24,0.3380281690140845,0.45422535211267606,1,0,71,9,43,62,37,0.3380281690140845,24,0.45422535211267606,0.39436619718309857,0.4647887323943662,Mobile,1,1,0,0.7246376811594203,0,0.2318840579710145,internal,0.14084507042253522,0,0,0,0.02816901408450704,2025-03-04,2025-04-03,30,7.888888888888889,3
ada1a9f52e76932f543ae8b32f1a3b20,2025-03-21,2025-03-21T13:06:39Z,Mand,1956-12-17,2020-12-25,utm_campaign=Marts25&utm_content=sc_b&utm_medium=mail&utm_source=mail,FALSE,TRUE,8,3,4,2025-03-21,2025-05-20,0,0,Økonomi,Pris,2025-05-20,2025-03-21,0,0–30 dage,69,65+,0,1,0,0,954,152,53,34,0.2236842105263158,0.1875,0,0.9802631578947368,152,24,53,55,50,0.2236842105263158,34,0.1875,0.125,0.7368421052631579,Computer,0,2,0,0.6538461538461539,0,0,internal,0.03947368421052631,0,0.00657894736842105,0,0.625,2025-03-21,2025-04-20,30,6.333333333333333,2
adcf67549ea5003d9f1ab69ed748c94a,2025-03-31,2025-03-22T10:09:18Z,Kvinde,1955-03-10,2018-05-02,utm_campaign=Marts25&utm_content=B&utm_medium=content&utm_source=jp.dk,TRUE,TRUE,9,4,3,2025-03-22,2025-03-30,6,5,Andet,kunden ønsker ikke at oplyse,2025-03-30,2025-03-31,9,0–30 dage,71,65+,1,0,0,1,437,5,5,3,0.6,0.55,1,0,5,2,5,3,3,0.6,3,0.55,0.4,0.4,Mobile,1,1,0.4,0.4,0,0,internal,0,0,0,0,0.2,2025-03-23,2025-03-30,7,2.5,3
add49e9f3efbc829a809336238069353,NA,2025-03-21T09:10:18Z,Mand,1949-12-28,2018-04-02,utm_campaign=Marts25&utm_content=sc_b&utm_medium=mail&utm_source=mail,TRUE,TRUE,3,2,2,2025-03-21,2025-05-20,1,1,Andet,Administrativt,2025-05-20,2026-04-25,400,365+ dage,76,65+,1,0,0,0,1425,93,54,41,0.44086021505376344,0.3521505376344086,0.41935483870967744,0.5806451612903226,93,14,54,64,52,0.44086021505376344,41,0.3521505376344086,0.2258064516129032,0.5268817204301075,Computer,0,2,0.18055555555555555,0.625,0,0,internal,0.12903225806451613,0,0.06451612903225806,0,0.2903225806451613,2025-03-21,2025-04-19,29,6.642857142857143,4
addf8ac99c42c7e9e69884fdd2a6cf4a,2025-04-18,2025-03-19T11:04:34Z,Kvinde,1971-08-04,2016-01-21,utm_campaign=Marts25&utm_content=B&utm_medium=content&utm_source=jp.dk,TRUE,TRUE,4,1,1,2025-03-19,2025-05-18,0,0,Tid,Ikke tid,2025-05-18,2025-04-18,30,30–90 dage,54,45–54,0,0,0,0,485,421,233,129,0.30641330166270786,0.31057007125890734,0,1,421,29,233,244,225,0.30641330166270786,129,0.31057007125890734,0.16864608076009502,0.49643705463182897,Computer,0,1,0.34210526315789475,0.65311004784689,0,0,internal,0.0831353919239905,0,0,0,0.3491686460807601,2025-03-19,2025-04-18,30,14.517241379310343,1
ae1d3d9df70b5a5b933464df7ba958a2,2025-05-16,2025-03-16T09:31:07Z,Mand,1986-04-10,2025-03-16,utm_campaign=Marts25&utm_content=B&utm_medium=content&utm_source=jp.dk,FALSE,FALSE,0,0,0,2025-03-16,2025-05-15,0,0,Produkt,Redaktionelt indhold / holdning,2025-06-15,2025-05-16,61,30–90 dage,40,35–44,1,0,0,1,32,15,6,2,0.13333333333333333,0.26666666666666666,0.7333333333333333,0.26666666666666666,15,4,6,6,4,0.13333333333333333,2,0.26666666666666666,0.2,0.6666666666666666,Mobile,1,2,0.14285714285714285,0.6428571428571429,0,0,internal,0.4,0,0,0,0.4,2025-03-16,2025-03-29,13,3.75,3
af32c827e26bda8f6a3e8c5769d4b802,2025-04-23,2025-03-04T20:08:54Z,Mand,1955-03-21,2023-10-20,utm_campaign=Marts25&utm_content=B&utm_medium=content&utm_source=jp.dk,FALSE,TRUE,2,2,0,2025-03-04,2025-05-03,0,0,Andet,kunden ønsker ikke at oplyse,2025-05-03,2025-04-23,50,30–90 dage,71,65+,0,0,0,0,381,311,136,75,0.24115755627009647,0.2596463022508039,1,0,311,30,136,142,134,0.24115755627009647,75,0.2596463022508039,0.1607717041800643,0.6270096463022508,Mobile,1,1,0,0.993006993006993,0,0,internal,0.0707395498392283,0,0.00964630225080386,0,0.5401929260450161,2025-03-04,2025-04-03,30,10.366666666666667,1
af67fd7c157c69d9d9ee61096189a7f3,2025-03-18,2025-03-09T20:44:54Z,Kvinde,1964-01-19,2024-01-20,utm_campaign=Basis_22&utm_content=HeaderButtonRaised&utm_medium=Matrice&utm_source=jp.dk,TRUE,TRUE,0,0,0,2025-03-09,2025-05-08,0,0,Tid,Ikke tid,2025-05-08,2025-03-18,9,0–30 dage,62,55–64,0,0,0,0,1,43,18,9,0.20930232558139536,0.20930232558139536,0.4186046511627907,0.5813953488372093,43,8,18,16,13,0.20930232558139536,9,0.20930232558139536,0.13953488372093023,0.7441860465116279,Computer,0,2,0.24324324324324328,0.6486486486486487,0,0,internal,0.06976744186046512,0,0,0,0.3720930232558139,2025-03-09,2025-03-29,20,5.375,1
afdd170767f40ce0175d30926b5de7d8,2025-08-05,2025-03-16T07:38:29Z,Mand,1974-10-15,2022-05-28,utm_campaign=Marts25&utm_content=B&utm_medium=content&utm_source=jp.dk,FALSE,FALSE,3,3,0,2025-03-16,2025-05-15,0,0,Økonomi,Pris,2025-08-15,2025-08-05,142,90–180 dage,51,45–54,1,0,0,0,330,679,238,156,0.22974963181148747,0.3398379970544919,0.5139911634756995,0.48600883652430044,679,31,238,297,235,0.22974963181148747,156,0.3398379970544919,0.2268041237113402,0.5876288659793815,Mobile,1,2,0,0.9924433249370276,0,0,internal,0.05007363770250368,0,0.00441826215022091,0,0.5596465390279823,2025-03-16,2025-04-15,30,21.903225806451612,4
b05464e0ee4bf859a46eb460baa70052,2025-04-01,2025-03-21T10:20:43Z,Mand,1973-01-05,2015-01-12,utm_campaign=Marts25&utm_content=sc_b&utm_medium=mail&utm_source=mail,FALSE,TRUE,3,1,1,2025-03-21,2025-05-20,5,5,Andet,kunden ønsker ikke at oplyse,2025-05-20,2025-04-01,11,0–30 dage,53,45–54,0,0,0,0,1607,424,186,130,0.30660377358490565,0.24764150943396226,0.9905660377358491,0.009433962264150943,424,30,186,211,183,0.30660377358490565,130,0.24764150943396224,0.12971698113207547,0.6344339622641509,Mobile,1,2,0.00448430493273542,0.9641255605381166,0,0,internal,0.08962264150943396,0,0.01886792452830188,0,0.49764150943396224,2025-03-21,2025-04-20,30,14.133333333333333,4
b0d02cff781d2563577737273ac018a2,2025-03-21,2025-03-21T08:15:38Z,Mand,1978-08-24,2020-03-20,utm_campaign=Marts25&utm_content=sc_b&utm_medium=mail&utm_source=mail,FALSE,TRUE,7,3,4,2025-03-21,2025-05-20,0,0,Andet,kunden ønsker ikke at oplyse,2025-05-20,2025-03-21,0,0–30 dage,47,45–54,0,1,0,0,715,292,142,78,0.2671232876712329,0.2577054794520548,0.660958904109589,0.339041095890411,292,29,142,154,141,0.2671232876712329,78,0.2577054794520548,0.1404109589041096,0.6164383561643836,Mobile,1,2,0,0.9745222929936306,0,0.00636942675159235,internal,0.09931506849315068,0,0.00342465753424657,0,0.4726027397260274,2025-03-21,2025-04-20,30,10.06896551724138,2
b12854af8cf6a231204268ca2875d75b,2025-04-13,2025-03-08T05:50:03Z,Mand,1979-08-01,2015-07-11,utm_campaign=Marts25&utm_content=A&utm_medium=content&utm_source=jp.dk,FALSE,FALSE,1,1,0,2025-03-08,2025-05-07,0,0,Tid,Ikke tid,2025-05-07,2025-04-13,36,30–90 dage,46,45–54,0,0,0,0,124,18,13,9,0.5,0.5555555555555556,0,1,18,1,13,11,10,0.5,9,0.5555555555555556,0.5555555555555556,0.4444444444444444,Computer,0,1,0,1,0,0,internal,0,0,0,0,0.1111111111111111,2025-03-08,2025-03-08,0,18,4
b1b4ca2372f53316b106967700debe0b,2025-05-23,2025-03-10T21:06:38Z,Mand,1953-12-25,2020-12-05,utm_campaign=Marts25&utm_content=a&utm_medium=mail&utm_source=mail,FALSE,TRUE,2,1,1,2025-03-10,2025-05-09,0,0,Tid,Ikke tid,2025-06-09,2025-05-23,74,30–90 dage,72,65+,1,0,0,0,192,158,132,86,0.5443037974683544,0.5079113924050633,1,0,158,26,132,156,130,0.5443037974683544,86,0.5079113924050633,0.33544303797468356,0.3037974683544304,Mobile,1,1,0,0.9761904761904762,0,0,internal,0.13291139240506328,0,0.0189873417721519,0,0.00632911392405063,2025-03-13,2025-04-09,27,6.076923076923077,4
b1cff7fa22236dcb1b0a989f25fd5c43,2025-03-21,2025-03-20T11:37:30Z,Mand,1959-03-12,2014-06-20,utm_campaign=Marts25&utm_content=A&utm_medium=content&utm_source=jp.dk,FALSE,FALSE,0,0,0,2025-03-20,2025-03-20,0,0,Salg,Annulleret køb,2025-03-20,2025-03-21,1,0–30 dage,67,65+,1,0,1,1,1,5,5,2,0.4,0.8,0,1,5,1,5,4,4,0.4,2,0.8,0.8,0.2,Computer,0,1,0,0.6666666666666666,0,0,internal,0.6,0,0,0,0.2,2025-03-20,2025-03-20,0,5,4
b1d87804abaf5480992c81655242752e,2025-05-09,2025-03-11T09:27:16Z,Mand,1942-06-07,2014-05-26,utm_campaign=Basis_22&utm_content=HeaderButtonRaised&utm_medium=Matrice&utm_source=jp.dk,FALSE,TRUE,18,9,9,2025-03-11,2025-05-10,0,0,Andet,Ingen årsag – ingen tlf kontakt,2025-05-10,2025-05-09,59,30–90 dage,83,65+,0,0,0,0,1295,421,149,85,0.20190023752969122,0.2672209026128266,0,1,421,31,149,151,146,0.2019002375296912,85,0.2672209026128266,0.16864608076009502,0.6532066508313539,Computer,0,1,0,0.967741935483871,0,0,internal,0.0688836104513064,0,0.00237529691211401,0,0.6365795724465558,2025-03-11,2025-04-10,30,13.580645161290322,1
b23d91918f36a511ee6bb142a6980359,2025-04-16,2025-03-06T05:52:51Z,Mand,1970-08-31,2021-02-16,utm_campaign=Marts25&utm_content=b&utm_medium=mail&utm_source=mail,FALSE,TRUE,1,1,0,2025-03-06,2025-05-05,0,0,Økonomi,Pris,2025-05-05,2025-04-16,41,30–90 dage,55,55–64,0,0,0,0,283,381,171,106,0.2782152230971129,0.3569553805774278,0.8083989501312336,0.19160104986876642,381,30,171,183,169,0.2782152230971129,106,0.3569553805774278,0.2992125984251969,0.5774278215223098,Mobile,1,2,0.01041666666666666,0.984375,0,0,internal,0.10498687664041996,0,0.00262467191601049,0,0.5170603674540682,2025-03-06,2025-04-05,30,12.7,1
b28ed967404925126fefb4e03b60eee9,2025-08-12,2025-03-22T20:45:34Z,Mand,1965-09-17,2025-03-22,utm_campaign=Marts25&utm_content=B&utm_medium=content&utm_source=jp.dk,TRUE,TRUE,0,0,0,2025-03-22,2025-05-21,0,0,Andet,RVS,2025-08-11,2025-08-12,143,90–180 dage,60,55–64,1,0,0,0,83,3,3,1,0.3333333333333333,0.5833333333333334,1,0,3,3,3,3,3,0.3333333333333333,1,0.5833333333333334,0.3333333333333333,0,Mobile,1,1,0,0,0,0.6666666666666666,social,0.3333333333333333,0,0,0,0,2025-03-22,2025-04-07,16,1,3
b2a735ace0cd594f47ca9b0b2746514a,2025-06-15,2025-03-07T15:06:33Z,Mand,1989-04-04,2022-02-06,utm_campaign=Marts25&utm_content=A&utm_medium=content&utm_source=jp.dk,FALSE,FALSE,1,1,0,2025-03-07,2025-05-06,0,0,Tid,Ikke tid,2025-07-06,2025-06-15,100,90–180 dage,37,35–44,1,0,0,0,243,48,22,17,0.3541666666666667,0.3333333333333333,0.125,0.875,48,11,22,25,21,0.3541666666666667,17,0.3333333333333333,0.2916666666666667,0.6041666666666666,Computer,0,2,0,0.8888888888888888,0,0,internal,0.1875,0,0,0,0.4791666666666667,2025-03-07,2025-04-01,25,4.363636363636363,4
b2ae7dec25805c7059ea2c7ffd5f54d7,2025-07-07,2025-03-23T17:04:36Z,Mand,1968-10-07,2018-02-27,utm_campaign=Marts25&utm_content=sc_b&utm_medium=mail&utm_source=mail,FALSE,TRUE,5,1,4,2025-03-23,2025-05-22,0,0,Tid,Ikke tid,2025-07-07,2025-07-07,106,90–180 dage,57,55–64,1,0,0,0,82,531,148,182,0.3427495291902072,0.18785310734463276,1,0,531,31,148,319,139,0.3427495291902072,182,0.18785310734463276,0.08851224105461393,0.6892655367231638,Mobile,1,1,0,0.9969879518072288,0,0,internal,0.1374764595103578,0,0.01694915254237288,0,0.3804143126177024,2025-03-23,2025-04-22,30,17.129032258064516,4
b2b9c2229c058653f5221e50b01d33c9,2025-07-04,2025-03-06T16:04:54Z,Mand,1950-11-17,2011-08-11,utm_campaign=Marts25&utm_content=a&utm_medium=mail&utm_source=mail,TRUE,TRUE,26,7,18,2025-03-06,2025-05-05,22,21,Produkt,Redaktionelt indhold / holdning,2025-07-05,2025-07-04,120,90–180 dage,75,65+,1,0,0,0,806,137,108,61,0.44525547445255476,0.6058394160583942,0,1,137,20,108,111,104,0.4452554744525547,61,0.6058394160583942,0.5255474452554745,0.30656934306569344,Computer,0,1,0.0273972602739726,0.9041095890410958,0,0,internal,0.0948905109489051,0,0.0583941605839416,0,0.13138686131386862,2025-03-06,2025-04-05,30,6.85,4
b2babd7ae29af17bed1ffbf045307d07,2025-12-04,2025-03-04T09:39:45Z,Mand,1958-01-15,2012-11-10,utm_campaign=Marts25&utm_content=B&utm_medium=content&utm_source=jp.dk,FALSE,FALSE,3,1,1,2025-03-04,2025-05-03,0,0,Økonomi,Pris,2026-01-03,2025-12-04,275,270–365 dage,68,65+,1,0,0,0,1620,106,63,40,0.37735849056603776,0.4009433962264151,0.02830188679245283,0.9339622641509434,106,17,63,69,50,0.37735849056603776,40,0.4009433962264151,0.32075471698113206,0.5188679245283019,Computer,0,3,0.01063829787234042,0.9042553191489362,0,0.01063829787234042,internal,0.2358490566037736,0,0.01886792452830188,0,0.10377358490566038,2025-03-04,2025-03-31,27,6.235294117647059,4
b2bc1519bdedee9e281f9a30e6a5c56d,2025-03-09,2025-03-09T00:10:09Z,Mand,1970-11-17,2013-11-15,utm_campaign=Marts25&utm_content=A&utm_medium=content&utm_source=jp.dk,FALSE,FALSE,0,0,0,2025-03-09,2025-05-08,0,0,Produkt,Redaktionelt indhold / holdning,2025-05-08,2025-03-09,0,0–30 dage,55,55–64,0,1,0,0,1,1,1,0,0,1,0,1,1,1,1,1,1,0,0,1,1,0,Computer,0,1,0,0,0,0,unknown,0,0,0,0,0,2025-03-09,2025-03-09,0,1,2
b35b31660d9b152e2ad1b2997ebd2663,2025-05-02,2025-03-05T11:58:04Z,Mand,1951-01-05,2022-05-15,utm_campaign=Marts25&utm_content=a&utm_medium=mail&utm_source=mail,FALSE,TRUE,3,3,0,2025-03-05,2025-05-04,0,0,Tid,Ikke tid,2025-05-04,2025-05-02,58,30–90 dage,75,65+,0,0,0,0,470,9,7,3,0.3333333333333333,0.5,0,1,9,4,7,7,6,0.3333333333333333,3,0.5,0.3333333333333333,0.2222222222222222,Computer,0,1,0,0.8,0,0,internal,0.1111111111111111,0,0,0,0.2222222222222222,2025-03-05,2025-03-21,16,2.25,1
b369776f5a7d9687ff77d6c0613dbc17,2025-03-11,2025-03-11T02:00:22Z,Kvinde,1958-09-10,2025-03-11,,FALSE,FALSE,0,0,0,2025-03-11,2025-05-10,0,0,Andet,kunden ønsker ikke at oplyse,2025-05-10,2025-03-11,0,0–30 dage,67,65+,0,1,0,0,1,27,22,10,0.37037037037037035,0.5925925925925926,0.48148148148148145,0.5185185185185185,27,4,22,20,18,0.3703703703703703,10,0.5925925925925926,0.4444444444444444,0.2962962962962963,Computer,0,2,0,0.925925925925926,0,0,internal,0.2222222222222222,0,0,0,0.07407407407407407,2025-03-11,2025-04-07,27,6.75,2
b3743cd8f717c4b7c1f68f572f1af0d5,2025-03-23,2025-03-22T23:55:27Z,Kvinde,1977-11-04,2025-03-22,utm_campaign=Marts25&utm_content=A&utm_medium=content&utm_source=jp.dk,FALSE,FALSE,0,0,0,2025-03-22,2025-05-21,0,0,Produkt,Redaktionelt indhold / holdning,2025-05-21,2025-03-23,1,0–30 dage,48,45–54,0,1,0,0,1,4,4,2,0.5,0.75,1,0,4,1,4,1,1,0.5,2,0.75,0.75,0.25,Mobile,1,1,0.25,0,0,0,unknown,0.75,0,0,0,0.25,2025-03-23,2025-03-23,0,4,2
b37648d22ba1c40979c7f50216a23ccd,2025-03-26,2025-03-21T21:37:22Z,Kvinde,1976-01-13,2023-11-19,utm_campaign=Marts25&utm_content=A&utm_medium=content&utm_source=jp.dk,TRUE,FALSE,0,0,0,2025-03-21,2025-05-20,0,0,Tid,Ikke tid,2025-05-20,2025-03-26,5,0–30 dage,50,45–54,0,0,0,0,1,5,3,0,0,0.4,1,0,5,2,3,2,1,0,0,0.4,0.4,0.6,Mobile,1,1,0,0.6,0,0,internal,0,0,0,0,0.4,2025-03-21,2025-03-26,5,2.5,1
b3b579ba18e6e9824560f6dca3d35195,2025-03-24,2025-03-21T08:54:36Z,Mand,1948-08-25,2022-11-30,utm_campaign=Marts25&utm_content=sc_a&utm_medium=mail&utm_source=mail,TRUE,TRUE,3,2,1,2025-03-21,2025-05-20,0,0,Andet,Administrativt,2025-05-20,2025-03-24,3,0–30 dage,77,65+,0,1,0,0,1133,114,55,42,0.3684210526315789,0.22587719298245615,0,1,114,11,55,64,52,0.3684210526315789,42,0.22587719298245615,0.08771929824561403,0.5789473684210527,Computer,0,1,0.19753086419753085,0.7901234567901234,0,0,internal,0.10526315789473684,0,0.0087719298245614,0,0.42105263157894735,2025-03-24,2025-04-20,27,10.363636363636363,2
b3e85bb67a9d20a7e111a08ba1bd2132,2025-03-17,2025-03-09T11:03:47Z,Mand,1945-11-03,2017-11-07,utm_campaign=Basis_22&utm_content=HeaderButtonRaised&utm_medium=Matrice&utm_source=jp.dk,TRUE,TRUE,6,5,3,2025-03-09,2025-05-08,2,2,Økonomi,Pris,2025-05-08,2025-03-17,8,0–30 dage,80,65+,0,0,0,0,461,57,39,28,0.49122807017543857,0.5526315789473685,0.9649122807017544,0.03508771929824561,57,19,39,48,36,0.49122807017543857,28,0.5526315789473685,0.3157894736842105,0.2631578947368421,Mobile,1,2,0.04166666666666666,0.7916666666666666,0,0,internal,0.17543859649122806,0,0.0175438596491228,0,0.12280701754385964,2025-03-09,2025-04-07,29,3,2
b40b77f1118e3d44b8c5f5fe5f434cf9,2025-04-03,2025-03-05T15:16:19Z,Kvinde,1937-11-09,2017-07-11,utm_campaign=Marts25&utm_content=b&utm_medium=mail&utm_source=mail,FALSE,TRUE,7,1,5,2025-03-05,2025-05-04,0,0,Tid,Ikke tid,2025-05-04,2025-04-03,29,0–30 dage,88,65+,0,0,0,0,253,5,3,1,0.2,0.05,0.6,0.4,5,2,3,2,2,0.2,1,0.05,0,0.8,Mobile,1,2,0,0.4,0,0,unknown,0,0,0,0,0.6,2025-03-11,2025-03-16,5,2.5,1
b4dad48c72f72f415a9ea3e137b06419,2025-05-18,2025-03-09T06:32:38Z,Kvinde,1987-01-12,2025-03-09,utm_campaign=Marts25&utm_content=A&utm_medium=content&utm_source=jp.dk,FALSE,FALSE,0,0,0,2025-03-09,2025-05-08,0,0,Tid,Ikke tid,2025-06-08,2025-05-18,70,30–90 dage,39,35–44,1,0,0,1,32,6,6,2,0.3333333333333333,0.6666666666666666,1,0,6,2,6,5,5,0.3333333333333333,2,0.6666666666666666,0.5,0.16666666666666666,Mobile,1,1,0,0,0,0.6,social,0.8333333333333334,0,0,0,0.16666666666666666,2025-03-09,2025-03-14,5,3,3
b4e9f0121b01335d7f0f9fc9875638aa,2025-05-25,2025-03-23T21:18:05Z,Mand,1958-07-30,2025-03-23,utm_campaign=Marts25&utm_content=A&utm_medium=content&utm_source=jp.dk,FALSE,TRUE,0,0,0,2025-03-23,2025-05-22,0,0,Tid,Ikke tid,2025-06-22,2025-05-25,63,30–90 dage,67,65+,1,0,0,1,32,603,326,190,0.3150912106135987,0.5157545605306799,0,0.9933665008291874,603,30,326,397,311,0.3150912106135987,190,0.5157545605306799,0.417910447761194,0.40298507462686567,Computer,0,2,0.00210084033613445,0.9789915966386554,0,0,internal,0.13930348258706468,0,0.0033167495854063,0,0.22885572139303484,2025-03-23,2025-04-22,30,20.1,4
b506be7c9a29252ae978684305eb3da5,2025-03-04,2025-03-04T08:30:00Z,Mand,1976-06-01,2016-09-05,utm_campaign=Basis_22&utm_content=HeaderButtonRaised&utm_medium=Matrice&utm_source=jp.dk,FALSE,FALSE,8,6,1,2025-03-04,2025-05-03,0,0,Andet,kunden ønsker ikke at oplyse,2025-05-03,2025-03-04,0,0–30 dage,49,45–54,0,1,0,0,1016,399,113,84,0.21052631578947367,0.17731829573934837,0.6791979949874687,0.3208020050125313,399,31,113,135,110,0.21052631578947367,84,0.17731829573934835,0.09273182957393485,0.7343358395989975,Mobile,1,2,0,0.9927007299270072,0,0,internal,0.06015037593984962,0,0.0100250626566416,0,0.656641604010025,2025-03-04,2025-04-03,30,12.870967741935484,2
b5702853f7eb0115759ddbc7df0976c0,2025-11-19,2025-03-18T06:43:06Z,Mand,1961-02-23,2015-06-22,utm_campaign=Marts25&utm_content=A&utm_medium=content&utm_source=jp.dk,FALSE,FALSE,0,0,0,2025-03-18,2025-05-17,0,0,Andet,RVS,2025-11-18,2025-11-19,246,180–270 dage,65,65+,1,0,0,0,250,226,124,83,0.3672566371681416,0.4081858407079646,0,1,226,26,124,145,122,0.3672566371681416,83,0.4081858407079646,0.28761061946902655,0.47345132743362833,Computer,0,1,0.02054794520547945,0.9726027397260274,0,0,internal,0.12389380530973453,0,0.03097345132743362,0,0.35398230088495575,2025-03-18,2025-04-17,30,8.692307692307692,4
b57e84e749107c4ff8a270681f26455f,2025-06-24,2025-03-16T12:23:17Z,Mand,1954-06-03,2021-12-06,utm_campaign=Marts25&utm_content=A&utm_medium=content&utm_source=jp.dk,FALSE,FALSE,1,1,0,2025-03-16,2025-05-15,6,6,Tid,Sæsonpause,2025-06-24,2025-06-24,100,90–180 dage,71,65+,1,0,0,0,164,11,9,3,0.2727272727272727,0.3409090909090909,1,0,11,4,9,10,8,0.2727272727272727,3,0.3409090909090909,0,0.3636363636363637,Mobile,1,1,0,0,0,0,unknown,0.09090909090909093,0,0,0,0.09090909090909093,2025-04-06,2025-04-13,7,2.75,4
b5c5c1d4107e652fdeaa368f88a51a8e,2025-03-30,2025-03-23T15:22:28Z,Kvinde,1944-08-23,2012-12-04,utm_campaign=Marts25&utm_content=sc_b&utm_medium=mail&utm_source=mail,FALSE,TRUE,2,2,2,2025-03-23,2025-05-22,17,16,Andet,kunden ønsker ikke at oplyse,2025-05-22,2025-03-30,7,0–30 dage,81,65+,0,0,0,0,57,21,15,9,0.42857142857142855,0.4523809523809524,1,0,21,9,15,15,14,0.42857142857142855,9,0.4523809523809524,0.2857142857142857,0.42857142857142855,Mobile,1,1,0,0.75,0,0,internal,0.09523809523809525,0,0.04761904761904761,0,0.2857142857142857,2025-03-23,2025-04-20,28,2.3333333333333335,1
b5f151e31b3d179a9c490cd57f107e71,2025-05-25,2025-03-07T19:49:45Z,Mand,1973-04-11,2020-01-27,utm_campaign=Marts25&utm_content=B&utm_medium=content&utm_source=jp.dk,TRUE,TRUE,6,4,2,2025-03-07,2025-05-06,0,0,Tid,Ikke tid,2025-06-06,2025-05-25,79,30–90 dage,53,45–54,1,0,0,0,596,25,18,7,0.28,0.5,1,0,25,8,18,20,16,0.28,7,0.5,0.32,0.4,Mobile,1,1,0,0.8571428571428571,0,0,internal,0.08,0,0,0,0.12,2025-03-07,2025-03-21,14,3.125,4
b606ae0a4944362a1df65e2d41ed3830,2025-03-30,2025-03-05T18:29:03Z,Mand,1974-04-08,2016-04-27,utm_campaign=Marts25&utm_content=b&utm_medium=mail&utm_source=mail,FALSE,TRUE,14,8,7,2025-03-05,2025-05-04,3,3,Tid,Ikke tid,2025-05-04,2025-03-30,25,0–30 dage,52,45–54,0,0,0,0,527,290,106,87,0.3,0.2939655172413793,0.9275862068965517,0.07241379310344828,290,27,106,139,104,0.3,87,0.2939655172413793,0.15517241379310345,0.593103448275862,Mobile,1,2,0,0.9947368421052633,0,0,internal,0.12758620689655173,0,0.01034482758620689,0,0.5172413793103449,2025-03-05,2025-04-04,30,10.74074074074074,4
b614f17cb152704959cdf42349d6a4cb,2025-05-02,2025-03-05T14:38:19Z,Mand,1957-04-11,2014-11-19,utm_campaign=Marts25&utm_content=b&utm_medium=mail&utm_source=mail,FALSE,TRUE,6,1,2,2025-03-05,2025-05-04,3,3,Andet,Ingen årsag – ingen tlf kontakt,2025-05-04,2025-05-02,58,30–90 dage,69,65+,0,0,0,0,1286,78,39,28,0.358974358974359,0.27884615384615385,0,1,78,13,39,40,36,0.358974358974359,28,0.27884615384615385,0.16666666666666666,0.5256410256410257,Computer,0,1,0,0.9333333333333332,0,0,internal,0.1282051282051282,0,0.0641025641025641,0,0.44871794871794873,2025-03-05,2025-04-04,30,6,1
b654b3aea937958ac6ad385f1985554c,2025-07-27,2025-03-24T03:50:48Z,Mand,1964-02-22,2025-03-24,utm_campaign=Marts25&utm_content=A&utm_medium=content&utm_source=jp.dk,TRUE,TRUE,0,0,0,2025-03-24,2025-05-23,0,0,Tid,Ikke tid,2025-08-23,2025-07-27,125,90–180 dage,62,55–64,1,0,0,0,93,4,4,1,0.25,0.5625,1,0,4,2,4,4,4,0.25,1,0.5625,0.25,0.25,Mobile,1,1,0,0.5,0,0.25,internal,0.5,0,0,0,0,2025-03-24,2025-04-19,26,2,3
b6aaed769aeafe1a96565a5a3575fc2a,2025-04-22,2025-03-06T18:16:08Z,Kvinde,1959-04-03,2025-03-06,utm_campaign=Marts25&utm_content=A&utm_medium=content&utm_source=jp.dk,FALSE,FALSE,0,0,0,2025-03-06,2025-05-05,0,0,Økonomi,Pris,2025-05-05,2025-04-22,47,30–90 dage,67,65+,0,0,0,0,1,282,104,64,0.22695035460992907,0.2624113475177305,0,0.9964539007092199,282,30,104,111,99,0.22695035460992907,64,0.2624113475177305,0.16666666666666666,0.6382978723404256,Computer,0,2,0,0.935483870967742,0,0,internal,0.07801418439716312,0,0.00709219858156028,0,0.5851063829787234,2025-03-06,2025-04-05,30,9.4,1
b6be0e02d507852ae16c3d23e2c9717f,2025-05-02,2025-03-21T07:22:27Z,Mand,1947-06-07,2017-11-16,utm_campaign=Basis_22&utm_content=HeaderButtonRaised&utm_medium=Matrice&utm_source=jp.dk,TRUE,TRUE,4,1,2,2025-03-21,2025-05-20,13,14,Produkt,Redaktionelt indhold / holdning,2025-05-20,2025-05-02,42,30–90 dage,78,65+,0,0,0,0,261,20,12,12,0.6,0.3375,0,0.9,20,7,12,15,11,0.6,12,0.3375,0.2,0.5,Computer,0,2,0,0.6666666666666666,0,0,internal,0.1,0,0,0,0.25,2025-03-24,2025-04-10,17,2.857142857142857,1
b6f3a3976e7ea243c1b5922b001f9efa,2025-06-19,2025-03-21T08:20:45Z,Mand,1951-05-01,2012-07-17,utm_campaign=Marts25&utm_content=sc_b&utm_medium=mail&utm_source=mail,TRUE,TRUE,1,0,0,2025-03-21,2025-05-20,0,0,Andet,kunden ønsker ikke at oplyse,2025-06-20,2025-06-19,90,90–180 dage,74,65+,1,0,0,0,1628,8,7,2,0.25,0.5,0,1,8,3,7,6,6,0.25,2,0.5,0.25,0.25,Computer,0,1,0.16666666666666666,0.8333333333333334,0,0,internal,0,0,0,0,0.25,2025-03-23,2025-04-08,16,2.6666666666666665,4
b7189afe7ef2b29f89ee5c2277a95e23,2025-04-09,2025-03-19T19:36:10Z,Kvinde,1965-10-25,2025-03-19,utm_campaign=Marts25&utm_content=B&utm_medium=content&utm_source=jp.dk,FALSE,FALSE,0,0,0,2025-03-19,2025-05-18,0,0,Tid,Ikke tid,2025-05-18,2025-04-09,21,0–30 dage,60,55–64,0,0,0,0,1,21,11,6,0.2857142857142857,0.2976190476190476,1,0,21,3,11,11,10,0.2857142857142857,6,0.2976190476190476,0.1904761904761905,0.5714285714285714,Mobile,1,1,0.3333333333333333,0.380952380952381,0,0,internal,0.3333333333333333,0,0,0,0.47619047619047616,2025-03-19,2025-03-25,6,7,1
b768d697a9b69a640ac06e346e9ab41a,2025-10-09,2025-03-05T10:13:45Z,Mand,1953-02-11,2012-12-27,utm_campaign=Marts25&utm_content=A&utm_medium=content&utm_source=jp.dk,TRUE,FALSE,24,14,2,2025-03-05,2025-05-04,0,0,Andet,kunden ønsker ikke at oplyse,2025-11-04,2025-10-09,218,180–270 dage,73,65+,1,0,0,0,1703,830,301,185,0.22289156626506024,0.2397590361445783,0.012048192771084338,0.9879518072289156,830,31,301,334,297,0.22289156626506024,185,0.2397590361445783,0.14698795180722893,0.6698795180722892,Computer,0,2,0,0.9974937343358397,0,0,internal,0.06385542168674699,0,0.02891566265060241,0,0.5120481927710844,2025-03-05,2025-04-04,30,26.774193548387096,4
b7cd75ab3ab11de36960a62aa04af6e0,2025-04-14,2025-03-16T08:08:11Z,Kvinde,1963-04-16,2025-03-16,utm_campaign=Basis_22&utm_content=HeaderButtonRaised&utm_medium=Matrice&utm_source=jp.dk,FALSE,FALSE,0,0,0,2025-03-16,2025-05-15,0,0,Tid,Ikke tid,2025-05-15,2025-04-14,29,0–30 dage,63,55–64,0,0,0,0,1,346,143,90,0.26011560693641617,0.23699421965317918,0,1,346,27,143,160,139,0.26011560693641617,90,0.2369942196531792,0.1184971098265896,0.6271676300578035,Computer,0,1,0.02336448598130841,0.8644859813084113,0,0,internal,0.07225433526011561,0,0.00578034682080924,0,0.5260115606936416,2025-03-16,2025-04-15,30,12.814814814814817,1
b7f5af62c13145391bc951f84e3014d8,2025-03-09,2025-03-09T14:55:12Z,Mand,1972-11-20,2012-12-05,utm_campaign=Marts25&utm_content=A&utm_medium=content&utm_source=jp.dk,FALSE,FALSE,11,6,2,2025-03-09,2025-05-08,0,0,Økonomi,Pris,2025-05-08,2025-03-09,0,0–30 dage,53,45–54,0,1,0,0,773,207,92,55,0.26570048309178745,0.30434782608695654,0,0.12077294685990338,207,16,92,99,91,0.26570048309178745,55,0.30434782608695654,0.1980676328502415,0.5700483091787439,Tablet,0,2,0.08666666666666667,0.7933333333333333,0,0,internal,0.10628019323671498,0,0.0144927536231884,0,0.5217391304347826,2025-03-09,2025-04-08,30,12.9375,2
b8170fdd0a9a8da6aedce9a9214f5b19,2025-09-25,2025-03-21T08:58:25Z,Mand,1945-05-02,2022-03-09,utm_campaign=Marts25&utm_content=sc_b&utm_medium=mail&utm_source=mail,TRUE,TRUE,2,1,1,2025-03-21,2025-05-20,1,1,Tid,Ikke tid,2025-09-24,2025-09-25,188,180–270 dage,80,65+,1,0,0,0,365,32,26,13,0.40625,0.5,0,1,32,7,26,25,25,0.40625,13,0.5,0.3125,0.28125,Computer,0,1,0,0.625,0,0,internal,0.1875,0,0.03125,0,0.21875,2025-03-21,2025-04-08,18,4.571428571428571,4
b830221f1ce2bb617658079c1c1b13fe,2025-04-25,2025-03-05T14:38:45Z,Mand,1962-03-07,2025-03-05,utm_campaign=Marts25&utm_content=b&utm_medium=mail&utm_source=mail,TRUE,TRUE,0,0,0,2025-03-05,2025-04-24,0,0,Andet,Administrativt,2025-04-24,2025-04-25,51,30–90 dage,64,55–64,1,0,0,1,70,244,125,72,0.29508196721311475,0.30225409836065575,0,1,244,26,125,149,124,0.29508196721311475,72,0.30225409836065575,0.1762295081967213,0.5614754098360656,Computer,0,1,0,0.9452054794520548,0,0,internal,0.11885245901639344,0,0.02868852459016393,0,0.3893442622950819,2025-03-05,2025-04-03,29,9.384615384615383,1
b83e8af45f399d597ee5fb1d25786e17,2025-06-26,2025-03-11T13:53:44Z,Kvinde,1980-02-25,2017-09-02,utm_campaign=Marts25&utm_content=A&utm_medium=content&utm_source=jp.dk,FALSE,FALSE,0,0,0,2025-03-11,2025-05-10,0,0,Tid,Ikke tid,2025-07-10,2025-06-26,107,90–180 dage,46,45–54,1,0,0,0,62,10,5,3,0.3,0.175,0,1,10,2,5,4,3,0.3,3,0.175,0.1,0.7,Computer,0,1,0.125,0.75,0,0,internal,0.2,0,0,0,0.4,2025-03-11,2025-04-01,21,5,3
b83f2517fe31511f1844600382c10fff,2025-06-10,2025-03-15T17:28:38Z,Kvinde,2006-05-22,2022-04-05,utm_campaign=Marts25&utm_content=A&utm_medium=content&utm_source=jp.dk,FALSE,FALSE,0,0,0,2025-03-15,2025-05-14,0,0,Andet,Ingen årsag – ingen tlf kontakt,2025-06-14,2025-06-10,87,30–90 dage,19,18–24,1,0,0,0,32,2,2,1,0.5,0.5,0,1,2,2,2,1,1,0.5,1,0.5,0.5,0.5,Computer,0,1,0.5,0,0,0,search,0,0,0,0,0,2025-03-15,2025-03-18,3,1,3
b8c3036ba42840d7329dd6108f71577c,2025-10-24,2025-03-16T19:22:48Z,Kvinde,1940-05-23,2019-11-02,utm_campaign=Marts25&utm_content=A&utm_medium=content&utm_source=jp.dk,TRUE,FALSE,4,2,3,2025-03-16,2025-05-15,13,19,Tid,Ikke tid,2025-11-15,2025-10-24,222,180–270 dage,85,65+,1,0,0,0,303,185,162,100,0.5405405405405406,0.7337837837837838,1,0,185,26,162,183,161,0.5405405405405406,100,0.7337837837837838,0.6108108108108108,0.14054054054054055,Mobile,1,1,0,0.9701492537313432,0,0,internal,0.12972972972972974,0,0,0,0.01081081081081081,2025-03-16,2025-04-15,30,7.115384615384615,4
b95b90c1f13dcb4d0701fa10d0274e7a,2025-04-24,2025-03-17T18:54:43Z,Mand,1952-04-04,2019-12-29,utm_campaign=Marts25&utm_content=b&utm_medium=mail&utm_source=mail,TRUE,TRUE,6,4,2,2025-03-17,2025-05-16,0,0,Tid,Ikke tid,2025-05-16,2025-04-24,38,30–90 dage,74,65+,0,0,0,0,505,48,31,23,0.4791666666666667,0.5052083333333334,1,0,48,8,31,32,29,0.4791666666666667,23,0.5052083333333334,0.4375,0.4166666666666667,Mobile,1,1,0.3111111111111111,0.6666666666666666,0,0,internal,0.02083333333333333,0,0.02083333333333333,0,0.22916666666666663,2025-03-18,2025-04-13,26,6,1
b975e2f5a62b8b0601700a67787da14d,2025-03-11,2025-03-05T08:17:31Z,Mand,1960-01-08,2017-07-25,utm_campaign=Marts25&utm_content=B&utm_medium=content&utm_source=jp.dk,FALSE,FALSE,5,0,5,2025-03-05,2025-03-10,0,0,Salg,Annulleret køb,2025-03-10,2025-03-11,6,0–30 dage,66,65+,1,0,0,1,29,279,81,45,0.16129032258064516,0.235663082437276,1,0,279,31,81,89,79,0.16129032258064516,45,0.235663082437276,0.12544802867383512,0.7060931899641577,Mobile,1,1,0,0.9938271604938272,0,0,internal,0.08960573476702509,0,0.003584229390681,0,0.4050179211469534,2025-03-05,2025-04-04,30,9,4
b9fcb0eed6c3143d5102e67740a162f5,2025-10-23,2025-03-04T09:47:37Z,Mand,1934-02-27,2018-05-02,utm_campaign=Marts25&utm_content=A&utm_medium=content&utm_source=jp.dk,TRUE,TRUE,2,2,0,2025-03-04,2025-05-03,1,1,Andet,kunden ønsker ikke at oplyse,2025-11-03,2025-10-23,233,180–270 dage,92,65+,1,0,0,0,771,163,80,41,0.25153374233128833,0.3696319018404908,0,1,163,22,80,82,62,0.25153374233128833,41,0.3696319018404908,0.31901840490797545,0.5460122699386503,Computer,0,1,0.04615384615384615,0.8923076923076924,0,0,internal,0.08588957055214724,0,0.01226993865030674,0,0.03680981595092025,2025-03-04,2025-04-02,29,7.409090909090909,4
ba0c979afb67053e190747598d211ce8,2025-03-09,2025-03-09T21:37:51Z,Mand,1980-10-12,2013-07-04,utm_campaign=Marts25&utm_content=B&utm_medium=content&utm_source=jp.dk,FALSE,FALSE,5,2,2,2025-03-09,2025-05-08,0,0,Tid,Ikke tid,2025-05-08,2025-03-09,0,0–30 dage,45,45–54,0,1,0,0,419,18,13,8,0.4444444444444444,0.5138888888888888,0,1,18,3,13,13,12,0.4444444444444444,8,0.5138888888888888,0.4444444444444444,0.3888888888888889,Computer,0,1,0.06666666666666667,0.8666666666666667,0,0,internal,0.3333333333333333,0,0,0,0.2777777777777778,2025-03-09,2025-03-18,9,6,2
ba2390d524198acc3e1d5775c5003449,2026-03-24,2025-03-11T08:16:48Z,Mand,1977-06-30,2025-03-11,utm_campaign=Marts25&utm_content=A&utm_medium=content&utm_source=jp.dk,TRUE,TRUE,0,0,0,2025-03-11,2025-05-10,0,0,Ukendt,Ukendt,2026-03-24,2026-03-24,378,365+ dage,48,45–54,1,0,0,0,322,26,17,8,0.3076923076923077,0.4326923076923077,0.7307692307692307,0.2692307692307692,26,5,17,18,15,0.3076923076923077,8,0.4326923076923077,0.34615384615384615,0.4230769230769231,Mobile,1,2,0,0.625,0,0.16666666666666666,internal,0.2307692307692308,0,0.07692307692307693,0,0.19230769230769232,2025-03-11,2025-04-02,22,5.2,3
ba46f331222c7804d3007faf2be638c4,2025-06-10,2025-03-05T17:01:26Z,Kvinde,1965-10-30,2015-02-25,utm_campaign=Marts25&utm_content=b&utm_medium=mail&utm_source=mail,FALSE,TRUE,12,3,9,2025-03-05,2025-05-04,1,2,Andet,Ingen årsag – ingen tlf kontakt,2025-07-04,2025-06-10,97,90–180 dage,60,55–64,1,0,0,0,245,110,93,52,0.4727272727272727,0.6431818181818182,1,0,110,26,93,100,92,0.4727272727272727,52,0.6431818181818182,0.4545454545454546,0.19090909090909092,Mobile,1,1,0.0202020202020202,0.48484848484848486,0,0.41414141414141414,internal,0.12727272727272726,0,0,0,0.09090909090909093,2025-03-05,2025-04-04,30,4.230769230769231,3
bb23615e32aca66b3af9ec1042ddb8be,2025-04-02,2025-03-18T18:24:37Z,Kvinde,1986-05-28,2013-04-23,utm_campaign=Marts25&utm_content=A&utm_medium=content&utm_source=jp.dk,FALSE,TRUE,0,0,0,2025-03-18,2025-05-17,0,0,Andet,kunden ønsker ikke at oplyse,2025-05-17,2025-04-02,15,0–30 dage,39,35–44,0,0,0,0,1,13,6,7,0.5384615384615384,0.40384615384615385,0.15384615384615385,0.8461538461538461,13,3,6,8,5,0.5384615384615384,7,0.40384615384615385,0.3076923076923077,0.5384615384615384,Computer,0,2,0,0.375,0,0,unknown,0.07692307692307693,0,0,0,0.38461538461538464,2025-03-18,2025-04-02,15,4.333333333333333,2
bb268a1296993a658fa958dcce6ce723,2025-07-22,2025-03-21T21:21:02Z,Kvinde,1946-07-27,2020-06-17,utm_campaign=Marts25&utm_content=sc_b&utm_medium=mail&utm_source=mail,FALSE,FALSE,0,0,0,2025-03-21,2025-05-20,0,0,Andet,kunden ønsker ikke at oplyse,2025-08-20,2025-07-22,123,90–180 dage,79,65+,1,0,0,0,218,173,78,61,0.35260115606936415,0.2774566473988439,1,0,173,26,78,82,77,0.35260115606936415,61,0.2774566473988439,0.21965317919075145,0.6358381502890174,Mobile,1,1,0.25443786982248523,0.7396449704142012,0,0,internal,0.14450867052023122,0,0,0,0.5260115606936416,2025-03-22,2025-04-20,29,6.653846153846154,3
bb36e706698779b4386e240e45a76c9f,2025-12-03,2025-03-07T14:26:09Z,Mand,1974-03-26,2025-03-02,utm_campaign=Basis_22&utm_content=HeaderButtonRaised&utm_medium=Matrice&utm_source=jp.dk,FALSE,FALSE,0,0,0,2025-03-07,2025-05-06,0,0,Andet,kunden ønsker ikke at oplyse,2025-12-06,2025-12-03,271,270–365 dage,52,45–54,1,0,0,0,215,16,13,6,0.375,0.1875,0.9375,0.0625,16,11,13,15,12,0.375,6,0.1875,0.0625,0.625,Mobile,1,2,0,0,0,0,unknown,0.3125,0,0.0625,0,0.0625,2025-03-07,2025-04-01,25,1.4545454545454546,3
bb57881a5cf90e79b2b7fbf18fcba6ef,2026-01-30,2025-03-21T07:17:28Z,Mand,1978-12-21,2021-09-16,utm_campaign=Marts25&utm_content=sc_b&utm_medium=mail&utm_source=mail,FALSE,FALSE,7,6,0,2025-03-21,2025-05-20,0,0,Økonomi,Pris,2026-02-22,2026-01-30,315,270–365 dage,47,45–54,1,0,0,0,1327,967,436,284,0.2936918304033092,0.35806618407445706,0.8562564632885212,0.1437435367114788,967,31,436,499,434,0.2936918304033092,284,0.35806618407445706,0.27714581178903824,0.5677352637021716,Mobile,1,2,0,0.9971181556195964,0,0,internal,0.10237849017580145,0,0.00206825232678386,0,0.482936918304033,2025-03-21,2025-04-20,30,31.193548387096776,4
bb67464668525ef9adea575cbb6b55d1,2025-05-26,2025-03-21T06:32:02Z,Mand,1967-03-21,2025-03-21,utm_campaign=Marts25&utm_content=B&utm_medium=content&utm_source=jp.dk,FALSE,FALSE,0,0,0,2025-03-21,2025-05-20,0,0,Tid,Ikke tid,2025-06-20,2025-05-26,66,30–90 dage,59,55–64,1,0,0,1,43,889,414,239,0.2688413948256468,0.30821147356580425,1,0,889,31,414,426,410,0.2688413948256468,239,0.30821147356580425,0.2215973003374578,0.6017997750281214,Mobile,1,1,0,0.9976689976689976,0,0,internal,0.08211473565804274,0,0.00899887514060742,0,0.5163104611923509,2025-03-21,2025-04-20,30,28.677419354838708,4
bb86350b32e733fb3db74e5d46c4c4ac,2025-12-04,2025-03-12T13:07:09Z,Mand,1948-05-19,2020-08-28,utm_campaign=Marts25&utm_content=B&utm_medium=content&utm_source=jp.dk,FALSE,TRUE,10,3,7,2025-03-12,2025-05-11,2,2,Økonomi,Pris,2025-12-11,2025-12-04,267,180–270 dage,77,65+,1,0,0,0,950,439,251,155,0.3530751708428246,0.5466970387243736,0.029612756264236904,0.9703872437357631,439,31,251,284,246,0.3530751708428246,155,0.5466970387243736,0.489749430523918,0.3895216400911162,Computer,0,2,0.00378787878787878,0.9924242424242424,0,0,internal,0.06378132118451026,0,0.1548974943052392,0,0.31662870159453305,2025-03-12,2025-04-11,30,14.161290322580646,4
bbb361a9cc76e407add75eb772b1ee6e,2025-04-07,2025-03-07T07:42:43Z,Mand,1991-06-20,2015-03-09,utm_campaign=Marts25&utm_content=A&utm_medium=content&utm_source=jp.dk,FALSE,FALSE,0,0,0,2025-03-07,2025-05-06,0,0,Produkt,Redaktionelt indhold / holdning,2025-05-06,2025-04-07,31,30–90 dage,34,25–34,0,0,0,0,1,1,1,1,1,1,0,1,1,1,1,1,1,1,1,1,1,0,Computer,0,1,0,0,0,0,unknown,0,0,0,0,0,2025-03-07,2025-03-07,0,1,1
bbb3918da131e3f8c9ab270a2224ef1b,2025-03-19,2025-03-19T10:04:09Z,Mand,2005-05-11,2025-03-19,utm_campaign=Basis_22&utm_content=HeaderButtonRaised&utm_medium=Matrice&utm_source=jp.dk,FALSE,FALSE,0,0,0,2025-03-19,2025-05-18,0,0,Tid,Ikke tid,2025-05-18,2025-03-19,0,0–30 dage,20,18–24,0,1,0,0,1,9,5,2,0.2222222222222222,0.4166666666666667,0.1111111111111111,0.8888888888888888,9,2,5,6,4,0.2222222222222222,2,0.4166666666666667,0.3333333333333333,0.4444444444444444,Computer,0,2,0.42857142857142855,0.14285714285714285,0,0,search,0.1111111111111111,0,0.1111111111111111,0,0.3333333333333333,2025-03-19,2025-03-31,12,4.5,2
bc6682848d7c1b202333e98041418be1,2025-04-08,2025-03-21T08:33:09Z,Mand,1951-08-31,2023-11-28,utm_campaign=Basis_22&utm_content=HeaderButtonRaised&utm_medium=Matrice&utm_source=jp.dk,FALSE,TRUE,6,2,4,2025-03-21,2025-05-20,0,0,Tid,Ikke tid,2025-05-20,2025-04-08,18,0–30 dage,74,65+,0,0,0,0,428,497,178,110,0.22132796780684105,0.23189134808853118,0.4024144869215292,0.5975855130784709,497,31,178,197,170,0.22132796780684105,110,0.2318913480885312,0.1488933601609658,0.6619718309859155,Computer,0,2,0,0.9958847736625516,0,0,internal,0.06438631790744467,0,0.00603621730382293,0,0.5090543259557344,2025-03-21,2025-04-20,30,16.032258064516128,1
bd131313a490d54ccf4d7dd7c72f8b96,2025-08-12,2025-03-16T07:37:15Z,Kvinde,1957-02-23,2017-09-21,utm_campaign=Basis_22&utm_content=MegaMenu&utm_medium=Matrice&utm_source=jp.dk,TRUE,TRUE,0,0,0,2025-03-16,2025-05-15,0,0,Tid,Ikke tid,2025-08-15,2025-08-12,149,90–180 dage,69,65+,1,0,0,0,93,40,17,5,0.125,0.3,0,1,40,8,17,14,12,0.125,5,0.3,0.2,0.65,Computer,0,1,0.08695652173913043,0.8260869565217391,0,0,internal,0.075,0,0,0,0.45,2025-03-16,2025-04-07,22,5,3
bd8f91881891b817482f341aa7cea847,2025-03-22,2025-03-22T21:01:47Z,Mand,1985-01-24,2025-03-22,utm_campaign=Marts25&utm_content=A&utm_medium=content&utm_source=jp.dk,FALSE,FALSE,0,0,0,2025-03-22,2025-05-21,0,0,Produkt,Redaktionelt indhold / holdning,2025-05-21,2025-03-22,0,0–30 dage,41,35–44,0,1,0,0,1,118,47,24,0.2033898305084746,0.2521186440677966,1,0,118,15,47,54,45,0.2033898305084746,24,0.2521186440677966,0.15254237288135594,0.6440677966101694,Mobile,1,1,0,0.9493670886075948,0,0.02531645569620253,internal,0.11016949152542373,0,0,0,0.5338983050847458,2025-03-22,2025-04-14,23,7.866666666666666,2
bdba6e71913f8d10883e64d4a3eb100a,2025-03-12,2025-03-12T17:07:13Z,Mand,1999-08-23,2015-04-30,utm_campaign=Marts25&utm_content=B&utm_medium=content&utm_source=jp.dk,FALSE,FALSE,0,0,0,2025-03-12,2025-05-11,0,0,Andet,kunden ønsker ikke at oplyse,2025-05-11,2025-03-12,0,0–30 dage,26,25–34,0,1,0,0,1,13,7,9,0.6923076923076923,0.6730769230769231,0.07692307692307693,0.9230769230769231,13,5,7,11,5,0.6923076923076923,9,0.6730769230769231,0.4615384615384616,0.2307692307692308,Computer,0,2,0.6363636363636364,0.09090909090909093,0,0,search,0.7692307692307693,0,0,0,0.07692307692307693,2025-03-12,2025-04-05,24,2.6,2
bdce72baf8cf46c35e50c27d2034f70f,2025-12-04,2025-03-20T17:54:43Z,Kvinde,1960-02-13,2014-12-11,utm_campaign=Basis_22&utm_content=HeaderButtonRaised&utm_medium=Matrice&utm_source=jp.dk,FALSE,FALSE,1,1,0,2025-03-20,2025-05-19,0,0,Tid,Ikke tid,2025-12-19,2025-12-04,259,180–270 dage,66,65+,1,0,0,0,246,277,102,61,0.22021660649819494,0.22472924187725632,0.20577617328519857,0.7942238267148014,277,31,102,111,99,0.22021660649819497,61,0.22472924187725632,0.11913357400722022,0.631768953068592,Computer,0,2,0,0.9649122807017544,0,0,internal,0.1624548736462094,0,0.00361010830324909,0,0.5631768953068592,2025-03-20,2025-04-19,30,8.935483870967742,3
bdd01e087db83c6919655477c3a9d8e6,2025-05-14,2025-03-22T11:58:03Z,Mand,1960-12-07,2025-03-22,utm_campaign=Marts25&utm_medium=Weblayer&utm_source=jp.dk,FALSE,FALSE,0,0,0,2025-03-22,2025-05-21,0,0,Andet,kunden ønsker ikke at oplyse,2025-05-21,2025-05-14,53,30–90 dage,65,65+,0,0,0,0,1,306,128,101,0.3300653594771242,0.3292483660130719,0.016339869281045753,0.6470588235294118,306,30,128,144,127,0.3300653594771242,101,0.3292483660130719,0.238562091503268,0.5816993464052288,Computer,0,3,0,0.9586206896551724,0,0,internal,0.1176470588235294,0,0.0196078431372549,0,0.5294117647058824,2025-03-22,2025-04-21,30,10.2,1
be465621bdb0c21f03d0394cd0d5bf0f,2025-08-13,2025-03-13T03:37:15Z,Mand,1967-08-23,2019-01-05,utm_campaign=Basis_22&utm_content=HeaderButtonRaised&utm_medium=Matrice&utm_source=jp.dk,FALSE,TRUE,0,0,0,2025-03-13,2025-05-12,0,0,Andet,kunden ønsker ikke at oplyse,2025-09-12,2025-08-13,153,90–180 dage,58,55–64,1,0,0,0,124,32,17,10,0.3125,0.203125,0.25,0.75,32,3,17,18,14,0.3125,10,0.203125,0.15625,0.75,Computer,0,2,0,0.8333333333333334,0,0,internal,0.21875,0,0,0,0.21875,2025-03-13,2025-03-20,7,10.666666666666666,4
be6357d225a5c19f09acf6fbc6015653,2025-12-09,2025-03-05T13:02:28Z,Mand,1953-01-16,2012-06-19,utm_campaign=Marts25&utm_content=a&utm_medium=mail&utm_source=mail,TRUE,TRUE,2,1,0,2025-03-05,2025-05-04,0,0,Tid,Ikke tid,2026-01-04,2025-12-09,279,270–365 dage,73,65+,1,0,0,0,908,36,25,11,0.3055555555555556,0.4791666666666667,0,1,36,10,25,24,21,0.3055555555555556,11,0.4791666666666667,0.4166666666666667,0.4722222222222222,Computer,0,1,0,1,0,0,internal,0.08333333333333333,0,0,0,0.25,2025-03-08,2025-04-04,27,3.6,4
be7ee4feca2026e1f9905d54770f1580,2025-03-10,2025-03-08T13:07:22Z,Mand,1971-04-11,2022-08-21,utm_campaign=Basis_22&utm_content=HeaderButtonRaised&utm_medium=Matrice&utm_source=jp.dk,FALSE,TRUE,8,6,2,2025-03-08,2025-05-07,0,0,Andet,kunden ønsker ikke at oplyse,2025-05-07,2025-03-10,2,0–30 dage,55,55–64,0,1,0,0,255,1267,422,328,0.25887924230465664,0.2484214680347277,0.654301499605367,0.006314127861089187,1267,31,422,565,415,0.25887924230465664,328,0.2484214680347277,0.15390686661404893,0.6527229676400947,Mobile,1,3,0.03886397608370702,0.9521674140508222,0,0,internal,0.10655090765588004,0,0.02920284135753749,0,0.5445935280189423,2025-03-08,2025-04-07,30,40.87096774193548,2
beb2f43fd48148b2fa7e5fc19c7ad072,2025-12-18,2025-03-12T19:52:33Z,Kvinde,1959-04-25,2022-10-28,utm_campaign=Marts25&utm_content=B&utm_medium=content&utm_source=jp.dk,FALSE,FALSE,1,1,0,2025-03-12,2025-05-11,0,0,Andet,kunden ønsker ikke at oplyse,2026-01-11,2025-12-18,281,270–365 dage,67,65+,1,0,0,0,977,311,136,88,0.2829581993569132,0.27893890675241156,0,1,311,31,136,149,133,0.2829581993569132,88,0.27893890675241156,0.18006430868167203,0.6012861736334405,Computer,0,1,0.00328947368421052,0.5164473684210527,0,0,internal,0.05466237942122187,0,0.022508038585209,0,0.5112540192926045,2025-03-12,2025-04-11,30,10.03225806451613,4
befa7a8c62ddf34b84108309cd2c1f59,2025-03-08,2025-03-08T04:26:21Z,Mand,1958-09-13,2012-09-23,utm_campaign=Marts25&utm_content=A&utm_medium=content&utm_source=jp.dk,FALSE,TRUE,0,0,0,2025-03-08,2025-05-07,0,0,Produkt,Redaktionelt indhold / holdning,2025-05-07,2025-03-08,0,0–30 dage,67,65+,0,1,0,0,1,5,5,2,0.4,1,0,1,5,2,5,5,5,0.4,2,1,1,0,Computer,0,1,0.6666666666666666,0.3333333333333333,0,0,search,0,0,0,0,0,2025-03-08,2025-03-09,1,2.5,2
bf5844c314a6cbd3e5d74142a2f254bc,2025-03-18,2025-03-18T12:31:42Z,Kvinde,1979-06-21,2018-08-10,utm_campaign=Marts25&utm_content=A&utm_medium=content&utm_source=jp.dk,FALSE,FALSE,11,9,3,2025-03-18,2025-05-17,0,0,Andet,kunden ønsker ikke at oplyse,2025-05-17,2025-03-18,0,0–30 dage,46,45–54,0,1,0,0,647,298,135,83,0.2785234899328859,0.34731543624161076,0.6812080536912751,0.3187919463087248,298,28,135,144,134,0.2785234899328859,83,0.34731543624161076,0.24832214765100671,0.5637583892617449,Mobile,1,2,0,0.9794520547945206,0,0.00684931506849315,internal,0.09731543624161074,0,0,0,0.5167785234899329,2025-03-18,2025-04-17,30,10.642857142857142,2
bf9046fa8bf362613bb568886c425a4c,2025-06-27,2025-03-23T09:40:06Z,Mand,1946-10-06,2025-03-23,utm_campaign=Basis_22&utm_content=HeaderButtonRaised&utm_medium=Matrice&utm_source=jp.dk,TRUE,TRUE,0,0,0,2025-03-23,2025-05-22,0,0,Tid,Ikke tid,2025-07-22,2025-06-27,96,90–180 dage,79,65+,1,0,0,0,62,180,93,51,0.2833333333333333,0.42083333333333334,0.011111111111111112,0.9166666666666666,180,28,93,92,90,0.2833333333333333,51,0.42083333333333334,0.31666666666666665,0.4888888888888889,Computer,0,3,0.13392857142857142,0.8214285714285714,0,0,internal,0.12777777777777777,0,0.01666666666666666,0,0.4777777777777778,2025-03-23,2025-04-22,30,6.428571428571429,4
bf9a9dc001237444190fe7f1cbe80850,2025-08-23,2025-03-09T16:00:16Z,Kvinde,1973-01-05,2016-07-23,utm_campaign=Marts25&utm_content=B&utm_medium=content&utm_source=jp.dk,TRUE,TRUE,0,0,0,2025-03-09,2025-05-08,2,2,Tid,Ikke tid,2025-09-08,2025-08-23,167,90–180 dage,53,45–54,1,0,0,0,291,274,125,87,0.3175182481751825,0.3686131386861314,1,0,274,28,125,160,119,0.3175182481751825,87,0.3686131386861314,0.2408759124087591,0.5255474452554745,Mobile,1,1,0.00606060606060606,0.9393939393939394,0,0.0303030303030303,internal,0.17153284671532848,0,0.01824817518248175,0,0.3832116788321168,2025-03-09,2025-04-08,30,9.785714285714286,3
bfc04c65971b32ccb1e0fad11903aba1,2025-08-08,2025-03-22T21:57:42Z,Mand,1984-08-24,2022-03-09,utm_campaign=Marts25&utm_content=B&utm_medium=content&utm_source=jp.dk,TRUE,TRUE,1,0,1,2025-03-22,2025-05-21,0,0,Tid,Ikke tid,2025-08-21,2025-08-08,139,90–180 dage,41,35–44,1,0,0,0,100,609,194,185,0.30377668308702793,0.25779967159277506,1,0,609,31,194,310,186,0.30377668308702793,185,0.25779967159277506,0.1510673234811166,0.645320197044335,Mobile,1,1,0.003003003003003,0.993993993993994,0,0,internal,0.03776683087027915,0,0.00492610837438423,0,0.4433497536945813,2025-03-22,2025-04-21,30,19.64516129032258,3
c02f67974ac36a6c2c86a99b09071d69,2025-03-23,2025-03-23T07:11:51Z,Kvinde,1969-11-19,2025-03-23,utm_campaign=Marts25&utm_content=A&utm_medium=content&utm_source=jp.dk,FALSE,FALSE,0,0,0,2025-03-23,2025-05-22,0,0,Produkt,Redaktionelt indhold / holdning,2025-05-22,2025-03-23,0,0–30 dage,56,55–64,0,1,0,0,1,8,6,5,0.625,0.5,1,0,8,1,6,7,5,0.625,5,0.5,0.5,0.5,Mobile,1,1,0,0.6,0,0,internal,0.125,0,0,0,0.125,2025-03-23,2025-03-23,0,8,2
c058e1c1ddfad648ceb7f6487f0bd683,2025-09-03,2025-03-17T15:55:53Z,Mand,1982-04-03,2018-05-02,utm_campaign=Marts25&utm_content=A&utm_medium=content&utm_source=jp.dk,FALSE,FALSE,2,0,1,2025-03-17,2025-05-16,0,0,Tid,Ikke tid,2025-09-03,2025-09-03,170,90–180 dage,44,35–44,1,0,0,0,362,208,94,63,0.30288461538461536,0.3389423076923077,1,0,208,28,94,108,93,0.30288461538461536,63,0.3389423076923077,0.2548076923076923,0.5865384615384616,Mobile,1,1,0.01886792452830188,0.9716981132075472,0,0,internal,0.08653846153846154,0,0,0,0.4807692307692308,2025-03-17,2025-04-16,30,7.428571428571429,3
c09678054489731969a35eefa7ab61a3,2025-03-07,2025-03-05T20:46:27Z,Mand,1978-11-22,2013-07-29,utm_campaign=Marts25&utm_content=a&utm_medium=mail&utm_source=mail,TRUE,TRUE,0,0,0,2025-03-05,2025-05-04,0,0,Produkt,Redaktionelt indhold / holdning,2025-05-04,2025-03-07,2,0–30 dage,47,45–54,0,1,0,0,1,35,12,7,0.2,0.15714285714285714,1,0,35,4,12,9,9,0.2,7,0.15714285714285714,0.05714285714285714,0.7428571428571429,Mobile,1,1,0,0.7428571428571429,0,0,internal,0.11428571428571428,0,0.08571428571428572,0,0.2571428571428571,2025-03-05,2025-03-08,3,8.75,2
c0aa8822b42eb6779e985aad39decc9f,2025-03-12,2025-03-08T08:23:00Z,Mand,1962-03-03,2012-04-16,utm_campaign=Marts25&utm_content=A&utm_medium=content&utm_source=jp.dk,TRUE,TRUE,0,0,0,2025-03-08,2025-05-07,0,0,Tid,Ikke tid,2025-05-07,2025-03-12,4,0–30 dage,64,55–64,0,0,0,0,1,13,9,4,0.3076923076923077,0.40384615384615385,1,0,13,1,9,7,7,0.3076923076923077,4,0.40384615384615385,0.3076923076923077,0.5384615384615384,Mobile,1,1,0,0.75,0,0,internal,0.15384615384615383,0,0,0,0.38461538461538464,2025-03-09,2025-03-09,0,13,1
c1759212b2bbec62900012de41386782,2025-03-17,2025-03-17T09:48:14Z,Mand,1986-04-11,2019-12-28,utm_campaign=Marts25&utm_content=B&utm_medium=content&utm_source=jp.dk,TRUE,TRUE,113,2,111,2025-03-17,2025-05-16,0,0,Økonomi,Pris,2025-05-16,2025-03-17,0,0–30 dage,40,35–44,0,1,0,0,1542,602,204,146,0.2425249169435216,0.25124584717607973,0.9966777408637874,0.0033222591362126247,602,31,204,263,200,0.2425249169435216,146,0.25124584717607973,0.14451827242524917,0.6478405315614618,Mobile,1,2,0.01948051948051948,0.974025974025974,0,0,internal,0.06312292358803986,0,0.00332225913621262,0,0.5548172757475083,2025-03-17,2025-04-16,30,19.419354838709676,2
c1fcc738726f2786f0612e4b179bfe3d,2025-04-18,2025-03-14T14:15:09Z,Mand,1958-01-12,2013-07-10,utm_campaign=Basis_22&utm_content=HeaderButtonRaised&utm_medium=Matrice&utm_source=jp.dk,FALSE,FALSE,2,2,0,2025-03-14,2025-05-13,0,0,Tid,Ikke tid,2025-05-13,2025-04-18,35,30–90 dage,68,65+,0,0,0,0,184,175,81,42,0.24,0.3585714285714286,0,1,175,21,81,94,79,0.24,42,0.3585714285714286,0.28,0.5485714285714286,Computer,0,1,0,0.8466257668711656,0,0,internal,0.10285714285714286,0,0.03428571428571429,0,0.4514285714285714,2025-03-14,2025-04-12,29,8.333333333333334,1
c275388bc56a60aedfef3a0d4197b3e8,2025-09-23,2025-03-16T06:17:33Z,Kvinde,1960-04-28,2024-01-04,utm_campaign=Marts25&utm_content=B&utm_medium=content&utm_source=jp.dk,FALSE,FALSE,1,1,0,2025-03-16,2025-05-15,0,0,Tid,Ikke tid,2025-10-15,2025-09-23,191,180–270 dage,65,65+,1,0,0,0,520,19,14,12,0.631578947368421,0.3157894736842105,1,0,19,5,14,16,13,0.631578947368421,12,0.3157894736842105,0.15789473684210523,0.5263157894736842,Mobile,1,1,0.15789473684210523,0.47368421052631576,0,0.2631578947368421,internal,0.05263157894736842,0,0,0,0,2025-03-16,2025-04-12,27,3.8,4
c279248607a5bab56ccba7ac446223f6,2026-02-20,2025-03-12T06:11:31Z,Mand,1969-03-28,2024-12-01,utm_campaign=Basis_22&utm_content=HeaderButtonRaised&utm_medium=Matrice&utm_source=jp.dk,FALSE,FALSE,1,1,0,2025-03-12,2025-05-11,0,0,Produkt,Anden avis/produkt,2026-03-11,2026-02-20,345,270–365 dage,57,55–64,1,0,0,0,395,586,125,92,0.15699658703071673,0.18344709897610922,1,0,586,31,125,161,123,0.15699658703071673,92,0.1834470989761092,0.13993174061433447,0.7832764505119454,Mobile,1,1,0,0.9939024390243902,0,0,internal,0.06143344709897611,0,0,0,0.7235494880546075,2025-03-12,2025-04-11,30,18.903225806451612,4
c2a0c0e55bee5b2702d2e9cee3a22347,2025-06-27,2025-03-03T11:27:04Z,Mand,1987-08-06,2013-05-22,utm_campaign=Marts25&utm_content=A&utm_medium=content&utm_source=jp.dk,FALSE,FALSE,1,1,0,2025-03-03,2025-05-02,0,0,Økonomi,Pris,2025-07-02,2025-06-27,116,90–180 dage,38,35–44,1,0,0,0,272,203,115,70,0.3448275862068966,0.4187192118226601,1,0,203,23,115,132,114,0.3448275862068966,70,0.4187192118226601,0.31527093596059114,0.5024630541871922,Mobile,1,1,0,1,0,0,internal,0.1330049261083744,0,0,0,0.3497536945812808,2025-03-03,2025-04-02,30,8.826086956521738,3
c2e33d069a7f2e3c6240025cfefe99aa,2025-03-20,2025-03-10T08:21:19Z,Ukendt,1966-07-15,2020-11-01,utm_campaign=Marts25&utm_content=A&utm_medium=content&utm_source=jp.dk,FALSE,FALSE,0,0,0,2025-03-10,2025-05-09,0,0,Andet,kunden ønsker ikke at oplyse,2025-05-09,2025-03-20,10,0–30 dage,59,55–64,0,0,0,0,1,14,14,6,0.42857142857142855,0.75,0.8571428571428571,0.14285714285714285,14,4,14,11,11,0.42857142857142855,6,0.75,0.7142857142857143,0.21428571428571427,Mobile,1,2,0,0.5714285714285714,0,0.2857142857142857,internal,0.14285714285714285,0,0.07142857142857142,0,0.07142857142857142,2025-03-10,2025-03-29,19,3.5,1
c2f05fb7a4757702550100feac09b80f,2025-11-07,2025-03-10T21:28:37Z,Kvinde,1963-05-02,2025-03-10,utm_campaign=Marts25&utm_content=B&utm_medium=content&utm_source=jp.dk,TRUE,TRUE,0,0,0,2025-03-10,2025-05-09,0,0,Tid,Ikke tid,2025-11-09,2025-11-07,242,180–270 dage,62,55–64,1,0,0,0,185,17,11,5,0.29411764705882354,0.4117647058823529,1,0,17,5,11,10,9,0.29411764705882354,5,0.4117647058823529,0.29411764705882354,0.4705882352941176,Mobile,1,1,0.15384615384615383,0.6153846153846154,0,0.07692307692307693,internal,0,0,0,0,0.17647058823529413,2025-03-10,2025-03-17,7,3.4,3
c37504d892a2f779e98c50ee0579ec35,2025-04-23,2025-03-22T11:35:13Z,Mand,1980-06-07,2024-10-19,utm_campaign=Basis_22&utm_content=HeaderButtonRaised&utm_medium=Matrice&utm_source=jp.dk,TRUE,TRUE,1,1,0,2025-03-22,2025-05-21,0,0,Produkt,Redaktionelt indhold / holdning,2025-05-21,2025-04-23,32,30–90 dage,45,45–54,0,0,0,0,320,693,237,167,0.240981240981241,0.25613275613275616,0.4588744588744589,0.5411255411255411,693,31,237,285,227,0.240981240981241,167,0.25613275613275616,0.15584415584415584,0.6435786435786436,Computer,0,2,0.0287958115183246,0.9528795811518324,0,0,internal,0.07936507936507936,0,0.00721500721500721,0,0.4747474747474747,2025-03-22,2025-04-21,30,22.35483870967742,4
c3a2adcf58f23aa02be556824b1d0f70,2025-03-19,2025-03-19T08:35:43Z,Mand,1989-08-20,2022-06-21,utm_campaign=Marts25&utm_content=B&utm_medium=content&utm_source=jp.dk,FALSE,FALSE,2,2,0,2025-03-19,2025-05-18,0,0,Produkt,Redaktionelt indhold / holdning,2025-05-18,2025-03-19,0,0–30 dage,36,35–44,0,1,0,0,63,444,204,131,0.29504504504504503,0.3530405405405405,1,0,444,22,204,220,187,0.29504504504504503,131,0.3530405405405405,0.2635135135135135,0.5765765765765766,Mobile,1,1,0.00228310502283105,0.997716894977169,0,0,internal,0.10810810810810811,0,0.03153153153153153,0,0.33783783783783783,2025-03-19,2025-04-17,29,20.181818181818183,2
c4001ea45fd4a1b949a2c6bf4cf15d53,2025-08-25,2025-03-18T07:37:40Z,Kvinde,1956-10-12,2022-05-04,utm_campaign=&utm_content=genbesog_JP_digital&utm_medium=ppc&utm_source=adwords&utm_term=jyllands-posten+abonnement,FALSE,TRUE,5,3,1,2025-03-18,2025-05-17,1,1,Tid,Ikke tid,2025-09-17,2025-08-25,160,90–180 dage,69,65+,1,0,0,0,501,31,14,4,0.12903225806451613,0.3790322580645161,0,1,31,6,14,13,9,0.12903225806451613,4,0.3790322580645161,0.3548387096774194,0.6129032258064516,Computer,0,1,0.1935483870967742,0.8064516129032258,0,0,internal,0.0967741935483871,0,0,0,0,2025-03-18,2025-04-14,27,5.166666666666667,3
c402e82b274b94ea1c549636425759a2,2026-03-09,2025-03-23T08:39:18Z,Mand,1944-01-07,2015-05-17,utm_campaign=Marts25&utm_content=sc_a&utm_medium=mail&utm_source=mail,FALSE,TRUE,5,2,0,2025-03-23,2025-05-22,0,0,Andet,kunden ønsker ikke at oplyse,2026-04-29,2026-03-09,351,270–365 dage,82,65+,1,0,0,0,1442,1641,325,212,0.1291895185862279,0.16956124314442414,0,1,1641,31,325,403,322,0.1291895185862279,212,0.16956124314442414,0.09811090798293724,0.7647775746496039,Computer,0,1,0,0.9953810623556582,0,0,internal,0.03960999390615478,0,0.01523461304082876,0,0.7367458866544789,2025-03-23,2025-04-22,30,52.935483870967744,4
c41d91fd81be3a4323a066782b30ff44,2025-03-28,2025-03-21T11:43:35Z,Mand,1950-03-16,2017-04-26,utm_campaign=Marts25&utm_content=sc_a&utm_medium=mail&utm_source=mail,FALSE,TRUE,4,3,0,2025-03-21,2025-05-20,0,0,Andet,Ingen årsag – ingen tlf kontakt,2025-05-20,2025-03-28,7,0–30 dage,76,65+,0,0,0,0,780,83,39,23,0.27710843373493976,0.21084337349397592,0,1,83,12,39,39,35,0.27710843373493976,23,0.21084337349397592,0.06024096385542168,0.6024096385542169,Computer,0,1,0,1,0,0,internal,0.10843373493975904,0,0,0,0.4578313253012048,2025-03-21,2025-04-07,17,6.916666666666667,2
c42af5001a6324e4228ab78a45310632,2025-03-12,2025-03-11T16:28:14Z,Mand,1969-07-30,2025-03-11,utm_campaign=Marts25&utm_content=B&utm_medium=content&utm_source=jp.dk,FALSE,FALSE,0,0,0,2025-03-11,2025-05-10,0,0,Økonomi,Pris,2025-05-10,2025-03-12,1,0–30 dage,56,55–64,0,1,0,0,1,14,9,6,0.42857142857142855,0.48214285714285715,1,0,14,5,9,6,5,0.42857142857142855,6,0.4821428571428571,0.42857142857142855,0.5,Mobile,1,1,0.2857142857142857,0.35714285714285715,0,0.14285714285714285,internal,0,0,0.14285714285714285,0,0.2857142857142857,2025-03-11,2025-03-27,16,2.8,2
c43fda59ec054f920ad3eeb9d753de5d,2025-05-06,2025-03-07T18:04:12Z,Mand,1963-11-21,2012-12-28,utm_campaign=Marts25&utm_content=B&utm_medium=content&utm_source=jp.dk,FALSE,FALSE,2,1,0,2025-03-07,2025-05-06,0,0,Tid,Ikke tid,2025-05-06,2025-05-06,60,30–90 dage,62,55–64,0,0,0,0,338,22,14,12,0.5454545454545454,0.5113636363636364,0,1,22,1,14,16,12,0.5454545454545454,12,0.5113636363636364,0.4090909090909091,0.4090909090909091,Computer,0,1,0,0.9,0,0,internal,0.09090909090909093,0,0,0,0.2272727272727273,2025-03-07,2025-03-07,0,22,1
c471b03cd445e41200a69e3b4cfdd9c5,2025-05-23,2025-03-21T10:16:29Z,Mand,1948-08-29,2019-12-23,utm_campaign=Marts25&utm_content=sc_b&utm_medium=mail&utm_source=mail,TRUE,TRUE,7,3,2,2025-03-21,2025-05-20,2,2,Tid,Ikke tid,2025-05-23,2025-05-23,63,30–90 dage,77,65+,1,0,0,1,824,73,37,17,0.2328767123287671,0.4280821917808219,1,0,73,17,37,36,34,0.2328767123287671,17,0.4280821917808219,0.3561643835616438,0.5205479452054794,Mobile,1,1,0.02325581395348837,0.813953488372093,0.02325581395348837,0,internal,0.1232876712328767,0,0.0136986301369863,0,0.4657534246575342,2025-03-22,2025-04-20,29,4.294117647058823,4
c4b4438193127c3eb6ee62ffd82b6283,2025-04-10,2025-03-13T07:25:38Z,Kvinde,1964-03-22,2025-03-13,utm_campaign=Marts25&utm_content=A&utm_medium=content&utm_source=jp.dk,TRUE,TRUE,0,0,0,2025-03-13,2025-05-12,0,0,Tid,Ikke tid,2025-05-12,2025-04-10,28,0–30 dage,62,55–64,0,0,0,0,1,17,17,8,0.47058823529411764,0.7352941176470589,1,0,17,12,17,15,15,0.4705882352941176,8,0.7352941176470589,0.6470588235294118,0.17647058823529413,Mobile,1,1,0,0.2352941176470588,0,0.6470588235294118,social,0.4117647058823529,0,0,0,0.0588235294117647,2025-03-13,2025-04-10,28,1.4166666666666667,2
c502b0e0ba6d4368ce45fd4f8a87a07a,2025-03-21,2025-03-21T07:14:49Z,Mand,1970-06-11,2012-06-07,utm_campaign=Marts25&utm_content=sc_a&utm_medium=mail&utm_source=mail,TRUE,TRUE,8,8,2,2025-03-21,2025-05-20,0,0,Økonomi,Pris,2025-05-20,2025-03-21,0,0–30 dage,55,55–64,0,1,0,0,1004,550,278,155,0.2818181818181818,0.27,0,0.9981818181818182,550,31,278,298,277,0.2818181818181818,155,0.27,0.11272727272727272,0.5436363636363636,Computer,0,2,0,0.7523364485981309,0,0,internal,0.08,0,0.00909090909090909,0,0.4581818181818182,2025-03-21,2025-04-20,30,17.741935483870968,2
c5211e8f7bb8fd20ed1c5643c278b1d5,2025-07-03,2025-03-22T06:04:47Z,Mand,1951-06-17,2022-01-27,utm_campaign=Marts25&utm_content=sc_a&utm_medium=mail&utm_source=mail,TRUE,TRUE,6,3,3,2025-03-22,2025-05-21,0,0,Andet,kunden ønsker ikke at oplyse,2025-07-21,2025-07-03,103,90–180 dage,74,65+,1,0,0,0,593,355,187,113,0.3183098591549296,0.321830985915493,0.30985915492957744,0.6901408450704225,355,28,187,202,186,0.3183098591549296,113,0.321830985915493,0.2169014084507042,0.5464788732394367,Computer,0,2,0.21235521235521235,0.7837837837837838,0,0,internal,0.17183098591549295,0,0.0028169014084507,0,0.4309859154929577,2025-03-22,2025-04-21,30,12.678571428571429,4
c57715723b559d41744bb899bb494e69,2025-04-28,2025-03-13T21:28:40Z,Kvinde,1970-09-30,2022-01-12,utm_campaign=Marts25&utm_content=B&utm_medium=content&utm_source=jp.dk,FALSE,FALSE,0,0,0,2025-03-13,2025-05-12,0,0,Tid,Ikke tid,2025-05-12,2025-04-28,46,30–90 dage,55,55–64,0,0,0,0,170,11,7,5,0.45454545454545453,0.4772727272727273,1,0,11,5,7,7,6,0.4545454545454546,5,0.4772727272727273,0.2727272727272727,0.3636363636363637,Mobile,1,1,0.1,0.4,0,0.2,internal,0.3636363636363637,0,0.09090909090909093,0,0.3636363636363637,2025-03-13,2025-04-03,21,2.2,1
c5f4da1e31e7a8497ac488f4b068d9ca,2025-08-07,2025-03-07T09:33:41Z,Mand,1980-11-03,2018-12-31,utm_campaign=Marts25&utm_content=B&utm_medium=content&utm_source=jp.dk,FALSE,TRUE,3,1,2,2025-03-07,2025-05-06,0,0,Produkt,Redaktionelt indhold / holdning,2025-09-06,2025-08-07,153,90–180 dage,45,45–54,1,0,0,0,272,166,88,57,0.3433734939759036,0.4171686746987952,0,1,166,24,88,91,86,0.3433734939759036,57,0.4171686746987952,0.3373493975903614,0.5060240963855421,Computer,0,1,0,0.9789473684210528,0,0,internal,0.08433734939759036,0,0.00602409638554216,0,0.4397590361445783,2025-03-07,2025-04-06,30,6.916666666666667,4
c62e2aca7afc1e9c73872a62e30e7848,2025-08-13,2025-03-22T21:22:28Z,Kvinde,1989-11-09,2022-12-06,utm_campaign=Basis_22&utm_content=HeaderButtonRaised&utm_medium=Matrice&utm_source=jp.dk,TRUE,TRUE,0,0,0,2025-03-22,2025-05-21,0,0,Digitalt,Oprettet med forkert e-mail,2025-08-12,2025-08-13,144,90–180 dage,36,35–44,1,0,0,0,84,3,2,2,0.6666666666666666,0.4166666666666667,1,0,3,2,2,1,1,0.6666666666666666,2,0.4166666666666667,0.3333333333333333,0.3333333333333333,Mobile,1,1,0.6666666666666666,0,0,0,search,1,0,0,0,0,2025-03-22,2025-03-23,1,1.5,3
c72388148b999f0f684abdc883dfb610,2025-06-26,2025-03-22T17:04:56Z,Mand,1971-03-04,2025-03-22,utm_campaign=Marts25&utm_content=A&utm_medium=content&utm_source=jp.dk,FALSE,FALSE,0,0,0,2025-03-22,2025-05-21,0,0,Tid,Ikke tid,2025-07-21,2025-06-26,96,90–180 dage,55,55–64,1,0,0,0,62,213,96,68,0.3192488262910798,0.30633802816901406,0.9765258215962441,0.023474178403755867,213,27,96,105,95,0.3192488262910798,68,0.30633802816901406,0.19718309859154928,0.5821596244131455,Mobile,1,2,0,0.9807692307692308,0,0,internal,0.07981220657276995,0,0.00469483568075117,0,0.5070422535211268,2025-03-22,2025-04-18,27,7.888888888888889,4
c725b4f13e87aee2d75db85f4b717ab6,2026-01-06,2025-03-04T11:08:28Z,Mand,1975-10-16,2025-03-04,utm_campaign=Marts25&utm_content=A&utm_medium=content&utm_source=jp.dk,FALSE,FALSE,0,0,0,2025-03-04,2025-05-03,0,0,Økonomi,Pris,2026-02-03,2026-01-06,308,270–365 dage,50,45–54,1,0,0,0,277,648,394,252,0.3888888888888889,0.5659722222222222,0.3101851851851852,0.6898148148148148,648,31,394,423,392,0.3888888888888889,252,0.5659722222222222,0.5015432098765432,0.3904320987654321,Computer,0,2,0,0.9931972789115646,0,0,internal,0.11728395061728394,0,0.01388888888888888,0,0.3441358024691358,2025-03-04,2025-04-03,30,20.903225806451612,4
c7942fc44892805619480b10b00a1c97,2025-12-02,2025-03-05T05:30:03Z,Mand,1960-08-13,2022-07-14,utm_campaign=Marts25&utm_content=B&utm_medium=content&utm_source=jp.dk,FALSE,TRUE,1,1,0,2025-03-05,2025-05-04,0,0,Andet,kunden ønsker ikke at oplyse,2025-12-04,2025-12-02,272,270–365 dage,65,65+,1,0,0,0,410,160,91,57,0.35625,0.396875,0,1,160,21,91,96,89,0.35625,57,0.396875,0.275,0.5,Computer,0,1,0,0.9896907216494846,0,0,internal,0.06875,0,0.00625,0,0.39375,2025-03-05,2025-04-04,30,7.619047619047619,4
c7bdb7da31ed15bcc2b8dcee4686c508,2025-06-23,2025-03-21T07:44:28Z,Mand,1975-02-03,2025-03-21,utm_campaign=Marts25&utm_content=sc_a&utm_medium=mail&utm_source=mail,FALSE,TRUE,0,0,0,2025-03-21,2025-05-20,0,0,Andet,Ingen årsag – ingen tlf kontakt,2025-06-23,2025-06-23,94,90–180 dage,51,45–54,1,0,0,0,35,10,7,5,0.5,0.425,1,0,10,5,7,7,6,0.5,5,0.425,0.2,0.5,Mobile,1,1,0,0,0,0.2857142857142857,unknown,0.4,0,0,0,0.3,2025-03-21,2025-04-12,22,2,3
c7e1c5854a5498b853ccece74c497065,2025-04-01,2025-03-21T08:00:45Z,Kvinde,1940-08-30,2018-05-02,utm_campaign=Marts25&utm_content=sc_a&utm_medium=mail&utm_source=mail,FALSE,TRUE,3,2,0,2025-03-21,2025-05-20,3,3,Andet,Ingen årsag – ingen tlf kontakt,2025-05-20,2025-04-01,11,0–30 dage,85,65+,0,0,0,0,451,966,557,410,0.4244306418219462,0.6040372670807453,0,1,966,31,557,735,554,0.4244306418219462,410,0.6040372670807453,0.5486542443064182,0.33436853002070394,Computer,0,1,0.2502768549280177,0.7486157253599114,0,0,internal,0.13561076604554864,0,0.0082815734989648,0,0.2370600414078675,2025-03-21,2025-04-20,30,31.161290322580644,1
c7ebffd40754673a2cbfb814685a9e7c,2025-04-22,2025-03-22T03:07:59Z,Mand,1960-06-15,2012-06-29,utm_campaign=Marts25&utm_content=sc_b&utm_medium=mail&utm_source=mail,FALSE,TRUE,4,2,1,2025-03-22,2025-05-21,0,0,Tid,Ikke tid,2025-05-21,2025-04-22,31,30–90 dage,65,65+,0,0,0,0,714,122,55,33,0.27049180327868855,0.41188524590163933,0.040983606557377046,0.9590163934426229,122,16,55,70,51,0.27049180327868855,33,0.4118852459016394,0.29508196721311475,0.4918032786885246,Computer,0,2,0.00833333333333333,0.9666666666666668,0,0,internal,0.07377049180327869,0,0,0,0.3606557377049181,2025-03-22,2025-04-21,30,7.625,1
c7f097b9d706357319d402a81ecafe61,2025-03-18,2025-03-05T15:47:50Z,Kvinde,1995-11-23,2021-01-25,utm_campaign=Basis_22&utm_content=HeaderButtonRaised&utm_medium=Matrice&utm_source=jp.dk,FALSE,FALSE,0,0,0,2025-03-05,2025-05-04,0,0,Tid,Ikke tid,2025-05-04,2025-03-18,13,0–30 dage,30,25–34,0,0,0,0,1,121,55,32,0.2644628099173554,0.31611570247933884,0,1,121,8,55,63,49,0.2644628099173554,32,0.31611570247933884,0.23140495867768596,0.5537190082644629,Computer,0,1,0.00952380952380952,0.9428571428571428,0,0.0380952380952381,internal,0.06611570247933884,0,0,0,0.10743801652892562,2025-03-05,2025-04-03,29,15.125,3
c81237e08e7023521f2b624d5c18fcf9,2025-04-05,2025-03-05T13:13:05Z,Kvinde,1951-11-03,2013-03-12,utm_campaign=Marts25&utm_content=a&utm_medium=mail&utm_source=mail,TRUE,TRUE,7,4,3,2025-03-05,2025-05-04,0,0,Andet,kunden ønsker ikke at oplyse,2025-05-04,2025-04-05,31,30–90 dage,74,65+,0,0,0,0,793,4,4,2,0.5,0.6875,1,0,4,2,4,4,4,0.5,2,0.6875,0.5,0.25,Mobile,1,1,0,0.25,0,0.25,unknown,0,0,0,0,0,2025-03-08,2025-03-10,2,2,1
c8773ba99e238fcc3e6354b094c054dc,2025-03-28,2025-03-15T08:42:02Z,Mand,1964-05-23,2019-09-14,utm_campaign=Marts25&utm_content=A&utm_medium=content&utm_source=jp.dk,FALSE,FALSE,0,0,0,2025-03-15,2025-05-14,0,0,Produkt,Redaktionelt indhold / holdning,2025-05-14,2025-03-28,13,0–30 dage,61,55–64,0,0,0,0,1,152,119,71,0.46710526315789475,0.59375,0,0,152,28,119,130,116,0.46710526315789475,71,0.59375,0.45394736842105265,0.25,Tablet,0,1,0,0.6258503401360545,0,0,internal,0.21052631578947367,0,0,0,0.125,2025-03-15,2025-04-14,30,5.428571428571429,1
c87f05ad95f5f762ee2991ac45685fac,2025-03-31,2025-03-10T08:01:25Z,Mand,1948-10-01,2014-08-10,utm_campaign=Basis_22&utm_content=MegaMenu&utm_medium=Matrice&utm_source=jp.dk,FALSE,TRUE,22,8,10,2025-03-10,2025-05-09,4,4,Tid,Ikke tid,2025-05-09,2025-03-31,21,0–30 dage,77,65+,0,0,0,0,1582,300,170,91,0.30333333333333334,0.3775,0.05333333333333334,0.9466666666666667,300,31,170,177,168,0.30333333333333334,91,0.3775,0.24,0.48,Computer,0,2,0.03296703296703297,0.9285714285714286,0,0,internal,0.10666666666666667,0,0.01666666666666666,0,0.4066666666666667,2025-03-10,2025-04-09,30,9.67741935483871,1
c8d04ab60d4ddf7d658eddd388e537dc,2025-11-24,2025-03-14T07:52:01Z,Mand,2024-12-31,2021-10-28,utm_campaign=Marts25&utm_content=A&utm_medium=content&utm_source=jp.dk,FALSE,TRUE,2,1,1,2025-03-14,2025-05-13,0,0,Andet,Ingen årsag – ingen tlf kontakt,2025-11-23,2025-11-24,255,180–270 dage,1,18–24,1,0,0,0,291,225,142,90,0.4,0.55,0,1,225,13,142,149,131,0.4,90,0.55,0.5022222222222222,0.4088888888888889,Computer,0,1,0,0.9895287958115184,0,0,internal,0.10666666666666667,0,0.32,0,0.06222222222222222,2025-03-14,2025-04-13,30,17.307692307692307,4
c8e4a23b9e979430d588440ed4f70da7,2025-05-02,2025-03-07T23:33:13Z,Mand,1964-06-19,2014-05-03,utm_campaign=Marts25&utm_content=a&utm_medium=mail&utm_source=mail,FALSE,FALSE,10,5,3,2025-03-07,2025-05-06,0,0,Økonomi,Pris,2025-05-06,2025-05-02,56,30–90 dage,61,55–64,0,0,0,0,1306,121,48,37,0.30578512396694213,0.3037190082644628,0.8099173553719008,0.18181818181818182,121,24,48,58,46,0.30578512396694213,37,0.3037190082644628,0.18181818181818185,0.6115702479338843,Mobile,1,3,0,0.9661016949152542,0,0,internal,0.14049586776859505,0,0.00826446280991735,0,0.512396694214876,2025-03-07,2025-04-06,30,5.041666666666667,1
c9642c7e6b729027c298084251edfec2,2025-03-23,2025-03-23T18:42:12Z,Mand,1987-10-04,2015-10-14,utm_campaign=Marts25&utm_content=sc_b&utm_medium=mail&utm_source=mail,TRUE,TRUE,0,0,0,2025-03-23,2025-05-22,1,1,Andet,kunden ønsker ikke at oplyse,2025-05-22,2025-03-23,0,0–30 dage,38,35–44,0,1,0,0,1,31,17,9,0.2903225806451613,0.3225806451612903,0.7419354838709677,0.25806451612903225,31,8,17,16,15,0.2903225806451613,9,0.3225806451612903,0.1935483870967742,0.5806451612903226,Mobile,1,2,0,0.3870967741935484,0,0.1935483870967742,unknown,0.12903225806451613,0,0,0,0.3870967741935484,2025-03-23,2025-04-07,15,3.875,2
c9c0ee891e75d4768f4cacb8d505a47b,2025-10-31,2025-03-11T08:25:13Z,Mand,1955-12-07,2024-10-07,utm_campaign=Basis_22&utm_content=HeaderButtonRaised&utm_medium=Matrice&utm_source=jp.dk,TRUE,TRUE,1,1,0,2025-03-11,2025-05-10,0,2,Produkt,Redaktionelt indhold / holdning,2025-11-10,2025-10-31,234,180–270 dage,70,65+,1,0,0,0,318,59,28,18,0.3050847457627119,0.3432203389830508,1,0,59,15,28,31,25,0.3050847457627119,18,0.3432203389830508,0.1864406779661017,0.5254237288135594,Mobile,1,1,0,0.9761904761904762,0,0,internal,0.0847457627118644,0,0,0,0.11864406779661016,2025-03-12,2025-04-10,29,3.933333333333333,3
c9e12beabccbe760eb991404a1a6d8a8,2025-05-23,2025-03-12T04:17:00Z,Mand,1946-02-05,2013-12-12,utm_campaign=Marts25&utm_content=B&utm_medium=content&utm_source=jp.dk,FALSE,FALSE,0,0,0,2025-03-12,2025-05-11,0,0,Tid,Ikke tid,2025-06-11,2025-05-23,72,30–90 dage,80,65+,1,0,0,0,32,346,222,130,0.37572254335260113,0.4328034682080925,1,0,346,27,222,243,209,0.37572254335260113,130,0.4328034682080925,0.3063583815028902,0.430635838150289,Mobile,1,1,0.1016949152542373,0.8983050847457628,0,0,internal,0.12427745664739884,0,0.13005780346820808,0,0.1676300578034682,2025-03-12,2025-04-11,30,12.814814814814817,4
c9f9144d6d7f9feea4a3f7b8508c7512,2025-04-18,2025-03-22T07:25:32Z,Mand,1983-01-09,2024-07-10,utm_campaign=Marts25&utm_content=A&utm_medium=content&utm_source=jp.dk,FALSE,FALSE,1,1,0,2025-03-22,2025-05-21,0,0,Produkt,Anden avis/produkt,2025-05-21,2025-04-18,27,0–30 dage,43,35–44,0,0,0,0,63,449,211,156,0.34743875278396436,0.29565701559020047,1,0,449,29,211,265,205,0.34743875278396436,156,0.29565701559020047,0.1870824053452116,0.579064587973274,Mobile,1,1,0,1,0,0,internal,0.1202672605790646,0,0,0,0.26057906458797325,2025-03-23,2025-04-21,29,15.482758620689657,2
cb06350478e8e8b0fda136751593b4ea,2025-12-02,2025-03-05T17:15:36Z,Mand,1966-06-17,2018-05-02,utm_campaign=Marts25&utm_content=a&utm_medium=mail&utm_source=mail,FALSE,TRUE,1,0,1,2025-03-05,2025-05-04,0,0,Økonomi,Pris,2025-12-04,2025-12-02,272,270–365 dage,59,55–64,1,0,0,0,222,166,73,41,0.2469879518072289,0.3569277108433735,0,1,166,29,73,73,70,0.2469879518072289,41,0.3569277108433735,0.30120481927710846,0.5783132530120482,Computer,0,1,0.43884892086330934,0.5467625899280576,0,0,internal,0.07228915662650602,0,0,0,0.5301204819277109,2025-03-05,2025-04-04,30,5.724137931034483,4
cb1999f44040d75a589b9677b11ab6dd,2025-09-09,2025-03-06T18:37:34Z,Mand,1982-08-23,2015-04-25,utm_campaign=Basis_22&utm_content=HeaderButtonRaised&utm_medium=Matrice&utm_source=jp.dk,FALSE,FALSE,5,4,0,2025-03-06,2025-05-05,0,0,Andet,kunden ønsker ikke at oplyse,2025-10-05,2025-09-09,187,180–270 dage,43,35–44,1,0,0,0,427,324,161,102,0.3148148148148148,0.28703703703703703,0.033950617283950615,0.9660493827160493,324,22,161,174,155,0.3148148148148148,102,0.28703703703703703,0.16358024691358025,0.5555555555555556,Computer,0,2,0.04878048780487805,0.9065040650406504,0,0,internal,0.08024691358024691,0,0.00617283950617283,0,0.35185185185185186,2025-03-06,2025-04-05,30,14.727272727272728,4
cb92ae67bee72e40d07beb9773352800,2025-10-16,2025-03-16T16:29:16Z,Mand,1959-03-30,2014-12-24,utm_campaign=Marts25&utm_content=6657291290052&utm_medium=fb_matrice&utm_source=some&utm_term=6657291290252,FALSE,FALSE,0,0,0,2025-03-16,2025-05-15,0,0,Økonomi,Pris,2025-11-15,2025-10-16,214,180–270 dage,67,65+,1,0,0,0,185,434,200,118,0.271889400921659,0.21831797235023043,0,1,434,29,200,204,193,0.271889400921659,118,0.21831797235023043,0.08986175115207373,0.6152073732718893,Computer,0,1,0,0.978021978021978,0,0.01465201465201465,internal,0.12442396313364056,0,0.0184331797235023,0,0.5092165898617511,2025-03-16,2025-04-15,30,14.96551724137931,4
cbbccaff1980a9afe74cf3b70a7d61da,2025-03-21,2025-03-05T15:21:05Z,Mand,1961-06-06,2013-01-19,utm_campaign=Marts25&utm_content=b&utm_medium=mail&utm_source=mail,TRUE,FALSE,2,2,0,2025-03-05,2025-05-04,0,0,Produkt,Redaktionelt indhold / holdning,2025-05-04,2025-03-21,16,0–30 dage,64,55–64,0,0,0,0,275,882,339,214,0.24263038548752835,0.2950680272108844,0.9195011337868481,0.08049886621315193,882,31,339,387,325,0.24263038548752835,214,0.2950680272108844,0.21315192743764172,0.6326530612244898,Mobile,1,2,0.00699300699300699,0.972027972027972,0,0,internal,0.06575963718820861,0,0.03854875283446712,0,0.10090702947845805,2025-03-05,2025-04-04,30,28.451612903225808,2
cbd25d5f4fe90834708bb6e362dd71ff,2025-03-04,2025-03-04T12:34:29Z,Kvinde,1993-03-08,2019-07-29,utm_campaign=Marts25&utm_content=A&utm_medium=content&utm_source=jp.dk,FALSE,FALSE,0,0,0,2025-03-04,2025-05-03,0,0,Andet,kunden ønsker ikke at oplyse,2025-05-03,2025-03-04,0,0–30 dage,33,25–34,0,1,0,0,1,1,1,0,0,1,1,0,1,1,1,1,1,0,0,1,1,0,Mobile,1,1,0,0,0,0,unknown,0,0,0,0,0,2025-03-04,2025-03-04,0,1,2
cc8295dd665a1de96fe1d20e1bcc6831,2025-03-14,2025-03-09T08:39:23Z,Kvinde,1975-05-20,2020-08-12,utm_campaign=Marts25&utm_content=A&utm_medium=content&utm_source=jp.dk,FALSE,FALSE,2,1,1,2025-03-09,2025-05-08,0,0,Tid,Ikke tid,2025-05-08,2025-03-14,5,0–30 dage,50,45–54,0,0,0,0,443,20,12,8,0.4,0.325,1,0,20,1,12,14,11,0.4,8,0.325,0.2,0.55,Mobile,1,1,0,0.7,0,0,internal,0.1,0,0,0,0.3,2025-03-09,2025-03-09,0,20,1
cceb3290f938f15918c8cf27dd2ff945,2025-05-12,2025-03-14T09:52:50Z,Mand,1966-07-12,2025-03-14,utm_campaign=Basis_22&utm_content=HeaderButtonRaised&utm_medium=Matrice&utm_source=jp.dk,TRUE,TRUE,0,0,0,2025-03-14,2025-05-13,0,0,Tid,Ikke tid,2025-05-13,2025-05-12,59,30–90 dage,59,55–64,0,0,0,0,1,3,1,0,0,0,1,0,3,1,1,0,0,0,0,0,0,1,Mobile,1,1,0,0.6666666666666666,0,0,internal,0,0,0,0,1,2025-03-14,2025-03-14,0,3,4
cd228c9e541eb4614990045843f581f2,2025-04-21,2025-03-15T13:06:55Z,Mand,1977-06-19,2025-03-15,utm_campaign=Marts25&utm_content=B&utm_medium=content&utm_source=jp.dk,FALSE,FALSE,0,0,0,2025-03-15,2025-05-14,0,0,Produkt,Anden avis/produkt,2025-05-14,2025-04-21,37,30–90 dage,48,45–54,0,0,0,0,1,22,8,9,0.4090909090909091,0.4318181818181818,0,1,22,6,8,16,7,0.4090909090909091,9,0.4318181818181818,0.2727272727272727,0.5,Computer,0,1,0.07142857142857142,0.7142857142857143,0,0,internal,0.4545454545454546,0,0,0,0.2727272727272727,2025-03-15,2025-03-30,15,3.6666666666666665,1
cd59224fcfcc404981604bd2c95ed713,2025-06-08,2025-03-21T07:31:07Z,Mand,1949-12-26,2019-03-27,utm_campaign=Marts25&utm_content=sc_a&utm_medium=mail&utm_source=mail,TRUE,TRUE,4,2,1,2025-03-21,2025-05-20,1,2,Andet,kunden ønsker ikke at oplyse,2025-06-20,2025-06-08,79,30–90 dage,76,65+,1,0,0,0,445,105,71,43,0.4095238095238095,0.5547619047619048,0.9333333333333333,0.06666666666666667,105,21,71,80,67,0.4095238095238095,43,0.5547619047619048,0.4476190476190477,0.34285714285714286,Mobile,1,2,0.225,0.7375,0,0,internal,0.0380952380952381,0,0.00952380952380952,0,0.1904761904761905,2025-03-21,2025-04-20,30,5,4
cd6c3e6398909fdb7208c8a41682afec,2025-05-04,2025-03-12T11:55:25Z,Mand,1998-08-02,2025-03-12,utm_campaign=Marts25&utm_content=A&utm_medium=content&utm_source=jp.dk,FALSE,FALSE,0,0,0,2025-03-12,2025-05-11,0,0,Produkt,Redaktionelt indhold / holdning,2025-05-11,2025-05-04,53,30–90 dage,27,25–34,0,0,0,0,34,34,14,11,0.3235294117647059,0.2647058823529412,0.5882352941176471,0.35294117647058826,34,8,14,14,12,0.3235294117647059,11,0.2647058823529412,0.2058823529411765,0.6470588235294118,Mobile,1,3,0,0.75,0,0,internal,0,0,0,0,0.14705882352941177,2025-03-16,2025-04-11,26,4.25,1
cde126123f199937279bcad3d9e01720,2025-06-16,2025-03-05T16:28:12Z,Mand,1950-04-03,2015-03-14,utm_campaign=Marts25&utm_content=b&utm_medium=mail&utm_source=mail,FALSE,TRUE,2,2,1,2025-03-05,2025-05-04,4,4,Andet,Ingen årsag – ingen tlf kontakt,2025-07-04,2025-06-16,103,90–180 dage,76,65+,1,0,0,0,286,97,72,58,0.5979381443298969,0.5541237113402062,1,0,97,21,72,97,72,0.5979381443298969,58,0.5541237113402062,0.35051546391752575,0.28865979381443296,Mobile,1,1,0,0.9411764705882352,0,0,internal,0.17525773195876287,0,0.2268041237113402,0,0,2025-03-06,2025-04-04,29,4.619047619047619,4
cdf4b5845abcee42684fc103bcc62634,2025-04-21,2025-03-22T09:30:18Z,Mand,1961-06-18,2020-01-03,utm_campaign=Marts25&utm_content=sc_a&utm_medium=mail&utm_source=mail,FALSE,TRUE,0,0,0,2025-03-22,2025-05-21,0,0,Tid,Ikke tid,2025-05-21,2025-04-21,30,30–90 dage,64,55–64,0,0,0,0,1,540,254,155,0.28703703703703703,0.325,0.8981481481481481,0.10185185185185185,540,31,254,272,231,0.28703703703703703,155,0.325,0.2351851851851852,0.5777777777777777,Mobile,1,2,0.3828996282527881,0.6003717472118959,0,0,internal,0.07962962962962963,0,0.07407407407407407,0,0.3944444444444444,2025-03-22,2025-04-21,30,17.419354838709676,1
cdfd2a89babf1b6e989ff43bdd144c3d,2025-03-20,2025-03-20T02:21:25Z,Kvinde,1991-02-27,2023-02-26,utm_campaign=Marts25&utm_content=A&utm_medium=content&utm_source=jp.dk,FALSE,FALSE,0,0,0,2025-03-20,2025-05-19,0,0,Økonomi,Pris,2025-05-19,2025-03-20,0,0–30 dage,35,35–44,0,1,0,0,1,2,2,2,1,1,1,0,2,1,2,2,2,1,2,1,1,0,Mobile,1,1,0,0,0,0,unknown,0,0,0,0,0,2025-03-20,2025-03-20,0,2,2
cec3fe960d60daafddc79bce70bdb365,2025-04-25,2025-03-08T14:34:35Z,Mand,1968-08-04,2014-04-08,utm_campaign=Marts25&utm_content=a&utm_medium=mail&utm_source=mail,FALSE,TRUE,11,4,7,2025-03-08,2025-05-07,1,1,Økonomi,Pris,2025-05-07,2025-04-25,48,30–90 dage,57,55–64,0,0,0,0,1717,40,22,15,0.375,0.41875,0,1,40,10,22,25,21,0.375,15,0.41875,0.25,0.45,Computer,0,1,0,0.9615384615384616,0,0,internal,0.05,0,0,0,0.375,2025-03-08,2025-04-03,26,4,1
cef8c111e1a6a010e5e1a9801e09a2e0,2025-04-18,2025-03-20T21:22:09Z,Mand,1983-01-24,2025-03-20,utm_campaign=Marts25&utm_content=B&utm_medium=content&utm_source=jp.dk,FALSE,FALSE,0,0,0,2025-03-20,2025-05-19,0,0,Økonomi,Pris,2025-05-19,2025-04-18,29,0–30 dage,43,35–44,0,0,0,0,1,12,5,4,0.3333333333333333,0.25,0.75,0.25,12,6,5,5,2,0.3333333333333333,4,0.25,0.25,0.75,Mobile,1,2,0.2,0.5,0,0,internal,0,0,0,0,0.4166666666666667,2025-03-20,2025-04-18,29,2,2
cf78ae59afd3ba595b9bbe3634e8861a,2025-05-28,2025-03-23T15:40:56Z,Mand,1954-07-31,2018-12-14,utm_campaign=Marts25&utm_content=A&utm_medium=content&utm_source=jp.dk,FALSE,TRUE,0,0,0,2025-03-23,2025-05-22,3,3,Tid,Ikke tid,2025-06-22,2025-05-28,66,30–90 dage,71,65+,1,0,0,1,211,72,55,37,0.5138888888888888,0.6458333333333334,0,0.7361111111111112,72,14,55,72,55,0.5138888888888888,37,0.6458333333333334,0.3611111111111111,0.08333333333333333,Computer,0,2,0,0.75,0,0.08333333333333333,internal,0.3055555555555556,0,0,0,0,2025-03-29,2025-04-22,24,5.142857142857143,4
cf9bb6c697c20d5eb0942feb43cd07b3,2025-05-28,2025-03-21T07:14:53Z,Mand,1948-04-14,2012-03-29,utm_campaign=Marts25&utm_content=sc_a&utm_medium=mail&utm_source=mail,TRUE,TRUE,11,7,6,2025-03-21,2025-05-20,5,5,Tid,Ikke tid,2025-06-20,2025-05-28,68,30–90 dage,78,65+,1,0,0,1,722,163,89,57,0.3496932515337423,0.3205521472392638,0.012269938650306749,0.9877300613496932,163,28,89,92,88,0.3496932515337423,57,0.3205521472392638,0.15337423312883436,0.50920245398773,Computer,0,2,0.02898550724637681,0.8840579710144928,0,0.04347826086956521,internal,0.0920245398773006,0,0.00613496932515337,0,0.4355828220858895,2025-03-21,2025-04-20,30,5.821428571428571,4
cfb0f260bbd8b345ebb474ee8b3a31c3,2025-05-22,2025-03-19T11:21:07Z,Mand,1963-01-28,2018-11-18,utm_campaign=Marts25&utm_content=B&utm_medium=content&utm_source=jp.dk,FALSE,FALSE,1,1,0,2025-03-19,2025-05-18,0,0,Tid,Ikke tid,2025-06-18,2025-05-22,64,30–90 dage,63,55–64,1,0,0,1,124,60,50,34,0.5666666666666667,0.6833333333333333,0.25,0.75,60,12,50,52,48,0.5666666666666667,34,0.6833333333333333,0.5833333333333334,0.25,Computer,0,2,0,0.7358490566037735,0.1509433962264151,0.05660377358490566,internal,0.2,0,0,0,0.11666666666666668,2025-03-19,2025-04-16,28,5,4
cfb989d2b0e7704212c88903976a770b,2025-03-30,2025-03-23T09:22:33Z,Mand,1949-07-19,2021-08-28,utm_campaign=Marts25&utm_content=sc_b&utm_medium=mail&utm_source=mail,FALSE,TRUE,13,7,7,2025-03-23,2025-05-22,0,0,Tid,Ikke tid,2025-05-22,2025-03-30,7,0–30 dage,76,65+,0,0,0,0,938,19,12,3,0.15789473684210525,0.27631578947368424,1,0,19,7,12,9,8,0.15789473684210523,3,0.27631578947368424,0.10526315789473684,0.5263157894736842,Mobile,1,1,0.07142857142857142,0.5714285714285714,0,0,internal,0,0,0.05263157894736842,0,0.3157894736842105,2025-03-23,2025-04-20,28,2.7142857142857144,2
cfca42b67f889953733a6032ae4143d1,2025-06-24,2025-03-22T03:54:08Z,Mand,1957-03-18,2013-12-26,utm_campaign=Marts25&utm_content=sc_a&utm_medium=mail&utm_source=mail,FALSE,TRUE,8,6,3,2025-03-22,2025-05-21,4,4,Tid,Ikke tid,2025-07-21,2025-06-24,94,90–180 dage,69,65+,1,0,0,0,521,28,25,16,0.5714285714285714,0.625,1,0,28,10,25,27,24,0.5714285714285714,16,0.625,0.4642857142857143,0.14285714285714285,Mobile,1,1,0,1,0,0,internal,0.14285714285714285,0,0,0,0.03571428571428571,2025-04-06,2025-04-21,15,2.8,4
cfda831591d317b78cb24f401d7fe1b4,2025-04-15,2025-03-05T11:53:05Z,Mand,1961-08-18,2018-11-24,utm_campaign=Marts25&utm_content=A&utm_medium=content&utm_source=jp.dk,FALSE,FALSE,0,0,0,2025-03-05,2025-05-04,0,0,Produkt,Redaktionelt indhold / holdning,2025-05-04,2025-04-15,41,30–90 dage,64,55–64,0,0,0,0,1,737,249,183,0.24830393487109906,0.17062415196743555,0,1,737,31,249,308,247,0.24830393487109903,183,0.17062415196743555,0.08819538670284939,0.6770691994572592,Computer,0,1,0.0059880239520958,0.9910179640718564,0,0,internal,0.20081411126187249,0,0.01085481682496607,0,0.5454545454545454,2025-03-05,2025-04-04,30,23.774193548387096,1
d0129f09763833b1b2567f8c7d2be980,2025-03-23,2025-03-23T12:38:03Z,Mand,1962-09-13,2014-06-09,utm_campaign=S%C3%B8ndag&utm_content=2025-03-23&utm_medium=email&utm_source=jp,FALSE,TRUE,2,2,0,2025-03-23,2025-05-22,10,9,Økonomi,Pris,2025-05-22,2025-03-23,0,0–30 dage,63,55–64,0,1,0,0,450,71,62,36,0.5070422535211268,0.6197183098591549,0.07042253521126761,0.9295774647887324,71,14,62,67,61,0.5070422535211268,36,0.6197183098591549,0.4225352112676056,0.2112676056338028,Computer,0,2,0,0.8636363636363636,0,0,internal,0.18309859154929575,0,0,0,0.05633802816901408,2025-03-23,2025-04-15,23,5.071428571428571,2
d0c4c9f292d80bb95236914f7cc2c39c,2025-03-31,2025-03-22T11:43:22Z,Mand,1954-11-24,2021-12-01,utm_campaign=Marts25&utm_content=sc_b&utm_medium=mail&utm_source=mail,TRUE,TRUE,1,1,1,2025-03-22,2025-05-21,0,0,Tid,Ikke tid,2025-05-21,2025-03-31,9,0–30 dage,71,65+,0,0,0,0,268,87,45,26,0.2988505747126437,0.3333333333333333,0,1,87,9,45,43,37,0.2988505747126437,26,0.3333333333333333,0.22988505747126436,0.5632183908045977,Computer,0,1,0,0.953846153846154,0,0,internal,0.06896551724137931,0,0.05747126436781609,0,0.3103448275862069,2025-03-22,2025-04-21,30,9.666666666666666,2
d0d81b7a741d91ade62ef2055b924416,2025-11-04,2025-03-09T15:22:04Z,Mand,1974-11-14,2022-05-15,utm_campaign=Marts25&utm_content=A&utm_medium=content&utm_source=jp.dk,TRUE,TRUE,5,5,0,2025-03-09,2025-05-08,0,0,Andet,kunden ønsker ikke at oplyse,2025-11-08,2025-11-04,240,180–270 dage,51,45–54,1,0,0,0,1206,700,331,206,0.29428571428571426,0.3275,0.6585714285714286,0.3414285714285714,700,31,331,358,321,0.29428571428571426,206,0.3275,0.19428571428571428,0.5571428571428572,Mobile,1,2,0,0.9973333333333332,0,0,internal,0.09,0,0.00857142857142857,0,0.4657142857142857,2025-03-09,2025-04-08,30,22.580645161290324,4
d0e09996630a7a664eb6f1f65c865d5c,2025-08-22,2025-03-21T15:31:16Z,Mand,1961-05-06,2024-12-08,utm_campaign=Marts25&utm_content=sc_b&utm_medium=mail&utm_source=mail,TRUE,TRUE,1,1,1,2025-03-21,2025-05-20,0,0,Tid,Ikke tid,2025-09-20,2025-08-22,154,90–180 dage,64,55–64,1,0,0,0,217,3,3,1,0.3333333333333333,0.08333333333333333,0.3333333333333333,0,3,3,3,2,2,0.3333333333333333,1,0.08333333333333333,0,0.6666666666666666,Tablet,0,2,0,1,0,0,internal,0,0,0,0,0.3333333333333333,2025-03-30,2025-04-07,8,1,4
d11308b020d39d9cf932704c9298d801,2025-06-28,2025-03-05T19:55:55Z,Kvinde,1955-04-24,2019-11-05,utm_campaign=Marts25&utm_content=b&utm_medium=mail&utm_source=mail,TRUE,TRUE,3,2,1,2025-03-05,2025-05-04,0,0,Tid,Ikke tid,2025-07-04,2025-06-28,115,90–180 dage,71,65+,1,0,0,0,284,245,100,66,0.2693877551020408,0.2938775510204082,0,1,245,26,100,123,95,0.2693877551020408,66,0.2938775510204082,0.18775510204081633,0.5795918367346938,Computer,0,1,0.34782608695652173,0.6473429951690821,0,0,internal,0.08163265306122448,0,0,0,0.3673469387755102,2025-03-05,2025-04-04,30,9.423076923076923,3
d12a65d3b86ee43619c89e2b0f6211d8,2025-03-19,2025-03-19T06:20:47Z,Mand,1963-11-24,2023-04-10,utm_campaign=Marts25&utm_content=B&utm_medium=content&utm_source=jp.dk,FALSE,FALSE,2,2,0,2025-03-19,2025-05-18,0,0,Andet,kunden ønsker ikke at oplyse,2025-05-18,2025-03-19,0,0–30 dage,62,55–64,0,1,0,0,400,1469,405,292,0.19877467665078286,0.24812797821647378,0.9734513274336283,0.02654867256637168,1469,31,405,499,403,0.19877467665078288,292,0.24812797821647375,0.1872021783526208,0.6902654867256637,Mobile,1,2,0,0.9882943143812708,0,0,internal,0.05718175629680054,0,0.00476514635806671,0,0.6596324029952348,2025-03-19,2025-04-18,30,47.38709677419355,2
d191f386d848be4c5be981c0f8816e01,2025-05-17,2025-03-15T17:33:11Z,Ukendt,1985-02-10,2021-10-09,utm_campaign=Marts25&utm_content=B&utm_medium=content&utm_source=jp.dk,FALSE,FALSE,0,0,0,2025-03-15,2025-05-14,0,0,Produkt,Redaktionelt indhold / holdning,2025-06-14,2025-05-17,63,30–90 dage,41,35–44,1,0,0,1,32,23,16,12,0.5217391304347826,0.32608695652173914,0.9130434782608695,0.08695652173913043,23,9,16,20,15,0.5217391304347826,12,0.32608695652173914,0.21739130434782608,0.4782608695652174,Mobile,1,2,0,0.5,0,0,internal,0.08695652173913043,0,0,0,0.13043478260869565,2025-03-15,2025-04-12,28,2.5555555555555554,3
d2272179aa910b22d9225a1199cf14fa,2025-03-22,2025-03-14T18:48:57Z,Mand,1971-07-16,2013-06-13,utm_campaign=Marts25&utm_content=B&utm_medium=content&utm_source=jp.dk,FALSE,FALSE,0,0,0,2025-03-14,2025-05-13,0,0,Tid,Ikke tid,2025-05-13,2025-03-22,8,0–30 dage,54,45–54,0,0,0,0,1,46,20,10,0.21739130434782608,0.30434782608695654,1,0,46,6,20,22,17,0.21739130434782608,10,0.30434782608695654,0.21739130434782608,0.6521739130434783,Mobile,1,1,0,0.9555555555555556,0,0,internal,0.08695652173913043,0,0.08695652173913043,0,0.43478260869565216,2025-03-14,2025-03-22,8,7.666666666666667,4
d2bedcbfe15ea77c13a13272be47abcc,2025-12-09,2025-03-05T14:02:08Z,Mand,1965-09-22,2023-06-09,utm_campaign=Basis_22&utm_content=HeaderButtonRaised&utm_medium=Matrice&utm_source=jp.dk,FALSE,FALSE,0,0,0,2025-03-05,2025-05-04,0,0,Tid,Ikke tid,2026-01-04,2025-12-09,279,270–365 dage,60,55–64,1,0,0,0,246,18,9,6,0.3333333333333333,0.2916666666666667,0,1,18,2,9,8,6,0.3333333333333333,6,0.2916666666666667,0.1111111111111111,0.5555555555555556,Computer,0,1,0.06666666666666667,0.7333333333333333,0,0,internal,0,0,0,0,0.2222222222222222,2025-03-05,2025-03-11,6,9,4
d2e7df5218a6ff959bf1ab85f1858ce4,2025-03-25,2025-03-23T05:38:47Z,Mand,1960-03-12,2012-12-06,utm_campaign=Marts25&utm_medium=topticker&utm_source=jp.dk,TRUE,TRUE,7,3,4,2025-03-23,2025-05-22,2,2,Økonomi,Pris,2025-05-22,2025-03-25,2,0–30 dage,66,65+,0,1,0,0,826,434,194,127,0.2926267281105991,0.29723502304147464,0.43548387096774194,0.5645161290322581,434,31,194,232,192,0.2926267281105991,127,0.29723502304147464,0.18202764976958524,0.5829493087557603,Computer,0,2,0.00843881856540084,0.9746835443037974,0,0,internal,0.07834101382488479,0,0.00691244239631336,0,0.4608294930875576,2025-03-23,2025-04-22,30,14,2
d318a1f659b2a6ce46d0be0f99cbe2a7,2025-03-13,2025-03-11T13:30:43Z,Kvinde,1973-05-01,2019-12-14,utm_campaign=Marts25&utm_content=A&utm_medium=content&utm_source=jp.dk,FALSE,FALSE,0,0,0,2025-03-11,2025-05-10,0,0,Tid,Ikke tid,2025-05-10,2025-03-13,2,0–30 dage,52,45–54,0,1,0,0,1,31,13,9,0.2903225806451613,0.1693548387096774,0,1,31,4,13,13,11,0.2903225806451613,9,0.1693548387096774,0.06451612903225806,0.7096774193548387,Computer,0,1,0.06896551724137931,0.5862068965517241,0,0,internal,0.0967741935483871,0,0,0,0.4516129032258064,2025-03-11,2025-03-31,20,7.75,2
d35d97da5a4ec305f98763ba7c8a0dfa,2025-05-08,2025-03-16T12:01:45Z,Mand,1943-05-22,2014-12-17,utm_campaign=Marts25&utm_content=b&utm_medium=mail&utm_source=mail,TRUE,TRUE,2,2,0,2025-03-16,2025-05-15,0,0,Produkt,Redaktionelt indhold / holdning,2025-05-15,2025-05-08,53,30–90 dage,82,65+,0,0,0,0,299,243,103,43,0.17695473251028807,0.32098765432098764,0,1,243,31,103,86,85,0.1769547325102881,43,0.32098765432098764,0.2716049382716049,0.6296296296296297,Computer,0,1,0.00546448087431694,0.9781420765027322,0,0,internal,0.09053497942386832,0,0.0823045267489712,0,0.2345679012345679,2025-03-16,2025-04-15,30,7.838709677419355,1
d374ac8a05dd70988c87e7734fff9854,2025-03-20,2025-03-20T07:04:41Z,Mand,1971-09-13,2012-06-06,utm_campaign=Marts25&utm_content=B&utm_medium=content&utm_source=jp.dk,FALSE,TRUE,10,0,10,2025-03-20,2025-05-19,0,0,Andet,kunden ønsker ikke at oplyse,2025-05-19,2025-03-20,0,0–30 dage,54,45–54,0,1,0,0,228,498,193,122,0.24497991967871485,0.27660642570281124,0.15261044176706828,0.8473895582329317,498,25,193,216,189,0.24497991967871485,122,0.27660642570281124,0.19076305220883535,0.6184738955823293,Computer,0,2,0,0.9866071428571428,0,0,internal,0.08835341365461848,0,0.01606425702811245,0,0.5582329317269076,2025-03-20,2025-04-18,29,19.92,2
d37cd1babcd1ecb66465edf82425aa0d,2025-06-03,2025-03-17T10:52:45Z,Mand,1979-03-23,2024-10-30,utm_campaign=Marts25&utm_content=A&utm_medium=content&utm_source=jp.dk,FALSE,FALSE,1,1,0,2025-03-17,2025-05-16,0,0,Andet,kunden ønsker ikke at oplyse,2025-06-16,2025-06-03,78,30–90 dage,47,45–54,1,0,0,0,213,154,78,51,0.33116883116883117,0.41883116883116883,0.8896103896103896,0.11038961038961038,154,17,78,92,76,0.33116883116883117,51,0.4188311688311688,0.33116883116883117,0.4935064935064935,Mobile,1,2,0.01063829787234042,0.9680851063829788,0,0.01063829787234042,internal,0.11038961038961038,0,0.00649350649350649,0,0.38311688311688313,2025-03-17,2025-04-16,30,9.058823529411764,4
d394a1f873177cca6f4d0c3067edf964,2025-03-17,2025-03-17T09:05:33Z,Mand,1992-08-18,2012-06-06,utm_campaign=Marts25&utm_content=A&utm_medium=content&utm_source=jp.dk,FALSE,FALSE,20,11,2,2025-03-17,2025-05-16,0,0,Andet,kunden ønsker ikke at oplyse,2025-05-16,2025-03-17,0,0–30 dage,33,25–34,0,1,0,0,1364,121,67,34,0.2809917355371901,0.3739669421487603,0.17355371900826447,0.8264462809917356,121,22,67,68,66,0.2809917355371901,34,0.3739669421487603,0.30578512396694213,0.5371900826446281,Computer,0,2,0.01538461538461538,0.7384615384615385,0,0.2153846153846154,internal,0.14049586776859505,0,0,0,0.4380165289256198,2025-03-17,2025-04-14,28,5.5,2
d39d2ba1e1aaae6b07ef60d8e46b63b2,2025-05-20,2025-03-20T16:29:13Z,Kvinde,1968-04-07,2016-05-17,utm_campaign=Basis_22&utm_content=HeaderButtonRaised&utm_medium=Matrice&utm_source=jp.dk,TRUE,TRUE,1,1,0,2025-03-20,2025-05-19,0,0,Andet,kunden ønsker ikke at oplyse,2025-06-19,2025-05-20,61,30–90 dage,58,55–64,1,0,0,1,124,154,61,40,0.2597402597402597,0.2792207792207792,1,0,154,11,61,63,57,0.2597402597402597,40,0.2792207792207792,0.1948051948051948,0.6428571428571429,Mobile,1,1,0.04411764705882353,0.9411764705882352,0,0,internal,0.09090909090909093,0,0,0,0.551948051948052,2025-03-20,2025-03-30,10,14,4
d3b4f98b469e7b1bbf56522e703cc9b5,2025-03-24,2025-03-14T08:47:44Z,Mand,1974-05-26,2025-03-14,utm_campaign=Marts25&utm_content=A&utm_medium=content&utm_source=jp.dk,FALSE,FALSE,0,0,0,2025-03-14,2025-05-13,0,0,Produkt,Redaktionelt indhold / holdning,2025-05-13,2025-03-24,10,0–30 dage,51,45–54,0,0,0,0,1,77,27,17,0.22077922077922077,0.2564935064935065,1,0,77,11,27,26,26,0.22077922077922077,17,0.2564935064935065,0.1948051948051948,0.7012987012987013,Mobile,1,1,0,0.8571428571428571,0,0,internal,0.05194805194805195,0,0,0,0.6623376623376623,2025-03-14,2025-03-25,11,7,4
d3bbd78fc08ccc5abd12a2162dd5633e,2025-03-15,2025-03-15T15:38:09Z,Kvinde,1976-01-18,2025-03-15,utm_campaign=Marts25&utm_content=A&utm_medium=content&utm_source=jp.dk,FALSE,FALSE,0,0,0,2025-03-15,2025-05-14,0,0,Produkt,Redaktionelt indhold / holdning,2025-05-14,2025-03-15,0,0–30 dage,50,45–54,0,1,0,0,1,17,7,10,0.5882352941176471,0.5147058823529411,0.9411764705882353,0.058823529411764705,17,3,7,12,6,0.5882352941176471,10,0.5147058823529411,0.4705882352941176,0.4705882352941176,Mobile,1,2,0,0.8333333333333334,0,0,internal,0.35294117647058826,0,0,0,0.29411764705882354,2025-03-15,2025-03-27,12,5.666666666666667,2
d3e856f907af085350d630bbc69958cf,2026-03-10,2025-03-10T10:25:48Z,Mand,1996-04-30,2013-01-25,utm_campaign=Marts25&utm_content=A&utm_medium=content&utm_source=jp.dk,FALSE,FALSE,0,0,0,2025-03-10,2025-05-09,0,0,Tid,Ikke tid,2026-04-09,2026-03-10,365,365+ dage,29,25–34,1,0,0,0,323,19,15,7,0.3684210526315789,0.5526315789473685,0,1,19,1,15,15,12,0.3684210526315789,7,0.5526315789473685,0.42105263157894735,0.3684210526315789,Computer,0,1,0.05263157894736842,0.8947368421052632,0,0,internal,0.15789473684210523,0,0,0,0.10526315789473684,2025-03-10,2025-03-10,0,19,3
d416ff413d4769eebbe4baabe7e4675a,2025-03-20,2025-03-19T04:51:02Z,Kvinde,1963-01-05,2013-05-21,utm_campaign=Basis_22&utm_content=HeaderButtonRaised&utm_medium=Matrice&utm_source=jp.dk,FALSE,FALSE,0,0,0,2025-03-19,2025-05-18,0,0,Økonomi,Pris,2025-05-18,2025-03-20,1,0–30 dage,63,55–64,0,1,0,0,1,166,80,63,0.3795180722891566,0.3207831325301205,0,1,166,23,80,112,78,0.3795180722891566,63,0.3207831325301205,0.2349397590361446,0.5542168674698795,Computer,0,1,0.05691056910569105,0.8943089430894309,0,0,internal,0.1686746987951807,0,0,0,0.3192771084337349,2025-03-19,2025-04-18,30,7.217391304347826,1
d4320c5fea0b44bca81af504ba1f9b7b,2025-03-04,2025-03-04T08:02:15Z,Mand,1986-02-24,2025-03-04,utm_campaign=Marts25&utm_content=A&utm_medium=content&utm_source=jp.dk,FALSE,FALSE,0,0,0,2025-03-04,2025-05-03,0,0,Produkt,Redaktionelt indhold / holdning,2025-05-03,2025-03-04,0,0–30 dage,40,35–44,0,1,0,0,1,2,2,1,0.5,0.5,0,1,2,1,2,0,0,0.5,1,0.5,0.5,0.5,Computer,0,1,0,0,0,0,unknown,0,0,0,0,0.5,2025-03-04,2025-03-04,0,2,2
d434ebf14da785b30d1a825afafc7b71,2025-03-08,2025-03-08T05:14:33Z,Mand,1978-03-18,2022-04-08,utm_campaign=Marts25&utm_content=B&utm_medium=content&utm_source=jp.dk,FALSE,FALSE,13,13,0,2025-03-08,2025-05-07,0,0,Økonomi,Pris,2025-05-07,2025-03-08,0,0–30 dage,48,45–54,0,1,0,0,1355,511,130,85,0.16634050880626222,0.1815068493150685,0.9823874755381604,0.01761252446183953,511,31,130,138,127,0.16634050880626222,85,0.1815068493150685,0.13111545988258316,0.7827788649706457,Mobile,1,2,0,0.9929078014184396,0,0,internal,0.0410958904109589,0,0.01565557729941291,0,0.726027397260274,2025-03-08,2025-04-07,30,16.483870967741936,2
d4a474d23bf644364f87a33c55b0e0c1,2025-04-14,2025-03-17T15:46:38Z,Mand,1946-03-19,2020-11-23,utm_campaign=Marts25&utm_content=A&utm_medium=content&utm_source=jp.dk,TRUE,FALSE,12,9,5,2025-03-17,2025-05-16,4,3,Andet,kunden ønsker ikke at oplyse,2025-05-16,2025-04-14,28,0–30 dage,80,65+,0,0,0,0,374,282,147,76,0.2695035460992908,0.3829787234042553,0,0.9468085106382979,282,31,147,149,139,0.2695035460992908,76,0.3829787234042553,0.28368794326241137,0.5106382978723404,Computer,0,2,0.00662251655629139,0.9602649006622516,0,0,internal,0.08865248226950355,0,0.01418439716312056,0,0.4290780141843972,2025-03-17,2025-04-16,30,9.096774193548388,1
d58d431c768aa802457db2134c04e7fa,2026-01-04,2025-03-03T19:51:02Z,Kvinde,1958-10-06,2023-08-15,utm_campaign=Marts25&utm_content=B&utm_medium=content&utm_source=jp.dk,FALSE,FALSE,0,0,0,2025-03-03,2025-05-02,0,0,Andet,Ingen årsag – ingen tlf kontakt,2026-01-03,2026-01-04,307,270–365 dage,67,65+,1,0,0,0,247,50,13,6,0.12,0.175,0,1,50,17,13,11,10,0.12,6,0.175,0.16,0.8,Computer,0,1,0,0.9565217391304348,0,0,internal,0,0,0,0,0.74,2025-03-03,2025-04-02,30,2.9411764705882355,4
d5fd2cb43a6429a01f2dc22b184df8e7,2025-04-20,2025-03-03T18:22:06Z,Mand,1979-01-11,2025-03-03,utm_campaign=Basis_22&utm_content=HeaderButtonRaised&utm_medium=Matrice&utm_source=jp.dk,FALSE,FALSE,0,0,0,2025-03-03,2025-05-02,0,0,Tid,Ikke tid,2025-05-02,2025-04-20,48,30–90 dage,47,45–54,0,0,0,0,1,5,4,1,0.2,0.35,1,0,5,2,4,3,3,0.2,1,0.35,0.2,0.4,Mobile,1,1,0,0,0,0,unknown,0,0,0,0,0.4,2025-03-03,2025-04-01,29,2.5,3
d61fc621115dad0ac2ed28f0b855bd11,2025-06-01,2025-03-21T12:21:43Z,Mand,1957-05-26,2012-03-17,utm_campaign=Marts25&utm_content=sc_b&utm_medium=mail&utm_source=mail,TRUE,TRUE,7,4,3,2025-03-21,2025-05-20,0,0,Tid,Ikke tid,2025-06-20,2025-06-01,72,30–90 dage,68,65+,1,0,0,0,738,18,14,9,0.5,0.3333333333333333,0,1,18,2,14,11,10,0.5,9,0.3333333333333333,0.16666666666666666,0.4444444444444444,Computer,0,1,0,0.9375,0,0,internal,0.05555555555555555,0,0,0,0.1111111111111111,2025-03-21,2025-03-22,1,9,4
d6b04f2cfd26bfcddd84203818a8ddde,2025-05-04,2025-03-06T09:21:47Z,Mand,1967-05-23,2023-06-28,utm_campaign=Marts25&utm_content=B&utm_medium=content&utm_source=jp.dk,FALSE,TRUE,0,0,0,2025-03-06,2025-05-05,0,0,Tid,Ikke tid,2025-05-05,2025-05-04,59,30–90 dage,58,55–64,0,0,0,0,178,542,188,110,0.2029520295202952,0.25322878228782286,0,0.996309963099631,542,29,188,197,185,0.2029520295202952,110,0.25322878228782286,0.16974169741697415,0.6623616236162362,Computer,0,2,0,0.9955555555555556,0,0,internal,0.06457564575645756,0,0.0055350553505535,0,0.6291512915129152,2025-03-06,2025-04-05,30,18.689655172413794,1
d717496b69d3d8d5d201e81fa257ac9e,2025-11-21,2025-03-23T08:03:19Z,Mand,1973-10-10,2024-04-16,utm_campaign=Marts25&utm_content=A&utm_medium=content&utm_source=jp.dk,FALSE,FALSE,0,0,0,2025-03-23,2025-05-22,0,0,Andet,Ingen årsag – ingen tlf kontakt,2025-11-20,2025-11-21,243,180–270 dage,52,45–54,1,0,0,0,183,7,5,1,0.14285714285714285,0.6785714285714286,1,0,7,4,5,7,5,0.14285714285714285,1,0.6785714285714286,0.5714285714285714,0.2857142857142857,Mobile,1,1,0.3333333333333333,0,0,0.16666666666666666,unknown,0.42857142857142855,0,0,0,0,2025-03-23,2025-04-11,19,1.75,3
d7b8fd9ea68936826991511041434b9c,2026-03-08,2025-03-23T06:05:15Z,Mand,1981-11-17,2013-01-20,utm_campaign=Marts25&utm_medium=topticker&utm_source=jp.dk,FALSE,FALSE,4,2,2,2025-03-23,2025-05-22,0,0,Andet,kunden ønsker ikke at oplyse,2026-04-29,2026-03-08,350,270–365 dage,44,35–44,1,0,0,0,741,332,201,119,0.35843373493975905,0.39156626506024095,0.15963855421686746,0.8403614457831325,332,31,201,207,199,0.35843373493975905,119,0.39156626506024095,0.23795180722891565,0.4759036144578313,Computer,0,2,0.00497512437810945,0.9701492537313432,0,0,internal,0.16265060240963855,0,0.01204819277108433,0,0.3704819277108434,2025-03-23,2025-04-22,30,10.709677419354838,4
d7de0bb1872779d0fa95792981d2e399,2025-11-23,2025-03-07T20:22:26Z,Mand,1976-06-16,2015-03-09,utm_campaign=Marts25&utm_content=A&utm_medium=content&utm_source=jp.dk,FALSE,FALSE,0,0,0,2025-03-07,2025-05-06,0,0,Tid,Ikke tid,2025-12-06,2025-11-23,261,180–270 dage,49,45–54,1,0,0,0,215,1,1,0,0,1,1,0,1,1,1,1,1,0,0,1,1,0,Mobile,1,1,0,0,0,0,unknown,0,0,0,0,0,2025-03-07,2025-03-07,0,1,3
d7df96d130e472e3d558d2318e4b5b95,2025-04-23,2025-03-21T08:06:49Z,Mand,1976-05-11,2015-07-13,utm_campaign=Marts25&utm_content=sc_a&utm_medium=mail&utm_source=mail,TRUE,TRUE,3,2,0,2025-03-21,2025-05-20,0,0,Tid,Ikke tid,2025-05-20,2025-04-23,33,30–90 dage,49,45–54,0,0,0,0,287,978,380,258,0.26380368098159507,0.3070040899795501,1,0,978,31,380,426,379,0.26380368098159507,258,0.3070040899795501,0.1768916155419223,0.5991820040899796,Mobile,1,1,0,1,0,0,internal,0.077709611451942745,0,0.00408997955010225,0,0.5644171779141104,2025-03-21,2025-04-20,30,31.548387096774192,4
d9131a70d86f30eae6d2e6bd57a76230,2025-12-05,2025-03-23T11:23:35Z,Mand,1968-02-27,2012-07-22,utm_campaign=Marts25&utm_content=A&utm_medium=content&utm_source=jp.dk,FALSE,FALSE,0,0,0,2025-03-23,2025-05-22,0,0,Økonomi,Pris,2025-12-22,2025-12-05,257,180–270 dage,58,55–64,1,0,0,0,215,268,119,78,0.291044776119403,0.32649253731343286,0,0.2574626865671642,268,28,119,135,118,0.291044776119403,78,0.32649253731343286,0.24253731343283583,0.5671641791044776,Tablet,0,2,0,0.9256756756756755,0,0.05405405405405406,internal,0.1082089552238806,0,0.00746268656716417,0,0.4962686567164179,2025-03-23,2025-04-21,29,9.571428571428571,4
d930f746a880de29aae6ce810b11f5da,2025-10-24,2025-03-22T08:45:27Z,Mand,1946-03-08,2013-09-13,utm_campaign=Marts25&utm_content=sc_a&utm_medium=mail&utm_source=mail,TRUE,TRUE,2,1,0,2025-03-22,2025-05-21,9,9,Andet,RVS,2025-10-23,2025-10-24,216,180–270 dage,80,65+,1,0,0,0,1653,8,7,2,0.25,0.375,1,0,8,7,7,6,5,0.25,2,0.375,0,0.375,Mobile,1,1,0,0.3333333333333333,0,0,unknown,0.25,0,0,0,0.125,2025-03-22,2025-04-04,13,1.1428571428571428,4
d94684e197cea38e5f304b72de68aea7,2025-07-03,2025-03-10T14:05:28Z,Kvinde,1960-06-29,2025-01-27,utm_campaign=Marts25&utm_content=A&utm_medium=content&utm_source=jp.dk,FALSE,FALSE,0,0,0,2025-03-10,2025-05-09,0,0,Tid,Ikke tid,2025-07-09,2025-07-03,115,90–180 dage,65,65+,1,0,0,0,62,87,55,30,0.3448275862068966,0.40804597701149425,0,1,87,11,55,49,46,0.3448275862068966,30,0.40804597701149425,0.25287356321839083,0.45977011494252873,Computer,0,1,0.2023809523809524,0.6785714285714286,0,0.0119047619047619,internal,0.19540229885057472,0,0,0,0.1839080459770115,2025-03-10,2025-04-09,30,7.909090909090909,3
da62f8551246a22ec01f2082ec6d51d8,2025-06-18,2025-03-11T18:53:54Z,Mand,1963-08-30,2025-03-11,utm_campaign=Basis_22&utm_content=HeaderButtonRaised&utm_medium=Matrice&utm_source=jp.dk,FALSE,FALSE,0,0,0,2025-03-11,2025-05-10,0,0,Produkt,Anden avis/produkt,2025-07-10,2025-06-18,99,90–180 dage,62,55–64,1,0,0,0,62,1409,585,442,0.31369765791341375,0.28282469836763663,0.5202271114265437,0.47977288857345635,1409,31,585,753,583,0.31369765791341375,442,0.28282469836763663,0.1611071682044003,0.5727466288147622,Mobile,1,2,0.00132978723404255,0.9920212765957448,0,0,internal,0.1022001419446416,0,0.0014194464158978,0,0.46486870120652946,2025-03-11,2025-04-10,30,45.45161290322581,4
da9537185d65911a80acaf42a65a7e59,2025-06-04,2025-03-07T10:01:43Z,Mand,1967-01-15,2012-04-04,utm_campaign=Marts25&utm_content=B&utm_medium=content&utm_source=jp.dk,FALSE,TRUE,2,1,0,2025-03-07,2025-05-06,0,0,Produkt,Anden avis/produkt,2025-06-06,2025-06-04,89,30–90 dage,59,55–64,1,0,0,0,797,943,321,231,0.2449628844114528,0.24734888653234358,0.9618239660657476,0.03817603393425239,943,31,321,399,315,0.2449628844114528,231,0.2473488865323436,0.18027571580063623,0.6977730646871686,Mobile,1,2,0,0.9912854030501088,0,0,internal,0.07211028632025451,0,0.00212089077412513,0,0.5259809119830329,2025-03-07,2025-04-06,30,30.419354838709676,4
daa026f87a34f553164a8b7d87d095e9,2025-07-03,2025-03-21T07:39:36Z,Mand,1950-02-12,2012-06-17,utm_campaign=Marts25&utm_content=sc_b&utm_medium=mail&utm_source=mail,FALSE,TRUE,7,2,6,2025-03-21,2025-05-20,0,0,Tid,Ikke tid,2025-07-20,2025-07-03,104,90–180 dage,76,65+,1,0,0,0,355,109,39,24,0.22018348623853212,0.13761467889908258,0,1,109,24,39,40,38,0.22018348623853212,24,0.13761467889908258,0.01834862385321101,0.7064220183486238,Computer,0,1,0.5700934579439252,0.35514018691588783,0,0,search,0.04587155963302752,0,0,0,0.6330275229357798,2025-03-21,2025-04-20,30,4.541666666666667,4
dacc9c43dac760621fb910f020549e30,2025-05-13,2025-03-19T17:55:14Z,Mand,1951-10-19,2020-06-01,utm_campaign=Marts25&utm_medium=Weblayer&utm_source=jp.dk,FALSE,FALSE,6,3,2,2025-03-19,2025-05-18,0,0,Produkt,Redaktionelt indhold / holdning,2025-05-18,2025-05-13,55,30–90 dage,74,65+,0,0,0,0,571,556,238,142,0.25539568345323743,0.27967625899280574,0.07733812949640288,0.0017985611510791368,556,30,238,256,233,0.25539568345323743,142,0.27967625899280574,0.15467625899280577,0.5863309352517986,Tablet,0,3,0.00754716981132075,0.9849056603773584,0,0,internal,0.07014388489208633,0,0.00719424460431654,0,0.5215827338129496,2025-03-19,2025-04-18,30,18.533333333333335,1
db377db012994337e849d93d6fe9e4c8,2025-09-30,2025-03-11T09:52:12Z,Kvinde,1993-03-31,2024-07-15,utm_campaign=Basis_22&utm_content=HeaderButtonRaised&utm_medium=Matrice&utm_source=jp.dk,TRUE,TRUE,1,1,0,2025-03-11,2025-05-10,0,2,Andet,kunden ønsker ikke at oplyse,2025-10-10,2025-09-30,203,180–270 dage,33,25–34,1,0,0,0,265,447,158,131,0.2930648769574944,0.3730425055928412,1,0,447,27,158,281,152,0.2930648769574944,131,0.3730425055928412,0.2796420581655481,0.5190156599552572,Mobile,1,1,0.06012658227848101,0.9145569620253164,0,0,internal,0.145413870246085,0,0.00671140939597315,0,0.3512304250559284,2025-03-11,2025-04-10,30,16.555555555555557,3
db4828062baa2fa76909d003660bb7f4,2025-04-16,2025-03-22T10:27:35Z,Mand,1957-06-28,2025-03-22,utm_campaign=Marts25&utm_content=sc_a&utm_medium=mail&utm_source=mail,FALSE,FALSE,4,2,2,2025-03-22,2025-05-21,0,0,Økonomi,Pris,2025-05-21,2025-04-16,25,0–30 dage,68,65+,0,0,0,0,244,74,42,26,0.35135135135135137,0.4864864864864865,0,1,74,12,42,50,39,0.35135135135135137,26,0.4864864864864865,0.36486486486486486,0.44594594594594594,Computer,0,1,0.01666666666666666,0.9666666666666668,0,0,internal,0.05405405405405406,0,0,0,0.14864864864864866,2025-03-23,2025-04-20,28,6.166666666666667,2
db8f2d60080013f7b31d64968f8b0b77,2025-03-15,2025-03-15T10:49:51Z,Mand,1978-03-28,2022-03-10,utm_campaign=Marts25&utm_content=A&utm_medium=content&utm_source=jp.dk,FALSE,FALSE,2,0,2,2025-03-15,2025-05-14,0,0,Andet,kunden ønsker ikke at oplyse,2025-05-14,2025-03-15,0,0–30 dage,48,45–54,0,1,0,0,191,30,16,13,0.43333333333333335,0.3416666666666667,0.8666666666666667,0.13333333333333333,30,11,16,16,15,0.43333333333333335,13,0.3416666666666667,0.2,0.5333333333333333,Mobile,1,2,0,0.875,0,0,internal,0.1,0,0.03333333333333333,0,0.4666666666666667,2025-03-15,2025-04-14,30,2.727272727272727,2
dbc43769b3fb6804d1b1992e6491bf3d,2026-01-11,2025-03-14T21:50:34Z,Mand,1958-06-14,2022-12-29,utm_campaign=Marts25&utm_content=A&utm_medium=content&utm_source=jp.dk,FALSE,TRUE,4,4,0,2025-03-14,2025-05-13,0,0,Økonomi,Pris,2026-11-15,2026-01-11,303,270–365 dage,67,65+,1,0,0,0,733,471,128,75,0.1592356687898089,0.24734607218683652,0.9256900212314225,0.07430997876857749,471,31,128,152,124,0.1592356687898089,75,0.24734607218683652,0.22505307855626328,0.7197452229299363,Mobile,1,2,0.00613496932515337,0.9693251533742332,0,0,internal,0.03184713375796178,0,0.00424628450106157,0,0.6687898089171974,2025-03-14,2025-04-13,30,15.193548387096774,4
dc06958e674987da4c082feed698ab7b,2025-05-01,2025-03-23T22:24:53Z,Mand,1968-05-06,2012-12-04,utm_campaign=Marts25&utm_medium=topticker&utm_source=jp.dk,FALSE,TRUE,2,1,1,2025-03-23,2025-05-22,0,0,Økonomi,Pris,2025-05-22,2025-05-01,39,30–90 dage,57,55–64,0,0,0,0,458,369,176,108,0.2926829268292683,0.3394308943089431,0.6178861788617886,0.3821138211382114,369,31,176,190,175,0.2926829268292683,108,0.3394308943089431,0.25745257452574527,0.5555555555555556,Mobile,1,2,0,0.9954128440366972,0,0,internal,0.14634146341463414,0,0,0,0.48509485094850946,2025-03-23,2025-04-22,30,11.903225806451612,1
dc11ae6804e7e6d5703c16aede010648,2025-05-05,2025-03-22T20:33:18Z,Mand,1960-07-03,2022-10-19,utm_campaign=Marts25&utm_content=A&utm_medium=content&utm_source=jp.dk,TRUE,FALSE,0,0,0,2025-03-22,2025-05-21,0,0,Tid,Ikke tid,2025-05-21,2025-05-05,44,30–90 dage,65,65+,0,0,0,0,1,83,40,29,0.3493975903614458,0.32228915662650603,0,1,83,12,40,50,39,0.3493975903614458,29,0.32228915662650603,0.25301204819277107,0.5903614457831325,Computer,0,1,0,0.974025974025974,0,0,internal,0.1686746987951807,0,0,0,0.39759036144578314,2025-03-22,2025-04-20,29,6.916666666666667,1
dc7631bbc9551b36ee5bda5de1c132d6,2025-04-28,2025-03-11T06:51:25Z,Mand,1967-08-09,2012-06-22,utm_campaign=Basis_22&utm_content=HeaderButtonRaised&utm_medium=Matrice&utm_source=jp.dk,FALSE,TRUE,4,1,2,2025-03-11,2025-05-10,0,0,Produkt,Anden avis/produkt,2025-05-10,2025-04-28,48,30–90 dage,58,55–64,0,0,0,0,289,1,1,0,0,0,1,0,1,1,1,0,0,0,0,0,0,1,Mobile,1,1,0,0,0,0,unknown,0,0,0,0,1,2025-03-11,2025-03-11,0,1,4
dcaadf3ddcf358e577151fecadb3967d,2025-03-14,2025-03-06T10:04:37Z,Kvinde,2002-04-28,2024-12-17,utm_campaign=Basis_22&utm_content=HeaderButtonRaised&utm_medium=Matrice&utm_source=jp.dk,FALSE,FALSE,0,0,0,2025-03-06,2025-05-05,0,0,Økonomi,Pris,2025-05-05,2025-03-14,8,0–30 dage,23,18–24,0,0,0,0,1,15,6,3,0.2,0.11666666666666667,0,1,15,2,6,2,2,0.2,3,0.11666666666666668,0.06666666666666667,0.7333333333333333,Computer,0,1,0,0.8571428571428571,0,0,internal,0.13333333333333333,0,0,0,0.4,2025-03-06,2025-03-14,8,7.5,2
dcba10179c7398d65b5bfd8ee4889d8d,2025-03-30,2025-03-21T04:20:41Z,Mand,1976-12-05,2020-09-24,utm_campaign=Marts25&utm_content=A&utm_medium=content&utm_source=jp.dk,FALSE,FALSE,3,2,1,2025-03-21,2025-05-20,0,0,Produkt,Redaktionelt indhold / holdning,2025-05-20,2025-03-30,9,0–30 dage,49,45–54,0,0,0,0,172,213,116,62,0.29107981220657275,0.3333333333333333,0.892018779342723,0.107981220657277,213,29,116,122,114,0.29107981220657275,62,0.3333333333333333,0.22065727699530516,0.5446009389671361,Mobile,1,2,0.01626016260162601,0.967479674796748,0,0,internal,0.11267605633802816,0,0.00469483568075117,0,0.4225352112676056,2025-03-21,2025-04-19,29,7.344827586206897,4
dcbb95b22ec6915698f56724b817934f,2025-03-11,2025-03-11T09:13:43Z,Kvinde,1968-02-08,2025-03-11,utm_campaign=Marts25&utm_content=A&utm_medium=content&utm_source=jp.dk,FALSE,FALSE,0,0,0,2025-03-11,2025-05-10,0,0,Produkt,Redaktionelt indhold / holdning,2025-05-10,2025-03-11,0,0–30 dage,58,55–64,0,1,0,0,1,20,18,9,0.45,0.6625,0,1,20,5,18,17,17,0.45,9,0.6625,0.5,0.25,Computer,0,1,0,0.65,0,0.2,internal,0.3,0,0,0,0.15,2025-03-11,2025-04-10,30,4,2
dcd9d5af27530c8a408dc9233552e69b,2025-07-16,2025-03-06T15:40:20Z,Kvinde,1947-06-18,2017-11-22,utm_campaign=Marts25&utm_content=A&utm_medium=content&utm_source=jp.dk,FALSE,TRUE,1,0,1,2025-03-06,2025-05-05,0,0,Tid,Ikke tid,2025-08-05,2025-07-16,132,90–180 dage,78,65+,1,0,0,0,183,119,84,36,0.3025210084033613,0.46218487394957986,0,0.5882352941176471,119,27,84,77,74,0.3025210084033613,36,0.46218487394957986,0.37815126050420167,0.44537815126050423,Computer,0,2,0,0.7282608695652174,0,0.2391304347826087,internal,0.1092436974789916,0,0,0,0.2352941176470588,2025-03-06,2025-04-04,29,4.407407407407407,3
dd17b70b375e73e19d04201f4fe37788,2025-04-14,2025-03-21T10:28:39Z,Mand,1949-03-26,2017-11-07,utm_campaign=Marts25&utm_content=B&utm_medium=content&utm_source=jp.dk,TRUE,TRUE,14,8,3,2025-03-21,2025-05-20,16,16,Tid,Ikke tid,2025-05-20,2025-04-14,24,0–30 dage,77,65+,0,0,0,0,1113,166,154,78,0.46987951807228917,0.7650602409638554,0.4819277108433735,0.5180722891566265,166,22,154,165,153,0.4698795180722892,78,0.7650602409638554,0.5843373493975904,0.06024096385542168,Computer,0,2,0,0.9878048780487804,0,0.01219512195121951,internal,0.12650602409638553,0,0.03614457831325301,0,0,2025-03-21,2025-04-20,30,7.545454545454546,1
dd4d55e0e908ca50ec26ca9b5e4fda19,2025-03-21,2025-03-20T17:15:38Z,Kvinde,1955-11-04,2014-11-12,utm_campaign=Marts25&utm_content=B&utm_medium=content&utm_source=jp.dk,FALSE,FALSE,2,1,1,2025-03-20,2025-05-19,0,0,Andet,kunden ønsker ikke at oplyse,2025-05-19,2025-03-21,1,0–30 dage,70,65+,0,1,0,0,246,432,160,103,0.23842592592592593,0.2378472222222222,0.6550925925925926,0.3449074074074074,432,31,160,173,157,0.23842592592592593,103,0.2378472222222222,0.15046296296296297,0.6550925925925926,Mobile,1,2,0.5990675990675991,0.3939393939393939,0,0.00233100233100233,search,0.06018518518518518,0,0,0,0.5949074074074074,2025-03-20,2025-04-19,30,13.935483870967742,2
dd70d17ba6653dad85b4c6d304785ebb,2025-04-02,2025-03-16T09:46:25Z,Mand,2005-09-26,2025-03-16,utm_campaign=Marts25&utm_content=A&utm_medium=content&utm_source=jp.dk,FALSE,FALSE,0,0,0,2025-03-16,2025-05-15,0,0,Produkt,Redaktionelt indhold / holdning,2025-05-15,2025-04-02,17,0–30 dage,20,18–24,0,0,0,0,1,10,4,5,0.5,0.3,0,1,10,5,4,7,3,0.5,5,0.3,0.3,0.7,Computer,0,1,0.1111111111111111,0.2222222222222222,0,0,unknown,0,0,0,0,0.3,2025-03-16,2025-04-02,17,2,2
dd93943a44977881c2ef1b76a67a9c22,2025-03-23,2025-03-23T20:23:59Z,Mand,1959-06-03,2019-05-15,utm_campaign=Marts25&utm_content=sc_a&utm_medium=mail&utm_source=mail,FALSE,TRUE,2,2,2,2025-03-23,2025-05-22,0,2,Tid,Ikke tid,2025-05-22,2025-03-23,0,0–30 dage,66,65+,0,1,0,0,330,80,56,30,0.375,0.578125,0.075,0.925,80,18,56,57,54,0.375,30,0.578125,0.4625,0.3125,Computer,0,2,0,0.96,0,0,internal,0.1125,0,0.0125,0,0.275,2025-03-23,2025-04-22,30,4.444444444444445,2
de045497eb92dad6c43b7b86a32d4e45,2025-05-26,2025-03-04T12:11:30Z,Mand,1979-05-01,2022-03-13,utm_campaign=Marts25&utm_content=A&utm_medium=content&utm_source=jp.dk,FALSE,FALSE,1,0,1,2025-03-04,2025-05-03,0,0,Andet,kunden ønsker ikke at oplyse,2025-06-03,2025-05-26,83,30–90 dage,46,45–54,1,0,0,0,39,12,7,6,0.5,0.8541666666666666,0.8333333333333334,0.16666666666666666,12,1,7,11,6,0.5,6,0.8541666666666666,0.6666666666666666,0.08333333333333333,Mobile,1,2,0.3333333333333333,0.3333333333333333,0,0,internal,0.9166666666666666,0,0,0,0.08333333333333333,2025-03-04,2025-03-04,0,12,3
de0e0931dcdd0be80e52b85aaa0efab5,2025-12-22,2025-03-05T14:59:32Z,Mand,1962-01-28,2018-05-02,utm_campaign=Marts25&utm_content=b&utm_medium=mail&utm_source=mail,TRUE,TRUE,5,3,2,2025-03-05,2025-05-04,2,3,Andet,kunden ønsker ikke at oplyse,2026-01-04,2025-12-22,292,270–365 dage,64,55–64,1,0,0,0,306,47,35,16,0.3404255319148936,0.35638297872340424,1,0,47,19,35,45,34,0.3404255319148936,16,0.35638297872340424,0.06382978723404255,0.2765957446808511,Mobile,1,1,0,0.8571428571428571,0,0,internal,0.14893617021276595,0,0,0,0.0425531914893617,2025-03-05,2025-04-04,30,2.473684210526316,4
de69e87c5fea53f04b7b6b3c72a16a8f,2025-04-11,2025-03-18T09:28:58Z,Kvinde,1992-05-13,2015-03-09,utm_campaign=Marts25&utm_content=A&utm_medium=content&utm_source=jp.dk,FALSE,FALSE,0,0,0,2025-03-18,2025-05-17,0,0,Produkt,Redaktionelt indhold / holdning,2025-05-17,2025-04-11,24,0–30 dage,33,25–34,0,0,0,0,1,6,3,0,0,0.5,0,1,6,2,3,3,2,0,0,0.5,0.5,0.5,Computer,0,1,0.16666666666666666,0.5,0,0.16666666666666666,internal,0.3333333333333333,0,0,0,0.5,2025-03-18,2025-04-11,24,3,2
de7b1fb9571eb0bfa9a5286fd5dabb7e,2025-03-24,2025-03-05T20:32:14Z,Mand,1955-09-21,2014-08-08,utm_campaign=Marts25&utm_content=b&utm_medium=mail&utm_source=mail,FALSE,TRUE,4,2,2,2025-03-05,2025-05-04,0,0,Produkt,Redaktionelt indhold / holdning,2025-05-04,2025-03-24,19,0–30 dage,70,65+,0,0,0,0,278,263,144,95,0.3612167300380228,0.3583650190114068,1,0,263,29,144,157,142,0.3612167300380228,95,0.3583650190114068,0.25475285171102663,0.5399239543726235,Mobile,1,1,0.01298701298701298,0.9805194805194806,0,0,internal,0.1520912547528517,0,0,0,0.39923954372623577,2025-03-05,2025-04-04,30,9.06896551724138,2
de829deda88d0df0c4c8f9a3eb4cc186,2025-04-18,2025-03-21T10:03:51Z,Kvinde,1951-03-02,2014-07-09,utm_campaign=Marts25&utm_content=sc_b&utm_medium=mail&utm_source=mail,FALSE,TRUE,1,0,1,2025-03-21,2025-05-20,0,0,Produkt,Redaktionelt indhold / holdning,2025-05-20,2025-04-18,28,0–30 dage,75,65+,0,0,0,0,57,322,98,55,0.17080745341614906,0.18944099378881987,0.14906832298136646,0.09316770186335403,322,30,98,110,97,0.17080745341614906,55,0.18944099378881987,0.11180124223602483,0.7111801242236024,Tablet,0,3,0,0.9761092150170648,0,0,internal,0.08695652173913043,0,0.0093167701863354,0,0.6583850931677019,2025-03-21,2025-04-20,30,10.733333333333333,1
df243b961367b2174f33a26ff9d970db,2025-12-14,2025-03-07T20:09:38Z,Mand,1963-12-06,2020-11-29,utm_campaign=Marts25&utm_content=B&utm_medium=content&utm_source=jp.dk,FALSE,FALSE,0,0,0,2025-03-07,2025-05-06,0,0,Tid,Ikke tid,2026-01-06,2025-12-14,282,270–365 dage,62,55–64,1,0,0,0,246,15,12,4,0.26666666666666666,0.48333333333333334,1,0,15,2,12,11,10,0.26666666666666666,4,0.48333333333333334,0.26666666666666666,0.26666666666666666,Mobile,1,1,0,0.8,0,0.06666666666666667,internal,0.06666666666666667,0,0,0,0.06666666666666667,2025-03-07,2025-04-03,27,7.5,4
df49190f560e6aae7be1bb02558601b8,2025-06-09,2025-03-24T08:39:00Z,Mand,1998-08-26,2020-10-04,utm_campaign=Marts25&utm_content=B&utm_medium=content&utm_source=jp.dk,FALSE,FALSE,0,0,0,2025-03-24,2025-05-23,0,1,Økonomi,Pris,2025-06-23,2025-06-09,77,30–90 dage,27,25–34,1,0,0,0,32,191,90,47,0.24607329842931938,0.27486910994764396,0,1,191,19,90,92,79,0.24607329842931935,47,0.27486910994764396,0.1518324607329843,0.5759162303664922,Computer,0,1,0.09876543209876544,0.8888888888888888,0,0.00617283950617283,internal,0.12041884816753928,0,0.02094240837696335,0,0.36649214659685864,2025-03-24,2025-04-23,30,10.052631578947368,4
df805926164de62f645d438131cfaef8,2025-03-14,2025-03-13T13:24:31Z,Kvinde,1964-07-09,2017-12-04,utm_campaign=Basis_22&utm_content=HeaderButtonRaised&utm_medium=Matrice&utm_source=jp.dk,FALSE,TRUE,5,3,3,2025-03-13,2025-05-12,0,0,Andet,Ingen årsag – ingen tlf kontakt,2025-05-12,2025-03-14,1,0–30 dage,61,55–64,0,1,0,0,186,129,63,49,0.3798449612403101,0.3391472868217054,0.5193798449612403,0.4806201550387597,129,15,63,74,59,0.3798449612403101,49,0.3391472868217054,0.23255813953488372,0.5581395348837209,Mobile,1,2,0.04301075268817204,0.7096774193548387,0,0,internal,0.13953488372093023,0,0.00775193798449612,0,0.3875968992248062,2025-03-13,2025-04-03,21,8.6,2
dfbfebca04d0444f52ab783f051fcca9,2025-06-02,2025-03-04T12:50:07Z,Kvinde,2005-06-29,2022-12-18,utm_campaign=Basis_22&utm_content=HeaderButtonRaised&utm_medium=Matrice&utm_source=jp.dk,FALSE,FALSE,0,0,0,2025-03-04,2025-05-03,0,0,Produkt,Redaktionelt indhold / holdning,2025-06-03,2025-06-02,90,90–180 dage,20,18–24,1,0,0,0,32,16,8,5,0.3125,0.390625,0,1,16,4,8,8,5,0.3125,5,0.390625,0.25,0.5,Computer,0,1,0.14285714285714285,0.7857142857142857,0,0,internal,0.375,0,0,0,0.1875,2025-03-04,2025-03-15,11,4,3
dfd3a068c917e611fbfa2b9a2fec9f07,2025-05-08,2025-03-17T08:04:24Z,Mand,1980-08-04,2025-03-17,utm_campaign=Marts25&utm_content=B&utm_medium=content&utm_source=jp.dk,TRUE,TRUE,0,0,0,2025-03-17,2025-05-16,0,0,Tid,Ikke tid,2025-05-16,2025-05-08,52,30–90 dage,45,45–54,0,0,0,0,1,34,16,10,0.29411764705882354,0.35294117647058826,0.5588235294117647,0.4411764705882353,34,7,16,20,14,0.29411764705882354,10,0.35294117647058826,0.29411764705882354,0.5882352941176471,Mobile,1,2,0.3333333333333333,0.6060606060606061,0,0,internal,0.2058823529411765,0,0,0,0.2647058823529412,2025-03-17,2025-04-05,19,4.857142857142857,1
dfdb1befea4c4fbac21e561c435811e2,2025-06-07,2025-03-05T10:40:59Z,Kvinde,1999-12-08,2024-03-20,utm_campaign=Marts25&utm_content=A&utm_medium=content&utm_source=jp.dk,TRUE,TRUE,0,0,0,2025-03-05,2025-05-04,0,0,Tid,Ikke tid,2025-07-04,2025-06-07,94,90–180 dage,26,25–34,1,0,0,0,62,2,2,0,0,0.5,0,1,2,1,2,1,1,0,0,0.5,0.5,0.5,Computer,0,1,0,0,0,0,unknown,0,0,0,0,0.5,2025-03-05,2025-03-05,0,2,3
dfe27d0f145bca6ed62bf0861cad9c36,2025-03-12,2025-03-12T09:06:00Z,Kvinde,1956-06-14,2025-03-12,utm_campaign=Marts25&utm_content=6664621143452&utm_medium=fb_matrice&utm_source=some&utm_term=6657291290252,FALSE,FALSE,0,0,0,2025-03-12,2025-05-11,0,0,Andet,kunden ønsker ikke at oplyse,2025-05-11,2025-03-12,0,0–30 dage,69,65+,0,1,0,0,15,8,8,1,0.125,0.65625,0,0,8,3,8,7,7,0.125,1,0.65625,0.375,0.125,Tablet,0,1,0,0,0,0.75,social,0.375,0,0.125,0,0.125,2025-03-12,2025-03-14,2,2.6666666666666665,2
e014d5d423eec7606a2303d7bb68f7d6,2025-03-13,2025-03-12T19:34:16Z,Mand,1964-04-03,2025-03-12,utm_campaign=Marts25&utm_content=A&utm_medium=content&utm_source=jp.dk,FALSE,FALSE,0,0,0,2025-03-12,2025-05-11,0,0,Produkt,Redaktionelt indhold / holdning,2025-05-11,2025-03-13,1,0–30 dage,62,55–64,0,1,0,0,1,5,4,1,0.2,0.25,0,1,5,2,4,3,3,0.2,1,0.25,0.2,0.6,Computer,0,1,0,0.4,0,0,unknown,0,0,0,0,0.4,2025-03-12,2025-03-13,1,2.5,2
e02076a514c52dda3fa98d8902d143b2,2025-04-25,2025-03-10T19:04:30Z,Kvinde,1994-04-07,2021-01-17,utm_campaign=Marts25&utm_content=B&utm_medium=content&utm_source=jp.dk,FALSE,FALSE,1,0,0,2025-03-10,2025-05-09,0,0,Tid,Ikke tid,2025-05-09,2025-04-25,46,30–90 dage,32,25–34,0,0,0,0,32,1,1,1,1,1,0,1,1,1,1,1,1,1,1,1,1,0,Computer,0,1,0,0,0,0,unknown,0,0,0,0,0,2025-03-10,2025-03-10,0,1,1
e06e61f1de9acb6d848b17a97f063a37,2025-04-13,2025-03-03T12:31:55Z,Mand,1967-01-20,2013-09-19,utm_campaign=Marts25&utm_content=A&utm_medium=content&utm_source=jp.dk,FALSE,TRUE,2,1,0,2025-03-03,2025-05-02,0,0,Produkt,Redaktionelt indhold / holdning,2025-05-02,2025-04-13,41,30–90 dage,59,55–64,0,0,0,0,241,485,186,123,0.2536082474226804,0.2345360824742268,0.47216494845360824,0.5278350515463918,485,31,186,208,182,0.2536082474226804,123,0.2345360824742268,0.1463917525773196,0.6597938144329897,Computer,0,2,0.01357466063348416,0.9773755656108596,0,0,internal,0.088659793814433,0,0.00412371134020618,0,0.5649484536082474,2025-03-03,2025-04-02,30,15.64516129032258,1
e0be3cb7d97ef50310d2ce06544c35d9,2025-05-26,2025-03-24T07:51:02Z,Mand,1953-04-21,2013-05-22,utm_campaign=Marts25&utm_content=B&utm_medium=content&utm_source=jp.dk,FALSE,TRUE,0,0,0,2025-03-24,2025-05-23,0,0,Andet,Ingen årsag – ingen tlf kontakt,2025-05-25,2025-05-26,63,30–90 dage,73,65+,1,0,0,1,3,3,3,1,0.3333333333333333,0.6666666666666666,1,0,3,2,3,3,3,0.3333333333333333,1,0.6666666666666666,0.6666666666666666,0.3333333333333333,Mobile,1,1,0,0.3333333333333333,0,0.3333333333333333,internal,0.3333333333333333,0,0,0,0,2025-03-24,2025-04-11,18,1.5,4
e0e2dfb741cb21eb041e20ea6520556e,2025-10-19,2025-03-05T16:21:55Z,Mand,1958-07-15,2012-06-14,utm_campaign=Marts25&utm_content=a&utm_medium=mail&utm_source=mail,TRUE,TRUE,9,7,3,2025-03-05,2025-05-04,9,11,Tid,Ikke tid,2025-11-04,2025-10-19,228,180–270 dage,67,65+,1,0,0,0,617,393,213,137,0.3486005089058524,0.5025445292620865,0.030534351145038167,0.9694656488549618,393,31,213,241,203,0.3486005089058524,137,0.5025445292620865,0.45038167938931295,0.45038167938931295,Computer,0,2,0,0.9932885906040269,0,0,internal,0.09669211195928754,0,0.03562340966921119,0,0.1806615776081425,2025-03-05,2025-04-04,30,12.67741935483871,4
e121d81cf042fc1796bec45ee93a73ed,2025-03-08,2025-03-07T12:39:08Z,Mand,1968-01-28,2013-02-28,utm_campaign=Marts25&utm_content=A&utm_medium=content&utm_source=jp.dk,FALSE,FALSE,1,1,0,2025-03-07,2025-05-06,0,0,Økonomi,Pris,2025-05-06,2025-03-08,1,0–30 dage,58,55–64,0,1,0,0,32,861,281,183,0.21254355400696864,0.3336236933797909,1,0,861,31,281,310,279,0.21254355400696864,183,0.3336236933797909,0.31823461091753774,0.6538908246225319,Mobile,1,1,0,0.9904306220095692,0,0,internal,0.06852497096399536,0,0.00116144018583042,0,0.6387921022067363,2025-03-07,2025-04-06,30,27.774193548387096,2
e12aeab2cdd9cfe212471224aa9a0d09,2025-05-11,2025-03-11T14:10:10Z,Kvinde,1986-07-05,2025-03-11,utm_campaign=Marts25&utm_content=A&utm_medium=content&utm_source=jp.dk,FALSE,FALSE,0,0,0,2025-03-11,2025-05-10,0,0,Produkt,Redaktionelt indhold / holdning,2025-06-10,2025-05-11,61,30–90 dage,39,35–44,1,0,0,1,32,4,3,1,0.25,0.75,1,0,4,2,3,3,2,0.25,1,0.75,0.75,0.25,Mobile,1,1,0,0.5,0,0,internal,0.75,0,0,0,0.25,2025-03-11,2025-03-12,1,2,3
e171a8643675f93226e0df6704494ed7,2025-10-19,2025-03-17T07:34:24Z,Mand,1970-11-18,2025-03-17,utm_campaign=Marts25&utm_content=B&utm_medium=content&utm_source=jp.dk,FALSE,FALSE,0,0,0,2025-03-17,2025-05-16,0,0,Andet,kunden ønsker ikke at oplyse,2025-11-16,2025-10-19,216,180–270 dage,55,55–64,1,0,0,0,185,18,7,4,0.2222222222222222,0.4305555555555556,0.3333333333333333,0.6666666666666666,18,4,7,9,5,0.2222222222222222,4,0.4305555555555556,0.3888888888888889,0.5555555555555556,Computer,0,2,0,0.6428571428571429,0,0,internal,0,0,0,0,0.3333333333333333,2025-03-17,2025-03-26,9,4.5,4
e181101072b5af45d5113b3d20183037,2025-03-04,2025-03-04T13:24:40Z,Mand,1966-05-22,2012-06-08,utm_campaign=Basis_22&utm_content=HeaderButtonRaised&utm_medium=Matrice&utm_source=jp.dk,FALSE,TRUE,10,5,7,2025-03-04,2025-05-03,2,3,Økonomi,Pris,2025-05-03,2025-03-04,0,0–30 dage,59,55–64,0,1,0,0,675,23,13,13,0.5652173913043478,0.5760869565217391,1,0,23,3,13,17,12,0.5652173913043478,13,0.5760869565217391,0.4782608695652174,0.391304347826087,Mobile,1,1,0,0.95,0,0,internal,0.2608695652173913,0,0,0,0.2608695652173913,2025-03-04,2025-03-25,21,7.666666666666667,2
e1ca92d94eb1a7d3bdf4fdb35b92f7b1,2025-03-20,2025-03-15T12:26:51Z,Mand,1971-09-18,2019-05-23,utm_campaign=Marts25&utm_content=A&utm_medium=content&utm_source=jp.dk,TRUE,TRUE,4,2,3,2025-03-15,2025-05-14,0,0,Økonomi,Pris,2025-05-14,2025-03-20,5,0–30 dage,54,45–54,0,0,0,0,226,644,259,171,0.265527950310559,0.3357919254658385,0.8850931677018633,0.11490683229813664,644,31,259,309,251,0.265527950310559,171,0.3357919254658385,0.2391304347826087,0.5869565217391305,Mobile,1,2,0.05070422535211268,0.9267605633802816,0,0.01408450704225352,internal,0.07453416149068323,0,0.0046583850931677,0,0.4953416149068323,2025-03-15,2025-04-14,30,20.774193548387096,4
e1cc2945a2ec96f8f2d396564b9b4913,2025-12-10,2025-03-21T09:11:12Z,Mand,1975-09-25,2018-12-31,utm_campaign=Marts25&utm_content=sc_b&utm_medium=mail&utm_source=mail,FALSE,TRUE,3,2,1,2025-03-21,2025-05-20,0,0,Økonomi,Pris,2025-12-20,2025-12-10,264,180–270 dage,50,45–54,1,0,0,0,550,483,192,117,0.2422360248447205,0.2898550724637681,1,0,483,31,192,206,189,0.2422360248447205,117,0.2898550724637681,0.20082815734989648,0.6273291925465838,Mobile,1,1,0,0.9952153110047848,0,0,internal,0.08695652173913043,0,0.0062111801242236,0,0.5652173913043478,2025-03-21,2025-04-20,30,15.580645161290322,4
e1efb0bf97224357c9014734fbff2cc3,2025-03-28,2025-03-22T07:39:23Z,Kvinde,1956-06-28,2025-03-22,utm_campaign=Marts25&utm_content=A&utm_medium=content&utm_source=jp.dk,TRUE,TRUE,0,0,0,2025-03-22,2025-05-21,0,0,Økonomi,Pris,2025-05-21,2025-03-28,6,0–30 dage,69,65+,0,0,0,0,1,3,2,1,0.3333333333333333,0.3333333333333333,0,0.6666666666666666,3,3,2,1,1,0.3333333333333333,1,0.3333333333333333,0.3333333333333333,0.6666666666666666,Computer,0,2,0,0,0,0,unknown,0.3333333333333333,0,0,0,0.6666666666666666,2025-03-22,2025-03-28,6,1,1
e207fd8a3e5150a304ec1379e8e41c3d,2025-06-02,2025-03-20T06:56:32Z,Mand,1975-07-15,2025-03-20,utm_campaign=Marts25&utm_content=A&utm_medium=content&utm_source=jp.dk,FALSE,FALSE,0,0,0,2025-03-20,2025-05-19,0,0,Tid,Ikke tid,2025-06-19,2025-06-02,74,30–90 dage,50,45–54,1,0,0,0,32,3,3,2,0.6666666666666666,0.4166666666666667,1,0,3,2,3,2,2,0.6666666666666666,2,0.4166666666666667,0,0.3333333333333333,Mobile,1,1,0,0,0,0,unknown,0,0,0,0,0.3333333333333333,2025-03-20,2025-04-02,13,1.5,3
e209e48b572e7337edd6c072ebab6cc2,2025-12-11,2025-03-23T09:05:26Z,Ukendt,1968-03-10,2016-03-28,utm_campaign=Marts25&utm_content=A&utm_medium=content&utm_source=jp.dk,TRUE,TRUE,0,0,0,2025-03-23,2025-05-22,0,0,Andet,kunden ønsker ikke at oplyse,2025-12-22,2025-12-11,263,180–270 dage,58,55–64,1,0,0,0,215,299,126,77,0.25752508361204013,0.30518394648829433,0.7725752508361204,0.22742474916387959,299,31,126,137,123,0.25752508361204013,77,0.30518394648829433,0.2274247491638796,0.6521739130434783,Mobile,1,2,0,0.9863945578231292,0,0,internal,0.08361204013377926,0,0.02006688963210702,0,0.5150501672240803,2025-03-23,2025-04-22,30,9.64516129032258,4
e26dba81c57ccba42137cb465b43af51,2025-05-05,2025-03-17T07:26:15Z,Kvinde,1955-07-17,2025-03-17,utm_campaign=Basis_22&utm_content=HeaderButtonRaised&utm_medium=Matrice&utm_source=jp.dk,FALSE,FALSE,0,0,0,2025-03-17,2025-05-16,0,0,Andet,Ingen årsag – ingen tlf kontakt,2025-05-16,2025-05-05,49,30–90 dage,70,65+,0,0,0,0,115,777,279,180,0.23166023166023167,0.23391248391248393,0.005148005148005148,0.9948519948519948,777,31,279,303,276,0.23166023166023167,180,0.23391248391248393,0.148005148005148,0.6550836550836551,Computer,0,2,0.009009009009009,0.963963963963964,0,0,internal,0.0978120978120978,0,0.00386100386100386,0,0.5778635778635779,2025-03-17,2025-04-16,30,25.06451612903226,1
e293d3ecc73fa3a96ec0e0ae898c6f70,2025-04-20,2025-03-15T17:00:05Z,Mand,1957-05-09,2013-12-30,utm_campaign=&utm_content=genbesog_JP_digital&utm_medium=ppc&utm_source=adwords&utm_term=jp+abonnement+tilbud,TRUE,TRUE,3,3,0,2025-03-15,2025-05-14,3,4,Produkt,Redaktionelt indhold / holdning,2025-05-14,2025-04-20,36,30–90 dage,68,65+,0,0,0,0,531,3,3,1,0.3333333333333333,0.5833333333333334,1,0,3,3,3,2,2,0.3333333333333333,1,0.5833333333333334,0.3333333333333333,0,Mobile,1,1,0.3333333333333333,0,0.6666666666666666,0,email,0.3333333333333333,0,0,0,0,2025-03-24,2025-04-03,10,1,2
e2bcfffc7ab626d766ff915f3827a5b2,2025-03-07,2025-03-07T07:16:23Z,Mand,1963-05-01,2025-03-07,utm_campaign=Marts25&utm_medium=Matrice&utm_source=jp.dk,FALSE,FALSE,0,0,0,2025-03-07,2025-05-06,0,0,Produkt,Anden avis/produkt,2025-05-06,2025-03-07,0,0–30 dage,62,55–64,0,1,0,0,1,113,56,33,0.2920353982300885,0.2676991150442478,0.22123893805309736,0.7787610619469026,113,13,56,56,46,0.2920353982300885,33,0.2676991150442478,0.18584070796460175,0.6283185840707964,Computer,0,2,0.0198019801980198,0.9207920792079208,0,0,internal,0.07079646017699115,0,0,0,0.20353982300884957,2025-03-07,2025-04-06,30,8.692307692307692,2
e2fdae02e45683dec3d2e1469f356fa4,2025-03-28,2025-03-05T11:41:26Z,Mand,1948-02-02,2012-12-06,utm_campaign=Marts25&utm_medium=Matrice&utm_source=jp.dk,TRUE,TRUE,23,6,14,2025-03-05,2025-05-04,5,6,Andet,kunden ønsker ikke at oplyse,2025-05-04,2025-03-28,23,0–30 dage,78,65+,0,0,0,0,1142,164,102,63,0.38414634146341464,0.3643292682926829,0.1951219512195122,0.8048780487804879,164,23,102,106,94,0.38414634146341464,63,0.3643292682926829,0.24390243902439024,0.49390243902439024,Computer,0,2,0.04132231404958678,0.8842975206611571,0,0,internal,0.17073170731707318,0,0.08536585365853659,0,0.2195121951219512,2025-03-05,2025-04-04,30,7.130434782608695,1
e313c648720ad368db50f15344b943aa,2025-07-14,2025-03-07T16:56:24Z,Mand,1954-12-09,2014-09-26,utm_campaign=Marts25&utm_content=b&utm_medium=mail&utm_source=mail,FALSE,FALSE,2,2,2,2025-03-07,2025-05-06,0,0,Tid,Ikke tid,2025-08-06,2025-07-14,129,90–180 dage,71,65+,1,0,0,0,121,80,79,46,0.575,0.715625,0,1,80,19,79,79,78,0.575,46,0.715625,0.4625,0.0375,Computer,0,1,0,0.9655172413793104,0,0,internal,0.25,0,0,0,0.0125,2025-03-07,2025-04-06,30,4.2105263157894735,4
e325d7311c22dbdc14be5e551758ef38,2025-05-08,2025-03-11T07:38:57Z,Mand,1969-12-20,2025-03-11,utm_campaign=Basis_22&utm_content=HeaderButtonRaised&utm_medium=Matrice&utm_source=jp.dk,TRUE,TRUE,0,0,0,2025-03-11,2025-05-10,0,0,Andet,kunden ønsker ikke at oplyse,2025-05-10,2025-05-08,58,30–90 dage,56,55–64,0,0,0,0,1,2,2,1,0.5,0,0.5,0.5,2,2,2,1,1,0.5,1,0,0,1,Computer,0,2,0,0,0,0,unknown,0.5,0,0,0,0.5,2025-03-11,2025-03-24,13,1,1
e36a2955c21f22023841899a593af38e,2025-11-25,2025-03-05T12:39:00Z,Kvinde,1987-07-07,2025-03-05,utm_campaign=Marts25&utm_content=a&utm_medium=mail&utm_source=mail,TRUE,TRUE,0,0,0,2025-03-05,2025-05-04,0,0,Tid,Ikke tid,2025-12-04,2025-11-25,265,180–270 dage,38,35–44,1,0,0,0,215,148,53,35,0.23648648648648649,0.28209459459459457,0.8378378378378378,0,148,22,53,60,50,0.23648648648648649,35,0.28209459459459457,0.23648648648648649,0.6824324324324325,Mobile,1,2,0,0.9508196721311476,0,0,internal,0.08783783783783784,0,0.01351351351351351,0,0.5743243243243243,2025-03-06,2025-04-02,27,6.7272727272727275,3
e392a511d6c7bafcc5599c1917eb33f2,2025-03-31,2025-03-23T10:40:08Z,Mand,1950-03-18,2016-10-07,utm_campaign=Marts25&utm_content=A&utm_medium=content&utm_source=jp.dk,FALSE,TRUE,13,3,11,2025-03-23,2025-05-22,1,1,Økonomi,Pris,2025-05-22,2025-03-31,8,0–30 dage,76,65+,0,0,0,0,393,337,152,94,0.2789317507418398,0.27818991097922846,0,1,337,23,152,178,150,0.2789317507418398,94,0.27818991097922846,0.17507418397626112,0.5964391691394659,Computer,0,1,0,0.989071038251366,0,0,internal,0.13353115727002968,0,0.02077151335311572,0,0.45103857566765576,2025-03-23,2025-04-22,30,14.652173913043478,2
e39cdb344761c03c8764587137d2c269,2025-03-21,2025-03-21T06:31:24Z,Mand,1969-11-28,2016-01-17,utm_campaign=Marts25&utm_content=B&utm_medium=content&utm_source=jp.dk,FALSE,FALSE,6,3,2,2025-03-21,2025-05-20,0,0,Produkt,Redaktionelt indhold / holdning,2025-05-20,2025-03-21,0,0–30 dage,56,55–64,0,1,0,0,326,70,31,20,0.2857142857142857,0.22142857142857142,0,1,70,16,31,29,29,0.2857142857142857,20,0.22142857142857145,0.11428571428571428,0.6285714285714286,Computer,0,1,0.5571428571428572,0.42857142857142855,0,0,search,0.05714285714285714,0,0,0,0.5714285714285714,2025-03-21,2025-04-16,26,4.375,2
e4049089a6293865bd0718a74b7e9059,2025-12-22,2025-03-03T12:47:42Z,Kvinde,1967-08-24,2014-03-21,utm_campaign=Marts25&utm_content=A&utm_medium=content&utm_source=jp.dk,FALSE,FALSE,3,2,1,2025-03-03,2025-05-02,0,0,Økonomi,Pris,2026-01-02,2025-12-22,294,270–365 dage,58,55–64,1,0,0,0,453,112,110,65,0.5803571428571429,0.7589285714285714,0,1,112,23,110,111,109,0.5803571428571429,65,0.7589285714285714,0.6964285714285714,0.1875,Computer,0,1,0,0.45871559633027525,0,0,unknown,0.26785714285714285,0,0.00892857142857142,0,0.00892857142857142,2025-03-03,2025-04-02,30,4.869565217391305,4
e40d8324bf7473ffb9377b7885c5e1fb,2025-07-16,2025-03-08T11:48:18Z,Mand,1961-02-05,2014-09-27,utm_campaign=Marts25&utm_content=B&utm_medium=content&utm_source=jp.dk,FALSE,FALSE,9,1,8,2025-03-08,2025-05-07,0,0,Tid,Ikke tid,2025-08-07,2025-07-16,130,90–180 dage,65,65+,1,0,0,0,919,643,232,192,0.2986003110419907,0.2818818040435459,0.5194401244167963,0,643,31,232,315,231,0.2986003110419907,192,0.2818818040435459,0.17573872472783825,0.6034214618973561,Mobile,1,2,0,0.9871794871794872,0,0,internal,0.06687402799377916,0,0,0,0.5101088646967341,2025-03-08,2025-04-07,30,20.741935483870968,4
e458dfd14161ec17d6a1ad39fa0ac2ed,2025-05-25,2025-03-21T07:17:50Z,Mand,1952-01-09,2012-06-28,utm_campaign=Marts25&utm_content=sc_a&utm_medium=mail&utm_source=mail,TRUE,TRUE,6,5,2,2025-03-21,2025-05-20,5,5,Andet,kunden ønsker ikke at oplyse,2025-06-20,2025-05-25,65,30–90 dage,74,65+,1,0,0,1,758,411,185,121,0.2944038929440389,0.3108272506082725,0,0.9975669099756691,411,31,185,197,183,0.2944038929440389,121,0.3108272506082725,0.2335766423357664,0.6131386861313869,Computer,0,2,0.4775,0.465,0,0,search,0.1167883211678832,0,0.0145985401459854,0,0.5182481751824818,2025-03-21,2025-04-20,30,13.258064516129032,4
e463f0f9681d51595aa29d943c869b0d,2025-09-03,2025-03-19T09:37:16Z,Mand,1950-05-09,2018-05-02,utm_campaign=Marts25&utm_content=HeaderButtonRaised&utm_medium=Matrice&utm_source=jp.dk,TRUE,TRUE,0,0,0,2025-03-19,2025-05-18,0,0,Produkt,Redaktionelt indhold / holdning,2025-09-18,2025-09-03,168,90–180 dage,75,65+,1,0,0,0,152,290,138,89,0.30689655172413793,0.4068965517241379,0,1,290,17,138,153,135,0.30689655172413793,89,0.4068965517241379,0.33448275862068966,0.5310344827586206,Computer,0,1,0,0.99375,0,0,internal,0.09655172413793103,0,0.01379310344827586,0,0.4517241379310345,2025-03-19,2025-04-04,16,17.058823529411764,4
e46b8fb17a46068b69be35a78b643528,2025-03-13,2025-03-13T06:10:59Z,Mand,1981-04-30,2011-08-11,utm_campaign=Basis_22&utm_content=HeaderButtonRaised&utm_medium=Matrice&utm_source=jp.dk,FALSE,TRUE,14,6,8,2025-03-13,2025-05-12,0,0,Økonomi,Pris,2025-05-12,2025-03-13,0,0–30 dage,44,35–44,0,1,0,0,1230,66,55,35,0.5303030303030303,0.7310606060606061,0.06060606060606061,0.9393939393939394,66,6,55,56,54,0.5303030303030303,35,0.7310606060606061,0.6363636363636364,0.19696969696969696,Computer,0,2,0,0.9824561403508772,0,0,internal,0.24242424242424243,0,0,0,0.15151515151515152,2025-03-13,2025-04-11,29,11,2
e4c2b513bdcea217379ef84b2507904a,2025-05-16,2025-03-21T13:17:26Z,Mand,1951-01-25,2015-08-28,utm_campaign=Basis_22&utm_content=HeaderButtonRaised&utm_medium=Matrice&utm_source=jp.dk,TRUE,TRUE,11,5,6,2025-03-21,2025-05-20,0,0,Andet,Ingen årsag – ingen tlf kontakt,2025-05-20,2025-05-16,56,30–90 dage,75,65+,0,0,0,0,667,255,88,53,0.20784313725490197,0.2568627450980392,0,1,255,31,88,92,86,0.20784313725490197,53,0.2568627450980392,0.17647058823529413,0.6509803921568628,Computer,0,1,0.06060606060606061,0.9318181818181818,0,0,internal,0.09411764705882351,0,0,0,0.6352941176470588,2025-03-21,2025-04-20,30,8.225806451612904,1
e4c5b02a0d4e20c09552d31e50c13fc4,2025-03-13,2025-03-06T14:30:33Z,Kvinde,1970-05-12,2022-02-16,utm_campaign=Marts25&utm_content=A&utm_medium=content&utm_source=jp.dk,FALSE,FALSE,0,0,0,2025-03-06,2025-05-05,0,0,Produkt,Redaktionelt indhold / holdning,2025-05-05,2025-03-13,7,0–30 dage,55,55–64,0,0,0,0,1,56,28,19,0.3392857142857143,0.38839285714285715,0,1,56,13,28,35,26,0.3392857142857143,19,0.3883928571428571,0.2857142857142857,0.4642857142857143,Computer,0,1,0,0.981132075471698,0,0,internal,0.10714285714285714,0,0,0,0.35714285714285715,2025-03-06,2025-04-02,27,4.3076923076923075,1
e4d9cab3486eec07a0601a5874711d9e,2025-04-12,2025-03-23T13:52:01Z,Mand,1952-02-20,2012-12-04,utm_campaign=Marts25&utm_content=A&utm_medium=content&utm_source=jp.dk,FALSE,TRUE,9,5,5,2025-03-23,2025-05-22,0,0,Produkt,Redaktionelt indhold / holdning,2025-05-22,2025-04-12,20,0–30 dage,74,65+,0,0,0,0,203,1101,333,244,0.22161671207992734,0.2974568574023615,0,1,1101,31,333,428,330,0.22161671207992736,244,0.2974568574023615,0.2279745685740236,0.631244323342416,Computer,0,1,0.00886917960088691,0.9889135254988912,0,0,internal,0.07266121707538602,0,0,0,0.6094459582198002,2025-03-23,2025-04-22,30,35.516129032258064,1
e4ef9939aade2fbcfc42abe59387806f,2025-05-11,2025-03-09T14:57:06Z,Mand,1999-12-31,2025-03-09,utm_campaign=Marts25&utm_content=e-avis_ikkeabn&utm_medium=matrice&utm_source=jp.dk,FALSE,FALSE,0,0,0,2025-03-09,2025-05-08,0,0,Produkt,Redaktionelt indhold / holdning,2025-06-08,2025-05-11,63,30–90 dage,26,25–34,1,0,0,1,32,9,3,0,0,0,0.6666666666666666,0.3333333333333333,9,2,3,0,0,0,0,0,0,1,Mobile,1,2,0.14285714285714285,0,0,0,unknown,0.1111111111111111,0,0,0,0.4444444444444444,2025-03-09,2025-03-22,13,4.5,4
e5a437e84e41484e54a7bc16563f650b,2025-05-15,2025-03-21T10:58:20Z,Mand,1962-11-18,2012-11-23,utm_campaign=Marts25&utm_content=sc_b&utm_medium=mail&utm_source=mail,TRUE,TRUE,6,3,1,2025-03-21,2025-05-20,0,0,Tid,Ikke tid,2025-05-20,2025-05-15,55,30–90 dage,63,55–64,0,0,0,0,371,288,183,104,0.3611111111111111,0.5572916666666666,0.03125,0.96875,288,28,183,201,182,0.3611111111111111,104,0.5572916666666666,0.4722222222222222,0.3645833333333333,Computer,0,2,0,0.9950248756218906,0,0,internal,0.08333333333333333,0,0.01736111111111111,0,0.3020833333333333,2025-03-21,2025-04-18,28,10.285714285714286,1
e5a9bf5971c8c820f1bbace57420b0d6,2025-03-06,2025-03-06T12:34:20Z,Kvinde,1951-09-07,2018-05-26,utm_campaign=Marts25&utm_content=a&utm_medium=mail&utm_source=mail,FALSE,TRUE,6,4,3,2025-03-06,2025-05-05,1,0,Andet,kunden ønsker ikke at oplyse,2025-05-05,2025-03-06,0,0–30 dage,74,65+,0,1,0,0,594,90,50,27,0.3,0.46944444444444444,0,0.9555555555555556,90,18,50,50,47,0.3,27,0.4694444444444445,0.4444444444444444,0.5,Computer,0,2,0,0.9807692307692308,0,0,internal,0.2111111111111111,0,0,0,0.4,2025-03-10,2025-04-05,26,5,2
e5c1e5dfabe1d1b80ee995d84de2201d,2025-04-13,2025-03-17T00:46:00Z,Mand,1975-12-03,2011-08-11,utm_campaign=Marts25&utm_content=A&utm_medium=content&utm_source=jp.dk,FALSE,FALSE,0,0,0,2025-03-17,2025-05-16,0,0,Tid,Ikke tid,2025-05-16,2025-04-13,27,0–30 dage,50,45–54,0,0,0,0,175,520,184,109,0.20961538461538462,0.23173076923076924,1,0,520,31,184,201,183,0.20961538461538465,109,0.23173076923076924,0.14423076923076922,0.6634615384615384,Mobile,1,1,0.01557632398753894,0.956386292834891,0,0,internal,0.08076923076923077,0,0,0,0.6134615384615385,2025-03-17,2025-04-16,30,16.774193548387096,4
e621bdc702c49df6d1efd04402068bb2,2025-04-30,2025-03-08T13:51:06Z,Mand,1947-02-26,2015-03-31,utm_campaign=Marts25&utm_content=b&utm_medium=mail&utm_source=mail,FALSE,TRUE,6,1,5,2025-03-08,2025-05-07,0,0,Tid,Ikke tid,2025-05-07,2025-04-30,53,30–90 dage,79,65+,0,0,0,0,362,446,223,151,0.33856502242152464,0.32286995515695066,0,0.5426008968609866,446,28,223,251,219,0.33856502242152464,151,0.32286995515695066,0.16367713004484305,0.5089686098654709,Computer,0,2,0,0.8872180451127819,0,0,internal,0.09641255605381166,0,0.01345291479820627,0,0.42376681614349776,2025-03-08,2025-04-07,30,15.928571428571429,1
e623f27be79cacb492037e987b93e622,2025-12-09,2025-03-05T14:25:19Z,Mand,1973-06-02,2013-02-21,utm_campaign=Marts25&utm_content=B&utm_medium=content&utm_source=jp.dk,FALSE,FALSE,4,3,1,2025-03-05,2025-05-04,2,2,Produkt,Anden avis/produkt,2026-01-04,2025-12-09,279,270–365 dage,52,45–54,1,0,0,0,1191,268,154,97,0.3619402985074627,0.4337686567164179,0.5970149253731343,0.40298507462686567,268,25,154,178,150,0.3619402985074627,97,0.4337686567164179,0.31716417910447764,0.4701492537313433,Mobile,1,2,0,0.9775280898876404,0,0.01123595505617977,internal,0.12686567164179105,0,0.00373134328358208,0,0.3208955223880597,2025-03-05,2025-04-04,30,10.72,3
e6396f8167a1adfb29e8f99589b25a3e,2025-09-03,2025-03-21T10:26:13Z,Mand,1957-02-27,2022-12-21,utm_campaign=Marts25&utm_content=sc_a&utm_medium=mail&utm_source=mail,TRUE,TRUE,9,7,3,2025-03-21,2025-05-20,3,3,Tid,Ikke tid,2025-09-20,2025-09-03,166,90–180 dage,69,65+,1,0,0,0,728,116,69,46,0.39655172413793105,0.46336206896551724,0.27586206896551724,0.21551724137931033,116,17,69,94,66,0.39655172413793105,46,0.4633620689655173,0.3103448275862069,0.4051724137931034,Tablet,0,3,0.01408450704225352,0.9577464788732394,0,0,internal,0.10344827586206896,0,0,0,0.13793103448275862,2025-03-21,2025-04-20,30,6.823529411764706,4
e673b3a9ddc2393a2ccc0ce52666ba2f,2025-03-25,2025-03-23T21:54:30Z,Kvinde,1962-04-02,2022-08-03,utm_campaign=Marts25&utm_content=A&utm_medium=content&utm_source=jp.dk,FALSE,FALSE,2,2,0,2025-03-23,2025-05-22,0,0,Andet,kunden ønsker ikke at oplyse,2025-05-22,2025-03-25,2,0–30 dage,64,55–64,0,1,0,0,233,577,248,164,0.28422876949740034,0.35701906412478335,0.8682842287694974,0.1317157712305026,577,31,248,287,246,0.28422876949740034,164,0.35701906412478335,0.24610051993067592,0.5545927209705372,Mobile,1,2,0.4405594405594406,0.493006993006993,0,0,internal,0.06065857885615251,0,0.00173310225303292,0,0.5008665511265165,2025-03-23,2025-04-22,30,18.612903225806452,2
e68c9e466739941a8939ccfcaeec8f4d,2025-12-10,2025-03-08T10:09:21Z,Mand,1968-01-26,2023-03-23,utm_campaign=Marts25&utm_content=A&utm_medium=content&utm_source=jp.dk,FALSE,FALSE,0,0,0,2025-03-08,2025-05-07,0,0,Andet,RVS,2025-12-09,2025-12-10,277,270–365 dage,58,55–64,1,0,0,0,217,3,3,2,0.6666666666666666,0.6666666666666666,0.3333333333333333,0.6666666666666666,3,1,3,2,2,0.6666666666666666,2,0.6666666666666666,0.6666666666666666,0.3333333333333333,Computer,0,2,0,0.3333333333333333,0,0,unknown,0,0,0,0,0.3333333333333333,2025-03-08,2025-03-08,0,3,4
e6d42f2cc92a1b3642be36753811c7ec,2025-04-19,2025-03-22T16:48:21Z,Kvinde,1981-02-07,2022-08-28,utm_campaign=Marts25&utm_medium=Matrice&utm_source=jp.dk,FALSE,FALSE,0,0,0,2025-03-22,2025-05-21,0,0,Andet,kunden ønsker ikke at oplyse,2025-05-21,2025-04-19,28,0–30 dage,45,45–54,0,0,0,0,31,183,134,72,0.39344262295081966,0.5669398907103825,0.6721311475409836,0.32786885245901637,183,20,134,134,129,0.39344262295081966,72,0.5669398907103825,0.4043715846994536,0.28415300546448086,Mobile,1,2,0.02298850574712643,0.913793103448276,0,0,internal,0.2677595628415301,0,0,0,0.2240437158469945,2025-03-23,2025-04-21,29,9.15,1
e7081beab27c1e5d9cfa25500d9d1df7,2025-03-11,2025-03-11T09:25:59Z,Mand,1981-08-09,2025-03-11,utm_campaign=Marts25&utm_medium=Matrice&utm_source=jp.dk,FALSE,FALSE,0,0,0,2025-03-11,2025-05-10,0,0,Produkt,Redaktionelt indhold / holdning,2025-05-10,2025-03-11,0,0–30 dage,44,35–44,0,1,0,0,1,14,9,2,0.14285714285714285,0.2857142857142857,1,0,14,5,9,5,4,0.14285714285714285,2,0.2857142857142857,0.21428571428571427,0.6428571428571429,Mobile,1,1,0.18181818181818185,0.4545454545454546,0,0,internal,0.21428571428571427,0,0,0,0.14285714285714285,2025-03-11,2025-04-09,29,2.8,2
e71fdb8bf1e3c655c1e640416b18cd8f,2025-03-24,2025-03-11T19:23:36Z,Mand,1951-05-08,2022-11-13,utm_campaign=Basis_22&utm_content=HeaderButtonRaised&utm_medium=Matrice&utm_source=jp.dk,FALSE,TRUE,11,8,4,2025-03-11,2025-05-10,3,3,Tid,Ikke tid,2025-05-10,2025-03-24,13,0–30 dage,74,65+,0,0,0,0,190,20,14,8,0.4,0.425,0.8,0.2,20,4,14,16,12,0.4,8,0.425,0.35,0.45,Mobile,1,2,0.1,0.65,0.1,0,internal,0.1,0,0,0,0.1,2025-03-11,2025-04-02,22,5,2
e74766560c425319ebe0a349475a35fc,2025-04-26,2025-03-18T20:30:36Z,Kvinde,1993-08-06,2012-11-16,utm_campaign=Marts25&utm_medium=Matrice&utm_source=jp.dk,FALSE,TRUE,1,0,1,2025-03-18,2025-05-17,0,0,Tid,Ikke tid,2025-05-17,2025-04-26,39,30–90 dage,32,25–34,0,0,0,0,15,45,35,21,0.4666666666666667,0.6222222222222222,1,0,45,5,35,37,33,0.4666666666666667,21,0.6222222222222222,0.5555555555555556,0.28888888888888886,Mobile,1,1,0,0.868421052631579,0,0.10526315789473684,internal,0.17777777777777778,0,0,0,0.04444444444444444,2025-03-18,2025-03-31,13,9,1
e7a301fe623aea209b0a5aff28ae5933,2025-04-12,2025-03-21T12:58:21Z,Mand,1961-04-11,2025-03-21,utm_campaign=Marts25&utm_content=B&utm_medium=content&utm_source=jp.dk,TRUE,TRUE,0,0,0,2025-03-21,2025-05-20,0,0,Tid,Ikke tid,2025-05-20,2025-04-12,22,0–30 dage,65,65+,0,0,0,0,1,71,7,8,0.11267605633802817,0.056338028169014086,0,1,71,28,7,13,5,0.11267605633802816,8,0.05633802816901408,0.04225352112676056,0.9295774647887324,Computer,0,1,0,0.6666666666666666,0,0,internal,0.01408450704225352,0,0,0,0.5633802816901409,2025-03-21,2025-04-18,28,2.5357142857142856,2
e7b7e0997cfb6da158631fb040cc14a4,2025-03-25,2025-03-12T06:42:20Z,Mand,1942-06-05,2012-06-30,utm_campaign=Marts25&utm_content=A&utm_medium=content&utm_source=jp.dk,TRUE,TRUE,3,2,2,2025-03-12,2025-05-11,0,0,Tid,Ikke tid,2025-05-11,2025-03-25,13,0–30 dage,83,65+,0,0,0,0,351,115,81,60,0.5217391304347826,0.6630434782608695,0,0,115,12,81,96,80,0.5217391304347826,60,0.6630434782608695,0.5739130434782609,0.2608695652173913,Tablet,0,1,0,0.9791666666666666,0,0,internal,0.19130434782608696,0,0,0,0.16521739130434782,2025-03-12,2025-04-10,29,9.583333333333334,2
e7bc7f5186893dc1471ef45413025209,2025-11-30,2025-03-15T11:33:34Z,Mand,1975-07-22,2025-03-15,utm_campaign=Basis_22&utm_content=HeaderButtonRaised&utm_medium=Matrice&utm_source=jp.dk,FALSE,FALSE,0,0,0,2025-03-15,2025-05-14,0,0,Andet,Ingen årsag – ingen tlf kontakt,2025-12-14,2025-11-30,260,180–270 dage,50,45–54,1,0,0,0,215,166,50,40,0.24096385542168675,0.15963855421686746,0.7831325301204819,0.21686746987951808,166,25,50,71,48,0.24096385542168677,40,0.15963855421686746,0.06626506024096386,0.7409638554216867,Mobile,1,2,0,0.922077922077922,0,0,internal,0.10843373493975904,0,0.00602409638554216,0,0.5602409638554217,2025-03-15,2025-04-14,30,6.64,3
e8460504ad911245b41cc4d1a5c69ec3,2025-05-13,2025-03-10T08:36:25Z,Mand,1972-09-12,2023-04-28,utm_campaign=Marts25&utm_content=A&utm_medium=content&utm_source=jp.dk,FALSE,TRUE,1,1,0,2025-03-10,2025-05-09,0,0,Produkt,Anden avis/produkt,2025-06-09,2025-05-13,64,30–90 dage,53,45–54,1,0,0,1,476,389,180,117,0.30077120822622105,0.3181233933161954,0,0.9768637532133676,389,31,180,202,177,0.30077120822622105,117,0.3181233933161954,0.19023136246786632,0.5475578406169666,Computer,0,2,0.06128133704735376,0.8662952646239555,0,0.00557103064066852,internal,0.11311053984575836,0,0,0,0.4652956298200514,2025-03-10,2025-04-09,30,12.548387096774194,4
e847ea728b05af68539b431924d9d824,2025-08-25,2025-03-21T07:56:03Z,Mand,1959-01-31,2019-11-01,utm_campaign=Marts25&utm_content=sc_a&utm_medium=mail&utm_source=mail,TRUE,TRUE,3,1,0,2025-03-21,2025-05-20,0,0,Tid,Ikke tid,2025-09-20,2025-08-25,157,90–180 dage,67,65+,1,0,0,0,411,751,222,141,0.1877496671105193,0.20938748335552596,0,1,751,30,222,244,215,0.1877496671105193,141,0.20938748335552596,0.15579227696404793,0.7336884154460719,Computer,0,1,0,1,0,0,internal,0.06524633821571238,0,0.00266311584553928,0,0.5099866844207723,2025-03-21,2025-04-20,30,25.033333333333335,4
e8560d608abd181e5e783dd040bc7cbc,2025-05-24,2025-03-20T05:41:40Z,Mand,1973-09-29,2016-08-17,utm_campaign=Marts25&utm_medium=Weblayer&utm_source=jp.dk,FALSE,TRUE,4,1,1,2025-03-20,2025-05-19,3,3,Produkt,Redaktionelt indhold / holdning,2025-06-19,2025-05-24,65,30–90 dage,52,45–54,1,0,0,1,280,137,65,46,0.3357664233576642,0.24087591240875914,1,0,137,9,65,66,64,0.3357664233576642,46,0.2408759124087591,0.10948905109489052,0.6131386861313869,Mobile,1,1,0,0.9852941176470588,0,0,internal,0.10948905109489052,0,0.0072992700729927,0,0.5182481751824818,2025-03-20,2025-04-05,16,15.22222222222222,3
e858f5449697bc5909c5ed72bee136f2,2025-07-14,2025-03-10T16:37:03Z,Mand,1998-01-12,2023-04-24,utm_campaign=Marts25&utm_content=A&utm_medium=content&utm_source=jp.dk,FALSE,FALSE,1,1,0,2025-03-10,2025-05-09,0,0,Andet,RVS,2025-07-13,2025-07-14,126,90–180 dage,28,25–34,1,0,0,0,95,23,10,5,0.21739130434782608,0.358695652173913,0.17391304347826086,0.8260869565217391,23,6,10,9,8,0.21739130434782608,5,0.358695652173913,0.34782608695652173,0.6086956521739131,Computer,0,2,0.05555555555555555,0.7777777777777778,0,0,internal,0.08695652173913043,0,0,0,0.43478260869565216,2025-03-10,2025-04-07,28,3.8333333333333335,3
e86c2ca04e30c7880e34bc7a6e698898,2025-04-07,2025-03-11T11:37:11Z,Kvinde,1959-10-08,2012-01-08,utm_campaign=Marts25&utm_content=A&utm_medium=content&utm_source=jp.dk,FALSE,FALSE,0,0,0,2025-03-11,2025-05-10,0,0,Produkt,Anden avis/produkt,2025-05-10,2025-04-07,27,0–30 dage,66,65+,0,0,0,0,1,15,12,4,0.26666666666666666,0.5666666666666667,0.6,0.4,15,3,12,10,10,0.26666666666666666,4,0.5666666666666667,0.5333333333333333,0.4,Mobile,1,2,0,0.8571428571428571,0,0,internal,0,0,0,0,0.13333333333333333,2025-03-11,2025-04-08,28,5,1
e8c8a5888ff8ecbe509165aa9657154b,2025-08-18,2025-03-15T19:56:51Z,Kvinde,1973-07-03,2014-05-13,utm_campaign=Marts25&utm_content=A&utm_medium=content&utm_source=jp.dk,FALSE,FALSE,0,0,0,2025-03-15,2025-05-14,0,0,Tid,Ikke tid,2025-09-14,2025-08-18,156,90–180 dage,52,45–54,1,0,0,0,124,15,12,10,0.6666666666666666,0.36666666666666664,1,0,15,1,12,13,11,0.6666666666666666,10,0.36666666666666664,0.26666666666666666,0.4,Mobile,1,1,0,0.9,0,0,internal,0.26666666666666666,0,0,0,0.13333333333333333,2025-03-15,2025-03-15,0,15,3
e9153be9eb990a05b8b703b1b434a985,2025-06-10,2025-03-04T08:20:39Z,Kvinde,1981-01-29,2022-03-20,utm_campaign=Marts25&utm_content=B&utm_medium=content&utm_source=jp.dk,FALSE,FALSE,1,0,1,2025-03-04,2025-05-03,0,0,Tid,Ikke tid,2025-07-03,2025-06-10,98,90–180 dage,45,45–54,1,0,0,0,69,14,10,4,0.2857142857142857,0.5535714285714286,0.6428571428571429,0.35714285714285715,14,5,10,7,7,0.2857142857142857,4,0.5535714285714286,0.5,0.35714285714285715,Mobile,1,2,0.18181818181818185,0.6363636363636364,0,0,internal,0.14285714285714285,0,0,0,0.2857142857142857,2025-03-04,2025-03-20,16,2.8,3
e915a228f8c7167c10d10e33535d860a,2025-07-24,2025-03-21T15:59:52Z,Mand,1983-01-19,2025-03-21,utm_campaign=Basis_22&utm_content=HeaderButtonRaised&utm_medium=Matrice&utm_source=jp.dk,FALSE,TRUE,0,0,0,2025-03-21,2025-05-20,0,0,Tid,Ikke tid,2025-08-20,2025-07-24,125,90–180 dage,43,35–44,1,0,0,0,246,754,319,192,0.2546419098143236,0.21684350132625996,0.9920424403183024,0.007957559681697613,754,31,319,344,315,0.2546419098143236,192,0.21684350132625996,0.116710875331565,0.6936339522546419,Mobile,1,2,0,0.989041095890411,0,0.00273972602739726,internal,0.08753315649867374,0,0.01591511936339522,0,0.5305039787798409,2025-03-21,2025-04-20,30,24.322580645161292,3
e9664780fe3b0e119802e4dd1a3f0274,2025-04-06,2025-03-22T06:06:59Z,Mand,1969-02-03,2018-07-19,utm_campaign=Marts25&utm_content=sc_b&utm_medium=mail&utm_source=mail,FALSE,TRUE,1,1,0,2025-03-22,2025-05-21,0,0,Produkt,Redaktionelt indhold / holdning,2025-05-21,2025-04-06,15,0–30 dage,57,55–64,0,0,0,0,60,61,30,23,0.3770491803278688,0.3524590163934426,1,0,61,5,30,33,28,0.3770491803278688,23,0.3524590163934426,0.2786885245901639,0.5901639344262295,Mobile,1,1,0,0.7592592592592593,0,0,internal,0.08196721311475409,0,0.01639344262295082,0,0.4098360655737705,2025-03-22,2025-04-06,15,12.2,1
e9e13727ac2e77bab1603fe24946eacf,2025-04-14,2025-03-05T13:59:42Z,Mand,1960-01-01,2018-05-02,utm_campaign=Marts25&utm_content=A&utm_medium=content&utm_source=jp.dk,TRUE,TRUE,10,8,4,2025-03-05,2025-05-04,1,1,Andet,kunden ønsker ikke at oplyse,2025-05-04,2025-04-14,40,30–90 dage,66,65+,0,0,0,0,1304,487,172,131,0.26899383983572894,0.3080082135523614,0.9342915811088296,0.06570841889117043,487,31,172,210,170,0.26899383983572894,131,0.3080082135523614,0.22587268993839835,0.6386036960985626,Mobile,1,2,0.01886792452830188,0.96698113207547165,0,0,internal,0.08008213552361396,0,0.00205338809034907,0,0.5667351129363449,2025-03-05,2025-04-04,30,15.709677419354838,1
e9f1866aeec508f598a365c94b6bc255,2025-04-09,2025-03-22T09:40:02Z,Mand,1948-12-23,2020-10-19,utm_campaign=Marts25&utm_content=sc_a&utm_medium=mail&utm_source=mail,TRUE,TRUE,11,6,7,2025-03-22,2025-05-21,0,0,Andet,kunden ønsker ikke at oplyse,2025-05-21,2025-04-09,18,0–30 dage,77,65+,0,0,0,0,454,126,42,21,0.16666666666666666,0.15873015873015872,0,1,126,30,42,39,39,0.16666666666666666,21,0.15873015873015872,0.06349206349206349,0.7301587301587301,Computer,0,1,0.25,0.7380952380952381,0,0,internal,0.09523809523809525,0,0,0,0.1746031746031746,2025-03-22,2025-04-21,30,4.2,2
ea212521bdc1794b4dc4914a201a8bcf,2025-11-04,2025-03-18T18:15:16Z,Mand,1953-03-21,2025-03-18,utm_campaign=Marts25&utm_content=B&utm_medium=content&utm_source=jp.dk,FALSE,FALSE,0,0,0,2025-03-18,2025-05-17,0,0,Tid,Ikke tid,2025-11-17,2025-11-04,231,180–270 dage,73,65+,1,0,0,0,185,5,4,2,0.4,0.5,0.8,0.2,5,2,4,4,3,0.4,2,0.5,0.4,0.4,Mobile,1,2,0,0.75,0,0,internal,0.6,0,0,0,0.2,2025-03-18,2025-03-19,1,2.5,4
ea2607eb559fc1a29cc0985002eb4993,2025-12-01,2025-03-21T09:05:28Z,Mand,1943-04-06,2018-12-07,utm_campaign=Marts25&utm_content=sc_b&utm_medium=mail&utm_source=mail,TRUE,TRUE,1,0,0,2025-03-21,2025-05-20,0,1,Andet,Administrativt,2025-12-05,2025-12-01,255,180–270 dage,83,65+,1,0,0,0,1744,33,30,21,0.6363636363636364,0.75,0.30303030303030304,0.696969696969697,33,7,30,31,29,0.6363636363636364,21,0.75,0.6363636363636364,0.12121212121212122,Computer,0,2,0.03571428571428571,0.8571428571428571,0,0,internal,0.15151515151515152,0,0,0,0.06060606060606061,2025-03-21,2025-04-05,15,4.714285714285714,4
ea2c555ab41e83356e30f8f0c7e3e6af,2025-11-04,2025-03-11T08:53:53Z,Mand,1942-11-22,2023-01-03,utm_campaign=Basis_22&utm_content=HeaderButtonRaised&utm_medium=Matrice&utm_source=jp.dk,TRUE,TRUE,3,3,1,2025-03-11,2025-05-10,4,4,Økonomi,Pris,2025-11-10,2025-11-04,238,180–270 dage,83,65+,1,0,0,0,546,279,97,53,0.18996415770609318,0.3055555555555556,0,1,279,31,97,104,96,0.1899641577060932,53,0.3055555555555556,0.24731182795698925,0.6451612903225806,Computer,0,1,0.16666666666666666,0.7028985507246377,0,0,internal,0.03942652329749104,0,0.01792114695340501,0,0.6272401433691757,2025-03-11,2025-04-10,30,9,4
ea4ea6b03e035ecb4d9a557e6f4c6a2b,2025-11-10,2025-03-07T09:12:08Z,Mand,1988-07-01,2013-01-09,utm_campaign=Marts25&utm_content=A&utm_medium=content&utm_source=jp.dk,FALSE,FALSE,0,0,0,2025-03-07,2025-05-06,4,4,Andet,RVS,2025-11-09,2025-11-10,248,180–270 dage,37,35–44,1,0,0,0,196,97,54,27,0.27835051546391754,0.4252577319587629,0.9278350515463918,0.07216494845360824,97,22,54,63,52,0.27835051546391754,27,0.4252577319587629,0.28865979381443296,0.4536082474226804,Mobile,1,2,0,0.9649122807017544,0,0,internal,0.17525773195876287,0,0,0,0.3402061855670103,2025-03-07,2025-04-05,29,4.409090909090909,3
ea5669d516d6701f7b7605ce36cc5040,2025-09-08,2025-03-04T22:06:12Z,Kvinde,1972-06-28,2025-03-04,utm_campaign=Marts25&utm_content=B&utm_medium=content&utm_source=jp.dk,FALSE,TRUE,0,0,0,2025-03-04,2025-05-03,0,0,Produkt,Redaktionelt indhold / holdning,2025-10-03,2025-09-08,188,180–270 dage,53,45–54,1,0,0,0,154,278,108,90,0.3237410071942446,0.2868705035971223,1,0,278,29,108,153,105,0.3237410071942446,90,0.2868705035971223,0.16906474820143885,0.5935251798561151,Mobile,1,1,0.4344569288389513,0.550561797752809,0,0,internal,0.1510791366906475,0,0.01079136690647482,0,0.4424460431654677,2025-03-04,2025-04-03,30,9.586206896551724,3
eaa673792cafda1755c469aa3093b123,2025-12-07,2025-03-03T12:01:04Z,Kvinde,1962-06-20,2012-06-13,utm_campaign=Marts25&utm_content=B&utm_medium=content&utm_source=jp.dk,FALSE,FALSE,0,0,0,2025-03-03,2025-05-02,3,3,Økonomi,Pris,2026-01-02,2025-12-07,279,270–365 dage,63,55–64,1,0,0,0,246,116,102,68,0.5862068965517241,0.6702586206896551,0,1,116,16,102,107,100,0.5862068965517241,68,0.6702586206896551,0.5086206896551724,0.16379310344827586,Computer,0,1,0,0.9014084507042254,0,0,internal,0.22413793103448276,0,0.00862068965517241,0,0.0603448275862069,2025-03-03,2025-04-02,30,7.25,4
eaea348fe18e623e30344962317776f6,2025-05-11,2025-03-23T09:56:28Z,Kvinde,1995-04-21,2012-08-29,utm_campaign=Marts25&utm_content=A&utm_medium=content&utm_source=jp.dk,FALSE,FALSE,0,0,0,2025-03-23,2025-05-22,0,0,Andet,kunden ønsker ikke at oplyse,2025-05-22,2025-05-11,49,30–90 dage,31,25–34,0,0,0,0,1,66,43,31,0.4696969696969697,0.3977272727272727,0,1,66,6,43,48,40,0.4696969696969697,31,0.3977272727272727,0.21212121212121213,0.3787878787878788,Computer,0,1,0.171875,0.71875,0,0.0625,internal,0.10606060606060606,0,0,0,0.12121212121212122,2025-03-23,2025-04-07,15,11,3
ebb39d9307cc4c5a63a7a83ab8fe9be8,2025-05-25,2025-03-10T10:22:11Z,Mand,1972-07-01,2015-05-21,utm_campaign=Basis_22&utm_content=HeaderButtonRaised&utm_medium=Matrice&utm_source=jp.dk,FALSE,FALSE,9,3,1,2025-03-10,2025-05-09,0,0,Tid,Ikke tid,2025-06-09,2025-05-25,76,30–90 dage,53,45–54,1,0,0,0,350,257,116,61,0.23735408560311283,0.39202334630350194,0.7354085603112841,0.26459143968871596,257,25,116,128,111,0.23735408560311283,61,0.39202334630350194,0.32684824902723736,0.5525291828793775,Mobile,1,2,0.00671140939597315,0.959731543624161,0,0,internal,0.07392996108949416,0,0,0,0.48249027237354086,2025-03-10,2025-04-09,30,10.28,4
ebeca48dfb318c270bfb475b68999df2,2025-03-20,2025-03-20T20:29:45Z,Mand,1969-06-18,2025-03-20,utm_campaign=Marts25&utm_content=A&utm_medium=content&utm_source=jp.dk,FALSE,FALSE,0,0,0,2025-03-20,2025-05-19,0,0,Andet,kunden ønsker ikke at oplyse,2025-05-19,2025-03-20,0,0–30 dage,56,55–64,0,1,0,0,120,426,194,114,0.2676056338028169,0.2875586854460094,1,0,426,29,194,213,191,0.2676056338028169,114,0.2875586854460094,0.2089201877934272,0.636150234741784,Mobile,1,1,0.04166666666666666,0.949074074074074,0,0,internal,0.13145539906103287,0,0.01408450704225352,0,0.4953051643192488,2025-03-20,2025-04-19,30,14.689655172413794,2
ebf5c4601d4f18fc942ea7484462e14b,2025-03-26,2025-03-24T05:13:09Z,Mand,1971-10-11,2021-02-14,utm_campaign=Marts25&utm_content=A&utm_medium=content&utm_source=jp.dk,TRUE,TRUE,0,0,0,2025-03-24,2025-05-23,0,0,Produkt,Redaktionelt indhold / holdning,2025-05-23,2025-03-26,2,0–30 dage,54,45–54,0,1,0,0,1,6,3,2,0.3333333333333333,0.4583333333333333,0.6666666666666666,0.3333333333333333,6,3,3,4,2,0.3333333333333333,2,0.4583333333333333,0.3333333333333333,0.5,Mobile,1,2,0,0.2,0,0,unknown,0,0,0,0,0.3333333333333333,2025-03-24,2025-04-04,11,2,2
ecbee44ff4421f80598cd038ea794911,2025-06-21,2025-03-21T10:59:14Z,Mand,1969-08-15,2017-05-12,utm_campaign=Marts25&utm_content=A&utm_medium=content&utm_source=jp.dk,FALSE,TRUE,9,2,8,2025-03-21,2025-05-20,2,2,Produkt,Redaktionelt indhold / holdning,2025-07-20,2025-06-21,92,90–180 dage,56,55–64,1,0,0,0,165,237,119,72,0.3037974683544304,0.31962025316455694,0.31645569620253167,0.6835443037974683,237,31,119,135,117,0.3037974683544304,72,0.31962025316455694,0.2278481012658228,0.569620253164557,Computer,0,2,0.00694444444444444,0.9652777777777778,0,0,internal,0.08438818565400844,0,0,0,0.42616033755274263,2025-03-21,2025-04-20,30,7.645161290322581,4
ed29887940286545ed9f378597b0384b,2025-08-21,2025-03-06T09:11:49Z,Mand,1976-04-16,2025-03-06,utm_campaign=Marts25&utm_content=A&utm_medium=content&utm_source=jp.dk,FALSE,FALSE,0,0,0,2025-03-06,2025-05-05,0,0,Andet,kunden ønsker ikke at oplyse,2025-09-05,2025-08-21,168,90–180 dage,50,45–54,1,0,0,0,124,186,87,52,0.27956989247311825,0.34274193548387094,1,0,186,23,87,99,86,0.27956989247311825,52,0.34274193548387094,0.25806451612903225,0.5913978494623656,Mobile,1,1,0,0.970873786407767,0,0,internal,0.05376344086021505,0,0.03225806451612903,0,0.46774193548387094,2025-03-06,2025-04-05,30,8.08695652173913,4
ed369bab3d4dccc70a9bf6fb7da44d9c,2025-05-12,2025-03-12T14:25:45Z,Mand,1951-01-15,2011-12-20,utm_campaign=Basis_22&utm_content=HeaderButtonRaised&utm_medium=Matrice&utm_source=jp.dk,FALSE,FALSE,0,0,0,2025-03-12,2025-05-11,0,0,Andet,Ingen årsag – ingen tlf kontakt,2025-05-11,2025-05-12,61,30–90 dage,75,65+,1,0,0,1,1,255,133,75,0.29411764705882354,0.396078431372549,0.20784313725490197,0.792156862745098,255,31,133,140,130,0.29411764705882354,75,0.396078431372549,0.30196078431372547,0.5176470588235295,Computer,0,2,0.01418439716312056,0.9290780141843972,0,0,internal,0.16470588235294115,0,0.00784313725490196,0,0.4392156862745098,2025-03-12,2025-04-11,30,8.225806451612904,4
ed4d4eaaf45e242a84710ec306d662a8,2025-12-03,2025-03-18T05:41:58Z,Mand,1956-02-08,2024-10-03,utm_campaign=Basis_22&utm_content=HeaderButtonRaised&utm_medium=Matrice&utm_source=jp.dk,FALSE,FALSE,1,1,0,2025-03-18,2025-05-17,1,1,Økonomi,Pris,2025-12-17,2025-12-03,260,180–270 dage,70,65+,1,0,0,0,470,25,18,15,0.6,0.56,0.4,0.48,25,7,18,23,17,0.6,15,0.56,0.4,0.36,Computer,0,3,0,0.8571428571428571,0,0,internal,0.04,0,0,0,0,2025-03-18,2025-04-16,29,3.5714285714285716,4
ed5e9900ab10fa23c83b7ee66569c059,2025-03-14,2025-03-14T17:57:10Z,Mand,1999-07-27,2025-03-14,utm_campaign=Marts25&utm_content=B&utm_medium=content&utm_source=jp.dk,TRUE,TRUE,0,0,0,2025-03-14,2025-05-13,0,0,Tid,Ikke tid,2025-05-13,2025-03-14,0,0–30 dage,26,25–34,0,1,0,0,1,2,2,2,1,0.5,1,0,2,1,2,2,2,1,2,0.5,0.5,0.5,Mobile,1,1,0,0.5,0,0,internal,0,0,0,0,0,2025-03-14,2025-03-14,0,2,2
ee5275a035955fff643c908c7d2b3e40,2025-06-26,2025-03-21T20:16:21Z,Mand,1983-06-01,2025-03-21,utm_campaign=Marts25&utm_content=A&utm_medium=content&utm_source=jp.dk,FALSE,FALSE,0,0,0,2025-03-21,2025-05-20,0,0,Tid,Ikke tid,2025-07-20,2025-06-26,97,90–180 dage,42,35–44,1,0,0,0,62,99,65,34,0.3434343434343434,0.44191919191919193,0.7070707070707071,0.29292929292929293,99,16,65,66,62,0.3434343434343434,34,0.44191919191919193,0.3333333333333333,0.41414141414141414,Mobile,1,2,0.04166666666666666,0.9027777777777778,0,0,internal,0.09090909090909093,0,0.0101010101010101,0,0.2727272727272727,2025-03-21,2025-04-19,29,6.1875,3
eead3f1cb1167bf8e012bbe03a044111,2025-06-11,2025-03-11T13:34:12Z,Kvinde,1943-12-24,2020-03-03,utm_campaign=Basis_22&utm_content=HeaderButtonRaised&utm_medium=Matrice&utm_source=jp.dk,TRUE,TRUE,16,4,10,2025-03-11,2025-05-10,0,0,Ukendt,Ukendt,2025-06-11,2025-06-11,92,90–180 dage,82,65+,1,0,0,0,1020,169,119,63,0.3727810650887574,0.5029585798816568,0,1,169,25,119,118,116,0.3727810650887574,63,0.5029585798816568,0.40828402366863903,0.38461538461538464,Computer,0,1,0.3072289156626506,0.6867469879518072,0,0,internal,0.17751479289940827,0,0.0059171597633136,0,0.28402366863905326,2025-03-11,2025-04-09,29,6.76,3
ef8055f337f6e7440116a5bcd1297e6b,2025-05-22,2025-03-05T11:50:37Z,Mand,1956-07-05,2021-07-11,utm_campaign=Marts25&utm_content=a&utm_medium=mail&utm_source=mail,FALSE,TRUE,13,7,7,2025-03-05,2025-05-04,2,2,Tid,Ikke tid,2025-06-04,2025-05-22,78,30–90 dage,69,65+,1,0,0,0,420,32,23,12,0.375,0.46875,0.8125,0.1875,32,11,23,26,20,0.375,12,0.46875,0.34375,0.4375,Mobile,1,2,0,0.6153846153846154,0,0,internal,0.125,0,0.28125,0,0.03125,2025-03-05,2025-04-04,30,2.909090909090909,4
ef90ea2326cba1cf3eee3776c430b624,2025-12-07,2025-03-15T12:50:18Z,Mand,1991-03-26,2015-08-24,utm_campaign=Marts25&utm_content=B&utm_medium=content&utm_source=jp.dk,FALSE,FALSE,0,0,0,2025-03-15,2025-05-14,0,0,Produkt,Redaktionelt indhold / holdning,2025-12-14,2025-12-07,267,180–270 dage,35,35–44,1,0,0,0,215,2,1,1,0.5,0.5,1,0,2,1,1,2,1,0.5,1,0.5,0.5,0.5,Mobile,1,1,0,0,0,0,unknown,0,0,0,0,0,2025-03-15,2025-03-15,0,2,3
efcbf2da9a3604e16307938ba5318f3b,2025-05-17,2025-03-05T07:09:05Z,Kvinde,1971-08-01,2017-02-08,utm_campaign=Marts25&utm_content=B&utm_medium=content&utm_source=jp.dk,FALSE,TRUE,19,7,10,2025-03-05,2025-05-04,1,1,Tid,Ikke tid,2025-06-04,2025-05-17,73,30–90 dage,54,45–54,1,0,0,0,798,49,23,13,0.2653061224489796,0.29591836734693877,0,1,49,14,23,22,22,0.2653061224489796,13,0.29591836734693877,0.16326530612244897,0.5510204081632653,Computer,0,1,0,0.96875,0,0,internal,0.14285714285714285,0,0,0,0.5510204081632653,2025-03-05,2025-04-04,30,3.5,3
efe89095184e910f2b51824e8c4439c4,2025-04-03,2025-03-03T17:59:15Z,Kvinde,1972-10-01,2025-03-03,utm_campaign=Basis_22&utm_content=HeaderButtonRaised&utm_medium=Matrice&utm_source=jp.dk,FALSE,FALSE,0,0,0,2025-03-03,2025-05-02,0,0,Andet,kunden ønsker ikke at oplyse,2025-05-02,2025-04-03,31,30–90 dage,53,45–54,0,0,0,0,1,15,7,4,0.26666666666666666,0.43333333333333335,1,0,15,4,7,9,6,0.26666666666666666,4,0.43333333333333335,0.3333333333333333,0.5333333333333333,Mobile,1,1,0,0.5,0,0,internal,0.2,0,0.06666666666666667,0,0.4,2025-03-03,2025-03-07,4,3.75,1
f0987c3595b34114e5085a1c0c799fbb,2025-08-17,2025-03-21T17:06:55Z,Kvinde,1949-09-05,2025-03-21,utm_campaign=Marts25&utm_content=A&utm_medium=content&utm_source=jp.dk,FALSE,FALSE,0,0,0,2025-03-21,2025-05-20,0,0,Tid,Ikke tid,2025-08-20,2025-08-17,149,90–180 dage,76,65+,1,0,0,0,93,3,2,0,0,0.3333333333333333,0.6666666666666666,0.3333333333333333,3,2,2,1,1,0,0,0.3333333333333333,0.3333333333333333,0.6666666666666666,Mobile,1,2,0,0,0,0,unknown,0,0,0,0,0.6666666666666666,2025-03-21,2025-03-23,2,1.5,3
f0aab63ad685e003555b7e8c0644dba3,2025-05-07,2025-03-06T06:18:25Z,Mand,1956-04-15,2012-12-08,utm_campaign=Marts25&utm_content=b&utm_medium=mail&utm_source=mail,TRUE,TRUE,9,8,4,2025-03-06,2025-05-05,1,0,Tid,Ikke tid,2025-06-05,2025-05-07,62,30–90 dage,70,65+,1,0,0,1,541,84,40,20,0.23809523809523808,0.21726190476190477,0,1,84,13,40,40,39,0.23809523809523808,20,0.21726190476190477,0.03571428571428571,0.5357142857142857,Computer,0,1,0.07142857142857142,0.9166666666666666,0,0,internal,0.08333333333333333,0,0.0238095238095238,0,0.5238095238095238,2025-03-06,2025-04-04,29,6.461538461538462,4
f0f705e69a3153587156a90de673faee,2025-06-10,2025-03-08T16:31:51Z,Mand,2002-06-26,2024-12-13,utm_campaign=Basis_22&utm_content=HeaderButtonRaised&utm_medium=Matrice&utm_source=jp.dk,TRUE,TRUE,0,0,0,2025-03-08,2025-05-07,0,0,Tid,Ikke tid,2025-07-07,2025-06-10,94,90–180 dage,23,18–24,1,0,0,0,62,70,18,31,0.44285714285714284,0.3464285714285714,0.5857142857142857,0.4142857142857143,70,12,18,43,12,0.4428571428571429,31,0.3464285714285714,0.2857142857142857,0.5285714285714286,Mobile,1,2,0.1,0.72,0,0,internal,0.01428571428571428,0,0,0,0.14285714285714285,2025-03-08,2025-04-05,28,5.833333333333333,3
f0fa152f4037b954272eee47098ea09c,2025-11-07,2025-03-21T12:08:08Z,Kvinde,1963-01-03,2024-12-03,utm_campaign=Marts25&utm_content=sc_b&utm_medium=mail&utm_source=mail,FALSE,TRUE,1,1,1,2025-03-21,2025-05-20,0,0,Produkt,Redaktionelt indhold / holdning,2025-11-20,2025-11-07,231,180–270 dage,63,55–64,1,0,0,0,199,110,63,41,0.37272727272727274,0.43863636363636366,0,1,110,15,63,68,62,0.37272727272727274,41,0.43863636363636366,0.34545454545454546,0.4727272727272727,Computer,0,1,0.39814814814814814,0.5925925925925926,0,0,internal,0.17272727272727273,0,0,0,0.38181818181818183,2025-03-21,2025-04-12,22,7.333333333333333,3
f19cb9bef22172940b4139ddc47320c0,2025-11-02,2025-03-07T11:22:10Z,Mand,1966-12-24,2014-01-26,utm_campaign=Marts25&utm_content=B&utm_medium=content&utm_source=jp.dk,FALSE,FALSE,0,0,0,2025-03-07,2025-05-06,0,0,Tid,Ikke tid,2025-11-06,2025-11-02,240,180–270 dage,59,55–64,1,0,0,0,185,124,66,47,0.3790322580645161,0.36088709677419356,0.1774193548387097,0.8225806451612904,124,12,66,80,64,0.3790322580645161,47,0.3608870967741936,0.21774193548387097,0.5,Computer,0,2,0.00925925925925925,0.9722222222222222,0,0,internal,0.1532258064516129,0,0.00806451612903225,0,0.33064516129032256,2025-03-07,2025-04-06,30,10.333333333333334,4
f1f13e18b2af733b92da4c5bca2a9ffe,2025-03-06,2025-03-06T12:46:14Z,Mand,1978-02-18,2014-02-18,utm_campaign=Marts25&utm_content=b&utm_medium=mail&utm_source=mail,FALSE,FALSE,6,1,4,2025-03-06,2025-05-05,1,1,Andet,kunden ønsker ikke at oplyse,2025-05-05,2025-03-06,0,0–30 dage,48,45–54,0,1,0,0,323,174,78,52,0.2988505747126437,0.2025862068965517,0,1,174,26,78,83,73,0.2988505747126437,52,0.2025862068965517,0.05747126436781609,0.6379310344827587,Computer,0,1,0,0.8333333333333334,0,0,internal,0.10344827586206896,0,0.0057471264367816,0,0.4827586206896552,2025-03-06,2025-04-05,30,6.6923076923076925,2
f21cb19a15c316900e2e471423ad2eb2,2025-03-23,2025-03-22T10:19:58Z,Mand,1976-01-04,2020-10-17,utm_campaign=Marts25&utm_content=A&utm_medium=content&utm_source=jp.dk,FALSE,TRUE,15,6,6,2025-03-22,2025-05-21,0,0,Økonomi,Pris,2025-05-21,2025-03-23,1,0–30 dage,50,45–54,0,1,0,0,1345,330,172,113,0.3424242424242424,0.3212121212121212,0.6727272727272727,0.32727272727272727,330,25,172,203,169,0.3424242424242424,113,0.3212121212121212,0.19696969696969696,0.5424242424242425,Mobile,1,2,0.00432900432900432,0.9826839826839828,0,0.00432900432900432,internal,0.13636363636363635,0,0,0,0.37272727272727274,2025-03-22,2025-04-19,28,13.2,2
f2356a431358478feaa3f0ab52de4dfa,2025-03-20,2025-03-04T10:57:43Z,Mand,1946-09-11,2024-10-11,utm_campaign=Marts25&utm_content=A&utm_medium=content&utm_source=jp.dk,FALSE,TRUE,1,1,0,2025-03-04,2025-05-03,0,0,Tid,Ikke tid,2025-05-03,2025-03-20,16,0–30 dage,79,65+,0,0,0,0,106,198,75,59,0.29797979797979796,0.44696969696969696,0,1,198,9,75,103,70,0.29797979797979796,59,0.44696969696969696,0.37373737373737376,0.494949494949495,Computer,0,1,0.422680412371134,0.5412371134020618,0,0,internal,0.0707070707070707,0,0,0,0.4444444444444444,2025-03-04,2025-03-13,9,22,2
f2e729572ee5d7ea093b9989e5fcd2cc,2025-05-07,2025-03-05T15:09:21Z,Mand,1982-03-07,2015-03-09,utm_campaign=Marts25&utm_content=b&utm_medium=mail&utm_source=mail,TRUE,TRUE,9,7,4,2025-03-05,2025-05-04,3,4,Tid,Ikke tid,2025-06-04,2025-05-07,63,30–90 dage,44,35–44,1,0,0,1,446,212,122,79,0.37264150943396224,0.4988207547169811,0,1,212,25,122,136,121,0.37264150943396224,79,0.4988207547169811,0.4481132075471698,0.4528301886792453,Computer,0,1,0,0.9635036496350364,0.0291970802919708,0,internal,0.14150943396226415,0,0,0,0.3584905660377358,2025-03-05,2025-04-04,30,8.48,4
f2f9a0e15da517768c7965ab94e2a5ab,2025-09-01,2025-03-19T18:25:11Z,Mand,1990-07-03,2025-03-19,utm_campaign=Marts25&utm_content=A&utm_medium=content&utm_source=jp.dk,FALSE,FALSE,0,0,0,2025-03-19,2025-05-18,0,0,Økonomi,Pris,2025-09-18,2025-09-01,166,90–180 dage,35,35–44,1,0,0,0,124,27,14,11,0.4074074074074074,0.24074074074074073,1,0,27,3,14,13,11,0.4074074074074074,11,0.24074074074074073,0.14814814814814814,0.5925925925925926,Mobile,1,1,0.03703703703703703,0.925925925925926,0,0,internal,0.18518518518518515,0,0,0,0.4074074074074074,2025-03-19,2025-03-28,9,9,3
f2fdfe2ad3800375137cff870b1a4f6f,2026-03-20,2025-03-10T06:17:36Z,Mand,1955-05-30,2025-03-10,utm_campaign=Marts25&utm_content=B&utm_medium=content&utm_source=jp.dk,FALSE,FALSE,0,0,0,2025-03-10,2025-05-09,0,0,Ukendt,Ukendt,2026-03-20,2026-03-20,375,365+ dage,70,65+,1,0,0,0,315,176,130,96,0.5454545454545454,0.5795454545454546,0.3977272727272727,0.6022727272727273,176,27,130,150,129,0.5454545454545454,96,0.5795454545454546,0.3977272727272727,0.2556818181818182,Computer,0,2,0,0.956043956043956,0,0,internal,0.2215909090909091,0,0,0,0.1477272727272727,2025-03-10,2025-04-09,30,6.518518518518518,4
f31db9e7a7c8ce01c0bb89b326001d42,2025-11-21,2025-03-21T12:43:35Z,Mand,1944-10-06,2016-09-11,utm_campaign=Marts25&utm_content=sc_b&utm_medium=mail&utm_source=mail,TRUE,TRUE,8,1,5,2025-03-21,2025-05-20,5,5,Tid,Ikke tid,2025-12-20,2025-11-21,245,180–270 dage,81,65+,1,0,0,0,1721,429,265,165,0.38461538461538464,0.6165501165501166,0,1,429,31,265,300,261,0.38461538461538464,165,0.6165501165501166,0.5617715617715617,0.34498834498834496,Computer,0,1,0,0.9966329966329966,0,0,internal,0.12354312354312354,0,0.01165501165501165,0,0.28205128205128205,2025-03-21,2025-04-20,30,13.838709677419354,4
f32c43d378bf9c3fff05c3106dcf599f,2025-05-11,2025-03-18T11:47:42Z,Kvinde,1972-12-31,2016-03-05,utm_campaign=Marts25&utm_content=A&utm_medium=content&utm_source=jp.dk,TRUE,TRUE,0,0,0,2025-03-18,2025-05-17,0,0,Produkt,Redaktionelt indhold / holdning,2025-05-17,2025-05-11,54,30–90 dage,53,45–54,0,0,0,0,1,6,5,3,0.5,0.4166666666666667,0,1,6,2,5,5,4,0.5,3,0.4166666666666667,0.3333333333333333,0.5,Computer,0,1,0,0.6666666666666666,0,0,internal,0.16666666666666666,0,0,0,0.16666666666666666,2025-03-18,2025-04-08,21,3,1
f33e5dc74fc7c613e1c5183dca828d52,2025-04-28,2025-03-06T07:56:21Z,Mand,1979-06-05,2023-06-26,utm_campaign=Marts25&utm_content=A&utm_medium=content&utm_source=jp.dk,FALSE,TRUE,4,2,1,2025-03-06,2025-05-05,0,0,Produkt,Redaktionelt indhold / holdning,2025-05-05,2025-04-28,53,30–90 dage,46,45–54,0,0,0,0,158,344,146,96,0.27906976744186046,0.29651162790697677,1,0,344,31,146,165,144,0.27906976744186046,96,0.29651162790697677,0.18604651162790695,0.622093023255814,Mobile,1,1,0,0.9857142857142858,0,0,internal,0.1482558139534884,0,0.00290697674418604,0,0.5174418604651163,2025-03-06,2025-04-05,30,11.096774193548388,4
f3c4fc320372b73ee410c2c9d92dee75,2025-05-14,2025-03-12T15:44:51Z,Kvinde,1985-03-16,2025-03-12,utm_campaign=Marts25&utm_content=B&utm_medium=content&utm_source=jp.dk,FALSE,TRUE,0,0,0,2025-03-12,2025-05-11,0,0,Tid,Ikke tid,2025-06-11,2025-05-14,63,30–90 dage,41,35–44,1,0,0,1,32,8,6,4,0.5,0.46875,1,0,8,2,6,7,5,0.5,4,0.46875,0.25,0.25,Mobile,1,1,0.3333333333333333,0.16666666666666666,0,0,unknown,0.625,0,0,0,0.125,2025-03-12,2025-04-06,25,4,3
f3d6b6e45d2ac55eaaf67b8141daeaf1,2025-04-29,2025-03-08T07:08:26Z,Kvinde,1963-02-24,2012-10-07,utm_campaign=Marts25&utm_content=b&utm_medium=mail&utm_source=mail,FALSE,TRUE,1,0,0,2025-03-08,2025-05-07,0,0,Andet,kunden ønsker ikke at oplyse,2025-05-07,2025-04-29,52,30–90 dage,63,55–64,0,0,0,0,1653,51,26,13,0.2549019607843137,0.3480392156862745,0.6078431372549019,0.39215686274509803,51,7,26,27,25,0.2549019607843137,13,0.3480392156862745,0.19607843137254904,0.5294117647058824,Mobile,1,2,0.3333333333333333,0.6428571428571429,0,0,internal,0.17647058823529413,0,0,0,0.4705882352941176,2025-03-08,2025-03-26,18,7.285714285714286,1
f4a021012e0379b342bd520316e25b69,2025-05-18,2025-03-21T08:06:41Z,Mand,1938-11-25,2024-12-22,utm_campaign=Marts25&utm_content=sc_a&utm_medium=mail&utm_source=mail,TRUE,FALSE,0,0,0,2025-03-21,2025-05-20,0,0,Tid,Ikke tid,2025-05-20,2025-05-18,58,30–90 dage,87,65+,0,0,0,0,22,118,68,41,0.3474576271186441,0.3855932203389831,0,1,118,15,68,69,61,0.3474576271186441,41,0.3855932203389831,0.23728813559322037,0.4745762711864407,Computer,0,1,0,0.8837209302325582,0,0,internal,0.1016949152542373,0,0.00847457627118644,0,0.3050847457627119,2025-03-21,2025-04-20,30,7.866666666666666,1
f4f21a6db6bb6eb98f66aeddf3e6c3ea,2025-04-28,2025-03-04T07:53:31Z,Mand,1957-05-27,2025-03-04,utm_campaign=Marts25&utm_content=A&utm_medium=content&utm_source=jp.dk,FALSE,FALSE,0,0,0,2025-03-04,2025-05-03,0,0,Tid,Ikke tid,2025-05-03,2025-04-28,55,30–90 dage,68,65+,0,0,0,0,1,295,200,123,0.41694915254237286,0.5949152542372881,0.013559322033898305,0.9864406779661017,295,20,200,217,190,0.41694915254237286,123,0.5949152542372881,0.5322033898305085,0.3423728813559322,Computer,0,2,0.00766283524904214,0.9846743295019156,0,0,internal,0.08813559322033898,0,0,0,0.17966101694915254,2025-03-04,2025-04-03,30,14.75,1
f50856fc107729999e2e1d357c844649,2025-04-05,2025-03-20T11:13:41Z,Mand,1938-09-22,2023-10-05,utm_campaign=Marts25&utm_medium=Weblayer&utm_source=jp.dk,TRUE,TRUE,2,2,0,2025-03-20,2025-05-19,11,9,Andet,kunden ønsker ikke at oplyse,2025-05-19,2025-04-05,16,0–30 dage,87,65+,0,0,0,0,468,43,42,23,0.5348837209302325,0.7325581395348837,1,0,43,15,42,42,41,0.5348837209302325,23,0.7325581395348837,0.627906976744186,0.16279069767441862,Mobile,1,1,0,1,0,0,internal,0.13953488372093023,0,0,0,0.02325581395348837,2025-03-22,2025-04-18,27,2.8666666666666667,2
f52035d04affa1321c66d4076947afcb,2025-07-07,2025-03-04T15:22:05Z,Kvinde,1993-09-29,2025-03-04,utm_campaign=Marts25&utm_content=A&utm_medium=content&utm_source=jp.dk,FALSE,FALSE,0,0,0,2025-03-04,2025-05-03,0,0,Produkt,Redaktionelt indhold / holdning,2025-08-03,2025-07-07,125,90–180 dage,32,25–34,1,0,0,0,93,20,10,7,0.35,0.2,1,0,20,3,10,12,9,0.35,7,0.2,0.1,0.65,Mobile,1,1,0,0.4,0,0,unknown,0,0,0,0,0.4,2025-03-04,2025-03-08,4,6.666666666666667,3
f54455c4d82be9b4fbdb4d969a1d9727,2025-04-28,2025-03-05T14:16:22Z,Mand,1951-09-25,2019-02-09,utm_campaign=Marts25&utm_content=b&utm_medium=mail&utm_source=mail,TRUE,TRUE,10,4,5,2025-03-05,2025-05-04,1,1,Andet,kunden ønsker ikke at oplyse,2025-05-04,2025-04-28,54,30–90 dage,74,65+,0,0,0,0,1077,491,195,121,0.24643584521384929,0.3182281059063136,1,0,491,31,195,240,187,0.24643584521384929,121,0.3182281059063136,0.2423625254582485,0.615071283095723,Mobile,1,1,0.00364963503649635,0.978102189781022,0.01824817518248175,0,internal,0.1079429735234216,0,0.00610997963340122,0,0.439918533604888,2025-03-05,2025-04-04,30,15.838709677419354,1
f54ffadf1451a7caef4cc67e01afee38,2025-03-22,2025-03-22T06:08:50Z,Mand,1978-04-19,2012-06-20,utm_campaign=Marts25&utm_medium=topticker&utm_source=jp.dk,FALSE,TRUE,17,9,11,2025-03-22,2025-05-21,1,1,Økonomi,Pris,2025-05-21,2025-03-22,0,0–30 dage,48,45–54,0,1,0,0,315,440,201,137,0.31136363636363634,0.35170454545454544,0.9590909090909091,0.04090909090909091,440,30,201,231,199,0.31136363636363634,137,0.35170454545454544,0.2681818181818182,0.5681818181818182,Mobile,1,2,0.00427350427350427,0.9871794871794872,0,0,internal,0.07954545454545454,0,0.00909090909090909,0,0.47045454545454546,2025-03-22,2025-04-21,30,14.666666666666666,2
f5de57c057c6ec27e94fb8d54a176f19,2025-03-12,2025-03-09T12:20:55Z,Kvinde,1961-11-14,2013-01-30,utm_campaign=Marts25&utm_content=B&utm_medium=content&utm_source=jp.dk,FALSE,TRUE,3,0,2,2025-03-09,2025-05-08,3,3,Andet,Ingen årsag – ingen tlf kontakt,2025-05-08,2025-03-12,3,0–30 dage,64,55–64,0,1,0,0,43,165,56,42,0.2545454545454545,0.28484848484848485,1,0,165,25,56,75,53,0.2545454545454545,42,0.28484848484848485,0.18181818181818185,0.6484848484848484,Mobile,1,1,0,0.986842105263158,0,0,internal,0.18787878787878787,0,0,0,0.5333333333333333,2025-03-09,2025-04-08,30,6.6,2
f5e6f879f932f35a75797f0bb053c7c1,2025-04-14,2025-03-05T14:36:18Z,Mand,1975-11-02,2025-03-05,utm_campaign=Basis_22&utm_content=HeaderButtonRaised&utm_medium=Matrice&utm_source=jp.dk,FALSE,FALSE,0,0,0,2025-03-05,2025-05-04,0,0,Andet,kunden ønsker ikke at oplyse,2025-05-04,2025-04-14,40,30–90 dage,50,45–54,0,0,0,0,1,59,31,15,0.2542372881355932,0.3516949152542373,1,0,59,5,31,28,24,0.2542372881355932,15,0.3516949152542373,0.2711864406779661,0.559322033898305,Mobile,1,1,0,0.9148936170212766,0,0,internal,0.11864406779661016,0,0,0,0.3728813559322034,2025-03-05,2025-03-11,6,11.8,4
f5fab6cffe4587e628d9651e0607996e,2025-12-02,2025-03-22T14:42:45Z,Kvinde,1979-04-01,2025-03-22,utm_campaign=Marts25&utm_content=B&utm_medium=content&utm_source=jp.dk,TRUE,TRUE,0,0,0,2025-03-22,2025-05-21,0,0,Tid,Ikke tid,2025-12-21,2025-12-02,255,180–270 dage,47,45–54,1,0,0,0,215,8,4,2,0.25,0.25,1,0,8,2,4,4,3,0.25,2,0.25,0,0.5,Mobile,1,1,0,0.25,0,0,unknown,0,0,0,0,0.5,2025-03-22,2025-04-21,30,4,3
f77682c46f0052360c03f5b4970a2b94,2025-03-15,2025-03-15T04:38:06Z,Kvinde,1983-05-10,2019-09-11,utm_campaign=Marts25&utm_content=A&utm_medium=content&utm_source=jp.dk,FALSE,FALSE,2,2,0,2025-03-15,2025-05-14,0,0,Andet,kunden ønsker ikke at oplyse,2025-05-14,2025-03-15,0,0–30 dage,42,35–44,0,1,0,0,212,751,240,158,0.2103861517976032,0.2073901464713715,0.8588548601864181,0.1411451398135819,751,31,240,296,237,0.2103861517976032,158,0.2073901464713715,0.11051930758988016,0.6764314247669774,Mobile,1,2,0.00328947368421052,0.9769736842105264,0,0,internal,0.05725699067909454,0,0.01065246338215712,0,0.6031957390146472,2025-03-15,2025-04-14,30,24.225806451612904,2
f79e1675b854d18f6f0c9a76d7941b3f,2025-04-30,2025-03-06T07:17:41Z,Mand,1950-07-31,2012-12-31,utm_campaign=Marts25&utm_content=b&utm_medium=mail&utm_source=mail,FALSE,TRUE,10,5,4,2025-03-06,2025-05-05,1,0,Andet,kunden ønsker ikke at oplyse,2025-05-05,2025-04-30,55,30–90 dage,75,65+,0,0,0,0,726,208,104,67,0.32211538461538464,0.38341346153846156,0,1,208,31,104,113,102,0.32211538461538464,67,0.3834134615384616,0.28846153846153844,0.5240384615384616,Computer,0,1,0,0.9910714285714286,0,0,internal,0.11057692307692309,0,0.00961538461538461,0,0.4519230769230769,2025-03-06,2025-04-05,30,6.709677419354839,1
f7e335754c1d61dce2e70ddf8b6011db,2025-12-02,2025-03-06T09:21:45Z,Kvinde,1977-09-29,2023-03-06,utm_campaign=Marts25&utm_content=e-avis_ikkeabn&utm_medium=matrice&utm_source=jp.dk,TRUE,TRUE,1,1,0,2025-03-06,2025-05-05,0,0,Andet,kunden ønsker ikke at oplyse,2025-12-05,2025-12-02,271,270–365 dage,48,45–54,1,0,0,0,222,1,1,0,0,0,0,1,1,1,1,0,0,0,0,0,0,1,Computer,0,1,0,1,0,0,internal,0,0,0,0,1,2025-03-06,2025-03-06,0,1,4
f8a31b28770a75fe299ad45b0bc9ee65,2025-05-15,2025-03-15T19:58:09Z,Mand,2006-05-07,2025-03-15,utm_campaign=Marts25&utm_content=B&utm_medium=content&utm_source=jp.dk,FALSE,FALSE,0,0,0,2025-03-15,2025-05-14,0,0,Økonomi,Pris,2025-06-14,2025-05-15,61,30–90 dage,19,18–24,1,0,0,1,32,4,4,1,0.25,0.875,0,1,4,1,4,4,4,0.25,1,0.875,0.5,0,Computer,0,1,0.5,0,0,0,search,1,0,0,0,0,2025-03-15,2025-03-15,0,4,3
f8aaf2658148a3cff3785804aac976d2,2025-04-11,2025-03-08T19:29:40Z,Mand,1968-11-05,2025-03-08,utm_campaign=Marts25&utm_content=A&utm_medium=content&utm_source=jp.dk,FALSE,FALSE,0,0,0,2025-03-08,2025-05-07,0,0,Produkt,Redaktionelt indhold / holdning,2025-05-07,2025-04-11,34,30–90 dage,57,55–64,0,0,0,0,82,378,160,111,0.29365079365079366,0.2810846560846561,0.12433862433862433,0.8756613756613757,378,25,160,181,158,0.29365079365079366,111,0.2810846560846561,0.16137566137566137,0.5846560846560847,Computer,0,2,0,0.9471698113207548,0,0,internal,0.10317460317460315,0,0.00529100529100529,0,0.5132275132275133,2025-03-08,2025-04-06,29,15.12,1
f8b94f20bd0c0d13361f4ca2f2d3dffa,2025-03-23,2025-03-23T16:51:36Z,Mand,1973-09-19,2022-02-27,utm_campaign=Marts25&utm_content=sc_b&utm_medium=mail&utm_source=mail,FALSE,TRUE,8,7,2,2025-03-23,2025-05-22,0,0,Andet,kunden ønsker ikke at oplyse,2025-05-22,2025-03-23,0,0–30 dage,52,45–54,0,1,0,0,622,502,230,132,0.26294820717131473,0.4048804780876494,0.549800796812749,0.450199203187251,502,31,230,262,229,0.26294820717131473,132,0.4048804780876494,0.28087649402390436,0.5039840637450199,Mobile,1,2,0,0.9923857868020304,0,0,internal,0.11553784860557768,0,0.00796812749003984,0,0.47808764940239046,2025-03-23,2025-04-22,30,16.193548387096776,2
f8ca4217d40e82b809f2ecd679606f05,2025-08-17,2025-03-05T16:42:32Z,Mand,1939-10-16,2023-10-04,utm_campaign=Marts25&utm_content=a&utm_medium=mail&utm_source=mail,TRUE,TRUE,2,2,0,2025-03-05,2025-05-04,3,3,Tid,Ikke tid,2025-09-04,2025-08-17,165,90–180 dage,86,65+,1,0,0,0,383,62,52,28,0.45161290322580644,0.5967741935483871,0,0.9516129032258065,62,22,52,59,50,0.4516129032258064,28,0.5967741935483871,0.3225806451612903,0.0967741935483871,Computer,0,2,0.05,0.75,0,0.15,internal,0.2258064516129032,0,0.04838709677419355,0,0.03225806451612903,2025-03-05,2025-04-04,30,2.8181818181818183,4
f900fad4ac42e8268816ff7a5971bdde,2025-09-19,2025-03-13T09:12:18Z,Kvinde,1966-11-01,2021-09-02,utm_campaign=Basis_22&utm_content=HeaderButtonRaised&utm_medium=Matrice&utm_source=jp.dk,FALSE,FALSE,1,1,0,2025-03-13,2025-05-12,0,0,Tid,Ikke tid,2025-10-12,2025-09-19,190,180–270 dage,59,55–64,1,0,0,0,199,24,23,12,0.5,0.6458333333333334,1,0,24,17,23,23,22,0.5,12,0.6458333333333334,0.4583333333333333,0.20833333333333337,Mobile,1,1,0,0,0,0.9583333333333334,social,0.3333333333333333,0,0.04166666666666666,0,0,2025-03-13,2025-04-11,29,1.411764705882353,3
f9200c31a456ddcf5b2de3ee5667e0b7,2025-04-04,2025-03-15T17:54:59Z,Kvinde,1976-02-20,2015-01-30,utm_campaign=Marts25&utm_content=B&utm_medium=content&utm_source=jp.dk,FALSE,FALSE,0,0,0,2025-03-15,2025-05-14,0,0,Produkt,Redaktionelt indhold / holdning,2025-05-14,2025-04-04,20,0–30 dage,50,45–54,0,0,0,0,1,108,86,45,0.4166666666666667,0.6226851851851852,1,0,108,17,86,87,80,0.4166666666666667,45,0.6226851851851852,0.5370370370370371,0.28703703703703703,Mobile,1,1,0.10576923076923075,0.7596153846153846,0,0.10576923076923075,internal,0.2037037037037037,0,0,0,0.0925925925925926,2025-03-15,2025-04-13,29,6.352941176470588,1
f944be29c5c1e04626d86a1df02749b0,2025-05-14,2025-03-05T06:26:45Z,Mand,1960-04-20,2014-12-30,utm_campaign=Basis_22&utm_content=HeaderButtonRaised&utm_medium=Matrice&utm_source=jp.dk,TRUE,TRUE,0,0,0,2025-03-05,2025-05-04,3,3,Andet,kunden ønsker ikke at oplyse,2025-06-04,2025-05-14,70,30–90 dage,66,65+,1,0,0,1,60,674,304,219,0.3249258160237389,0.4250741839762611,0.6350148367952523,0.3649851632047478,674,31,304,388,298,0.3249258160237389,219,0.4250741839762611,0.3486646884272997,0.5059347181008902,Mobile,1,2,0.0050251256281407,0.8869346733668342,0,0,internal,0.11275964391691394,0,0,0,0.4065281899109792,2025-03-05,2025-04-04,30,21.741935483870968,4
f99d1964208a3c9cade172c296fb9855,2025-04-27,2025-03-11T08:46:47Z,Mand,1961-05-06,2012-12-22,utm_campaign=Marts25&utm_medium=topticker&utm_source=jp.dk,FALSE,FALSE,8,4,3,2025-03-11,2025-05-10,0,0,Andet,kunden ønsker ikke at oplyse,2025-05-10,2025-04-27,47,30–90 dage,64,55–64,0,0,0,0,607,10,9,7,0.7,0.425,0.7,0.3,10,8,9,8,8,0.7,7,0.425,0.2,0.4,Mobile,1,2,0,0.5,0,0,internal,0.2,0,0.2,0,0.2,2025-03-11,2025-03-30,19,1.25,1
f9f741851c7ff91176b0b5fa4d36f930,2025-05-03,2025-03-20T19:30:59Z,Kvinde,1966-11-23,2021-03-14,utm_campaign=Basis_22&utm_content=App_android&utm_medium=Matrice&utm_source=App,FALSE,TRUE,1,0,0,2025-03-20,2025-05-19,0,0,Andet,kunden ønsker ikke at oplyse,2025-05-19,2025-05-03,44,30–90 dage,59,55–64,0,0,0,0,93,143,66,41,0.2867132867132867,0.27797202797202797,1,0,143,21,66,69,64,0.2867132867132867,41,0.27797202797202797,0.16783216783216784,0.6153846153846154,Mobile,1,1,0,0.8783783783783784,0,0,internal,0.15384615384615383,0,0.00699300699300699,0,0.5104895104895105,2025-03-20,2025-04-19,30,6.809523809523809,1
fa5774c02510a61b6b305ffb50b98b01,2026-03-24,2025-03-21T19:24:18Z,Mand,1961-11-02,2015-01-24,utm_campaign=Marts25&utm_content=sc_a&utm_medium=mail&utm_source=mail,FALSE,FALSE,2,2,0,2025-03-21,2025-05-20,0,0,Ukendt,Ukendt,2026-03-24,2026-03-24,368,365+ dage,64,55–64,1,0,0,0,786,212,108,59,0.2783018867924528,0.3384433962264151,0.6981132075471698,0.3018867924528302,212,27,108,116,106,0.2783018867924528,59,0.3384433962264151,0.24056603773584903,0.5424528301886793,Mobile,1,2,0.06976744186046512,0.8914728682170543,0,0,internal,0.1509433962264151,0,0.00471698113207547,0,0.4481132075471698,2025-03-21,2025-04-19,29,7.851851851851852,4
fa71593f4cefdc83dfb80bc4c89c7fcc,2025-03-17,2025-03-05T19:12:00Z,Mand,1968-06-06,2022-05-01,utm_campaign=Marts25&utm_content=b&utm_medium=mail&utm_source=mail,FALSE,TRUE,1,1,0,2025-03-05,2025-05-04,0,0,Andet,kunden ønsker ikke at oplyse,2025-05-04,2025-03-17,12,0–30 dage,57,55–64,0,0,0,0,338,439,221,146,0.3325740318906606,0.3940774487471526,0.2437357630979499,0.7562642369020501,439,29,221,256,212,0.3325740318906606,146,0.3940774487471526,0.296127562642369,0.510250569476082,Computer,0,2,0.14136125654450263,0.8298429319371727,0,0,internal,0.1070615034168565,0,0.02050113895216401,0,0.3416856492027335,2025-03-05,2025-04-04,30,15.137931034482758,1
fa91b4e6754bdd62e07cf4bbf326e05b,2025-06-24,2025-03-23T08:05:16Z,Mand,1970-01-31,2021-01-02,utm_campaign=Marts25&utm_content=A&utm_medium=content&utm_source=jp.dk,FALSE,FALSE,0,0,0,2025-03-23,2025-05-22,0,0,Produkt,Redaktionelt indhold / holdning,2025-07-22,2025-06-24,93,90–180 dage,56,55–64,1,0,0,0,62,2,1,0,0,0,1,0,2,1,1,0,0,0,0,0,0,1,Mobile,1,1,0,0,0,0,unknown,0,0,0,0,1,2025-03-23,2025-03-23,0,2,4
faa5fa17d662699ba69d3b79387dec5e,2025-05-21,2025-03-22T07:49:26Z,Kvinde,1956-04-09,2024-01-12,utm_campaign=Marts25&utm_content=sc_b&utm_medium=mail&utm_source=mail,TRUE,FALSE,3,2,2,2025-03-22,2025-05-21,0,0,Andet,Ingen årsag – ingen tlf kontakt,2025-05-21,2025-05-21,60,30–90 dage,70,65+,0,0,0,0,175,194,91,76,0.3917525773195876,0.25773195876288657,0.9690721649484536,0.030927835051546393,194,19,91,119,89,0.3917525773195876,76,0.25773195876288657,0.12886597938144329,0.6185567010309279,Mobile,1,2,0.0546875,0.8359375,0,0.0703125,internal,0.18556701030927836,0,0,0,0.3762886597938144,2025-03-22,2025-04-20,29,10.210526315789474,1
fabb0fa73bfeceecdf161da3389b6caa,2025-06-26,2025-03-13T12:25:49Z,Mand,1950-09-27,2025-03-13,utm_campaign=Marts25&utm_content=A&utm_medium=content&utm_source=jp.dk,FALSE,FALSE,0,0,0,2025-03-13,2025-05-12,0,0,Tid,Ikke tid,2025-07-12,2025-06-26,105,90–180 dage,75,65+,1,0,0,0,62,36,30,16,0.4444444444444444,0.5694444444444444,0.6944444444444444,0.3055555555555556,36,5,30,29,24,0.4444444444444444,16,0.5694444444444444,0.4722222222222222,0.2777777777777778,Mobile,1,2,0,0.8181818181818182,0,0,internal,0.3055555555555556,0,0.02777777777777777,0,0.02777777777777777,2025-03-13,2025-04-03,21,7.2,4
fb399d68e1c8af128a388d804d698c5a,2025-07-23,2025-03-13T13:00:03Z,Mand,1968-12-21,2015-03-14,utm_campaign=Basis_22&utm_content=HeaderButtonRaised&utm_medium=Matrice&utm_source=jp.dk,FALSE,FALSE,4,4,0,2025-03-13,2025-05-12,0,0,Produkt,Redaktionelt indhold / holdning,2025-11-12,2025-07-23,132,90–180 dage,57,55–64,1,0,0,0,845,521,214,145,0.2783109404990403,0.2826295585412668,0.8541266794625719,0.028790786948176585,521,31,214,245,210,0.2783109404990403,145,0.2826295585412668,0.18234165067178504,0.6218809980806143,Mobile,1,3,0,0.99609375,0,0,internal,0.0690978886756238,0,0.00575815738963531,0,0.491362763915547,2025-03-13,2025-04-12,30,16.806451612903224,4
fba1db33923003177babc40f0a3cfe8d,2025-04-16,2025-03-06T09:40:08Z,Kvinde,1964-10-10,2025-03-06,utm_campaign=Marts25&utm_content=B&utm_medium=content&utm_source=jp.dk,FALSE,FALSE,0,0,0,2025-03-06,2025-05-05,0,0,Produkt,Redaktionelt indhold / holdning,2025-05-05,2025-04-16,41,30–90 dage,61,55–64,0,0,0,0,1,11,9,1,0.09090909090909091,0.5454545454545454,0,1,11,1,9,6,4,0.09090909090909093,1,0.5454545454545454,0.5454545454545454,0.4545454545454546,Computer,0,1,0,0.9,0,0,internal,0.18181818181818185,0,0,0,0.09090909090909093,2025-03-06,2025-03-06,0,11,1
fbdfb1d45b4477cf1f0ccbb98868f70a,2025-04-01,2025-03-11T10:44:43Z,Mand,1964-08-01,2025-03-11,utm_campaign=Basis_22&utm_content=HeaderButtonRaised&utm_medium=Matrice&utm_source=jp.dk,TRUE,TRUE,0,0,0,2025-03-11,2025-05-10,0,0,Tid,Ikke tid,2025-05-10,2025-04-01,21,0–30 dage,61,55–64,0,0,0,0,1,43,20,10,0.23255813953488372,0.31976744186046513,0,1,43,9,20,21,17,0.23255813953488372,10,0.31976744186046513,0.27906976744186046,0.627906976744186,Computer,0,1,0.13157894736842105,0.7368421052631579,0,0,internal,0.04651162790697674,0,0,0,0.46511627906976744,2025-03-11,2025-04-04,24,4.777777777777778,1
fc21356db5d9032949d7d27f4ad6a4f7,2025-04-07,2025-03-07T20:17:00Z,Mand,1954-02-01,2022-07-16,utm_campaign=Marts25&utm_content=a&utm_medium=mail&utm_source=mail,TRUE,TRUE,11,8,4,2025-03-07,2025-05-06,0,0,Andet,kunden ønsker ikke at oplyse,2025-05-06,2025-04-07,31,30–90 dage,72,65+,0,0,0,0,420,27,19,10,0.37037037037037035,0.32407407407407407,0.8148148148148148,0,27,7,19,23,17,0.3703703703703703,10,0.32407407407407407,0.2222222222222222,0.5555555555555556,Mobile,1,2,0,0.9444444444444444,0,0,internal,0.03703703703703703,0,0,0,0.03703703703703703,2025-03-07,2025-04-01,25,3.857142857142857,1
fc58cfb884d82f8ff7398450731734d8,2025-05-20,2025-03-08T07:27:32Z,Kvinde,1953-05-11,2016-12-05,utm_campaign=Marts25&utm_content=A&utm_medium=content&utm_source=jp.dk,TRUE,TRUE,3,2,0,2025-03-08,2025-05-07,0,0,Produkt,Redaktionelt indhold / holdning,2025-06-07,2025-05-20,73,30–90 dage,72,65+,1,0,0,0,565,8,8,6,0.75,0.6875,0.5,0,8,7,8,8,8,0.75,6,0.6875,0.5,0,Mobile,1,2,0,0.125,0,0.625,social,0.625,0,0,0,0,2025-03-08,2025-03-23,15,1.1428571428571428,3
fcfd45344b1647471f5ec6194c220c3e,2025-05-07,2025-03-07T13:30:24Z,Mand,1954-08-18,2015-10-15,utm_campaign=Marts25&utm_content=A&utm_medium=content&utm_source=jp.dk,FALSE,TRUE,2,1,1,2025-03-07,2025-05-06,0,0,Andet,kunden ønsker ikke at oplyse,2025-06-06,2025-05-07,61,30–90 dage,71,65+,1,0,0,1,315,431,203,118,0.2737819025522042,0.2273781902552204,1,0,431,21,203,212,202,0.2737819025522042,118,0.2273781902552204,0.10904872389791184,0.62877030162413,Mobile,1,1,0.5127610208816705,0.482598607888631,0,0,search,0.1136890951276102,0,0.00232018561484918,0,0.5081206496519721,2025-03-07,2025-04-06,30,20.52380952380953,4
fcff08f9900492e80d3bc88cd2816a0b,2025-06-27,2025-03-16T17:51:39Z,Kvinde,1961-08-09,2018-05-02,utm_campaign=Marts25&utm_content=A&utm_medium=content&utm_source=jp.dk,FALSE,FALSE,0,0,0,2025-03-16,2025-05-15,1,1,Tid,Ikke tid,2025-07-15,2025-06-27,103,90–180 dage,64,55–64,1,0,0,0,62,19,15,12,0.631578947368421,0.5131578947368421,1,0,19,7,15,18,14,0.631578947368421,12,0.5131578947368421,0.42105263157894735,0.3684210526315789,Mobile,1,1,0,0.9,0,0,internal,0.3684210526315789,0,0,0,0.05263157894736842,2025-03-16,2025-04-03,18,2.7142857142857144,3
fd4b17098faf5af31d4bbf9088565549,2025-06-24,2025-03-21T12:56:03Z,Kvinde,1982-11-11,2022-06-09,utm_campaign=Marts25&utm_content=B&utm_medium=content&utm_source=jp.dk,TRUE,TRUE,1,1,0,2025-03-21,2025-05-20,0,0,Andet,RVS,2025-06-23,2025-06-24,95,90–180 dage,43,35–44,1,0,0,0,140,3,2,0,0,0.3333333333333333,1,0,3,2,2,2,1,0,0,0.3333333333333333,0.3333333333333333,0.6666666666666666,Mobile,1,1,0,0.6666666666666666,0,0,internal,0,0,0,0,0.3333333333333333,2025-03-21,2025-03-23,2,1.5,3
fd7c61d9b6e9f8be434088054b064ea1,2025-09-14,2025-03-22T06:27:08Z,Mand,1929-09-03,2012-04-04,utm_campaign=Marts25&utm_content=a&utm_medium=mail&utm_source=mail,FALSE,TRUE,6,2,2,2025-03-22,2025-05-21,0,0,Andet,kunden ønsker ikke at oplyse,2025-11-21,2025-09-14,176,90–180 dage,96,65+,1,0,0,0,1113,141,82,41,0.2907801418439716,0.5124113475177305,0,1,141,26,82,82,81,0.2907801418439716,41,0.5124113475177305,0.45390070921985815,0.4326241134751773,Computer,0,1,0,0.9659090909090908,0,0,internal,0.10638297872340426,0,0,0,0.41843971631205673,2025-03-22,2025-04-21,30,5.423076923076923,4
fe3c45af45c15c51b4552c23672cf422,2025-07-12,2025-03-20T21:24:21Z,Mand,1968-07-02,2014-04-15,utm_campaign=Marts25&utm_content=A&utm_medium=content&utm_source=jp.dk,FALSE,FALSE,2,2,0,2025-03-20,2025-05-19,2,2,Økonomi,Pris,2025-07-19,2025-07-12,114,90–180 dage,57,55–64,1,0,0,0,674,160,85,49,0.30625,0.309375,0.76875,0.23125,160,23,85,85,84,0.30625,49,0.309375,0.1875,0.58125,Mobile,1,2,0,0.9897959183673468,0,0,internal,0.09375,0,0.00625,0,0.46875,2025-03-20,2025-04-19,30,6.956521739130435,4
fe93224d8d68377945c02f1116cda92a,2025-05-12,2025-03-03T15:25:58Z,Mand,1965-04-14,2012-06-20,utm_campaign=Marts25&utm_content=A&utm_medium=content&utm_source=jp.dk,FALSE,FALSE,4,1,2,2025-03-03,2025-05-02,0,0,Produkt,Anden avis/produkt,2025-06-02,2025-05-12,70,30–90 dage,61,55–64,1,0,0,1,329,835,428,257,0.3077844311377245,0.25359281437125747,0.9389221556886228,0.06107784431137724,835,31,428,466,421,0.3077844311377245,257,0.25359281437125747,0.09940119760479042,0.5796407185628742,Mobile,1,2,0,0.9874739039665972,0,0.00626304801670146,internal,0.11137724550898204,0,0.00479041916167664,0,0.4239520958083832,2025-03-03,2025-04-02,30,26.93548387096774,4
ff7c3d8147aca626a7efaa9120e040eb,2025-03-10,2025-03-10T06:19:54Z,Kvinde,1967-12-08,2013-01-13,utm_campaign=Marts25&utm_content=A&utm_medium=content&utm_source=jp.dk,TRUE,TRUE,5,3,2,2025-03-10,2025-05-09,1,1,Produkt,Redaktionelt indhold / holdning,2025-05-09,2025-03-10,0,0–30 dage,58,55–64,0,1,0,0,394,46,20,12,0.2608695652173913,0.3858695652173913,1,0,46,13,20,28,19,0.2608695652173913,12,0.3858695652173913,0.2391304347826087,0.5217391304347826,Mobile,1,1,0,0.8888888888888888,0,0,internal,0.21739130434782608,0,0,0,0.391304347826087,2025-03-10,2025-04-08,29,3.5384615384615383,2
ff81f902de50b4df3d8f54c395bbdea4,2025-05-18,2025-03-20T21:27:22Z,Mand,1972-10-05,2025-03-20,,FALSE,FALSE,0,0,0,2025-03-20,2025-05-19,0,0,Tid,Ikke tid,2025-05-19,2025-05-18,59,30–90 dage,53,45–54,0,0,0,0,10,55,42,26,0.4727272727272727,0.6909090909090909,0.2727272727272727,0.7272727272727273,55,3,42,46,40,0.4727272727272727,26,0.6909090909090909,0.6363636363636364,0.2727272727272727,Computer,0,2,0,0.8888888888888888,0,0,internal,0.10909090909090909,0,0.01818181818181818,0,0.14545454545454545,2025-03-20,2025-04-19,30,18.333333333333332,4
ff8d95402a130dc888f8158e5601101c,2025-04-25,2025-03-14T10:52:50Z,Mand,1977-04-15,2022-01-13,utm_campaign=Marts25&utm_medium=Matrice&utm_source=jp.dk,FALSE,TRUE,3,3,0,2025-03-14,2025-05-13,0,0,Økonomi,Pris,2025-05-13,2025-04-25,42,30–90 dage,49,45–54,0,0,0,0,1294,1269,446,337,0.26556343577620173,0.2718676122931442,0.48699763593380613,0.23246650906225375,1269,31,446,581,433,0.26556343577620173,337,0.2718676122931442,0.18518518518518515,0.6367218282111899,Mobile,1,3,0.00258732212160414,0.9883570504527812,0,0,internal,0.06698187549251379,0,0.03624901497241922,0,0.4026792750197006,2025-03-14,2025-04-13,30,40.935483870967744,4
