pseudo_id,antal_sidevisninger,antal_unikke_dage,antal_unikke_sider,antal_artikler,antal_unikke_artikler,andel_restricted,antal_restricted,gns_scroll,andel_fuld_scroll,andel_ingen_scroll,primær_device,er_mobil_primær,antal_devices,andel_search,andel_internal,andel_email,andel_social,primær_kanal,andel_indland,andel_udland,andel_sport,andel_oekonomi,andel_forside,første_besøg,sidste_besøg,dage_aktiv_span,gns_sider_pr_dag
003a92354fb88e0e3e411bc290291b6a,517,31,269,285,264,0.2978723404255319,154,0.3471953578336557,0.2205029013539652,0.5377176015473888,Computer,0,2,0.025806451612903226,0.8741935483870967,0,0,internal,0.1644100580270793,0,0.0038684719535783366,0,0.4332688588007737,2025-03-05,2025-04-04,30,16.677419354838708
004b2a16f2f9167482481fec96be4856,603,31,300,335,298,0.3200663349917081,193,0.417910447761194,0.3582089552238806,0.5406301824212272,Mobile,1,2,0.4468802698145025,0.5446880269814502,0,0,internal,0.1824212271973466,0,0.014925373134328358,0,0.4427860696517413,2025-03-05,2025-04-04,30,19.451612903225808
00926277841584d8b248be711203cd9a,15,2,6,9,5,0.3333333333333333,5,0.36666666666666664,0.26666666666666666,0.4666666666666667,Mobile,1,1,0,0.6363636363636364,0,0,internal,0.4,0,0,0,0.4,2025-03-18,2025-03-22,4,7.5
00acdfda9fa250382f43bdf7da59d814,8,6,5,8,5,0.625,5,0.625,0.375,0.125,Mobile,1,1,0,0,0,0,unknown,0.5,0,0,0,0,2025-03-15,2025-03-29,14,1.3333333333333333
00bb9af8a62895982518727b0ee03565,46,14,15,14,14,0.1956521739130435,9,0.16847826086956522,0.08695652173913043,0.7391304347826086,Computer,0,1,0,0.875,0,0,internal,0.06521739130434782,0,0,0,0.6956521739130435,2025-03-17,2025-04-12,26,3.2857142857142856
00bdb5b652070c2b33e241a5998600e3,253,28,104,112,103,0.233201581027668,59,0.24802371541501977,0.15810276679841898,0.6403162055335968,Computer,0,2,0.4940239043824701,0.47410358565737054,0,0,search,0.03557312252964427,0,0.003952569169960474,0,0.5573122529644269,2025-03-04,2025-04-03,30,9.035714285714286
0117ef4e2fc98208852da4c90c5bd4f0,201,24,109,132,107,0.3582089552238806,72,0.47761194029850745,0.32338308457711445,0.4228855721393035,Computer,0,2,0,0.9902912621359223,0,0,internal,0.19402985074626866,0,0,0,0.3383084577114428,2025-03-06,2025-04-04,29,8.375
014a894f1b5194be36a9abcba96789ed,15,10,13,12,10,0.26666666666666666,4,0.5166666666666667,0.3333333333333333,0.26666666666666666,Computer,0,1,0.8,0.06666666666666667,0,0.06666666666666667,search,0.3333333333333333,0,0,0,0.06666666666666667,2025-03-19,2025-04-14,26,1.5
0152a4407923a40bef8b35a2b112ae30,80,10,42,52,40,0.325,26,0.4875,0.4375,0.45,Computer,0,1,0,0.810126582278481,0,0,internal,0.0625,0,0,0,0.1375,2025-03-06,2025-04-04,29,8
015c8f8df318631d67492e3d94b2794b,772,31,381,469,373,0.33031088082901555,255,0.35006476683937826,0.2344559585492228,0.5323834196891192,Mobile,1,2,0,0.998324958123953,0,0,internal,0.16321243523316062,0,0.02072538860103627,0,0.3536269430051813,2025-03-05,2025-04-04,30,24.903225806451612
0169ede4cd963dc8b84fc4bfb991b976,2,1,2,2,2,0.5,1,0.625,0.5,0,Computer,0,1,0,0.5,0,0,internal,0,0,0,0,0,2025-03-04,2025-03-04,0,2
0181daedf475221291df382a21589255,55,5,19,19,13,0.10909090909090909,6,0.18636363636363637,0.10909090909090909,0.7454545454545455,Computer,0,2,0.10416666666666667,0.4791666666666667,0,0,internal,0.14545454545454545,0,0,0,0.45454545454545453,2025-03-10,2025-03-31,21,11
0189b22c99e33623162d8637b1f1f081,424,27,219,250,214,0.3490566037735849,148,0.3732311320754717,0.25471698113207547,0.5,Computer,0,2,0.005263157894736842,0.9789473684210527,0,0,internal,0.13679245283018868,0,0.0047169811320754715,0,0.37735849056603776,2025-03-21,2025-04-20,30,15.703703703703704
01ae2661bedce685224dd58830b94e86,516,31,205,214,199,0.21124031007751937,109,0.2315891472868217,0.11434108527131782,0.6356589147286822,Tablet,0,1,0.004098360655737705,0.9467213114754098,0,0,internal,0.09302325581395349,0,0.001937984496124031,0,0.5523255813953488,2025-03-11,2025-04-10,30,16.64516129032258
01cad508503a8d700c051addb5ca5e24,525,31,149,170,148,0.17904761904761904,94,0.23047619047619047,0.1676190476190476,0.7047619047619048,Computer,0,2,0,0.9832402234636871,0,0,internal,0.05523809523809524,0,0,0,0.6761904761904762,2025-03-19,2025-04-18,30,16.93548387096774
01f145c2d4f98ff3b0ce3f731c3e5078,169,16,91,100,89,0.3136094674556213,53,0.40384615384615385,0.28402366863905326,0.4911242603550296,Mobile,1,1,0,1,0,0,internal,0.08284023668639054,0,0.005917159763313609,0,0.35502958579881655,2025-03-12,2025-04-11,30,10.5625
01f92382940313bede15a74a51bc1ecb,2,2,1,2,1,0.5,1,0.5,0,0,Mobile,1,1,0.5,0,0,0,search,0,0,0,0,0,2025-03-21,2025-04-14,24,1
02480b1eb465af71452760dd0d8916f8,98,21,27,39,26,0.22448979591836735,22,0.20408163265306123,0.1326530612244898,0.7244897959183674,Mobile,1,2,0.07894736842105263,0.8421052631578947,0,0,internal,0.16326530612244897,0,0,0,0.6020408163265306,2025-03-07,2025-04-06,30,4.666666666666667
026950ba1188c7b7567b2c0196a567dc,2,1,1,0,0,0,0,0,0,1,Mobile,1,1,0,0,0,0,unknown,0,0,0,0,1,2025-03-04,2025-03-04,0,2
02b7d82acbdccb3a893aaab9163b895e,85,30,33,33,32,0.2235294117647059,19,0.17058823529411765,0.07058823529411765,0.6941176470588235,Computer,0,1,0,0.9411764705882353,0,0,internal,0.047058823529411764,0,0,0,0.611764705882353,2025-03-24,2025-04-23,30,2.8333333333333335
02cd8b6609ea3b7598578bb5ff28a659,317,28,153,183,151,0.305993690851735,97,0.31624605678233436,0.20189274447949526,0.5772870662460567,Mobile,1,1,0,0.9945945945945946,0,0,internal,0.15772870662460567,0,0.0031545741324921135,0,0.4195583596214511,2025-03-16,2025-04-15,30,11.321428571428571
02fe16a67b6e92fb1525c8dc4f5e19d2,14,3,4,8,3,0.42857142857142855,6,0.21428571428571427,0.14285714285714285,0.6428571428571429,Mobile,1,2,0,0.125,0,0,unknown,0.42857142857142855,0,0,0,0.42857142857142855,2025-03-09,2025-03-12,3,4.666666666666667
0337580bff96617791df065cc65b78e1,8,6,7,7,6,0.5,4,0.46875,0.375,0.25,Tablet,0,2,0,0.5,0,0,internal,0.25,0,0,0,0.125,2025-03-11,2025-03-29,18,1.3333333333333333
03cc98678dea5e372b9e5e4e700e0c65,12,3,9,6,5,0.16666666666666666,2,0.3541666666666667,0.3333333333333333,0.5833333333333334,Computer,0,2,0,0.6363636363636364,0,0.18181818181818182,internal,0.25,0,0,0,0.25,2025-03-18,2025-04-11,24,4
041d717ed0a2660383069b4382a5f868,18,2,12,14,11,0.5,9,0.3472222222222222,0.2777777777777778,0.5555555555555556,Mobile,1,1,0,0.8571428571428571,0,0,internal,0.1111111111111111,0,0,0,0.2222222222222222,2025-03-21,2025-03-28,7,9
042313fde35eb5e19b2106bf175cd5e9,158,17,108,121,107,0.3924050632911392,62,0.5221518987341772,0.4177215189873418,0.36075949367088606,Mobile,1,1,0.22580645161290322,0.7548387096774194,0,0,internal,0.20253164556962025,0,0.006329113924050633,0,0.23417721518987342,2025-03-15,2025-04-12,28,9.294117647058824
04636e2dfe9fba50ab9943a5a44bdf11,65,13,37,38,36,0.27692307692307694,18,0.3769230769230769,0.24615384615384617,0.47692307692307695,Computer,0,1,0,0.6808510638297872,0,0,internal,0.12307692307692308,0,0,0,0.4153846153846154,2025-03-21,2025-04-18,28,5
0484f997f96e9c43723d291f2abd975d,365,25,196,211,192,0.30684931506849317,112,0.44794520547945205,0.34794520547945207,0.4465753424657534,Computer,0,1,0,0.9814814814814815,0,0,internal,0.07945205479452055,0,0.019178082191780823,0,0.4136986301369863,2025-03-04,2025-04-03,30,14.6
05c2f3b93f4573cd4b34db7362893c04,683,31,240,280,230,0.24890190336749635,170,0.2836749633967789,0.23133235724743778,0.6442166910688141,Computer,0,2,0.009230769230769232,0.9692307692307692,0,0,internal,0.11566617862371889,0,0.020497803806734993,0,0.5241581259150805,2025-03-05,2025-04-04,30,22.032258064516128
05ce81452f9a43739169d6bc934cfc47,782,31,279,302,274,0.21994884910485935,172,0.22634271099744246,0.1278772378516624,0.6675191815856778,Mobile,1,2,0.59846547314578,0.40025575447570333,0,0,search,0.09462915601023018,0,0.010230179028132993,0,0.59846547314578,2025-03-10,2025-04-09,30,25.225806451612904
060f3e9968b2c7d8b13699b9e53a6dd0,5,4,1,5,1,0.8,4,0.05,0,0.8,Computer,0,1,0,0,0,0,unknown,0,0,0,0,0,2025-03-12,2025-03-20,8,1.25
0659d4d38786138a6aa809e8fd489069,213,22,132,136,118,0.3192488262910798,68,0.5422535211267606,0.5023474178403756,0.4272300469483568,Computer,0,2,0.018072289156626505,0.9518072289156626,0,0,internal,0.15492957746478872,0,0.004694835680751174,0,0.22535211267605634,2025-03-13,2025-04-07,25,9.681818181818182
06beef4376b2852a011aa0359e4dcbf2,5,1,4,2,1,0.8,4,0.7,0.6,0.2,Computer,0,1,0,0.8,0,0,internal,0,0,0,0,0,2025-03-16,2025-03-16,0,5
06c8ac777c34dd5d16d5a192a7ec9b8f,22,11,21,22,21,0.5454545454545454,12,0.5795454545454546,0.36363636363636365,0.22727272727272727,Mobile,1,1,0,0.3333333333333333,0,0.6190476190476191,social,0.4090909090909091,0,0,0,0,2025-03-07,2025-03-29,22,2
07020bd60c8550351dca52ee85797736,117,20,110,115,108,0.5042735042735043,59,0.7393162393162394,0.5897435897435898,0.07692307692307693,Computer,0,1,0,0.5463917525773195,0,0,internal,0.1623931623931624,0,0,0,0.008547008547008548,2025-03-11,2025-04-10,30,5.85
0746ad045757e1004e04d9316b9cae64,289,27,141,171,138,0.3460207612456747,100,0.3633217993079585,0.28719723183391005,0.5570934256055363,Mobile,1,2,0.31746031746031744,0.6746031746031746,0,0,internal,0.1245674740484429,0,0,0,0.31141868512110726,2025-03-16,2025-04-13,28,10.703703703703704
077ad124aef49eab3dc083a6fb080799,2,1,1,2,1,0.5,1,1,1,0,Mobile,1,1,0,0,0,0,unknown,1,0,0,0,0,2025-03-16,2025-03-16,0,2
0786c281ec5d2458a226bda45e874c35,588,30,193,223,182,0.20748299319727892,122,0.1798469387755102,0.08503401360544217,0.717687074829932,Mobile,1,1,0,0.9185667752442996,0,0,internal,0.06972789115646258,0,0.034013605442176874,0,0.5136054421768708,2025-03-23,2025-04-21,29,19.6
07995ffec6801cd5915707d56aff671e,8,1,5,3,2,0,0,0.25,0.125,0.625,Computer,0,1,0,0.8333333333333334,0,0,internal,0,0,0,0,0.375,2025-03-11,2025-03-11,0,8
07aac1ad911f0fa3d80e29cb0dbf0215,309,31,154,159,148,0.28802588996763756,89,0.26941747572815533,0.12297734627831715,0.5501618122977346,Computer,0,2,0.004424778761061947,0.9823008849557522,0,0,internal,0.12297734627831715,0,0.006472491909385114,0,0.2750809061488673,2025-03-20,2025-04-19,30,9.96774193548387
07d0c99895df503e62414e0f2b702cde,629,30,289,344,287,0.314785373608903,198,0.35174880763116056,0.21939586645468998,0.534181240063593,Mobile,1,2,0,0.9969040247678018,0,0,internal,0.12241653418124006,0,0.009538950715421303,0,0.44992050874403816,2025-03-22,2025-04-21,30,20.966666666666665
07e66a948735615a86d845bd1a71c5cb,125,16,75,76,66,0.368,46,0.396,0.32,0.528,Mobile,1,1,0,0.989010989010989,0,0,internal,0.12,0,0.008,0,0.248,2025-03-07,2025-04-04,28,7.8125
082681be98abd06c01c30e80a3fb0790,6,2,3,3,1,0.3333333333333333,2,0.3333333333333333,0.3333333333333333,0.6666666666666666,Mobile,1,1,0,0.8,0,0,internal,0.5,0,0,0,0.3333333333333333,2025-03-10,2025-03-11,1,3
086325f12bc218ac0373548697877ce3,132,21,85,85,81,0.4015151515151515,53,0.4337121212121212,0.3409090909090909,0.45454545454545453,Computer,0,2,0,0.9529411764705882,0,0,internal,0.12121212121212122,0,0.015151515151515152,0,0.3333333333333333,2025-03-20,2025-04-16,27,6.285714285714286
087ebc5dd84a5a63f00974b2dc26c2a8,17,5,9,8,8,0.11764705882352941,2,0.27941176470588236,0.17647058823529413,0.5882352941176471,Computer,0,2,0.23529411764705882,0.5882352941176471,0,0,internal,0.23529411764705882,0,0,0,0.5294117647058824,2025-03-05,2025-03-15,10,3.4
088f15f5143f6bdf5f317f30bcafe199,307,25,104,156,98,0.2768729641693811,85,0.22394136807817588,0.14332247557003258,0.6807817589576547,Mobile,1,1,0,0.9906542056074766,0,0,internal,0.08143322475570032,0,0.013029315960912053,0,0.2768729641693811,2025-03-17,2025-04-16,30,12.28
08b9d113ffba7015141bba88f1c6da2a,470,31,230,239,228,0.274468085106383,129,0.3973404255319149,0.30638297872340425,0.5191489361702127,Mobile,1,1,0,0.9906542056074766,0,0,internal,0.11063829787234042,0,0.00425531914893617,0,0.48936170212765956,2025-03-21,2025-04-20,30,15.161290322580646
08ce32090c34f9ffc0d9dad565a1ea00,25,14,25,25,25,0.32,8,0.5,0.24,0.16,Mobile,1,1,0,0.12,0,0.84,social,0.32,0,0,0,0,2025-03-14,2025-04-12,29,1.7857142857142858
09544243c430485fea1ca5cdcc2e4d25,856,31,298,367,297,0.2371495327102804,203,0.2897196261682243,0.20327102803738317,0.594626168224299,Computer,0,1,0,0.9962917181705809,0,0,internal,0.0630841121495327,0,0.004672897196261682,0,0.5712616822429907,2025-03-22,2025-04-21,30,27.612903225806452
09605f5feba08df0b294e49c34e8361d,349,24,168,173,165,0.2836676217765043,99,0.2808022922636103,0.12034383954154727,0.5358166189111748,Computer,0,1,0.498567335243553,0.49570200573065903,0,0,search,0.07449856733524356,0,0.02865329512893983,0,0.011461318051575931,2025-03-21,2025-04-20,30,14.541666666666666
096d4a4ba51e44809eb9d5cc24ce2dac,892,30,351,404,344,0.2533632286995516,226,0.3301569506726457,0.2556053811659193,0.5952914798206278,Computer,0,2,0.03414634146341464,0.9512195121951219,0,0,internal,0.08183856502242152,0,0.002242152466367713,0,0.5302690582959642,2025-03-06,2025-04-05,30,29.733333333333334
09d4166c98f75359232384abbb75ae75,2,2,2,2,2,0.5,1,0.75,0.5,0,Mobile,1,1,0,0,0,1,social,0,0,0,0,0,2025-03-28,2025-04-12,15,1
0a06a3d1ec0555b3b9e04186dbd26621,539,31,201,231,199,0.2560296846011132,138,0.26716141001855287,0.19294990723562153,0.6530612244897959,Mobile,1,2,0.004310344827586207,0.9396551724137931,0,0,internal,0.061224489795918366,0,0.00927643784786642,0,0.5695732838589982,2025-03-23,2025-04-22,30,17.387096774193548
0a2c05c75d874ab240347e05ec34d089,775,30,363,420,362,0.29161290322580646,226,0.4067741935483871,0.30709677419354836,0.5148387096774194,Computer,0,1,0,0.9603729603729604,0,0,internal,0.12774193548387097,0,0.012903225806451613,0,0.45806451612903226,2025-03-05,2025-04-04,30,25.833333333333332
0a615aeb6124d44c0cadd477b8a8fe60,762,31,325,450,312,0.34908136482939633,266,0.30741469816272965,0.20078740157480315,0.5656167979002624,Mobile,1,2,0.003898635477582846,0.9571150097465887,0,0,internal,0.11023622047244094,0,0.009186351706036745,0,0.36220472440944884,2025-03-18,2025-04-17,30,24.580645161290324
0b470ad1a99a77dcd692372316da8736,798,31,337,374,332,0.2794486215538847,223,0.3508771929824561,0.2807017543859649,0.5764411027568922,Computer,0,1,0.07276995305164319,0.9248826291079812,0,0,internal,0.09022556390977443,0,0.006265664160401002,0,0.5037593984962406,2025-03-05,2025-04-04,30,25.741935483870968
0b65e3d1e1771fad90f13172a6b4f90a,5,1,1,5,1,0.4,2,0.6,0,0.2,Computer,0,1,0,0.8,0,0,internal,0,0,0,0,0,2025-03-05,2025-03-05,0,5
0c102fba45b6df93b843ac40049572a3,274,21,138,142,136,0.28102189781021897,77,0.4041970802919708,0.3248175182481752,0.5291970802919708,Computer,0,1,0,0.9928057553956835,0,0,internal,0.09124087591240876,0,0,0,0.4744525547445255,2025-03-10,2025-04-09,30,13.047619047619047
0c1f0cec87d275a5a25de0d6f7f3a32a,4,1,2,2,1,0.25,1,0.25,0.25,0.75,Mobile,1,1,0,0.5,0,0,internal,0.5,0,0,0,0.5,2025-03-13,2025-03-13,0,4
0c3972534a7b5ce5f4f13538ca93fc7f,639,31,302,317,295,0.3161189358372457,202,0.36932707355242567,0.27230046948356806,0.5524256651017214,Mobile,1,1,0.4122257053291536,0.5862068965517241,0,0,internal,0.08450704225352113,0,0.006259780907668232,0,0.41001564945226915,2025-03-07,2025-04-06,30,20.612903225806452
0c67f17cceae3e2cec14347f059d0a00,255,19,142,142,141,0.32941176470588235,84,0.22647058823529412,0.058823529411764705,0.5450980392156862,Computer,0,1,0,0.993006993006993,0,0,internal,0.1411764705882353,0,0.0196078431372549,0,0.44313725490196076,2025-03-19,2025-04-18,30,13.421052631578947
0cb912d21dd09ce5dbef80537ee33207,188,15,79,89,76,0.19680851063829788,37,0.26861702127659576,0.1702127659574468,0.6436170212765957,Mobile,1,1,0.33088235294117646,0.6397058823529411,0,0,internal,0.06914893617021277,0,0,0,0.5,2025-03-06,2025-04-05,30,12.533333333333333
0cefce35386e56d3a6b1727dd838fcf8,34,14,32,32,31,0.5882352941176471,20,0.5808823529411765,0.35294117647058826,0.23529411764705882,Mobile,1,2,0,0.375,0,0.5625,social,0.38235294117647056,0,0,0,0.058823529411764705,2025-03-13,2025-04-11,29,2.4285714285714284
0d56571f7f84ac94a9f2040df12af2f3,1,1,1,1,1,0,0,1,1,0,Mobile,1,1,0,0,0,0,unknown,0,0,0,0,0,2025-03-16,2025-03-16,0,1
0d6c69e77bfc8c02485d8144d9df5c3b,141,24,71,86,70,0.3333333333333333,47,0.3882978723404255,0.2907801418439716,0.5035460992907801,Mobile,1,1,0,0.9879518072289156,0,0,internal,0.18439716312056736,0,0.0070921985815602835,0,0.3900709219858156,2025-03-09,2025-04-08,30,5.875
0df5b387b78e35a51c02f8560b6beea2,127,20,49,85,46,0.47244094488188976,60,0.2578740157480315,0.13385826771653545,0.6456692913385826,Mobile,1,1,0,0.9682539682539683,0,0,internal,0.1968503937007874,0,0,0,0.28346456692913385,2025-03-12,2025-04-08,27,6.35
0e2c28fe864fd90012aede0054822295,149,17,92,108,88,0.3959731543624161,59,0.4815436241610738,0.3624161073825503,0.436241610738255,Computer,0,2,0,0.8709677419354839,0,0,internal,0.14093959731543623,0,0,0,0.24832214765100671,2025-03-23,2025-04-22,30,8.764705882352942
0e652b27d3a34ff8cbc25c43226e2e2f,382,31,145,183,144,0.2486910994764398,95,0.22578534031413613,0.0968586387434555,0.6178010471204188,Tablet,0,2,0,0.9938650306748467,0,0,internal,0.10209424083769633,0,0.002617801047120419,0,0.5209424083769634,2025-03-03,2025-04-02,30,12.32258064516129
0e8de2444b618b91a174a5834a364882,6,3,6,5,5,0.3333333333333333,2,0.75,0.6666666666666666,0.16666666666666666,Computer,0,1,0.2,0.4,0,0,internal,0.6666666666666666,0,0,0,0,2025-03-21,2025-04-12,22,2
0ea4d91c13fb3fb49113cdd91a8e9971,174,19,145,147,144,0.4425287356321839,77,0.5272988505747126,0.3045977011494253,0.28735632183908044,Computer,0,1,0,0.9473684210526315,0,0,internal,0.22988505747126436,0,0.005747126436781609,0,0.15517241379310345,2025-03-21,2025-04-20,30,9.157894736842104
0eb265b24e2c22e395e6582f6e1c3f5a,1574,31,360,631,359,0.21473951715374842,338,0.29336086404066075,0.1880559085133418,0.6353240152477764,Mobile,1,1,0,0.9968253968253968,0,0,internal,0.04764930114358323,0,0.0031766200762388818,0,0.5991105463786531,2025-03-06,2025-04-05,30,50.774193548387096
0ec6b8f267326da4d32c62d776716dd5,167,7,85,66,66,0.2275449101796407,38,0.2874251497005988,0.2215568862275449,0.6646706586826348,Computer,0,2,0.072,0.896,0,0,internal,0.0658682634730539,0,0.029940119760479042,0,0.30538922155688625,2025-03-16,2025-03-29,13,23.857142857142858
0ed22aaaff7efc4fec0edc8fd96ad571,913,31,311,378,308,0.2343921139101862,214,0.26423877327491785,0.1796276013143483,0.6484118291347207,Computer,0,2,0.3038461538461538,0.6903846153846154,0,0,internal,0.08652792990142388,0,0.033953997809419496,0,0.5826944140197152,2025-03-05,2025-04-04,30,29.451612903225808
0f592466c4350d7c74a006ccecc0b725,903,30,421,521,399,0.3211517165005537,290,0.3889811738648948,0.24806201550387597,0.4950166112956811,Mobile,1,1,0,0.9951060358890701,0,0,internal,0.07641196013289037,0,0.046511627906976744,0,0.29789590254706533,2025-03-05,2025-04-04,30,30.1
0f59e0f1a302ad61479cae13dc65d210,308,31,61,62,57,0.11363636363636363,35,0.1396103896103896,0.09740259740259741,0.827922077922078,Mobile,1,1,0,0.9964912280701754,0,0,internal,0.025974025974025976,0,0,0,0.788961038961039,2025-03-03,2025-04-02,30,9.935483870967742
0f624e1da2a58718e4a3ab95c6c6add2,7,3,5,3,3,0,0,0.17857142857142858,0,0.5714285714285714,Mobile,1,1,0,0.3333333333333333,0,0.16666666666666666,unknown,0.14285714285714285,0,0,0,0.2857142857142857,2025-03-17,2025-03-29,12,2.3333333333333335
0f6de2e197e7f32606ce2b45b80ab39e,6,2,4,4,3,0.3333333333333333,2,0.5833333333333334,0.5,0.3333333333333333,Computer,0,1,0,0.8,0,0,internal,0.16666666666666666,0,0,0,0,2025-03-14,2025-03-17,3,3
0f7356c2012978b27f40bf90da63b25c,73,17,36,32,30,0.3013698630136986,22,0.2363013698630137,0.0958904109589041,0.6164383561643836,Computer,0,1,0.12962962962962962,0.7592592592592593,0,0.07407407407407407,internal,0.0958904109589041,0,0,0,0.410958904109589,2025-03-17,2025-04-10,24,4.294117647058823
0f83f350b48ba9a34a3a312205196d45,4,1,4,3,3,0.25,1,0.625,0.5,0.25,Mobile,1,1,0,0.6666666666666666,0,0,internal,0.75,0,0,0,0.25,2025-03-19,2025-03-19,0,4
0fbed2f662485e3c919df188dc2c71a6,224,29,186,223,185,0.5803571428571429,130,0.578125,0.375,0.21875,Mobile,1,2,0,0.3523809523809524,0.6428571428571429,0,email,0.21428571428571427,0,0.17410714285714285,0,0.004464285714285714,2025-03-11,2025-04-10,30,7.724137931034483
0fbf18c8102a33efcce853cb88f22501,89,20,54,87,53,0.651685393258427,58,0.44662921348314605,0.3707865168539326,0.4606741573033708,Mobile,1,2,0.05263157894736842,0.9210526315789473,0,0.02631578947368421,internal,0.1348314606741573,0,0.02247191011235955,0,0.02247191011235955,2025-03-21,2025-04-18,28,4.45
0fc48cd35b20bd28075e74a9879ddaef,559,31,216,273,213,0.25402504472271914,142,0.3559928443649374,0.25760286225402507,0.5778175313059034,Mobile,1,1,0,0.9644128113879004,0,0,internal,0.09481216457960644,0,0,0,0.5008944543828264,2025-03-10,2025-04-09,30,18.032258064516128
0ff1fb912827dd493780434b9f5fe90c,193,31,70,71,69,0.21243523316062177,41,0.18264248704663213,0.08290155440414508,0.694300518134715,Computer,0,1,0,0.9857142857142858,0,0,internal,0.06735751295336788,0,0.0051813471502590676,0,0.6321243523316062,2025-03-05,2025-04-04,30,6.225806451612903
0ff5ed8c95e08e84102e764ef0541efc,96,19,43,46,41,0.20833333333333334,20,0.2734375,0.15625,0.59375,Computer,0,1,0.0425531914893617,0.9361702127659575,0,0,internal,0.10416666666666667,0,0,0,0.5104166666666666,2025-03-14,2025-04-11,28,5.052631578947368
10a0ed175bf7ebdb21f21e266673a8be,179,16,104,124,96,0.4022346368715084,72,0.4581005586592179,0.3854748603351955,0.46368715083798884,Tablet,0,2,0.006622516556291391,0.9139072847682119,0,0,internal,0.0782122905027933,0,0.01675977653631285,0,0.13966480446927373,2025-03-07,2025-04-06,30,11.1875
10d5736de1bd27274198d1f1f0ee6d55,34,10,20,26,19,0.38235294117647056,13,0.5073529411764706,0.35294117647058826,0.35294117647058826,Mobile,1,1,0,1,0,0,internal,0.23529411764705882,0,0,0,0.23529411764705882,2025-03-26,2025-04-21,26,3.4
10dccc12a352afbf40623f95125d640e,1,1,1,0,0,0,0,0,0,1,Mobile,1,1,0,0,0,0,unknown,0,0,0,0,1,2025-03-04,2025-03-04,0,1
10ff7398704c037f6a9acefe44160e7b,391,24,181,187,178,0.27877237851662406,109,0.33759590792838873,0.2071611253196931,0.5473145780051151,Computer,0,1,0.23237597911227154,0.4830287206266319,0,0,internal,0.056265984654731455,0,0.015345268542199489,0,0.5166240409207161,2025-03-06,2025-04-05,30,16.291666666666668
111f0b8ba99b5f710b9ff3e9fb73df42,434,31,184,222,179,0.2695852534562212,117,0.31048387096774194,0.18202764976958524,0.5552995391705069,Mobile,1,2,0.004347826086956522,0.8739130434782608,0,0,internal,0.08525345622119816,0,0.03917050691244239,0,0.46774193548387094,2025-03-05,2025-04-04,30,14
1130498a738e9b6acb34e906f2230007,648,31,228,254,207,0.23765432098765432,154,0.22145061728395063,0.1527777777777778,0.6990740740740741,Mobile,1,2,0,0.9929411764705882,0,0,internal,0.05709876543209876,0,0.021604938271604937,0,0.35030864197530864,2025-03-21,2025-04-20,30,20.903225806451612
11358b0c3d185f3ea7fdae8c43348eff,663,31,268,310,266,0.26244343891402716,174,0.28092006033182504,0.1493212669683258,0.5701357466063348,Computer,0,3,0.5325264750378215,0.46444780635400906,0,0,search,0.0784313725490196,0,0.004524886877828055,0,0.530920060331825,2025-03-04,2025-04-03,30,21.387096774193548
1144e252a0b338bae955d43b8f1406d0,172,28,89,95,87,0.3430232558139535,59,0.3561046511627907,0.2616279069767442,0.5348837209302325,Computer,0,2,0.44642857142857145,0.5357142857142857,0,0,internal,0.12790697674418605,0,0.011627906976744186,0,0.4418604651162791,2025-03-11,2025-04-10,30,6.142857142857143
11665511250f1af62935a7df84ac6d54,58,8,38,43,34,0.39655172413793105,23,0.43103448275862066,0.3275862068965517,0.39655172413793105,Mobile,1,1,0,0.9743589743589743,0,0,internal,0.1724137931034483,0,0.13793103448275862,0,0.1206896551724138,2025-03-24,2025-04-18,25,7.25
11b03d02ea6b3dba705fedac764a799e,144,22,74,76,70,0.3263888888888889,47,0.3333333333333333,0.2569444444444444,0.5902777777777778,Mobile,1,1,0.023255813953488372,0.9767441860465116,0,0,internal,0.1875,0,0,0,0.4166666666666667,2025-03-09,2025-04-08,30,6.545454545454546
11cec0fd49b5a1ed7cff46ec6f8e3c6d,35,6,7,22,5,0.4857142857142857,17,0.5071428571428571,0.42857142857142855,0.42857142857142855,Computer,0,2,0.045454545454545456,0.7272727272727273,0,0,internal,0.2,0,0,0,0.22857142857142856,2025-03-20,2025-03-31,11,5.833333333333333
11d87c1424309f7d91b606b3a84d0d8b,191,20,112,144,103,0.4397905759162304,84,0.33507853403141363,0.2198952879581152,0.5392670157068062,Mobile,1,2,0.012658227848101266,0.9620253164556962,0,0,internal,0.13612565445026178,0,0.02617801047120419,0,0.1518324607329843,2025-03-21,2025-04-20,30,9.55
120494d531c102f36998867de084d359,77,8,43,45,36,0.2857142857142857,22,0.33766233766233766,0.24675324675324675,0.5324675324675324,Computer,0,3,0,0.7605633802816901,0,0.1267605633802817,internal,0.05194805194805195,0,0,0,0.16883116883116883,2025-03-21,2025-04-18,28,9.625
122d86776d560a09a86c821924297a8e,169,17,81,98,71,0.40236686390532544,68,0.3224852071005917,0.21893491124260356,0.5798816568047337,Mobile,1,2,0.147239263803681,0.8404907975460123,0,0,internal,0.09467455621301775,0,0,0,0.26627218934911245,2025-03-10,2025-04-08,29,9.941176470588236
1230fd711f4acd99dfd4d06a8f0d8ece,3,1,3,3,3,0.3333333333333333,1,0.75,0.6666666666666666,0,Computer,0,1,0,0.6666666666666666,0,0,internal,0,0,0,0,0,2025-03-10,2025-03-10,0,3
1270765e2f706706f11feb985c9b970d,20,2,9,12,8,0.4,8,0.4,0.25,0.5,Mobile,1,1,0,0.9333333333333333,0,0,internal,0.1,0,0,0,0.4,2025-03-22,2025-04-12,21,10
12a4b4f33de44e8dec37edffc01f0197,63,17,31,29,27,0.25396825396825395,16,0.2619047619047619,0.15873015873015872,0.6190476190476191,Mobile,1,1,0,0.9523809523809523,0,0,internal,0.1746031746031746,0,0.015873015873015872,0,0.49206349206349204,2025-03-22,2025-04-21,30,3.7058823529411766
12a5df4e0b0d389fa3fc25e3d558f6ff,228,26,91,93,88,0.2236842105263158,51,0.2883771929824561,0.20175438596491227,0.6271929824561403,Computer,0,2,0.009345794392523364,0.9439252336448598,0,0,internal,0.09649122807017543,0,0.008771929824561403,0,0.5570175438596491,2025-03-14,2025-04-13,30,8.76923076923077
12ad63f0c977b9e6c6376ff2ea3be398,13,4,8,10,6,0.46153846153846156,6,0.6923076923076923,0.5384615384615384,0.23076923076923078,Computer,0,2,0,0.5,0,0.3333333333333333,internal,0.07692307692307693,0,0,0,0.07692307692307693,2025-03-04,2025-03-18,14,3.25
12dc9427032920bd3b9add2d59f92105,582,31,208,258,202,0.24570446735395188,143,0.27190721649484534,0.17697594501718214,0.6219931271477663,Computer,0,2,0.02040816326530612,0.9693877551020408,0,0,internal,0.08419243986254296,0,0.010309278350515464,0,0.4948453608247423,2025-03-04,2025-04-03,30,18.774193548387096
12e2a855ade062adef5c52a6ce57d675,622,31,263,299,259,0.2797427652733119,174,0.33520900321543406,0.2508038585209003,0.5707395498392283,Computer,0,2,0.009146341463414634,0.9542682926829268,0,0,internal,0.06109324758842444,0,0.003215434083601286,0,0.5128617363344051,2025-03-11,2025-04-10,30,20.06451612903226
13158da72ff4bb01d6a27d7c284cde2b,3,1,3,2,2,0.6666666666666666,2,0.6666666666666666,0.6666666666666666,0.3333333333333333,Computer,0,1,0,0.3333333333333333,0,0,unknown,0.3333333333333333,0,0,0,0.3333333333333333,2025-03-16,2025-03-16,0,3
1324af99aa0c369356ae0fac91e7088e,18,5,7,9,5,0.6666666666666666,12,0.6388888888888888,0.3888888888888889,0.05555555555555555,Computer,0,1,0.9375,0,0,0,search,0.5555555555555556,0,0,0,0,2025-03-17,2025-03-26,9,3.6
133510099c29b2622548e08d2692a728,194,29,92,95,87,0.28865979381443296,56,0.2036082474226804,0.0979381443298969,0.6494845360824743,Computer,0,2,0,0.8348623853211009,0,0.08256880733944955,internal,0.1134020618556701,0,0.005154639175257732,0,0.4793814432989691,2025-03-23,2025-04-21,29,6.689655172413793
134dd83b74c604e99debbbe1d9c57439,77,20,30,30,29,0.2597402597402597,20,0.237012987012987,0.19480519480519481,0.6753246753246753,Computer,0,1,0,0.8571428571428571,0,0,internal,0.03896103896103896,0,0.025974025974025976,0,0.6103896103896104,2025-03-04,2025-04-03,30,3.85
1376c4d7ef2a80b1377f57594742b5d4,1279,24,487,578,479,0.23534010946051603,301,0.28244722439405784,0.1782642689601251,0.616106333072713,Mobile,1,1,0,0.9544025157232704,0,0,internal,0.09147771696637999,0,0.001563721657544957,0,0.5355746677091477,2025-03-10,2025-04-03,24,53.291666666666664
139bd0cbde638e16224d7fbe2941b901,246,27,111,119,109,0.25203252032520324,62,0.29776422764227645,0.18699186991869918,0.5853658536585366,Mobile,1,2,0.00546448087431694,0.8961748633879781,0,0,internal,0.06504065040650407,0,0,0,0.508130081300813,2025-03-08,2025-04-07,30,9.11111111111111
13cd3c8c6b1ca4650dbf480c5df9d6be,7,5,5,5,4,0.42857142857142855,3,0.39285714285714285,0.2857142857142857,0.5714285714285714,Mobile,1,1,0,0,0,0.4,unknown,0.2857142857142857,0,0.14285714285714285,0,0.2857142857142857,2025-03-09,2025-03-22,13,1.4
142e11ccea66a17bd3dc666b96c70115,263,30,149,176,148,0.39923954372623577,105,0.4914448669201521,0.3650190114068441,0.41825095057034223,Mobile,1,1,0,0.9937106918238994,0,0,internal,0.20152091254752852,0,0.034220532319391636,0,0.33079847908745247,2025-03-10,2025-04-09,30,8.766666666666667
148f206186a57489b85ac823dcf1a46c,80,20,40,46,38,0.35,28,0.4625,0.45,0.5125,Tablet,0,3,0.03333333333333333,0.9333333333333333,0,0,internal,0.0875,0,0,0,0.3375,2025-03-16,2025-04-13,28,4
148f59f26319a0da968ce134584c8a6f,675,31,290,338,288,0.2696296296296296,182,0.3362962962962963,0.23407407407407407,0.5422222222222223,Computer,0,1,0,0.9936034115138592,0,0.0021321961620469083,internal,0.09333333333333334,0,0.0014814814814814814,0,0.49777777777777776,2025-03-21,2025-04-20,30,21.774193548387096
1491939885319cc63bbc45f8583456e1,93,10,42,46,36,0.3118279569892473,29,0.26344086021505375,0.1935483870967742,0.6774193548387096,Mobile,1,2,0.04285714285714286,0.8,0,0.07142857142857142,internal,0.03225806451612903,0,0.021505376344086023,0,0.13978494623655913,2025-03-22,2025-04-16,25,9.3
1493b48a623a745e57db83cf0b32da91,57,5,33,36,27,0.2982456140350877,17,0.39473684210526316,0.3333333333333333,0.5263157894736842,Mobile,1,1,0.12962962962962962,0.8333333333333334,0,0,internal,0.15789473684210525,0,0.07017543859649122,0,0.17543859649122806,2025-03-22,2025-04-03,12,11.4
14a7b456c6f672b6bf51838adcad474c,104,22,43,61,42,0.3269230769230769,34,0.31009615384615385,0.17307692307692307,0.5384615384615384,Mobile,1,1,0,0.9672131147540983,0,0,internal,0.15384615384615385,0,0,0,0.41346153846153844,2025-03-03,2025-04-02,30,4.7272727272727275
14ae5fda85c636519e6bfc6886270325,283,27,157,173,155,0.35335689045936397,100,0.5114840989399293,0.44876325088339225,0.4275618374558304,Computer,0,1,0.009345794392523364,0.9626168224299065,0,0.004672897196261682,internal,0.1166077738515901,0,0.0035335689045936395,0,0.38162544169611307,2025-03-07,2025-04-06,30,10.481481481481481
14b486bc22dee7a288a5ea9a60d66fa8,112,19,69,73,67,0.4017857142857143,45,0.4330357142857143,0.30357142857142855,0.4375,Mobile,1,2,0,0.9090909090909091,0,0,internal,0.09821428571428571,0,0.026785714285714284,0,0.3392857142857143,2025-03-23,2025-04-20,28,5.894736842105263
14df285cfbc6233b5735b67454fafc5b,4,1,3,2,1,0.25,1,0.375,0.25,0.5,Computer,0,1,0,0.6666666666666666,0,0,internal,0,0,0,0,0.25,2025-03-10,2025-03-10,0,4
1520c6ce0859197137f8c2ba4e316b33,112,21,74,73,68,0.42857142857142855,48,0.47098214285714285,0.38392857142857145,0.42857142857142855,Computer,0,1,0.056818181818181816,0.9318181818181818,0,0,internal,0.09821428571428571,0,0,0,0.25,2025-03-04,2025-04-03,30,5.333333333333333
15502cb0020afc4c01801b63cc753d1d,66,19,61,63,59,0.5909090909090909,39,0.7954545454545454,0.6060606060606061,0.07575757575757576,Tablet,0,2,0,0.7857142857142857,0,0,internal,0.045454545454545456,0,0,0,0.030303030303030304,2025-03-11,2025-04-09,29,3.473684210526316
157b343a23caa5ceae611eac87fce993,5,1,4,1,1,0.2,1,0.4,0.4,0.6,Computer,0,1,0,0.8,0,0,internal,0,0,0,0,0.2,2025-03-21,2025-03-21,0,5
15cc75ac84f115080edd9ff1ccf67fa0,998,31,366,443,363,0.2605210420841683,260,0.25200400801603207,0.1533066132264529,0.6462925851703407,Mobile,1,2,0.0022222222222222222,0.9822222222222222,0,0,internal,0.0811623246492986,0,0.006012024048096192,0,0.5501002004008017,2025-03-04,2025-04-03,30,32.193548387096776
160d76cc39e18f64d614d40e8ccedcaf,647,31,295,344,294,0.3075734157650695,199,0.28709428129829984,0.15919629057187018,0.5919629057187017,Mobile,1,1,0,0.9872122762148338,0,0,internal,0.10510046367851623,0,0.0061823802163833074,0,0.46831530139103555,2025-03-08,2025-04-07,30,20.870967741935484
163cd6267e1d757e6daf66d9dafec0f4,307,29,158,187,157,0.2899022801302932,89,0.46416938110749184,0.40390879478827363,0.48534201954397393,Computer,0,1,0,0.9753086419753086,0,0,internal,0.10749185667752444,0,0.029315960912052116,0,0.39087947882736157,2025-03-05,2025-04-04,30,10.586206896551724
163f7c2ca0876b8cf46074f96e0f6b66,4,2,2,4,2,0.5,2,0.25,0.25,0.75,Mobile,1,1,0.25,0,0,0,unknown,1,0,0,0,0,2025-03-23,2025-03-27,4,2
164ec18e75918cf0059591d1f7cd8f50,290,24,238,258,235,0.5689655172413793,165,0.7827586206896552,0.7275862068965517,0.1724137931034483,Computer,0,1,0.09225092250922509,0.8819188191881919,0,0,internal,0.22758620689655173,0,0,0,0.1,2025-03-23,2025-04-20,28,12.083333333333334
16f60feab4be66bbce8e014e9f6f1a04,468,29,185,194,177,0.24358974358974358,114,0.16826923076923078,0.07905982905982906,0.688034188034188,Mobile,1,2,0.0037313432835820895,0.8843283582089553,0,0,internal,0.10683760683760683,0,0.029914529914529916,0,0.45726495726495725,2025-03-05,2025-04-04,30,16.137931034482758
16ff7e9941858bc50b4d9a4e98455f28,41,8,26,23,23,0.34146341463414637,14,0.3597560975609756,0.2926829268292683,0.5365853658536586,Computer,0,2,0.2926829268292683,0.6097560975609756,0,0,internal,0.0975609756097561,0,0,0,0.3902439024390244,2025-03-06,2025-03-28,22,5.125
17020af801c477dfdca0e0e5632cab42,104,18,83,78,72,0.4230769230769231,44,0.5649038461538461,0.4230769230769231,0.3173076923076923,Computer,0,1,0,0.6428571428571429,0,0.336734693877551,internal,0.07692307692307693,0,0.07692307692307693,0,0.07692307692307693,2025-03-06,2025-04-05,30,5.777777777777778
1725d628a9e0eca83995d9c9f6811bb8,267,29,125,135,121,0.27340823970037453,73,0.28558052434456926,0.12734082397003746,0.5692883895131086,Computer,0,2,0,0.9669421487603306,0,0,internal,0.08239700374531835,0,0.003745318352059925,0,0.48314606741573035,2025-03-06,2025-04-03,28,9.206896551724139
178acb3d7e922de240c43c165a813e33,30,3,15,9,8,0.13333333333333333,4,0.16666666666666666,0.06666666666666667,0.7,Computer,0,2,0.27586206896551724,0.7241379310344828,0,0,internal,0,0,0.03333333333333333,0,0.26666666666666666,2025-03-08,2025-03-11,3,10
17bc7bd25d2d7e1f1045dd9ea9c9ebba,456,30,244,292,242,0.3574561403508772,163,0.34375,0.19956140350877194,0.5109649122807017,Mobile,1,2,0.006289308176100629,0.9811320754716981,0,0.006289308176100629,internal,0.1337719298245614,0,0,0,0.3574561403508772,2025-03-09,2025-04-08,30,15.2
17ce3e6c9944c046e8d5ebd1c1467144,175,27,134,168,132,0.5142857142857142,90,0.5542857142857143,0.3657142857142857,0.26285714285714284,Mobile,1,1,0,0.9069767441860465,0,0,internal,0.2571428571428571,0,0,0,0.022857142857142857,2025-03-20,2025-04-19,30,6.481481481481482
17cfa47c1032e09073f4c111d522557e,116,22,49,50,47,0.2672413793103448,31,0.14870689655172414,0.034482758620689655,0.7068965517241379,Mobile,1,2,0,0.9423076923076923,0,0,internal,0.06896551724137931,0,0.05172413793103448,0,0.5603448275862069,2025-03-22,2025-04-21,30,5.2727272727272725
17d7422c846048398b122c39a8aaaf61,396,31,167,194,161,0.2702020202020202,107,0.375,0.31313131313131315,0.5631313131313131,Tablet,0,3,0.4860759493670886,0.48860759493670886,0,0,internal,0.13383838383838384,0,0.027777777777777776,0,0.4797979797979798,2025-03-21,2025-04-20,30,12.774193548387096
181239c484f5899e65888a9bd671527d,543,23,470,487,468,0.4714548802946593,256,0.4604051565377532,0.27624309392265195,0.35911602209944754,Mobile,1,1,0,0.96900826446281,0.02066115702479339,0,internal,0.16022099447513813,0,0.0055248618784530384,0,0.10128913443830571,2025-03-12,2025-04-11,30,23.608695652173914
182197fc3916b2d8947f32f00b3d5257,13,5,11,11,9,0.46153846153846156,6,0.6923076923076923,0.6153846153846154,0.23076923076923078,Mobile,1,1,0,1,0,0,internal,0.07692307692307693,0,0,0,0.07692307692307693,2025-03-05,2025-03-18,13,2.6
184b7d504cea2726418cfe3ffee86e47,2,1,2,2,2,1,2,1,1,0,Computer,0,1,0,0,0,0,unknown,1,0,0,0,0,2025-03-17,2025-03-17,0,2
1866629ff8d1b6c1b200e0f338b1335d,394,31,261,283,256,0.4137055837563452,163,0.35406091370558374,0.24111675126903553,0.5,Mobile,1,1,0,0.9921671018276762,0,0,internal,0.1116751269035533,0,0.0025380710659898475,0,0.2639593908629442,2025-03-18,2025-04-17,30,12.709677419354838
186dd15ca3e819a236693fd2ce8f666e,628,31,237,264,236,0.24681528662420382,155,0.24402866242038215,0.1480891719745223,0.6751592356687898,Mobile,1,1,0,0.9962121212121212,0,0,internal,0.07006369426751592,0,0.004777070063694267,0,0.5796178343949044,2025-03-14,2025-04-13,30,20.258064516129032
18ed330b21f4248ec073a6d486b6f12c,1332,31,468,851,466,0.3551051051051051,473,0.3033033033033033,0.19144144144144143,0.5983483483483484,Mobile,1,2,0,0.9519230769230769,0,0,internal,0.07807807807807808,0,7.507507507507507e-4,0,0.36036036036036034,2025-03-14,2025-04-13,30,42.96774193548387
18fc772904995a554be41f1453ab8411,8,3,3,5,2,0.25,2,0.40625,0.375,0.5,Mobile,1,1,0,0.4,0,0,unknown,0,0,0,0,0.375,2025-03-03,2025-03-19,16,2.6666666666666665
1998daf4646037e7c0820958807fb1d5,6,3,5,3,2,0.6666666666666666,4,0.5833333333333334,0.5,0.3333333333333333,Computer,0,1,0,0.4,0,0,unknown,0,0,0,0,0.16666666666666666,2025-03-20,2025-04-08,19,2
19c8f257518972e430a6be1cec52a586,483,29,244,281,239,0.34368530020703936,166,0.33695652173913043,0.2401656314699793,0.5424430641821946,Mobile,1,2,0.014792899408284023,0.9763313609467456,0,0,internal,0.12215320910973085,0,0.012422360248447204,0,0.4057971014492754,2025-03-21,2025-04-20,30,16.655172413793103
1a2b0c171a74b27b44c0eb3d5c42f083,529,31,214,231,201,0.23251417769376181,123,0.29584120982986767,0.20415879017013233,0.6030245746691871,Computer,0,2,0.003787878787878788,0.9431818181818182,0,0.003787878787878788,internal,0.10775047258979206,0,0,0,0.504725897920605,2025-03-22,2025-04-21,30,17.06451612903226
1a348c61676869859747445d2860057c,207,31,73,81,71,0.21256038647342995,44,0.26207729468599034,0.15942028985507245,0.642512077294686,Computer,0,1,0,0.9512195121951219,0,0,internal,0.09178743961352658,0,0.00966183574879227,0,0.6038647342995169,2025-03-10,2025-04-09,30,6.67741935483871
1aa8b8e306867a78fdf10facd145d9d2,20,2,17,15,15,0.35,7,0.575,0.4,0.3,Computer,0,1,0,0.9473684210526315,0,0,internal,0.1,0,0.05,0,0.15,2025-03-04,2025-03-06,2,10
1af06db48739c4e618bb73c2cdd09ece,96,29,60,59,57,0.3958333333333333,38,0.578125,0.5208333333333334,0.375,Computer,0,1,0,0.9,0,0.016666666666666666,internal,0.11458333333333333,0,0,0,0.3541666666666667,2025-03-15,2025-04-14,30,3.310344827586207
1afe42c07c73086a3d7239d14b5418a0,5,2,4,4,3,0.8,4,0.25,0.2,0.6,Computer,0,1,0,0.8,0,0,internal,0.4,0,0,0,0.2,2025-03-31,2025-04-11,11,2.5
1b266f44493167a1a622c3125819bfd3,10,2,8,8,7,0.5,5,0.5,0.4,0.4,Mobile,1,1,0,0.7142857142857143,0,0,internal,0.1,0,0,0,0.2,2025-03-22,2025-04-06,15,5
1b4b0d2897d5b4c6d4496d8c9e44c15b,114,23,79,76,74,0.30701754385964913,35,0.4451754385964912,0.3333333333333333,0.39473684210526316,Computer,0,3,0,0.9545454545454546,0,0,internal,0.14035087719298245,0,0.008771929824561403,0,0.2982456140350877,2025-03-21,2025-04-20,30,4.956521739130435
1b67c773b70b573290c4a53cde4b6ffe,67,19,5,27,3,0.2537313432835821,17,0.007462686567164179,0,0.9850746268656716,Tablet,0,2,0.02631578947368421,0.9736842105263158,0,0,internal,0,0,0,0,0,2025-03-20,2025-04-18,29,3.526315789473684
1b80666626b354ab5a46a621d4b881ab,268,27,114,119,113,0.2462686567164179,66,0.1837686567164179,0.06716417910447761,0.7201492537313433,Mobile,1,2,0,0.9917355371900827,0,0,internal,0.11194029850746269,0,0,0,0.5559701492537313,2025-03-06,2025-04-05,30,9.925925925925926
1b8259534b52fe71de6dd436129c75c1,299,30,114,121,112,0.17391304347826086,52,0.29264214046822745,0.19063545150501673,0.6120401337792643,Computer,0,2,0,0.949438202247191,0,0.0056179775280898875,internal,0.03678929765886288,0,0.023411371237458192,0,0.5919732441471572,2025-03-04,2025-04-03,30,9.966666666666667
1c19b47d6d52112543b30ae5cb9e6153,19,3,5,11,4,0.42105263157894735,8,0.2894736842105263,0.15789473684210525,0.5263157894736842,Mobile,1,1,0.14285714285714285,0.6428571428571429,0,0,internal,0.10526315789473684,0,0,0,0.42105263157894735,2025-03-21,2025-03-30,9,6.333333333333333
1c457d31216e43a1f6eb9f1b14303b0f,3,1,3,2,2,0.6666666666666666,2,0.08333333333333333,0,0.6666666666666666,Computer,0,1,0,1,0,0,internal,0,0,0,0,0.3333333333333333,2025-03-26,2025-03-26,0,3
1c970787962b3364c125d8dc4f6f9b48,118,10,52,54,48,0.2711864406779661,32,0.2796610169491525,0.19491525423728814,0.635593220338983,Computer,0,2,0,0.7666666666666667,0,0,internal,0.11016949152542373,0,0.01694915254237288,0,0.4576271186440678,2025-03-07,2025-04-03,27,11.8
1cde84f1aa8759c31f345196e5a0ac4a,9,3,7,8,6,0.2222222222222222,2,0.5,0.3333333333333333,0.3333333333333333,Mobile,1,1,0,1,0,0,internal,0.3333333333333333,0,0,0,0.1111111111111111,2025-03-21,2025-04-09,19,3
1d3e35103dcea06aac11a372e471059d,2,1,1,2,1,0.5,1,0.625,0.5,0,Mobile,1,1,0,0,0,0,unknown,0,0,0,0,0,2025-03-12,2025-03-12,0,2
1d5478a63294ca8ce41f80f797e23696,45,8,20,20,18,0.3111111111111111,14,0.2833333333333333,0.2222222222222222,0.6222222222222222,Computer,0,1,0,1,0,0,internal,0.06666666666666667,0,0,0,0.17777777777777778,2025-03-22,2025-04-21,30,5.625
1d9f3d5a9795504ed312e80249efa8c7,399,27,178,196,164,0.2957393483709273,118,0.3283208020050125,0.2581453634085213,0.6140350877192983,Mobile,1,2,0.013215859030837005,0.960352422907489,0,0,internal,0.10776942355889724,0,0.002506265664160401,0,0.45614035087719296,2025-03-20,2025-04-19,30,14.777777777777779
1da131d7a8dc57b82789529e6f1df128,34,13,28,24,23,0.5294117647058824,18,0.375,0.23529411764705882,0.4411764705882353,Mobile,1,1,0.42857142857142855,0.5714285714285714,0,0,internal,0.2647058823529412,0,0,0,0.11764705882352941,2025-03-05,2025-04-02,28,2.6153846153846154
1db6ca5e773d6284f2ae5553a7425e46,66,9,34,41,33,0.24242424242424243,16,0.32196969696969696,0.19696969696969696,0.5151515151515151,Computer,0,2,0,0.9285714285714286,0,0,internal,0.045454545454545456,0,0,0,0.3787878787878788,2025-03-10,2025-03-31,21,7.333333333333333
1dd10be27abc5ad145852d8b3ac41bc5,511,31,183,198,182,0.23874755381604695,122,0.26614481409001955,0.1761252446183953,0.6594911937377691,Mobile,1,1,0.02040816326530612,0.9744897959183674,0,0,internal,0.0547945205479452,0,0.003913894324853229,0,0.6125244618395304,2025-03-09,2025-04-08,30,16.483870967741936
1dd4f4d36646ef3d7c101e7ed530f181,2,1,1,0,0,0,0,0,0,1,Mobile,1,1,0,0,0,0,unknown,0,0,0,0,1,2025-03-05,2025-03-05,0,2
1dea1f63217786b469f54f3de9c83a6c,50,11,19,23,17,0.28,14,0.24,0.18,0.7,Mobile,1,1,0,0.8,0,0,internal,0.16,0,0,0,0.52,2025-03-21,2025-04-06,16,4.545454545454546
1e0ee1a98bb5daf6118705a5b2986dca,825,31,300,323,296,0.22181818181818183,183,0.29848484848484846,0.1903030303030303,0.6266666666666667,Mobile,1,1,0,0.9971181556195965,0,0,internal,0.08969696969696969,0,0.0024242424242424242,0,0.5781818181818181,2025-03-17,2025-04-16,30,26.612903225806452
1e3ddb49a606da0cf5714df48c2bdb08,15,5,9,6,6,0.3333333333333333,5,0.26666666666666666,0.2,0.6666666666666666,Computer,0,1,0.35714285714285715,0.5714285714285714,0,0,internal,0.13333333333333333,0,0,0,0.4666666666666667,2025-03-24,2025-04-09,16,3
1e7f77c858e9148b9550fba2d45cbc1c,271,25,182,213,175,0.47601476014760147,129,0.4547970479704797,0.35793357933579334,0.4095940959409594,Tablet,0,3,0.003745318352059925,0.7790262172284644,0,0.20224719101123595,internal,0.11808118081180811,0,0.0036900369003690036,0,0.15498154981549817,2025-03-15,2025-04-13,29,10.84
1e95a880364e96dcbdcc9b0db8a55105,163,26,82,89,79,0.3006134969325153,49,0.30368098159509205,0.18404907975460122,0.5828220858895705,Mobile,1,1,0,0.984,0,0,internal,0.05521472392638037,0,0.006134969325153374,0,0.4233128834355828,2025-03-11,2025-04-10,30,6.269230769230769
1e9a3c7abf9c21470bc3ff8b110754f9,3,1,2,1,1,0.3333333333333333,1,0.3333333333333333,0.3333333333333333,0.6666666666666666,Mobile,1,1,0,0.3333333333333333,0,0,unknown,0.3333333333333333,0,0,0,0.6666666666666666,2025-03-10,2025-03-10,0,3
1ebd769533f806c239afc2ca81cf43f7,1,1,1,0,0,0,0,0,0,1,Mobile,1,1,0,0,0,0,unknown,0,0,0,0,1,2025-03-19,2025-03-19,0,1
1ed3f61c5909740c55d6917e4d127a39,829,31,327,417,321,0.27020506634499397,224,0.32750301568154405,0.23401688781664656,0.5826296743063932,Mobile,1,2,0.002109704641350211,0.9915611814345991,0,0,internal,0.11338962605548854,0,0.0036188178528347406,0,0.4390832328106152,2025-03-04,2025-04-03,30,26.741935483870968
1f40062eef627b0d45826b92c4ae56ff,88,16,42,64,40,0.4431818181818182,39,0.48011363636363635,0.42045454545454547,0.4659090909090909,Computer,0,2,0,0.55,0,0,internal,0.13636363636363635,0,0,0,0.20454545454545456,2025-03-04,2025-04-03,30,5.5
1f4db03f2ce5dec297af700536700774,244,24,183,191,182,0.4426229508196721,108,0.7100409836065574,0.6352459016393442,0.24180327868852458,Computer,0,2,0,0.9680851063829787,0.010638297872340425,0,internal,0.1557377049180328,0,0.01639344262295082,0,0.21721311475409835,2025-03-15,2025-04-14,30,10.166666666666666
1fb4fffd2653ec4e8a5fa61b0e8f489c,21,4,18,20,17,0.5238095238095238,11,0.7261904761904762,0.5238095238095238,0.14285714285714285,Mobile,1,2,0,0.5625,0,0.3125,internal,0.6190476190476191,0,0.047619047619047616,0,0,2025-03-22,2025-03-29,7,5.25
1fc6c306171021f85d6e02cf977da4f1,33,6,26,23,21,0.36363636363636365,12,0.6287878787878788,0.5454545454545454,0.30303030303030304,Computer,0,1,0.09375,0.8125,0,0,internal,0.24242424242424243,0,0,0,0.18181818181818182,2025-03-08,2025-04-04,27,5.5
1fcfe9d813ae0371b068c69afb639cd4,68,12,24,37,22,0.3382352941176471,23,0.2610294117647059,0.20588235294117646,0.6764705882352942,Computer,0,3,0,0.875,0,0.015625,internal,0.058823529411764705,0,0,0,0.36764705882352944,2025-03-09,2025-04-07,29,5.666666666666667
1fe8d767d3aa8a905060bf3e83ca0c59,9,7,9,8,8,0.5555555555555556,5,0.8055555555555556,0.5555555555555556,0.1111111111111111,Mobile,1,1,0.1111111111111111,0.1111111111111111,0,0.5555555555555556,social,0.6666666666666666,0,0,0,0.1111111111111111,2025-03-12,2025-04-02,21,1.2857142857142858
201b83d92c687dc44185b42177f63cf9,573,31,148,173,147,0.16404886561954624,94,0.19284467713787085,0.12041884816753927,0.7294938917975567,Computer,0,2,0,0.9770114942528736,0,0,internal,0.07329842931937172,0,0.0034904013961605585,0,0.6980802792321117,2025-03-05,2025-04-04,30,18.483870967741936
203fd81682e38a68c4f3fe5cec48bd4a,9,2,7,6,4,0.4444444444444444,4,0.3888888888888889,0.2222222222222222,0.4444444444444444,Computer,0,1,0.2222222222222222,0.4444444444444444,0,0,internal,0.1111111111111111,0,0,0,0.1111111111111111,2025-03-19,2025-03-20,1,4.5
20a8f626380365808cc2f6a3eef2777e,17,4,7,11,6,0.17647058823529413,3,0.3235294117647059,0.17647058823529413,0.47058823529411764,Computer,0,2,0,0.7272727272727273,0,0,internal,0.11764705882352941,0,0,0,0.35294117647058826,2025-03-22,2025-04-11,20,4.25
20adbd6ec48679dcfd474611a0f20d50,152,22,99,100,98,0.4144736842105263,63,0.3667763157894737,0.24342105263157895,0.4868421052631579,Computer,0,1,0,0.9652777777777778,0,0.020833333333333332,internal,0.20394736842105263,0,0.013157894736842105,0,0.34210526315789475,2025-03-15,2025-04-14,30,6.909090909090909
21238e1c78588bea853c315d46f5dc29,534,31,220,257,209,0.25842696629213485,138,0.23174157303370788,0.13857677902621723,0.6647940074906367,Computer,0,2,0,0.9839357429718876,0,0,internal,0.07677902621722846,0,0.0056179775280898875,0,0.4868913857677903,2025-03-15,2025-04-14,30,17.225806451612904
2191cc84c7bb5d3610d632f7cf5204b2,1,1,1,1,1,1,1,0.25,0,0,Tablet,0,1,NA,NA,NA,NA,NA,0,0,0,0,0,2025-04-12,2025-04-12,0,1
223c8361a0a978b0e4d312112990dba8,6,2,2,6,2,0.6666666666666666,4,0.7083333333333334,0.3333333333333333,0.16666666666666666,Mobile,1,1,0,0.8,0,0,internal,1,0,0,0,0,2025-03-12,2025-03-15,3,3
228e171206fad2c38a76aae4211549ec,23,6,14,15,13,0.34782608695652173,8,0.4673913043478261,0.2608695652173913,0.391304347826087,Mobile,1,1,0,0.9375,0,0,internal,0.30434782608695654,0,0,0,0.34782608695652173,2025-03-24,2025-04-18,25,3.8333333333333335
22a6b4c7e8f0f97515abe4eb37edfe1f,323,23,142,142,130,0.2260061919504644,73,0.29876160990712075,0.2260061919504644,0.6253869969040248,Computer,0,1,0,0.9890710382513661,0,0,internal,0.0804953560371517,0,0.058823529411764705,0,0.43034055727554177,2025-03-22,2025-04-16,25,14.043478260869565
22bf58de695495f2a95f640498332fe1,5,2,4,4,3,0.4,2,0.65,0.6,0.2,Computer,0,1,0,0.75,0,0,internal,0,0,0,0,0.2,2025-03-17,2025-03-24,7,2.5
232433aa3d7e847e0a462e9336be16d7,551,27,229,262,227,0.279491833030853,154,0.1987295825771325,0.07622504537205081,0.6696914700544465,Mobile,1,1,0.040515653775322284,0.9300184162062615,0,0,internal,0.0852994555353902,0,0.0054446460980036296,0,0.5172413793103449,2025-03-22,2025-04-21,30,20.40740740740741
2386a3f4ebca1a9b86919c3d8991680e,74,15,28,29,27,0.28378378378378377,21,0.22972972972972974,0.10810810810810811,0.6756756756756757,Computer,0,2,0,1,0,0,internal,0.02702702702702703,0,0,0,0.6081081081081081,2025-03-15,2025-04-12,28,4.933333333333334
23a6f8a1edbc18b9f0f6371e1a325529,193,29,67,94,66,0.2694300518134715,52,0.3238341968911917,0.22797927461139897,0.5906735751295337,Tablet,0,3,0,0.9261744966442953,0,0.006711409395973154,internal,0.09326424870466321,0,0,0,0.5129533678756477,2025-03-11,2025-04-10,30,6.655172413793103
23ab60f3d426ccd9fe945b7acfcbd9b8,14,7,11,10,9,0.2857142857142857,4,0.4642857142857143,0.35714285714285715,0.35714285714285715,Mobile,1,2,0,0.75,0,0,internal,0.35714285714285715,0,0,0,0.21428571428571427,2025-03-11,2025-04-03,23,2
23c18ba7347830b64be8b764005b8ba0,326,29,133,150,127,0.24846625766871167,81,0.3197852760736196,0.2392638036809816,0.5920245398773006,Computer,0,2,0,0.9790575916230366,0,0,internal,0.046012269938650305,0,0.009202453987730062,0,0.46319018404907975,2025-03-12,2025-04-11,30,11.241379310344827
240ce5d130fcc7f11abd19606854fc60,546,30,302,318,296,0.32783882783882784,179,0.43635531135531136,0.33882783882783885,0.4706959706959707,Computer,0,2,0.03903903903903904,0.9519519519519519,0,0,internal,0.10805860805860806,0,0.005494505494505495,0,0.4010989010989011,2025-03-21,2025-04-19,29,18.2
245f21fbcfbc2c99dbf41818ef3774fc,17,5,3,16,2,0.47058823529411764,8,0.5588235294117647,0.47058823529411764,0.4117647058823529,Mobile,1,1,0.3333333333333333,0,0.5333333333333333,0,email,0,0,0,0,0.058823529411764705,2025-03-09,2025-03-21,12,3.4
2479bc006451d269366c9b3bb82f658d,324,22,101,105,94,0.1728395061728395,56,0.16203703703703703,0.08950617283950617,0.7345679012345679,Computer,0,2,0.1510204081632653,0.8408163265306122,0,0.004081632653061225,internal,0.06481481481481481,0,0,0,0.4074074074074074,2025-03-21,2025-04-18,28,14.727272727272727
24959324ee77a3fdbce301c7192bc3f7,756,31,233,291,232,0.19973544973544974,151,0.2447089947089947,0.14814814814814814,0.6772486772486772,Computer,0,1,0,0.9656357388316151,0,0,internal,0.06481481481481481,0,0.0026455026455026454,0,0.6150793650793651,2025-03-16,2025-04-15,30,24.387096774193548
24d200dbbdc90ade21b149b9ebc16d98,3,1,3,2,2,0,0,0.6666666666666666,0.6666666666666666,0.3333333333333333,Computer,0,1,0,0.3333333333333333,0,0,unknown,0,0,0,0,0.3333333333333333,2025-03-21,2025-03-21,0,3
254773d08d5ddfb82fdfad28371db425,3,2,3,2,2,0,0,0.5833333333333334,0.3333333333333333,0.3333333333333333,Computer,0,1,0,0.5,0,0,internal,0,0,0,0,0.3333333333333333,2025-03-11,2025-04-02,22,1.5
254f38248eea896ec7084daa2f6602aa,175,27,83,95,80,0.2857142857142857,50,0.38142857142857145,0.2914285714285714,0.5314285714285715,Mobile,1,1,0,0.9905660377358491,0,0,internal,0.14857142857142858,0,0,0,0.3942857142857143,2025-03-19,2025-04-18,30,6.481481481481482
25567a00c727a5f238f2147e7806428f,21,12,19,21,19,0.6666666666666666,14,0.5833333333333334,0.38095238095238093,0.14285714285714285,Mobile,1,1,0,0.14285714285714285,0,0.7142857142857143,social,0.3333333333333333,0,0,0,0,2025-03-09,2025-04-04,26,1.75
25b091685441c9c3bdbe9e1bf30cd66a,4,2,4,3,3,0.25,1,0.3125,0,0.25,Computer,0,1,0.5,0.25,0,0,search,0,0,0,0,0,2025-03-08,2025-03-09,1,2
25c128e7f3e0a75ddd14b5784c100e1e,7,5,7,6,6,0.2857142857142857,2,0.21428571428571427,0,0.42857142857142855,Mobile,1,1,0,0.5,0,0,internal,0.14285714285714285,0,0,0,0.14285714285714285,2025-03-08,2025-04-06,29,1.4
25cabc071210e89c45fc323a54e4e4d7,168,15,107,108,94,0.36904761904761907,62,0.4494047619047619,0.35119047619047616,0.4583333333333333,Computer,0,1,0,0.9705882352941176,0,0,internal,0.15476190476190477,0,0,0,0.17261904761904762,2025-03-07,2025-04-06,30,11.2
26055449e1b6f5750213a8cd2f9c1590,9,4,7,8,6,0.3333333333333333,3,0.6666666666666666,0.4444444444444444,0.1111111111111111,Computer,0,1,0.75,0,0,0.125,search,0.7777777777777778,0,0,0,0.1111111111111111,2025-03-18,2025-04-08,21,2.25
260ecef60f4aa81a9bbee7feb50baa90,42,8,21,23,20,0.2619047619047619,11,0.2976190476190476,0.21428571428571427,0.5714285714285714,Mobile,1,2,0,0.95,0,0,internal,0.14285714285714285,0,0.023809523809523808,0,0.4523809523809524,2025-03-14,2025-04-13,30,5.25
261b2aa96e257baca502e9274d1f6737,297,27,126,134,124,0.2828282828282828,84,0.3063973063973064,0.21885521885521886,0.6161616161616161,Mobile,1,1,0.007042253521126761,0.971830985915493,0,0,internal,0.11447811447811448,0,0.006734006734006734,0,0.5387205387205387,2025-03-04,2025-03-30,26,11
26a8b7f9adc53ba2b3ee6c4ab26213d7,20,8,16,19,15,0.3,6,0.65,0.5,0.2,Mobile,1,1,0,0.3333333333333333,0.4,0.2,email,0.65,0,0,0,0.05,2025-03-21,2025-04-18,28,2.5
276ad228a0e3d1283a9ed066a5de77f9,59,18,45,45,44,0.3559322033898305,21,0.4152542372881356,0.22033898305084745,0.3898305084745763,Computer,0,2,0,0.2647058823529412,0.7352941176470589,0,email,0.11864406779661017,0,0.01694915254237288,0,0.23728813559322035,2025-03-23,2025-04-22,30,3.2777777777777777
28c7f0fd6c244321b656ee0f6b4f5c25,10,2,6,10,6,0.7,7,0.55,0.5,0.4,Tablet,0,1,0,0.8571428571428571,0,0,internal,0.2,0,0,0,0,2025-03-25,2025-03-26,1,5
28cf6e0849f84472089d55fc5ec659d9,505,31,129,199,125,0.21584158415841584,109,0.1797029702970297,0.09306930693069307,0.7366336633663366,Mobile,1,2,0,0.9979633401221996,0,0,internal,0.07524752475247524,0,0.0039603960396039604,0,0.598019801980198,2025-03-06,2025-04-05,30,16.29032258064516
29127e2a7ed2ad5ae7a0b90963270788,34,10,16,22,14,0.4411764705882353,15,0.3897058823529412,0.2647058823529412,0.5,Mobile,1,1,0.08333333333333333,0.4583333333333333,0,0,internal,0.23529411764705882,0,0,0,0.20588235294117646,2025-03-21,2025-04-18,28,3.4
29570250930a4b6759f7de0a3ccbfa6a,230,29,107,145,105,0.34347826086956523,79,0.42717391304347824,0.3652173913043478,0.5217391304347826,Tablet,0,2,0,0.9302325581395349,0,0,internal,0.22608695652173913,0,0,0,0.3652173913043478,2025-03-05,2025-04-04,30,7.931034482758621
296ebed7fd47d502188ba062c21e58ac,222,20,65,79,63,0.1981981981981982,44,0.24324324324324326,0.16666666666666666,0.6711711711711712,Computer,0,1,0.012658227848101266,0.9620253164556962,0,0.012658227848101266,internal,0.04954954954954955,0,0,0,0.6396396396396397,2025-03-14,2025-04-13,30,11.1
2a0fd6364ffb8b6e44ac73c1772ed2f6,12,2,9,9,7,0.75,9,0.375,0.25,0.5,Mobile,1,1,0,0.8333333333333334,0,0,internal,0.16666666666666666,0,0,0,0.16666666666666666,2025-03-11,2025-03-24,13,6
2a317adc7a549e70e196a6f3b0b8229a,93,11,41,40,40,0.27956989247311825,26,0.4112903225806452,0.3870967741935484,0.5698924731182796,Computer,0,1,0,0.9523809523809523,0,0,internal,0.10752688172043011,0,0,0,0.5698924731182796,2025-03-29,2025-04-18,20,8.454545454545455
2a51690c82facfbc4556e85f4693dc17,75,25,60,73,59,0.5466666666666666,41,0.5333333333333333,0.3466666666666667,0.28,Mobile,1,1,0,0.8461538461538461,0,0,internal,0.24,0,0,0,0.02666666666666667,2025-03-23,2025-04-20,28,3
2a5ac71661a5b6fab9cb884c8bead8d6,363,30,191,211,190,0.36363636363636365,132,0.29958677685950413,0.17355371900826447,0.5482093663911846,Mobile,1,2,0,0.9592760180995475,0,0,internal,0.11294765840220386,0,0,0,0.418732782369146,2025-03-22,2025-04-21,30,12.1
2a73451a7f4e0be51f5a8e30082805b4,1284,31,381,692,374,0.3029595015576324,389,0.27044392523364486,0.16199376947040497,0.6105919003115264,Mobile,1,1,0,0.9618421052631579,0,0,internal,0.10903426791277258,0,0.011682242990654205,0,0.4400311526479751,2025-03-17,2025-04-16,30,41.41935483870968
2aae4b96432d2c3c3f05cb5db8e7635c,686,31,274,374,272,0.3032069970845481,208,0.28972303206997085,0.17201166180758018,0.597667638483965,Mobile,1,1,0.002,0.992,0,0,internal,0.13994169096209913,0,0.008746355685131196,0,0.44752186588921283,2025-03-21,2025-04-20,30,22.129032258064516
2b18f2e4112c3260d1f29e3142f583d0,145,31,67,66,66,0.2689655172413793,39,0.39827586206896554,0.33793103448275863,0.5655172413793104,Computer,0,1,0,0.9895833333333334,0,0,internal,0.07586206896551724,0,0.006896551724137931,0,0.5448275862068965,2025-03-21,2025-04-20,30,4.67741935483871
2bc80ee820dd4caac5fa5f7f9d6e4a5c,960,31,405,493,397,0.290625,279,0.27395833333333336,0.15,0.5947916666666667,Computer,0,3,0.16026711185308848,0.8280467445742905,0,0,internal,0.08020833333333334,0,0.0020833333333333333,0,0.43854166666666666,2025-03-21,2025-04-20,30,30.967741935483872
2c32c80e711319c80b09ba09c6809d26,30,5,20,24,19,0.5333333333333333,16,0.4583333333333333,0.3333333333333333,0.36666666666666664,Computer,0,2,0.10714285714285714,0.6785714285714286,0,0,internal,0.1,0,0,0,0.2,2025-03-11,2025-04-01,21,6
2c6156b11760d509f80689626ff8d773,89,20,47,51,46,0.3595505617977528,32,0.34831460674157305,0.24719101123595505,0.5280898876404494,Computer,0,2,0.03225806451612903,0.9354838709677419,0,0,internal,0.0449438202247191,0,0.011235955056179775,0,0.42696629213483145,2025-03-21,2025-04-20,30,4.45
2c6bbbf8fa35f68c88d82688bd0f7a69,4,1,2,1,1,0.25,1,0.25,0.25,0.75,Mobile,1,1,0,0,0,0,unknown,0,0,0.25,0,0.75,2025-03-22,2025-03-22,0,4
2c82f7a3f92409b674dbf5d3321f88c9,2,1,2,1,1,0,0,0.5,0.5,0.5,Mobile,1,1,0,0.5,0,0,internal,0,0,0,0,0.5,2025-03-11,2025-03-11,0,2
2caad3152a29bb4d0357884c66aea564,2,1,2,1,1,0,0,0.25,0,0.5,Computer,0,1,0,0.5,0,0,internal,0,0,0,0,0.5,2025-03-21,2025-03-21,0,2
2d4d321307fe1f90c06d5213e604941f,22,3,12,10,8,0.3181818181818182,7,0.29545454545454547,0.18181818181818182,0.6363636363636364,Tablet,0,2,0,0.631578947368421,0,0,internal,0.22727272727272727,0,0,0,0.4090909090909091,2025-03-12,2025-03-18,6,7.333333333333333
2d5adde906e831f080f533074fff495f,134,20,71,125,70,0.47761194029850745,64,0.4701492537313433,0.373134328358209,0.44776119402985076,Mobile,1,1,0,0.775,0,0,internal,0.17164179104477612,0,0.007462686567164179,0,0.06716417910447761,2025-03-21,2025-04-19,29,6.7
2da5fc5a7ab09c95c652562f4681bd29,486,31,213,244,210,0.2962962962962963,144,0.2844650205761317,0.1728395061728395,0.6049382716049383,Mobile,1,2,0,0.9862542955326461,0,0.003436426116838488,internal,0.11728395061728394,0,0.012345679012345678,0,0.48148148148148145,2025-03-23,2025-04-22,30,15.67741935483871
2dd7e42f99ac96b837b800eff7ed8b73,29,3,27,26,25,0.5517241379310345,16,0.5948275862068966,0.4827586206896552,0.27586206896551724,Computer,0,2,0.08,0.8,0,0,internal,0.20689655172413793,0,0,0,0.034482758620689655,2025-03-05,2025-03-23,18,9.666666666666666
2e608971ff7c2bb1638c925e543726a2,308,30,150,155,149,0.2824675324675325,87,0.2702922077922078,0.12987012987012986,0.5681818181818182,Computer,0,1,0,0.9867549668874173,0,0,internal,0.09740259740259741,0,0.012987012987012988,0,0.4967532467532468,2025-03-06,2025-04-05,30,10.266666666666667
2e61a4b9eba3b903cdb5ae94b9805e47,2,1,2,2,2,0.5,1,1,1,0,Computer,0,1,0.5,0,0,0,search,0,0,0,0,0,2025-03-17,2025-03-17,0,2
2ed2e7c7740caace45ef81eba21f0739,10,2,7,6,5,0.2,2,0.325,0.1,0.5,Mobile,1,1,0,0.5,0,0.125,internal,0.3,0,0,0,0.3,2025-03-10,2025-03-11,1,5
2ef1b0911c92e61e14b195dda6980a68,556,27,250,263,236,0.26798561151079137,149,0.2189748201438849,0.08453237410071943,0.6205035971223022,Mobile,1,2,0,0.9770408163265306,0,0,internal,0.1079136690647482,0,0.008992805755395683,0,0.4568345323741007,2025-03-07,2025-04-06,30,20.59259259259259
2f1e1f0e95db029b590b69b5b9eb6952,295,28,180,186,178,0.36271186440677966,107,0.31864406779661014,0.12203389830508475,0.4610169491525424,Computer,0,1,0.005319148936170213,0.9893617021276596,0,0,internal,0.13220338983050847,0,0,0,0.36610169491525424,2025-03-21,2025-04-20,30,10.535714285714286
2f204aeb120fdc22e3d9f8bee4374b0b,7,3,5,5,3,0.42857142857142855,3,0.32142857142857145,0.2857142857142857,0.5714285714285714,Mobile,1,1,0,0.2,0,0.4,social,0.14285714285714285,0,0,0,0.14285714285714285,2025-03-10,2025-04-04,25,2.3333333333333335
2f2789bce65dd9b3344478bdce2342e6,584,30,332,396,322,0.4006849315068493,234,0.5291095890410958,0.4845890410958904,0.4092465753424658,Computer,0,2,0,0.9100346020761245,0,0,internal,0.1832191780821918,0,0,0,0.2688356164383562,2025-03-20,2025-04-19,30,19.466666666666665
2f8965398cbe981cccc83d6f81509fec,278,15,120,128,115,0.27697841726618705,77,0.25989208633093525,0.15827338129496402,0.6294964028776978,Computer,0,1,0,0.58,0,0,internal,0.10431654676258993,0,0.0035971223021582736,0,0.46402877697841727,2025-03-08,2025-04-05,28,18.533333333333335
2f9710a6b323884ef84129309caf9ddf,91,20,82,79,77,0.5604395604395604,51,0.7774725274725275,0.6923076923076923,0.15384615384615385,Mobile,1,2,0,0.6352941176470588,0.023529411764705882,0.25882352941176473,internal,0.26373626373626374,0,0.04395604395604396,0,0.08791208791208792,2025-03-22,2025-04-21,30,4.55
303860c1806cd8777515040378492fd6,6,2,5,4,3,0.6666666666666666,4,0.4166666666666667,0.3333333333333333,0.5,Computer,0,1,0.3333333333333333,0.5,0,0,internal,0,0,0,0,0.16666666666666666,2025-03-14,2025-03-20,6,3
30940b4b1cd99664e4dd18235982c892,6,1,5,5,4,0.6666666666666666,4,0.375,0.16666666666666666,0.5,Computer,0,2,0,0.5,0,0,internal,0.3333333333333333,0,0,0,0.16666666666666666,2025-03-10,2025-03-10,0,6
30af1188b05d88e62fc64e6615574579,328,29,148,148,137,0.25,82,0.3871951219512195,0.3231707317073171,0.573170731707317,Mobile,1,2,0.016042780748663103,0.9518716577540107,0,0,internal,0.04573170731707317,0,0.009146341463414634,0,0.49085365853658536,2025-03-09,2025-04-08,30,11.310344827586206
30e31485609c73343cd6c358e62bdc65,370,31,158,160,152,0.24054054054054055,89,0.3493243243243243,0.2972972972972973,0.6027027027027027,Mobile,1,2,0.009708737864077669,0.9466019417475728,0,0.0048543689320388345,internal,0.0891891891891892,0,0,0,0.5540540540540541,2025-03-05,2025-04-04,30,11.935483870967742
30f784b5886a73a096111934c55158a9,4,1,4,3,3,0.25,1,0.75,0.75,0.25,Mobile,1,1,0,0.75,0,0,internal,0,0,0,0,0.25,2025-03-06,2025-03-06,0,4
31312cce5cd757416a102a8df3bb54e9,6,2,4,5,3,0.3333333333333333,2,0.3333333333333333,0.3333333333333333,0.6666666666666666,Mobile,1,1,0.16666666666666666,0.6666666666666666,0,0,internal,0,0,0,0,0,2025-03-22,2025-03-23,1,3
3153c33ed1f578782ed8f49986d4cff4,64,8,31,36,30,0.234375,15,0.27734375,0.109375,0.546875,Computer,0,1,0,0.9722222222222222,0,0,internal,0.078125,0,0,0,0.4375,2025-03-13,2025-04-11,29,8
3234d46db0e6de36d49704d274247df2,70,9,44,43,36,0.3,21,0.4142857142857143,0.3142857142857143,0.5,Mobile,1,2,0.09090909090909091,0.8363636363636363,0,0.01818181818181818,internal,0.17142857142857143,0,0,0,0.2857142857142857,2025-03-09,2025-04-04,26,7.777777777777778
323922e8476497ef1c3cd0573b121c58,161,27,72,77,71,0.2919254658385093,47,0.2608695652173913,0.11801242236024845,0.6149068322981367,Mobile,1,2,0,0.922077922077922,0,0,internal,0.14285714285714285,0,0,0,0.5217391304347826,2025-03-05,2025-04-04,30,5.962962962962963
32752ac08b09a3190d1691e16508a2b6,251,24,122,138,121,0.32669322709163345,82,0.2818725099601594,0.13147410358565736,0.549800796812749,Mobile,1,2,0,0.9473684210526315,0,0,internal,0.1593625498007968,0,0.01195219123505976,0,0.450199203187251,2025-03-17,2025-04-14,28,10.458333333333334
32b1b4abb3df1282395d96cf86231b61,111,25,36,38,34,0.17117117117117117,19,0.23648648648648649,0.18018018018018017,0.7117117117117117,Tablet,0,2,0,0.9487179487179487,0,0,internal,0.07207207207207207,0,0.02702702702702703,0,0.6306306306306306,2025-03-18,2025-04-17,30,4.44
333be8d71beacb6ec8d9caf47393d755,85,15,43,41,41,0.29411764705882354,25,0.3,0.2,0.6,Computer,0,1,0,0.9111111111111111,0,0,internal,0.17647058823529413,0,0,0,0.4823529411764706,2025-03-10,2025-04-09,30,5.666666666666667
33426eacfafcb883784bcc9bcbc456d6,718,31,327,375,321,0.3147632311977716,226,0.2924791086350975,0.1532033426183844,0.5696378830083565,Mobile,1,1,0,0.9948849104859335,0,0,internal,0.10306406685236769,0,0.006963788300835654,0,0.4610027855153203,2025-03-10,2025-04-09,30,23.161290322580644
336d377b414d6aeb1756502907b6ab86,17,8,12,12,11,0.47058823529411764,8,0.27941176470588236,0.17647058823529413,0.5294117647058824,Mobile,1,1,0,0.3076923076923077,0,0.23076923076923078,unknown,0.11764705882352941,0,0,0,0.29411764705882354,2025-03-05,2025-04-03,29,2.125
33fea4b276180c2884f8d1767a1483e6,865,31,289,405,286,0.2635838150289017,228,0.22514450867052024,0.15260115606936417,0.6901734104046243,Mobile,1,1,0,0.9951100244498777,0,0,internal,0.10289017341040463,0,0.004624277456647399,0,0.5271676300578034,2025-03-07,2025-04-06,30,27.903225806451612
3486d8fbc710dec226242a9372c7a6b6,40,6,31,38,30,0.575,23,0.6,0.45,0.25,Computer,0,2,0,0.7586206896551724,0,0,internal,0.25,0,0.025,0,0.05,2025-03-18,2025-04-16,29,6.666666666666667
34d88178100f7dc67e01e0aaba334352,529,31,203,225,202,0.2627599243856333,139,0.29820415879017015,0.17391304347826086,0.5954631379962193,Computer,0,2,0.0058823529411764705,0.9823529411764705,0,0,internal,0.07939508506616257,0,0,0,0.5746691871455577,2025-03-04,2025-04-03,30,17.06451612903226
34e69eb8352599ea5989a86183e94a0c,387,29,198,221,196,0.2971576227390181,115,0.3313953488372093,0.18604651162790697,0.5012919896640827,Computer,0,2,0.002932551319648094,0.9824046920821115,0,0,internal,0.07751937984496124,0,0.031007751937984496,0,0.4263565891472868,2025-03-13,2025-04-12,30,13.344827586206897
354e7a5939a921d12feedb99c6d967d1,224,29,111,112,110,0.29464285714285715,66,0.28683035714285715,0.19196428571428573,0.5714285714285714,Computer,0,2,0,0.9583333333333334,0,0.017857142857142856,internal,0.10267857142857142,0,0.004464285714285714,0,0.5,2025-03-04,2025-04-03,30,7.724137931034483
35e3eba1e51747ece01e4bd2a1b94c59,147,9,93,94,90,0.36054421768707484,53,0.4336734693877551,0.2857142857142857,0.41496598639455784,Mobile,1,2,0.27972027972027974,0.6853146853146853,0,0,internal,0.1360544217687075,0,0,0,0.3469387755102041,2025-03-11,2025-04-07,27,16.333333333333332
35e4a3451e17fa1e4f7b69cb8768ddd7,5,4,4,4,3,0.4,2,0.4,0.2,0.4,Mobile,1,1,0,0.2,0.8,0,email,0.4,0,0,0,0.2,2025-03-21,2025-04-08,18,1.25
3689d81e4b91fb17c0941a1554e19695,6,3,4,5,3,0.3333333333333333,2,0.5833333333333334,0.5,0.16666666666666666,Mobile,1,2,0.16666666666666666,0.5,0,0.16666666666666666,internal,0.6666666666666666,0,0,0,0,2025-03-10,2025-04-08,29,2
372423fee286446a26a1f3d2cf16beba,77,15,51,54,50,0.4025974025974026,31,0.577922077922078,0.4935064935064935,0.36363636363636365,Tablet,0,1,0,0.9827586206896551,0,0,internal,0.14285714285714285,0,0,0,0.2987012987012987,2025-03-23,2025-04-22,30,5.133333333333334
374f3786930ea8008317faaafb586def,352,31,115,135,114,0.22443181818181818,79,0.19744318181818182,0.10795454545454546,0.7272727272727273,Mobile,1,2,0,0.8773006134969326,0,0,internal,0.05965909090909091,0,0.002840909090909091,0,0.6164772727272727,2025-03-05,2025-04-04,30,11.35483870967742
3779c328bc5efb7d0f9f77bc895122e4,46,15,32,32,28,0.391304347826087,18,0.4891304347826087,0.2826086956521739,0.34782608695652173,Computer,0,1,0.5357142857142857,0.4642857142857143,0,0,search,0.15217391304347827,0,0.08695652173913043,0,0.2391304347826087,2025-03-04,2025-04-03,30,3.066666666666667
377dd6cfe7fe36b1c01d3f2996a44cfa,197,23,91,97,88,0.3248730964467005,64,0.29314720812182743,0.2233502538071066,0.6091370558375635,Computer,0,1,0,1,0,0,internal,0.03553299492385787,0,0,0,0.4873096446700508,2025-03-24,2025-04-23,30,8.565217391304348
37ee89a920e19271f9fbb498f483a02c,709,30,316,357,314,0.2820874471086037,200,0.36071932299012693,0.2637517630465444,0.5585331452750353,Computer,0,1,0,0.5021156558533145,0,0,internal,0.10578279266572638,0,0.005641748942172073,0,0.49506346967559944,2025-03-11,2025-04-10,30,23.633333333333333
37ff6f6b1a24548aa9038287d12f48b8,485,31,146,160,144,0.17938144329896907,87,0.20670103092783504,0.1134020618556701,0.7216494845360825,Mobile,1,1,0,0.9795918367346939,0,0,internal,0.049484536082474224,0,0.010309278350515464,0,0.6659793814432989,2025-03-06,2025-04-05,30,15.64516129032258
3828bc6e3a5fdfa667cb87eb2a13abf3,208,13,121,139,120,0.3605769230769231,75,0.5240384615384616,0.47115384615384615,0.4182692307692308,Computer,0,1,0,0.979381443298969,0,0,internal,0.1778846153846154,0,0,0,0.3317307692307692,2025-03-05,2025-04-04,30,16
385ea711433779ec568022849ce6eaeb,67,19,39,39,38,0.373134328358209,25,0.34701492537313433,0.19402985074626866,0.5074626865671642,Mobile,1,2,0.019230769230769232,0.6346153846153846,0,0.3269230769230769,internal,0.11940298507462686,0,0,0,0.417910447761194,2025-03-19,2025-04-16,28,3.526315789473684
38675660bddbeeeb7652f2b312725eb4,9,2,4,5,3,0.1111111111111111,1,0.3333333333333333,0.1111111111111111,0.4444444444444444,Mobile,1,1,0,0.5,0,0,internal,0.4444444444444444,0,0,0,0.4444444444444444,2025-03-08,2025-04-03,26,4.5
3879b6e1d91fcbf0f18122529184e756,3,2,3,3,3,0.6666666666666666,2,0.8333333333333334,0.6666666666666666,0,Mobile,1,1,0,0.5,0,0,internal,0,0,0,0,0,2025-03-07,2025-03-20,13,1.5
38b5b39ff16ebd584f08e55684902a3d,505,31,196,215,194,0.22376237623762377,113,0.31732673267326733,0.2316831683168317,0.6,Computer,0,2,0.006289308176100629,0.9591194968553459,0.025157232704402517,0,internal,0.07722772277227723,0,0.02178217821782178,0,0.5722772277227722,2025-03-06,2025-04-05,30,16.29032258064516
38f5f24677474d61ad85fa40e4135d7d,14,7,8,14,8,0.42857142857142855,6,0.6428571428571429,0.2857142857142857,0.21428571428571427,Mobile,1,1,0.23076923076923078,0,0.15384615384615385,0.46153846153846156,social,0.5,0,0,0,0,2025-03-08,2025-04-04,27,2
3926332ead4babb99d80e51a8649ed02,318,24,166,187,158,0.2893081761006289,92,0.3577044025157233,0.22641509433962265,0.5188679245283019,Mobile,1,2,0.13738019169329074,0.7092651757188498,0,0,internal,0.10062893081761007,0,0.018867924528301886,0,0.29559748427672955,2025-03-11,2025-04-10,30,13.25
39b620b3cc260fddfafbb19c29a55521,440,20,184,214,182,0.2545454545454545,112,0.30568181818181817,0.17954545454545454,0.5454545454545454,Computer,0,1,0.511520737327189,0.4792626728110599,0,0,search,0.08409090909090909,0,0.006818181818181818,0,0.5068181818181818,2025-03-11,2025-04-09,29,22
3a0bf932478ae8786cc3ed33867eec0a,480,31,204,222,202,0.23333333333333334,112,0.36041666666666666,0.2875,0.5791666666666667,Mobile,1,1,0.00909090909090909,0.9863636363636363,0,0,internal,0.07083333333333333,0,0.014583333333333334,0,0.5354166666666667,2025-03-22,2025-04-21,30,15.483870967741936
3ab2a27e0f8fb6cf68d6d0229504b5aa,260,19,136,149,132,0.3038461538461538,79,0.3384615384615385,0.16538461538461538,0.5038461538461538,Computer,0,2,0.11711711711711711,0.8603603603603603,0,0,internal,0.06153846153846154,0,0,0,0.24615384615384617,2025-03-04,2025-04-03,30,13.68421052631579
3b14d58a14632ed87ae70ed029355208,315,31,140,150,128,0.26666666666666666,84,0.35714285714285715,0.2920634920634921,0.5777777777777777,Mobile,1,2,0,0.9902912621359223,0,0,internal,0.04126984126984127,0,0.06666666666666667,0,0.4,2025-03-22,2025-04-21,30,10.161290322580646
3b4ce05f90428b767885143458049bf1,350,27,168,185,160,0.26285714285714284,92,0.3914285714285714,0.3142857142857143,0.54,Computer,0,2,0,0.9766355140186916,0,0,internal,0.08571428571428572,0,0.022857142857142857,0,0.3942857142857143,2025-03-21,2025-04-20,30,12.962962962962964
3b58e4de14144a7cb62e612b74d08254,25,8,9,9,8,0.2,5,0.17,0.12,0.8,Mobile,1,1,0,0.9,0,0,internal,0.08,0,0.04,0,0.64,2025-03-21,2025-04-16,26,3.125
3b7e252e3cad823b1a333da15165e8fc,158,23,92,132,87,0.45569620253164556,72,0.5031645569620253,0.4240506329113924,0.379746835443038,Mobile,1,1,0.0070921985815602835,0.8652482269503546,0,0,internal,0.22151898734177214,0,0.02531645569620253,0,0.13924050632911392,2025-03-20,2025-04-19,30,6.869565217391305
3c50279c1b9fa031b0aea0db774dbf3b,231,27,130,137,128,0.36363636363636365,84,0.4642857142857143,0.38961038961038963,0.44155844155844154,Computer,0,2,0,0.98,0,0,internal,0.11688311688311688,0,0,0,0.3852813852813853,2025-03-06,2025-04-05,30,8.555555555555555
3ccfb60c0dcc940bdf0b4b93fe782108,11,4,5,4,4,0.18181818181818182,2,0.20454545454545456,0,0.6363636363636364,Mobile,1,2,0,0.4444444444444444,0,0,unknown,0,0,0,0,0.6363636363636364,2025-03-23,2025-03-29,6,2.75
3cdfb0b20d7df4fafb8306203459b4bc,8,2,7,5,5,0.125,1,0.5,0.5,0.5,Computer,0,2,0.25,0.5,0,0,internal,0.125,0,0,0,0.25,2025-03-17,2025-04-13,27,4
3d1673e3c7b52cbe6912069d9eae8d9c,1,1,1,1,1,0,0,1,1,0,Computer,0,1,0,0,0,0,unknown,1,0,0,0,0,2025-03-24,2025-03-24,0,1
3d5b0a78f46ce3493d06c63115065930,4,2,3,1,1,0,0,0.0625,0,0.75,Computer,0,1,0,1,0,0,internal,0,0,0,0,0.5,2025-03-11,2025-04-08,28,2
3d8cf090b56ded7bb0f80503840ebb67,201,25,81,82,78,0.22885572139303484,46,0.27611940298507465,0.1890547263681592,0.6318407960199005,Computer,0,1,0,0.9710982658959537,0,0,internal,0.06467661691542288,0,0.01990049751243781,0,0.582089552238806,2025-03-23,2025-04-22,30,8.04
3dba42c61edb0c46dacc14e879b2cdae,17,2,11,12,10,0.4117647058823529,7,0.39705882352941174,0.23529411764705882,0.47058823529411764,Mobile,1,1,0,0.8125,0,0,internal,0.17647058823529413,0,0,0,0.29411764705882354,2025-03-22,2025-04-14,23,8.5
3dbf7ab21815a2df892c2ae6b4b0dd7e,13,6,6,9,5,0.3076923076923077,4,0.2692307692307692,0.15384615384615385,0.6923076923076923,Mobile,1,2,0.5,0.125,0,0,search,0.15384615384615385,0,0,0,0.3076923076923077,2025-03-10,2025-03-26,16,2.1666666666666665
3e12e97517b4bf54ec932fcc84f1b859,483,31,176,218,170,0.2629399585921325,127,0.2939958592132505,0.2194616977225673,0.62939958592132506,Computer,0,2,0,0.9793388429752066,0,0,internal,0.06832298136645963,0,0.035196687370600416,0,0.5031055900621118,2025-03-13,2025-04-12,30,15.580645161290322
3e167e82f647e5db6f095c4aa5abb931,278,26,185,206,173,0.4028776978417266,112,0.5251798561151079,0.4244604316546763,0.381294964028777,Mobile,1,1,0.21722846441947566,0.7715355805243446,0,0.003745318352059925,internal,0.21942446043165467,0,0.01079136690647482,0,0.06474820143884892,2025-03-07,2025-04-06,30,10.692307692307692
3e7f5b8de782a6936c4b6f5ad96432de,306,25,101,112,99,0.18627450980392157,57,0.27941176470588236,0.20588235294117646,0.6535947712418301,Computer,0,1,0.008547008547008548,0.9316239316239316,0,0,internal,0.058823529411764705,0,0.026143790849673203,0,0.630718954248366,2025-03-21,2025-04-19,29,12.24
3ea2aa0aabcff460c0b99278add14b33,389,24,204,239,190,0.38303341902313626,149,0.35025706940874035,0.2493573264781491,0.5475578406169666,Computer,0,3,0,0.9923954372623575,0,0,internal,0.11825192802056556,0,0.028277634961439587,0,0.20822622107969152,2025-03-22,2025-04-20,29,16.208333333333332
3ed4f7f63a51e332c5640a4ac40b938b,301,29,99,93,90,0.2026578073089701,61,0.19601328903654486,0.09966777408637874,0.7142857142857143,Computer,0,1,0,0.9925373134328358,0,0,internal,0.046511627906976744,0,0,0,0.5548172757475083,2025-03-06,2025-04-05,30,10.379310344827585
3ef2f6f92113adbf4b7b9a654898ba4a,72,13,49,53,48,0.4444444444444444,32,0.4027777777777778,0.2777777777777778,0.4722222222222222,Mobile,1,2,0.01818181818181818,0.6,0,0.3090909090909091,internal,0.1388888888888889,0,0.013888888888888888,0,0.2638888888888889,2025-03-23,2025-04-15,23,5.538461538461538
3f245c21020adebf9e154a03c90eeaa5,246,26,100,103,98,0.23983739837398374,59,0.28353658536585363,0.21138211382113822,0.6300813008130082,Computer,0,1,0,0.5260416666666666,0,0,internal,0.056910569105691054,0,0.0040650406504065045,0,0.5772357723577236,2025-03-20,2025-04-19,30,9.461538461538462
3f267ca819325c1fe782457dac5089e1,337,30,141,160,140,0.3115727002967359,105,0.30415430267062316,0.18397626112759644,0.543026706231454,Tablet,0,2,0,0.9950248756218906,0,0,internal,0.09792284866468842,0,0.002967359050445104,0,0.5252225519287834,2025-03-22,2025-04-21,30,11.233333333333333
3f92a08aecf5851bf365249ab15dd53a,286,28,122,124,121,0.28321678321678323,81,0.24825174825174826,0.15034965034965034,0.6153846153846154,Computer,0,1,0.004098360655737705,0.5040983606557377,0,0,internal,0.04895104895104895,0,0.013986013986013986,0,0.5664335664335665,2025-03-07,2025-04-06,30,10.214285714285714
403adce9ceebe9bf502807ff561d4336,72,22,58,69,57,0.5138888888888888,37,0.5555555555555556,0.375,0.19444444444444445,Computer,0,1,0.16666666666666666,0.75,0,0,internal,0.2222222222222222,0,0,0,0.041666666666666664,2025-03-07,2025-04-03,27,3.272727272727273
406b6ee23e0a40ec6148b584acbdb5e5,513,30,318,327,317,0.3333333333333333,171,0.4697855750487329,0.27680311890838205,0.3898635477582846,Mobile,1,1,0,0.99079754601227,0,0,internal,0.08966861598440545,0,0.009746588693957114,0,0.36257309941520466,2025-03-12,2025-04-11,30,17.1
40ce8c05d7acddc08d648c853f6c9a6a,63,7,29,31,24,0.31746031746031744,20,0.32936507936507936,0.25396825396825395,0.6031746031746031,Mobile,1,2,0.02040816326530612,0.9183673469387755,0,0,internal,0.1111111111111111,0,0,0,0.2222222222222222,2025-03-11,2025-04-07,27,9
40d4bc4ceca9fd2e68031fa65ba5c50f,39,20,29,37,28,0.5128205128205128,20,0.5128205128205128,0.28205128205128205,0.28205128205128205,Tablet,0,1,0,0.5,0,0,internal,0.20512820512820512,0,0,0,0.05128205128205128,2025-03-21,2025-04-19,29,1.95
41241b233e501a67f213f3ef32ec13e3,761,31,376,408,373,0.2956636005256242,225,0.27036793692509853,0.15243101182654403,0.5886990801576872,Computer,0,2,0.004629629629629629,0.9791666666666666,0,0,internal,0.14586070959264127,0,0.00788436268068331,0,0.4283837056504599,2025-03-03,2025-04-02,30,24.548387096774192
415b000eecde4a9893f1b5573fc7881a,40,10,35,34,34,0.45,18,0.7,0.575,0.175,Computer,0,1,0,1,0,0,internal,0.15,0,0,0,0.15,2025-03-21,2025-04-18,28,4
4181e0591321ea5735b2d671d59a2d15,297,18,155,178,150,0.3434343434343434,102,0.4831649831649832,0.39730639730639733,0.4511784511784512,Computer,0,2,0.007575757575757576,0.9734848484848485,0,0,internal,0.11784511784511785,0,0.006734006734006734,0,0.31986531986531985,2025-03-22,2025-04-21,30,16.5
4186814b6bc1988f1aac92ccd15aec40,4,2,3,3,2,0.75,3,0.3125,0.25,0.5,Mobile,1,1,0,0.75,0,0,internal,0,0,0,0,0,2025-04-08,2025-04-10,2,2
4262ff5f39aee5987c964b9d43dd7ddf,44,7,29,38,28,0.5681818181818182,25,0.48295454545454547,0.3181818181818182,0.36363636363636365,Mobile,1,1,0,0.38461538461538464,0.6153846153846154,0,email,0.25,0,0.06818181818181818,0,0.13636363636363635,2025-03-08,2025-04-05,28,6.285714285714286
433aa510b9dc273e221bde28e7296866,716,31,242,258,235,0.19553072625698323,140,0.22870111731843576,0.13547486033519554,0.6787709497206704,Mobile,1,2,0.38127090301003347,0.6103678929765887,0,0,internal,0.051675977653631286,0,0.013966480446927373,0,0.4958100558659218,2025-03-10,2025-04-09,30,23.096774193548388
43ba9a358443177344257f5384a36a98,89,27,80,83,76,0.5617977528089888,50,0.6882022471910112,0.48314606741573035,0.12359550561797752,Computer,0,2,0,0.8571428571428571,0,0,internal,0.10112359550561797,0,0,0,0.033707865168539325,2025-03-23,2025-04-22,30,3.2962962962962963
43dea564b7e1ee3780f2b2542dcb7b4f,1,1,1,1,1,1,1,0.75,0,0,Mobile,1,1,0,0,0,0,unknown,1,0,0,0,0,2025-03-09,2025-03-09,0,1
43dff6a4be89d5565f9054a4448a135d,19,1,13,13,10,0.3157894736842105,6,0.32894736842105265,0.2631578947368421,0.5263157894736842,Computer,0,1,0,0.9473684210526315,0,0,internal,0,0,0,0,0.21052631578947367,2025-03-04,2025-03-04,0,19
441fba58754878611c05fa395b86c80b,5,2,2,4,1,1,5,0.2,0.2,0.8,Mobile,1,1,0.2,0,0,0,unknown,0,0,0,0,0,2025-03-23,2025-04-01,9,2.5
44242123a235ab7886549f81d4a074ec,4,1,3,3,2,0,0,0.375,0.25,0.5,Mobile,1,1,0,0.5,0,0,internal,0.75,0,0,0,0.25,2025-03-15,2025-03-15,0,4
44520b335edabb34f5b5a96e1d0bd832,193,31,128,128,125,0.38341968911917096,74,0.5893782383419689,0.5233160621761658,0.35751295336787564,Computer,0,1,0.016666666666666666,0.49444444444444446,0,0,internal,0.15544041450777202,0,0.02072538860103627,0,0.32642487046632124,2025-03-15,2025-04-14,30,6.225806451612903
4458a76d8f51e108b7f7444e7dd49118,184,26,95,96,93,0.29347826086956524,54,0.3491847826086957,0.27717391304347827,0.5543478260869565,Computer,0,2,0.3469387755102041,0.6394557823129252,0,0,internal,0.09782608695652174,0,0,0,0.47282608695652173,2025-03-16,2025-04-14,29,7.076923076923077
446f332ace9cc3135738ab48e8faa4fe,3,2,3,1,1,0.3333333333333333,1,1,1,0,Computer,0,1,0,0.3333333333333333,0,0,unknown,0,0,0,0,0,2025-03-23,2025-03-24,1,1.5
4497fcfdeb492917b487f9f15bca1976,1029,28,403,490,395,0.2487852283770651,256,0.24149659863945577,0.1554907677356657,0.6268221574344023,Computer,0,1,0,0.9768211920529801,0,0,internal,0.06608357628765792,0,0.013605442176870748,0,0.4227405247813411,2025-03-22,2025-04-21,30,36.75
44f3a70ad5f6c7d3b83909cff1ad231a,445,29,202,244,199,0.3348314606741573,149,0.2786516853932584,0.13258426966292136,0.5393258426966292,Computer,0,2,0,0.8218085106382979,0,0,internal,0.12359550561797752,0,0.0022471910112359553,0,0.42696629213483145,2025-03-05,2025-04-04,30,15.344827586206897
4519ba6ddcb93581ea7a4732319794a9,257,28,72,107,70,0.22178988326848248,57,0.14883268482490272,0.0622568093385214,0.7626459143968871,Mobile,1,1,0,0.990990990990991,0,0,internal,0.0933852140077821,0,0.038910505836575876,0,0.5719844357976653,2025-03-18,2025-04-16,29,9.178571428571429
451d2956462e734e2086bd99e0d51b2c,825,31,320,451,317,0.3151515151515151,260,0.32727272727272727,0.19757575757575757,0.5648484848484848,Mobile,1,2,0,0.962852897473997,0,0,internal,0.06909090909090909,0,0.006060606060606061,0,0.4496969696969697,2025-03-05,2025-04-04,30,26.612903225806452
45334961f410050e6723765f1b7eae29,30,17,23,28,22,0.5,15,0.20833333333333334,0.13333333333333333,0.6333333333333333,Mobile,1,2,0,0.26666666666666666,0,0.6666666666666666,social,0.2,0,0,0,0.06666666666666667,2025-03-05,2025-04-04,30,1.7647058823529411
45693993923550bd9222c213478e0653,12,4,6,6,3,0.4166666666666667,5,0.5,0.5,0.5,Computer,0,2,0.18181818181818182,0.5454545454545454,0,0,internal,0,0,0,0,0.25,2025-03-19,2025-04-11,23,3
458f7ba852df3db8bf4c69905eeaa68b,4,1,4,3,3,0.25,1,0.75,0.75,0.25,Mobile,1,1,0,0.75,0,0,internal,0,0,0,0,0,2025-03-06,2025-03-06,0,4
45b86a626ea122688c3caebb29f603ea,166,20,71,70,61,0.1927710843373494,32,0.3207831325301205,0.2289156626506024,0.6024096385542169,Computer,0,1,0,0.9056603773584906,0,0,internal,0.10843373493975904,0,0,0,0.5060240963855421,2025-03-05,2025-04-04,30,8.3
45ba7b55f3a1abf8d17426adb5305cf1,538,31,93,115,89,0.10408921933085502,56,0.12546468401486988,0.08736059479553904,0.828996282527881,Mobile,1,2,0,0.9838709677419355,0,0,internal,0.026022304832713755,0,0.0018587360594795538,0,0.5427509293680297,2025-03-19,2025-04-18,30,17.35483870967742
45e9380ee07e4423f355d32a9949e482,288,29,124,126,121,0.2604166666666667,75,0.2717013888888889,0.1597222222222222,0.6215277777777778,Computer,0,2,0.015384615384615385,0.9538461538461539,0,0.03076923076923077,internal,0.07291666666666667,0,0.003472222222222222,0,0.5555555555555556,2025-03-11,2025-04-10,30,9.931034482758621
45fd6146dbb7e8651cf3d712d81cdcf1,434,31,194,227,189,0.31105990783410137,135,0.3191244239631336,0.24193548387096775,0.6082949308755761,Mobile,1,1,0,0.9957627118644068,0,0,internal,0.08986175115207373,0,0.02304147465437788,0,0.45622119815668205,2025-03-23,2025-04-22,30,14
4603d14094a6193d927fff2b51708237,60,20,44,50,43,0.5166666666666667,31,0.5208333333333334,0.35,0.31666666666666665,Computer,0,2,0,1,0,0,internal,0.18333333333333332,0,0.016666666666666666,0,0.16666666666666666,2025-03-06,2025-04-03,28,3
461307f36c29f9ea9cb676528540a5c6,157,26,96,97,92,0.37579617834394907,59,0.40445859872611467,0.21019108280254778,0.45222929936305734,Mobile,1,2,0.008264462809917356,0.6033057851239669,0,0.371900826446281,internal,0.17834394904458598,0,0,0,0.3630573248407643,2025-03-05,2025-04-04,30,6.038461538461538
46372de78e0b9375dee15073d1b5ad6f,90,21,68,72,64,0.45555555555555555,41,0.5166666666666667,0.36666666666666664,0.3,Computer,0,2,0.021739130434782608,0.7391304347826086,0,0,internal,0.18888888888888888,0,0.07777777777777778,0,0.1111111111111111,2025-03-09,2025-04-07,29,4.285714285714286
46458fa96e84938d9c665cfc72fbb2a9,430,31,174,207,173,0.2813953488372093,121,0.30697674418604654,0.17674418604651163,0.5906976744186047,Mobile,1,2,0.007751937984496124,0.9844961240310077,0,0,internal,0.06976744186046512,0,0.004651162790697674,0,0.5186046511627908,2025-03-05,2025-04-04,30,13.870967741935484
4686224ab47a1fa67c2bccdf7e3de540,27,4,9,12,6,0.25925925925925924,7,0.3611111111111111,0.3333333333333333,0.5925925925925926,Computer,0,1,0.09523809523809523,0.8571428571428571,0,0,internal,0,0,0,0,0.25925925925925924,2025-03-21,2025-04-10,20,6.75
46f011284f5c30e7bc7dce5e9df85374,612,24,314,373,309,0.36764705882352944,225,0.4542483660130719,0.3937908496732026,0.4934640522875817,Computer,0,1,0.0018115942028985507,0.7717391304347826,0,0,internal,0.11274509803921569,0,0.004901960784313725,0,0.3235294117647059,2025-03-05,2025-03-28,23,25.5
47378391834a5d8266f892c218e86a24,289,28,115,116,113,0.23183391003460208,67,0.21366782006920415,0.10380622837370242,0.6747404844290658,Mobile,1,1,0.008333333333333333,0.9833333333333333,0,0,internal,0.09342560553633218,0,0.01384083044982699,0,0.5951557093425606,2025-03-09,2025-04-08,30,10.321428571428571
47694cdbb2243f81f62a7682056c852e,328,25,162,172,160,0.2774390243902439,91,0.34527439024390244,0.23170731707317074,0.5304878048780488,Mobile,1,1,0.011560693641618497,0.9479768786127167,0,0.017341040462427744,internal,0.19207317073170732,0,0.003048780487804878,0,0.4695121951219512,2025-03-05,2025-04-03,29,13.12
477a6728517c7b760839ab584c3a7cc5,2,1,1,2,1,1,2,0.5,0.5,0.5,Mobile,1,1,0,0,0,0,unknown,0,0,0,0,0,2025-03-21,2025-03-21,0,2
4780fa33d0848ce9eb4c2a04613232ae,4,1,4,4,4,0.75,3,0.8125,0.75,0,Mobile,1,1,0,0.6666666666666666,0,0,internal,0.5,0,0,0,0,2025-03-23,2025-03-23,0,4
47fc1952c5f2a7403681a61bba50f6e3,69,13,54,69,54,0.4492753623188406,31,0.5289855072463768,0.36231884057971014,0.2753623188405797,Mobile,1,2,0,0.5882352941176471,0.3382352941176471,0,internal,0.14492753623188406,0,0,0,0,2025-03-07,2025-04-03,27,5.3076923076923075
47fe9178a7b10ed88cb364259c7eea75,7,3,7,6,6,0.5714285714285714,4,0.8571428571428571,0.5714285714285714,0,Computer,0,1,0.3333333333333333,0.5,0,0,internal,0,0,0,0,0,2025-03-21,2025-04-02,12,2.3333333333333335
481524ce28c3dc23b2b9110b37fd4ff3,223,25,109,119,106,0.29596412556053814,66,0.4226457399103139,0.34080717488789236,0.49327354260089684,Computer,0,1,0,0.9529411764705882,0,0,internal,0.17937219730941703,0,0.017937219730941704,0,0.45739910313901344,2025-03-05,2025-04-04,30,8.92
481c8265554f63d9673fdfc21d40b119,386,30,115,146,110,0.24352331606217617,94,0.22862694300518135,0.16580310880829016,0.7020725388601037,Mobile,1,2,0.047413793103448273,0.9396551724137931,0,0,internal,0.038860103626943004,0,0.0051813471502590676,0,0.422279792746114,2025-03-22,2025-04-21,30,12.866666666666667
484b1afd306927be4210bae26a48d4f4,16,6,13,12,11,0.5,8,0.734375,0.6875,0.25,Computer,0,1,0,0.4666666666666667,0,0.26666666666666666,internal,0.25,0,0,0,0.1875,2025-03-21,2025-04-13,23,2.6666666666666665
4896ea98f4c230ae7176e09053413ffc,139,10,71,71,67,0.30935251798561153,43,0.24820143884892087,0.11510791366906475,0.5539568345323741,Computer,0,2,0.013513513513513514,0.972972972972973,0,0,internal,0.14388489208633093,0,0,0,0.45323741007194246,2025-03-06,2025-04-04,29,13.9
48ad2a72e663d97240e3537688764632,79,18,53,58,48,0.34177215189873417,27,0.46835443037974683,0.34177215189873417,0.3924050632911392,Computer,0,2,0,0.9024390243902439,0,0,internal,0.16455696202531644,0,0.25316455696202533,0,0,2025-03-22,2025-04-15,24,4.388888888888889
48d86d3c1e3a318b162d2e7232124bda,436,30,212,228,207,0.3073394495412844,134,0.35091743119266056,0.2545871559633027,0.5504587155963303,Computer,0,1,0,0.995850622406639,0,0,internal,0.08486238532110092,0,0.009174311926605505,0,0.45871559633027525,2025-03-23,2025-04-22,30,14.533333333333333
4905dd46c16d18159de212431037b037,59,8,16,17,12,0.1864406779661017,11,0.1652542372881356,0.1016949152542373,0.711864406779661,Computer,0,1,0,0.9787234042553191,0,0,internal,0.05084745762711865,0,0,0,0.3050847457627119,2025-03-21,2025-04-19,29,7.375
49b048d1df52534dc1b0cd371c8851f6,5,2,3,1,1,0.2,1,0.2,0.2,0.8,Computer,0,1,0,0.75,0,0,internal,0.2,0,0,0,0.6,2025-03-07,2025-03-18,11,2.5
49f8898060613dca859d17f156abe024,54,19,52,53,51,0.5740740740740741,31,0.6111111111111112,0.3333333333333333,0.1111111111111111,Mobile,1,1,0,0.30434782608695654,0,0.6956521739130435,social,0.37037037037037035,0,0,0,0.018518518518518517,2025-03-06,2025-04-04,29,2.8421052631578947
4a6fea6ce49b72a8353d1c77209db304,13,5,10,12,9,0.38461538461538464,5,0.5769230769230769,0.38461538461538464,0.3076923076923077,Mobile,1,1,0,0.8333333333333334,0,0,internal,0.07692307692307693,0,0,0,0.07692307692307693,2025-03-19,2025-03-29,10,2.6
4ac06699f06056cb181a486f622657a7,323,30,169,185,166,0.3622291021671827,117,0.3622291021671827,0.23839009287925697,0.5046439628482973,Computer,0,2,0.023809523809523808,0.9047619047619048,0,0,internal,0.13622291021671826,0,0.06811145510835913,0,0.42105263157894735,2025-03-16,2025-04-15,30,10.766666666666667
4ac661c7491b55a4984174f89fdaaa83,7,3,4,3,3,0.2857142857142857,2,0.35714285714285715,0.14285714285714285,0.5714285714285714,Mobile,1,1,0,0.6,0,0,internal,0.14285714285714285,0,0,0,0.5714285714285714,2025-03-19,2025-03-21,2,2.3333333333333335
4b533526985480b9c90d72288ab55c41,90,10,51,55,49,0.36666666666666664,33,0.375,0.24444444444444444,0.4777777777777778,Computer,0,2,0.08,0.88,0,0,internal,0.14444444444444443,0,0.011111111111111112,0,0.37777777777777777,2025-03-11,2025-04-04,24,9
4b5ac62530c308e8b1869b7c95414415,36,7,18,19,17,0.3888888888888889,14,0.4027777777777778,0.3055555555555556,0.5277777777777778,Computer,0,1,0,0.5277777777777778,0,0,internal,0.08333333333333333,0,0,0,0.4722222222222222,2025-03-21,2025-04-11,21,5.142857142857143
4b8a2812009fa41431e8577a546bb1c1,84,14,49,49,47,0.2976190476190476,25,0.34523809523809523,0.25,0.5476190476190477,Computer,0,1,0.06153846153846154,0.9230769230769231,0,0,internal,0.16666666666666666,0,0.011904761904761904,0,0.40476190476190477,2025-03-10,2025-04-05,26,6
4b95adccb4398fefc81398af8a257a45,574,28,177,239,173,0.20905923344947736,120,0.21428571428571427,0.1254355400696864,0.6759581881533101,Mobile,1,2,0.004555808656036446,0.979498861047836,0,0,internal,0.04878048780487805,0,0.008710801393728223,0,0.5714285714285714,2025-03-15,2025-04-14,30,20.5
4bbbdf245a468adee474222404ee0688,96,26,86,90,85,0.4375,42,0.4947916666666667,0.21875,0.1875,Mobile,1,2,0.0125,0.25,0,0.7125,social,0.2916666666666667,0,0.010416666666666666,0,0.0625,2025-03-11,2025-04-10,30,3.6923076923076925
4c617fb65472db63d8a3c1e1a1bda25c,4,1,4,3,3,0.75,3,0.4375,0.25,0.5,Mobile,1,1,0,0.5,0,0.25,internal,0.25,0,0,0,0.25,2025-03-09,2025-03-09,0,4
4d75437cf49e25b7d8a5efede69397d1,16,4,9,8,8,0.3125,5,0.28125,0.1875,0.5625,Computer,0,2,0,0.5625,0,0,internal,0.0625,0,0,0,0.5,2025-03-03,2025-04-01,29,4
4d776c43d67541ee80a3327421aaabf6,68,10,43,44,37,0.47058823529411764,32,0.3713235294117647,0.25,0.5147058823529411,Computer,0,2,0.19696969696969696,0.7272727272727273,0,0,internal,0.08823529411764706,0,0,0,0.23529411764705882,2025-03-22,2025-04-19,28,6.8
4d8c4f5a4d1d1e646380f9c35c4dcb51,216,16,108,115,107,0.32407407407407407,70,0.2650462962962963,0.10185185185185185,0.5601851851851852,Computer,0,1,0.4675925925925926,0.5324074074074074,0,0,internal,0.125,0,0.009259259259259259,0,0.4675925925925926,2025-03-21,2025-04-16,26,13.5
4db8972108485debeb090c70a547d7c1,458,31,179,197,177,0.2205240174672489,101,0.29366812227074235,0.185589519650655,0.6135371179039302,Mobile,1,1,0.5645514223194749,0.4310722100656455,0,0,search,0.05895196506550218,0,0.004366812227074236,0,0.5655021834061136,2025-03-24,2025-04-23,30,14.774193548387096
4dd7cbb673923c83f9b8abc1e0a25aac,7,2,4,3,3,0.2857142857142857,2,0.14285714285714285,0.14285714285714285,0.8571428571428571,Mobile,1,1,0,0.3333333333333333,0,0,unknown,0.14285714285714285,0,0,0,0.5714285714285714,2025-03-05,2025-03-13,8,3.5
4df356691cd1556ee0adba27f45d8bec,17,1,11,7,7,0.23529411764705882,4,0.4117647058823529,0.4117647058823529,0.5882352941176471,Mobile,1,1,0.11764705882352941,0.6470588235294118,0,0,internal,0.17647058823529413,0,0,0,0.23529411764705882,2025-03-23,2025-03-23,0,17
4e00b65bc002dae50e464a3a9809d926,180,16,115,120,109,0.37222222222222223,67,0.4236111111111111,0.2833333333333333,0.42777777777777776,Computer,0,2,0.04964539007092199,0.8865248226950354,0,0,internal,0.1388888888888889,0,0,0,0.2777777777777778,2025-03-10,2025-04-09,30,11.25
4e834057d5879fe473e6575f05c7bec2,523,31,172,186,164,0.1835564053537285,96,0.17590822179732313,0.0497131931166348,0.6768642447418738,Computer,0,1,0.002840909090909091,0.5681818181818182,0,0,internal,0.06309751434034416,0,0.0057361376673040155,0,0.6137667304015296,2025-03-21,2025-04-20,30,16.870967741935484
4ea127252a03310c4fa0e4bd18b2cf9b,121,16,62,68,59,0.36363636363636365,44,0.3367768595041322,0.24793388429752067,0.5702479338842975,Mobile,1,2,0,0.9540229885057471,0,0,internal,0.1487603305785124,0,0.01652892561983471,0,0.4214876033057851,2025-03-23,2025-04-22,30,7.5625
4ea4d4140d6bc0163121bb62be46c93e,40,8,20,18,13,0.225,9,0.18125,0.075,0.7,Computer,0,1,0,0.9655172413793104,0,0,internal,0,0,0,0,0,2025-03-21,2025-04-18,28,5
4edef8642d9ac7a2431d6157da2283a5,1231,31,529,598,517,0.26807473598700243,330,0.3064581640942323,0.1990251827782291,0.5751421608448416,Computer,0,1,0,0.9342995169082126,0,0,internal,0.08529650690495533,0,0.007311129163281885,0,0.3736799350121852,2025-03-21,2025-04-20,30,39.70967741935484
4f0216152b13956cbaefc4bb07342174,22,8,11,10,10,0.22727272727272727,5,0.2727272727272727,0.13636363636363635,0.6363636363636364,Computer,0,2,0,0.7,0,0,internal,0.09090909090909091,0,0.045454545454545456,0,0.5454545454545454,2025-03-18,2025-04-03,16,2.75
4faecfc123f27c115bfe358d67ef427a,95,17,53,60,51,0.3368421052631579,32,0.3631578947368421,0.28421052631578947,0.5157894736842106,Computer,0,1,0.3473684210526316,0.49473684210526314,0,0.12631578947368421,internal,0.07368421052631578,0,0.010526315789473684,0,0.35789473684210527,2025-03-23,2025-04-22,30,5.588235294117647
4fe29025af23e314347100a5147fea0a,3,1,1,3,1,1,3,1,1,0,Mobile,1,1,0,0,0,0,unknown,1,0,0,0,0,2025-03-11,2025-03-11,0,3
500a242e549566077a58249a19090812,823,30,294,341,293,0.23572296476306198,194,0.22721749696233293,0.1445929526123937,0.6804374240583232,Mobile,1,2,0.04481792717086835,0.9495798319327731,0,0,internal,0.09842041312272175,0,0.001215066828675577,0,0.5856622114216282,2025-03-06,2025-04-05,30,27.433333333333334
50299e69701388372e0a2d450a30f237,2,1,2,1,1,0.5,1,0.5,0.5,0.5,Mobile,1,1,0,0.5,0,0,internal,0.5,0,0,0,0.5,2025-03-21,2025-03-21,0,2
507b806786366903caf74c8d0ff13b47,701,31,295,331,292,0.275320970042796,193,0.33808844507845937,0.2624821683309558,0.5905848787446505,Mobile,1,2,0.0058997050147492625,0.9911504424778761,0,0,internal,0.09700427960057062,0,0.0028530670470756064,0,0.5221112696148359,2025-03-23,2025-04-22,30,22.612903225806452
509eb40f6a6056d22be169a2acd80db3,437,30,184,212,183,0.28604118993135014,125,0.3438215102974828,0.2562929061784897,0.5766590389016019,Computer,0,1,0.004608294930875576,0.9907834101382489,0,0,internal,0.17162471395881007,0,0.009153318077803204,0,0.5148741418764302,2025-03-19,2025-04-18,30,14.566666666666666
50c8241b217a6fdf985092122b8a6114,11,3,9,7,7,0.5454545454545454,6,0.3409090909090909,0.18181818181818182,0.36363636363636365,Computer,0,1,0,0.6666666666666666,0,0.1111111111111111,internal,0,0,0,0,0.2727272727272727,2025-03-10,2025-03-25,15,3.6666666666666665
513a1875871ce9ee20375595a2ff9231,144,21,78,76,70,0.3055555555555556,44,0.3472222222222222,0.25,0.5416666666666666,Computer,0,2,0.2777777777777778,0.5694444444444444,0,0,internal,0.1388888888888889,0,0,0,0.4027777777777778,2025-03-17,2025-04-16,30,6.857142857142857
514346f9ea73786308ed7465bb307dac,4,4,4,4,4,0.25,1,0.8125,0.75,0,Mobile,1,1,0,0,0,0.5,social,0,0,0,0,0,2025-03-15,2025-04-13,29,1
51a9cdc3a3de7855a8957c15513ffe2c,6,2,2,6,2,0.3333333333333333,2,0.8333333333333334,0.8333333333333334,0.16666666666666666,Mobile,1,1,0,0,0,0.16666666666666666,unknown,0.6666666666666666,0,0,0,0,2025-03-10,2025-04-08,29,3
51b37621d2635b5c55727b61b04c6918,12,1,3,1,1,0.08333333333333333,1,0.08333333333333333,0.08333333333333333,0.9166666666666666,Computer,0,1,0,0.8,0,0,internal,0,0,0,0,0.75,2025-03-17,2025-03-17,0,12
51b8ddd8afac0e7b7233c503a76cf7b9,114,22,59,57,55,0.2543859649122807,29,0.34868421052631576,0.2631578947368421,0.5701754385964912,Computer,0,2,0.03225806451612903,0.9193548387096774,0,0,internal,0.11403508771929824,0,0.017543859649122806,0,0.43859649122807015,2025-03-10,2025-04-09,30,5.181818181818182
51c2d08fe703a913e16ff2fa55176d2a,85,22,31,29,29,0.21176470588235294,18,0.23823529411764705,0.17647058823529413,0.6941176470588235,Computer,0,2,0,0.9354838709677419,0,0,internal,0.11764705882352941,0,0,0,0.6352941176470588,2025-03-05,2025-04-04,30,3.8636363636363638
5204d369fbf62355800d2e3b5ce6baa9,33,3,10,16,7,0.2727272727272727,9,0.2727272727272727,0.21212121212121213,0.6666666666666666,Mobile,1,1,0.03225806451612903,0.6451612903225806,0,0,internal,0.06060606060606061,0,0,0,0.45454545454545453,2025-03-11,2025-04-09,29,11
53a5a0ac68ef0f39ff5d68a23ad1b88e,658,31,270,312,268,0.2857142857142857,188,0.2405015197568389,0.11398176291793313,0.601823708206687,Computer,0,2,0,0.9815789473684211,0,0,internal,0.09270516717325228,0,0.0060790273556231,0,0.513677811550152,2025-03-14,2025-04-13,30,21.225806451612904
53d01f1f3bec115d6ef1353f681595cb,68,22,55,56,53,0.5882352941176471,40,0.44485294117647056,0.25,0.39705882352941174,Computer,0,1,0,0.4117647058823529,0,0,unknown,0.19117647058823528,0,0.014705882352941176,0,0.014705882352941176,2025-03-18,2025-04-14,27,3.090909090909091
53f42387042ed9cb158618747d74dea6,4,2,2,2,1,0.25,1,0.25,0.25,0.75,Mobile,1,1,0,0.5,0,0,internal,0.5,0,0,0,0.5,2025-03-10,2025-03-11,1,2
54094c3c9edc3db4786151a6c8b9b5a6,747,31,206,237,204,0.1927710843373494,144,0.19912985274431058,0.14457831325301204,0.7483266398929049,Mobile,1,1,0.07142857142857142,0.9246031746031746,0,0,internal,0.06693440428380187,0,0.004016064257028112,0,0.6599732262382865,2025-03-05,2025-04-04,30,24.096774193548388
5413da057f4a21a8b46e27f3d78b7596,210,29,116,133,115,0.3333333333333333,70,0.48928571428571427,0.38571428571428573,0.4380952380952381,Mobile,1,1,0.37438423645320196,0.6206896551724138,0,0,internal,0.21428571428571427,0,0.004761904761904762,0,0.36666666666666664,2025-03-11,2025-04-10,30,7.241379310344827
5414c1785bf852a26470a8f4a434f89e,54,11,23,27,18,0.18518518518518517,10,0.33796296296296297,0.2222222222222222,0.5555555555555556,Mobile,1,2,0.2962962962962963,0.5925925925925926,0,0,internal,0,0,0,0,0.05555555555555555,2025-03-16,2025-04-14,29,4.909090909090909
541d7bf883db417c6879eb5c4fa6f282,342,30,184,198,183,0.38011695906432746,130,0.23538011695906433,0.09064327485380116,0.5526315789473685,Mobile,1,1,0.45110410094637227,0.5425867507886435,0,0,internal,0.17543859649122806,0,0.017543859649122806,0,0.42105263157894735,2025-03-23,2025-04-22,30,11.4
5420998369744cd40dec21da5107114f,5,3,4,3,3,0.2,1,0.5,0.4,0.4,Computer,0,1,0,0.3333333333333333,0,0.3333333333333333,internal,0,0,0,0,0.4,2025-03-22,2025-04-11,20,1.6666666666666667
5422e7ec71c443cb70b22fda17cc0994,8,1,7,5,5,0.375,3,0.40625,0.25,0.375,Computer,0,1,0.125,0.625,0,0,internal,0.25,0,0.125,0,0.25,2025-03-11,2025-03-11,0,8
5469793ef2178893320b025aec95559b,11,1,6,4,4,0.2727272727272727,3,0.13636363636363635,0.09090909090909091,0.8181818181818182,Computer,0,1,0,0.45454545454545453,0,0,unknown,0.09090909090909091,0,0,0,0.45454545454545453,2025-03-15,2025-03-15,0,11
5470116f6d8ccd7b8e6c3bebf57f1f84,58,17,26,23,23,0.1896551724137931,11,0.29310344827586204,0.1896551724137931,0.603448275862069,Computer,0,2,0,0.8571428571428571,0,0,internal,0.017241379310344827,0,0,0,0.5517241379310345,2025-03-22,2025-04-21,30,3.411764705882353
5480b280d24995741819da1706528ed7,83,10,46,54,38,0.37349397590361444,31,0.2921686746987952,0.1566265060240964,0.5783132530120482,Mobile,1,3,0.012987012987012988,0.8571428571428571,0,0,internal,0.14457831325301204,0,0.024096385542168676,0,0.13253012048192772,2025-03-21,2025-04-15,25,8.3
54dabd914db3590d25b816c39fd862b5,686,31,373,467,370,0.3848396501457726,264,0.47339650145772594,0.3760932944606414,0.44752186588921283,Mobile,1,2,0,0.9891500904159132,0,0,internal,0.12536443148688048,0,0.018950437317784258,0,0.31341107871720114,2025-03-04,2025-04-03,30,22.129032258064516
555edd907cc4194ff6ac3441ebd3dbbe,27,5,13,15,9,0.37037037037037035,10,0.46296296296296297,0.3333333333333333,0.4074074074074074,Computer,0,2,0.11538461538461539,0.7307692307692307,0,0,internal,0.4074074074074074,0,0,0,0.25925925925925924,2025-03-18,2025-04-09,22,5.4
55681f6b1bbe6bce5d7b447f96a2d854,491,31,239,258,229,0.3095723014256619,152,0.3024439918533605,0.18533604887983707,0.5763747454175153,Mobile,1,1,0.0037593984962406013,0.9323308270676691,0,0,internal,0.09572301425661914,0,0.016293279022403257,0,0.038696537678207736,2025-03-08,2025-04-07,30,15.838709677419354
5582f3359c519dabc59888fe33454786,6,1,5,6,5,0.5,3,0.6666666666666666,0.6666666666666666,0.3333333333333333,Mobile,1,1,0,1,0,0,internal,0,0,0,0,0,2025-03-05,2025-03-05,0,6
5588b87ecc885fe81f54f875ca129b92,863,31,473,556,471,0.3742757821552723,323,0.4168597914252607,0.27925840092699883,0.4426419466975666,Computer,0,3,0,0.9920634920634921,0,0,internal,0.09154113557358054,0,0.019698725376593278,0,0.354577056778679,2025-03-22,2025-04-21,30,27.838709677419356
559410d8ab5887d2e936ff36d756803a,211,27,113,140,112,0.4786729857819905,101,0.46445497630331756,0.3886255924170616,0.45023696682464454,Mobile,1,2,0.02158273381294964,0.9568345323741008,0,0,internal,0.24170616113744076,0,0,0,0.33649289099526064,2025-03-07,2025-04-06,30,7.814814814814815
55b8677472e9d4c765d3c22623dc6f60,23,2,9,14,4,0.30434782608695654,7,0.40217391304347827,0.30434782608695654,0.5652173913043478,Mobile,1,1,0.21739130434782608,0.7391304347826086,0,0,internal,0,0,0,0,0.13043478260869565,2025-03-05,2025-03-07,2,11.5
55c6473e7caafd070a35a8907e348548,26,7,14,26,14,0.5384615384615384,14,0.36538461538461536,0.19230769230769232,0.5,Mobile,1,2,0,0,0,0.2857142857142857,unknown,0,0,0,0,0,2025-03-25,2025-04-19,25,3.7142857142857144
55cd5e4dbb4a407e4a3c3b57c7fb99be,3,1,2,1,1,0.3333333333333333,1,0.3333333333333333,0.3333333333333333,0.6666666666666666,Mobile,1,1,0,1,0,0,internal,0,0,0,0,0.6666666666666666,2025-03-06,2025-03-06,0,3
5624fe0ba2ed62343dfa5dc651bcbb4a,409,30,140,146,135,0.19070904645476772,78,0.22432762836185818,0.12224938875305623,0.6699266503667481,Computer,0,1,0,0.974025974025974,0,0,internal,0.06845965770171149,0,0,0,0.6259168704156479,2025-03-11,2025-04-10,30,13.633333333333333
562b7fa175e7d20af1d4fd8b700ab6b2,48,14,48,48,48,0.4375,21,0.9427083333333334,0.875,0.020833333333333332,Computer,0,1,0,0.9615384615384616,0,0,internal,0.1875,0,0.25,0,0,2025-03-09,2025-04-08,30,3.4285714285714284
5639e95cda59fda72f6131b5e6e4e716,753,31,263,336,260,0.250996015936255,189,0.28120849933598935,0.16865869853917662,0.5869853917662683,Computer,0,2,0.03680981595092025,0.9591002044989775,0,0,internal,0.06241699867197875,0,0,0,0.5511288180610889,2025-03-19,2025-04-18,30,24.29032258064516
564ef54581efe26367b066edef38e432,59,14,23,25,20,0.3050847457627119,18,0.1864406779661017,0.1016949152542373,0.7457627118644068,Mobile,1,2,0,0.8055555555555556,0,0.05555555555555555,internal,0.06779661016949153,0,0,0,0.5084745762711864,2025-03-10,2025-04-08,29,4.214285714285714
56d0f1684db83e82bdad0992cf7ae4b2,159,31,103,103,102,0.33962264150943394,54,0.5062893081761006,0.389937106918239,0.389937106918239,Computer,0,1,0.33548387096774196,0.6387096774193548,0,0,internal,0.1320754716981132,0,0,0,0.3522012578616352,2025-03-10,2025-04-09,30,5.129032258064516
571159ca10daca95e57ac9661ce75d2c,56,10,32,30,30,0.25,14,0.32589285714285715,0.23214285714285715,0.5535714285714286,Mobile,1,1,0.09302325581395349,0.8604651162790697,0,0,internal,0.03571428571428571,0,0,0,0.4107142857142857,2025-03-22,2025-04-21,30,5.6
57ad9a7e617c8046eceb938ec43f2890,3,2,2,3,2,1,3,0.6666666666666666,0.6666666666666666,0.3333333333333333,Mobile,1,1,0,0,0,0,unknown,1,0,0,0,0,2025-03-17,2025-03-18,1,1.5
57c3d24e72fa070d69d3b587a75f99e5,93,18,52,54,50,0.3655913978494624,34,0.46774193548387094,0.3978494623655914,0.4838709677419355,Mobile,1,2,0.17142857142857143,0.6571428571428571,0,0,internal,0.0967741935483871,0,0.010752688172043012,0,0.40860215053763443,2025-03-10,2025-04-09,30,5.166666666666667
57cef26b24dd3261305b89346fde0eeb,189,24,106,136,102,0.3386243386243386,64,0.4656084656084656,0.3544973544973545,0.42857142857142855,Computer,0,3,0.032467532467532464,0.8961038961038961,0,0.006493506493506494,internal,0.07407407407407407,0,0.010582010582010581,0,0.15873015873015872,2025-03-24,2025-04-21,28,7.875
587fecd83c36b7dc0ee6815944e44478,8,6,8,7,7,0.125,1,0.375,0.25,0.375,Mobile,1,1,0,0.5,0,0,internal,0,0,0,0,0.125,2025-03-17,2025-04-14,28,1.3333333333333333
58e02888045f1da0bf22ed5463423158,117,16,62,58,57,0.26495726495726496,31,0.36752136752136755,0.2564102564102564,0.5299145299145299,Computer,0,1,0,0.9805825242718447,0,0,internal,0.08547008547008547,0,0.017094017094017096,0,0.38461538461538464,2025-03-11,2025-04-10,30,7.3125
5925eab9bc621733645f6fd41ebaccb0,164,31,145,162,143,0.5426829268292683,89,0.6737804878048781,0.47560975609756095,0.1402439024390244,Mobile,1,1,0,0.3225806451612903,0.6580645161290323,0,email,0.16463414634146342,0,0.042682926829268296,0,0.006097560975609756,2025-03-21,2025-04-20,30,5.290322580645161
59412282eb0ad7b5ff852d30641808fd,353,28,140,148,133,0.2096317280453258,74,0.24008498583569404,0.11048158640226628,0.6345609065155807,Computer,0,2,0,0.859375,0,0,internal,0.09915014164305949,0,0,0,0.5269121813031161,2025-03-23,2025-04-22,30,12.607142857142858
59873b542c5de67efd6802e056c1510b,84,18,38,42,35,0.27380952380952384,23,0.37202380952380953,0.27380952380952384,0.5476190476190477,Mobile,1,2,0,0.8653846153846154,0,0.038461538461538464,internal,0.19047619047619047,0,0,0,0.39285714285714285,2025-03-13,2025-04-12,30,4.666666666666667
59ae565e5018e86e8a80ed789f3b6450,43,6,40,42,39,0.7441860465116279,32,0.7790697674418605,0.6976744186046512,0.11627906976744186,Computer,0,1,0,0.96,0,0,internal,0.3023255813953488,0,0,0,0,2025-03-17,2025-04-11,25,7.166666666666667
59bb770e1cf09c9eb8fb57cb8e219ad3,789,30,394,508,382,0.36755386565272496,290,0.33840304182509506,0.23954372623574144,0.532319391634981,Mobile,1,1,0.2467700258397933,0.7196382428940569,0.031007751937984496,0,internal,0.14195183776932827,0,0.0038022813688212928,0,0.302915082382763,2025-03-04,2025-04-03,30,26.3
59d3277007e8d45958cb0c37be36bd63,4,2,2,1,1,0.25,1,0.25,0.25,0.75,Computer,0,1,0,0.25,0,0,unknown,0,0,0.25,0,0.75,2025-03-22,2025-04-14,23,2
59dc551739bcb4f3f5c48a405394278c,2,1,2,1,1,0.5,1,0.5,0.5,0.5,Computer,0,1,0,1,0,0,internal,0.5,0,0,0,0.5,2025-03-05,2025-03-05,0,2
59eac661f106396c61b2993b656bf706,1702,31,690,1021,680,0.33313748531139836,567,0.35972385428907167,0.2602820211515864,0.545828437132785,Mobile,1,2,0.18453292496171517,0.8131699846860643,0,0,internal,0.1410105757931845,0,0.011750881316098707,0,0.3619271445358402,2025-03-05,2025-04-04,30,54.903225806451616
5a4462a29a562fe12eead8aaa422ad61,267,29,122,137,120,0.26591760299625467,71,0.3249063670411985,0.2209737827715356,0.5692883895131086,Mobile,1,2,0.14096916299559473,0.8502202643171806,0,0,internal,0.08239700374531835,0,0,0,0.44569288389513106,2025-03-08,2025-04-06,29,9.206896551724139
5a4d1ca42f1bd06fc54e2ea79fc8403a,430,27,234,287,231,0.3697674418604651,159,0.3819767441860465,0.2558139534883721,0.5069767441860465,Mobile,1,1,0.04419889502762431,0.9530386740331491,0,0,internal,0.07906976744186046,0,0.020930232558139535,0,0.32790697674418606,2025-03-19,2025-04-18,30,15.925925925925926
5ac2c11ffacf428b84f9d918b333cbfc,6,3,4,2,1,0.16666666666666666,1,0.4166666666666667,0.3333333333333333,0.5,Computer,0,1,0.16666666666666666,0.5,0,0,internal,0,0,0,0,0.3333333333333333,2025-03-20,2025-03-29,9,2
5adf38fc641a3afcbc69132ee9239cea,180,30,68,70,66,0.19444444444444445,35,0.2388888888888889,0.1,0.6444444444444445,Mobile,1,2,0,0.961038961038961,0,0,internal,0.07222222222222222,0,0.027777777777777776,0,0.5888888888888889,2025-03-05,2025-04-04,30,6
5b184e20faf8e969c0e55e9f82dc821f,14,2,8,8,7,0.5,7,0.21428571428571427,0.07142857142857142,0.5,Computer,0,1,0,0.75,0,0,internal,0.14285714285714285,0,0.07142857142857142,0,0.42857142857142855,2025-03-06,2025-03-12,6,7
5b6a7ea3f7caeadaadd87d90cc4e4780,947,31,320,376,314,0.2365364308342133,224,0.2703273495248152,0.21013727560718057,0.6715945089757128,Mobile,1,1,0.0049382716049382715,0.9901234567901235,0,0.0024691358024691358,internal,0.08447729672650475,0,0.009503695881731784,0,0.5934530095036958,2025-03-14,2025-04-13,30,30.548387096774192
5bb60c4f60c5b51288e0567148d6d000,437,30,195,247,191,0.30663615560640733,134,0.38215102974828374,0.28832951945080093,0.5217391304347826,Mobile,1,2,0,0.968503937007874,0,0,internal,0.057208237986270026,0,0.02745995423340961,0,0.4096109839816934,2025-03-23,2025-04-22,30,14.566666666666666
5bf87d92442082440339d43d7996e983,555,30,214,263,209,0.3099099099099099,172,0.31486486486486487,0.23963963963963963,0.6036036036036037,Mobile,1,2,0,0.9959016393442623,0,0,internal,0.12972972972972974,0,0.0018018018018018018,0,0.4882882882882883,2025-03-04,2025-04-03,30,18.5
5c270fa319642d25ce2f6304b565c516,194,30,103,106,101,0.3556701030927835,69,0.20747422680412372,0.10824742268041238,0.6907216494845361,Mobile,1,1,0,0.9906542056074766,0,0,internal,0.10309278350515463,0,0.005154639175257732,0,0.4484536082474227,2025-03-16,2025-04-15,30,6.466666666666667
5c9960179eb77654c0eb0c510067473f,399,29,168,177,165,0.24561403508771928,98,0.20300751879699247,0.09523809523809523,0.6716791979949874,Mobile,1,2,0,0.9949238578680203,0,0,internal,0.07017543859649122,0,0.020050125313283207,0,0.5388471177944862,2025-03-09,2025-04-08,30,13.758620689655173
5cb4f8c2df453d9310e8c8c833143e08,468,31,224,242,223,0.2841880341880342,133,0.2670940170940171,0.11752136752136752,0.5833333333333334,Mobile,1,1,0,1,0,0,internal,0.09615384615384616,0,0,0,0.4829059829059829,2025-03-19,2025-04-18,30,15.096774193548388
5cefcaad01e8ec72faac4537f2ea715b,377,28,167,240,161,0.38992042440318303,147,0.3978779840848806,0.3076923076923077,0.5251989389920424,Mobile,1,3,0.19658119658119658,0.6410256410256411,0,0,internal,0.10610079575596817,0,0.002652519893899204,0,0.246684350132626,2025-03-24,2025-04-23,30,13.464285714285714
5d8c2dd5de0cde2dfbbb25e775ff42af,80,15,64,63,63,0.4625,37,0.640625,0.4625,0.2375,Mobile,1,1,0,0.9393939393939394,0,0,internal,0.1125,0,0.0125,0,0.2125,2025-03-05,2025-04-03,29,5.333333333333333
5d956c7a507738d0ada8a99bc79c2d0c,222,22,152,154,148,0.43243243243243246,96,0.5315315315315315,0.42342342342342343,0.35585585585585583,Mobile,1,1,0,0.9901960784313726,0,0,internal,0.16666666666666666,0,0.013513513513513514,0,0.27927927927927926,2025-03-16,2025-04-09,24,10.090909090909092
5daa2e5e9f52ac6ee7ef98806e2b42ad,179,20,107,119,95,0.37988826815642457,68,0.44553072625698326,0.3743016759776536,0.49162011173184356,Tablet,0,1,0.027972027972027972,0.965034965034965,0,0,internal,0.10614525139664804,0,0,0,0.1564245810055866,2025-03-22,2025-04-21,30,8.95
5dda4e685600b3ae7b09836aca37d057,61,9,24,25,23,0.19672131147540983,12,0.3483606557377049,0.32786885245901637,0.639344262295082,Mobile,1,1,0,0.7049180327868853,0,0,internal,0.09836065573770492,0,0.01639344262295082,0,0.5901639344262295,2025-03-22,2025-04-21,30,6.777777777777778
5e0a5a0d407f199fbd20566d5903ac71,77,12,26,32,22,0.15584415584415584,12,0.21103896103896103,0.14285714285714285,0.7272727272727273,Mobile,1,1,0.046511627906976744,0.8604651162790697,0,0.023255813953488372,internal,0.11688311688311688,0,0.06493506493506493,0,0.4935064935064935,2025-03-10,2025-04-07,28,6.416666666666667
5e1dfaa0caef15d65ba3c4077ad5af88,208,28,126,132,124,0.34134615384615385,71,0.484375,0.42788461538461536,0.46634615384615385,Mobile,1,2,0.08275862068965517,0.903448275862069,0,0,internal,0.19230769230769232,0,0.004807692307692308,0,0.34615384615384615,2025-03-05,2025-04-04,30,7.428571428571429
5e3435da502300921632fa4d47c44202,278,24,126,140,123,0.302158273381295,84,0.30305755395683454,0.20503597122302158,0.5899280575539568,Mobile,1,2,0,0.9819004524886877,0,0,internal,0.1079136690647482,0,0,0,0.30935251798561153,2025-03-11,2025-04-09,29,11.583333333333334
5e8af72025c9d68c8ca63ce6c5ae208c,93,13,59,57,53,0.3118279569892473,29,0.4112903225806452,0.25806451612903225,0.45161290322580644,Computer,0,1,0.015625,0.953125,0,0.015625,internal,0.13978494623655913,0,0.021505376344086023,0,0.2903225806451613,2025-03-03,2025-04-02,30,7.153846153846154
5ea4810c62cf7dbc3a3248e7387fe84b,40,5,21,18,17,0.3,12,0.375,0.35,0.575,Tablet,0,2,0.029411764705882353,0.9117647058823529,0,0,internal,0.1,0,0,0,0.275,2025-03-18,2025-04-14,27,8
5eb134a15957b96a04fdaa64d3990e0e,602,30,287,301,285,0.2840531561461794,171,0.3704318936877076,0.2757475083056478,0.5299003322259136,Computer,0,1,0,0.49666666666666665,0,0,unknown,0.09634551495016612,0,0.014950166112956811,0,0.4983388704318937,2025-03-10,2025-04-08,29,20.066666666666666
5ec9609c523d672d8c7b3cfc38b5cf8f,23,11,22,23,22,0.5652173913043478,13,0.6847826086956522,0.5217391304347826,0.13043478260869565,Mobile,1,1,0,0.22727272727272727,0,0.7272727272727273,social,0.2608695652173913,0,0,0,0,2025-03-23,2025-04-20,28,2.090909090909091
5f3f0dee1e07a275c13edeab81b5dc24,510,31,244,268,237,0.3058823529411765,156,0.3980392156862745,0.3058823529411765,0.5058823529411764,Tablet,0,2,0.003125,0.98125,0,0,internal,0.1,0,0.0058823529411764705,0,0.43137254901960786,2025-03-07,2025-04-06,30,16.451612903225808
5f836a331a4fc102ed77a36472629aff,16,1,9,5,5,0.125,2,0.28125,0.25,0.625,Mobile,1,1,0,0.8666666666666667,0,0,internal,0.1875,0,0,0,0.375,2025-03-17,2025-03-17,0,16
5f9c3f215ecb6d25befc985b9c24beb3,322,31,104,116,102,0.18322981366459629,59,0.2080745341614907,0.11180124223602485,0.7049689440993789,Mobile,1,1,0,0.9747899159663865,0,0,internal,0.043478260869565216,0,0,0,0.6335403726708074,2025-03-10,2025-04-09,30,10.387096774193548
5fc6f61f405434f7c0044892d2bc8578,17,3,12,8,8,0.4117647058823529,7,0.5,0.4117647058823529,0.29411764705882354,Computer,0,2,0.06666666666666667,0.7333333333333333,0,0,internal,0.058823529411764705,0,0,0,0.11764705882352941,2025-03-18,2025-03-25,7,5.666666666666667
6018d711be0ab2c0b733e52453da95a3,5,2,4,4,3,0.8,4,0.45,0.4,0.4,Mobile,1,1,0,0.6,0,0,internal,0,0,0,0,0.2,2025-03-13,2025-03-14,1,2.5
607f4019185a2666418cd2bfd51ddb77,280,26,128,132,124,0.2571428571428571,72,0.38125,0.3,0.55,Computer,0,2,0.11351351351351352,0.8756756756756757,0,0,internal,0.075,0,0.0035714285714285713,0,0.3964285714285714,2025-03-14,2025-04-13,30,10.76923076923077
6091f63e9313dc3e4146be31e293f445,47,19,41,43,39,0.48936170212765956,23,0.7021276595744681,0.6170212765957447,0.1702127659574468,Computer,0,3,0,0.8421052631578947,0,0,internal,0.1702127659574468,0,0,0,0.06382978723404255,2025-03-12,2025-04-11,30,2.473684210526316
60a0d1887cd106e7464a10a381ec3253,447,31,168,200,165,0.2371364653243848,106,0.30257270693512306,0.2550335570469799,0.6420581655480985,Computer,0,3,0,0.9627659574468085,0,0,internal,0.09619686800894854,0,0.015659955257270694,0,0.5458612975391499,2025-03-04,2025-04-03,30,14.419354838709678
60b56255d3af837409ac85a30c69ed51,128,21,85,85,80,0.3515625,45,0.470703125,0.375,0.4296875,Mobile,1,2,0.21495327102803738,0.7757009345794392,0,0,internal,0.171875,0,0,0,0.1953125,2025-03-22,2025-04-21,30,6.095238095238095
6131759dabf5ee546602447d5770a54f,361,30,167,186,166,0.296398891966759,107,0.27977839335180055,0.1883656509695291,0.6149584487534626,Computer,0,2,0.010309278350515464,0.9742268041237113,0,0,internal,0.10803324099722991,0,0.00554016620498615,0,0.48476454293628807,2025-03-05,2025-04-04,30,12.033333333333333
61423e0d9a8a1b3b06f4e29a0515c61b,3,1,3,1,1,0,0,0.3333333333333333,0.3333333333333333,0.6666666666666666,Mobile,1,1,0,1,0,0,internal,0,0,0,0,0,2025-03-03,2025-03-03,0,3
61578793cf57b4e94b2a2bc108ad67f3,3,1,2,3,2,0.3333333333333333,1,0.8333333333333334,0.3333333333333333,0,Mobile,1,1,0,0,0,0.6666666666666666,social,1,0,0,0,0,2025-03-14,2025-03-14,0,3
617cf8c6d46a29f75c51b93c0fc42ef6,174,28,94,106,93,0.40229885057471265,70,0.4238505747126437,0.3045977011494253,0.46551724137931033,Computer,0,1,0,0.9807692307692307,0,0,internal,0.09770114942528736,0,0.011494252873563218,0,0.39080459770114945,2025-03-16,2025-04-15,30,6.214285714285714
61a8d7545abeeae31cca4d7ea8adfbd5,605,28,222,256,219,0.24297520661157024,147,0.2359504132231405,0.12396694214876033,0.6743801652892562,Mobile,1,2,0,0.9609929078014184,0,0,internal,0.07272727272727272,0,0.009917355371900827,0,0.5669421487603306,2025-03-17,2025-04-16,30,21.607142857142858
61e16705d87a29017b7e46136c9e5756,13,4,9,9,7,0.38461538461538464,5,0.25,0.15384615384615385,0.6923076923076923,Mobile,1,1,0,0.75,0,0,internal,0,0,0,0,0.15384615384615385,2025-03-15,2025-03-26,11,3.25
62883bbbeff3352d2f591e24ca154bed,72,16,47,50,46,0.4166666666666667,30,0.4583333333333333,0.3194444444444444,0.3888888888888889,Computer,0,2,0,0.8653846153846154,0,0.1346153846153846,internal,0.1388888888888889,0,0.013888888888888888,0,0.3055555555555556,2025-03-10,2025-04-09,30,4.5
62891d0bcc22360e6d25694b45cd0920,735,30,337,391,336,0.2870748299319728,211,0.2445578231292517,0.11292517006802721,0.6068027210884354,Mobile,1,2,0,0.9878345498783455,0,0,internal,0.12380952380952381,0,0,0,0.46802721088435373,2025-03-15,2025-04-14,30,24.5
62903f01a8b4d36801a30d3e3a61c26c,143,19,95,105,94,0.4195804195804196,60,0.548951048951049,0.45454545454545453,0.36363636363636365,Mobile,1,2,0.018691588785046728,0.9252336448598131,0,0,internal,0.16083916083916083,0,0,0,0.26573426573426573,2025-03-21,2025-04-19,29,7.526315789473684
62a132e8a5279a11a7f4c84a775369c4,4,3,4,3,3,0.5,2,0.5,0.5,0.5,Mobile,1,1,0.25,0,0,0.25,unknown,0,0,0,0,0.25,2025-03-19,2025-03-22,3,1.3333333333333333
62d6f6fbb6b7aed51301d5204f735ac3,137,29,63,61,60,0.2773722627737226,38,0.34124087591240876,0.24817518248175183,0.5912408759124088,Computer,0,2,0.015151515151515152,0.9242424242424242,0,0,internal,0.072992700729927,0,0,0,0.5182481751824818,2025-03-05,2025-04-04,30,4.724137931034483
63129f2085412836335e4d26ddaa6ef5,322,30,144,163,143,0.2981366459627329,96,0.327639751552795,0.2422360248447205,0.5714285714285714,Computer,0,2,0,0.9526627218934911,0,0,internal,0.12422360248447205,0,0.003105590062111801,0,0.4937888198757764,2025-03-05,2025-04-04,30,10.733333333333333
6323ed1aa67dc767d55d97846a20a59c,395,31,248,281,238,0.41012658227848103,162,0.49873417721518987,0.42278481012658226,0.4253164556962025,Computer,0,1,0.21282051282051281,0.782051282051282,0,0,internal,0.13670886075949368,0,0.053164556962025315,0,0.20253164556962025,2025-03-04,2025-04-03,30,12.741935483870968
6327de327a3d8f57a37c7462da321d07,8,4,3,6,2,0.25,2,0.21875,0.125,0.625,Computer,0,2,0.25,0.5,0,0,internal,0,0,0,0,0.25,2025-03-11,2025-03-22,11,2
6329358de53bfa9dbc7d0f9fa5507d3f,19,12,18,19,18,0.47368421052631576,9,0.9210526315789473,0.8421052631578947,0.05263157894736842,Mobile,1,1,0,0.058823529411764705,0,0.11764705882352941,unknown,0.21052631578947367,0,0,0,0,2025-03-22,2025-04-16,25,1.5833333333333333
636b7d1b6d112fae9a3d0ef792410d65,2,1,2,2,2,0.5,1,0.5,0.5,0.5,Computer,0,1,0.5,0,0,0,search,1,0,0,0,0,2025-03-17,2025-03-17,0,2
63897b31c21845c2831f2e3500dd0275,9,3,8,7,7,0.4444444444444444,4,0.5,0.4444444444444444,0.4444444444444444,Mobile,1,1,0,0.6666666666666666,0,0,internal,0.4444444444444444,0,0,0,0.2222222222222222,2025-03-05,2025-03-23,18,3
6419c6782d3fc968cf4d6be103be44e4,1076,31,393,423,390,0.21654275092936803,233,0.27555762081784385,0.20353159851301114,0.662639405204461,Mobile,1,1,0,0.9929078014184397,0,0,internal,0.04925650557620818,0,0.016728624535315983,0,0.604089219330855,2025-03-05,2025-04-04,30,34.70967741935484
647b9a8e69e1823003b5351fa6ce97a8,11,6,8,7,6,0.2727272727272727,3,0.5,0.45454545454545453,0.45454545454545453,Mobile,1,1,0,0.3,0,0.4,social,0.5454545454545454,0,0,0,0.2727272727272727,2025-03-22,2025-04-19,28,1.8333333333333333
64be7e486e1a7a9c0654c3ae81310447,341,28,187,205,183,0.3313782991202346,113,0.3980938416422287,0.31085043988269795,0.5161290322580645,Mobile,1,2,0.014492753623188406,0.9746376811594203,0,0,internal,0.09090909090909091,0,0.005865102639296188,0,0.36070381231671556,2025-03-22,2025-04-21,30,12.178571428571429
64e1ab7fa2a5fd929c6caccc5e309204,205,30,63,65,62,0.18048780487804877,37,0.25121951219512195,0.16097560975609757,0.697560975609756,Computer,0,1,0,0.984375,0,0,internal,0.07804878048780488,0,0.004878048780487805,0,0.6829268292682927,2025-03-05,2025-04-04,30,6.833333333333333
64f71bebfa046a629b48594e23e6df3a,63,9,32,37,29,0.31746031746031744,20,0.36904761904761907,0.20634920634920634,0.4444444444444444,Computer,0,2,0.19148936170212766,0.7446808510638298,0,0,internal,0.06349206349206349,0,0,0,0.38095238095238093,2025-03-07,2025-04-05,29,7
651effcfa8f870250cb49c68e9507e90,64,11,40,39,38,0.28125,18,0.51953125,0.46875,0.421875,Computer,0,1,0,0.9090909090909091,0,0.022727272727272728,internal,0.171875,0,0,0,0.375,2025-03-23,2025-04-20,28,5.818181818181818
6567c1ca05dde94aa6bb51004cdee9e3,331,26,173,200,167,0.2688821752265861,89,0.37084592145015105,0.23867069486404835,0.5226586102719033,Mobile,1,1,0,0.9953271028037384,0,0,internal,0.11178247734138973,0,0,0,0.35347432024169184,2025-03-10,2025-04-09,30,12.73076923076923
65f384db2f6edd9e5206321ecfbcee33,827,30,298,335,297,0.22853688029020555,189,0.2617896009673519,0.17654171704957677,0.652962515114873,Computer,0,1,0,0.9794117647058823,0,0,internal,0.06650544135429262,0,0.0024183796856106408,0,0.5949214026602176,2025-03-21,2025-04-20,30,27.566666666666666
660fab39539b87b268e59b0d5cc6be74,5,2,2,3,1,0.2,1,0.6,0.6,0.4,Computer,0,1,0.4,0.4,0,0,internal,0.6,0,0,0,0.4,2025-03-10,2025-03-11,1,2.5
66104ab0613a2f9088b1df33c38dbc59,6,2,2,1,1,0,0,0.16666666666666666,0.16666666666666666,0.8333333333333334,Mobile,1,1,0,0.8333333333333334,0,0,internal,0.16666666666666666,0,0,0,0.8333333333333334,2025-03-16,2025-03-17,1,3
6638cfc4c174f5324e03b5c5c1840978,26,8,23,21,21,0.5769230769230769,15,0.6057692307692307,0.46153846153846156,0.23076923076923078,Computer,0,2,0,0.68,0,0.2,internal,0.11538461538461539,0,0,0,0.15384615384615385,2025-03-04,2025-04-02,29,3.25
669659f0772f96da0bac4f84b1ff696d,141,19,70,74,69,0.2978723404255319,42,0.4627659574468085,0.3829787234042553,0.48936170212765956,Computer,0,1,0,0.948051948051948,0,0,internal,0.0851063829787234,0,0.02127659574468085,0,0.475177304964539,2025-03-05,2025-04-04,30,7.421052631578948
66c688595e2ec62dcbd9fe7d840d3ce1,26,5,13,12,12,0.19230769230769232,5,0.2692307692307692,0.11538461538461539,0.5384615384615384,Computer,0,2,0,0.8846153846153846,0,0,internal,0.038461538461538464,0,0,0,0.5384615384615384,2025-03-22,2025-04-09,18,5.2
66d4f8e7ac877ab6233e38f78f216e79,338,29,118,135,116,0.23372781065088757,79,0.21079881656804733,0.1242603550295858,0.6982248520710059,Mobile,1,1,0.0070921985815602835,0.9858156028368794,0,0,internal,0.07692307692307693,0,0.011834319526627219,0,0.5946745562130178,2025-03-22,2025-04-21,30,11.655172413793103
66e531018b3b999d38f0894511a6a6e0,24,6,7,15,5,0.125,3,0.19791666666666666,0.125,0.6666666666666666,Computer,0,2,0.1111111111111111,0.7222222222222222,0,0.05555555555555555,internal,0,0,0,0,0.3333333333333333,2025-03-19,2025-04-09,21,4
66f57e32e0c74a2c96496546c59b27d6,254,29,84,101,81,0.22440944881889763,57,0.21358267716535434,0.14566929133858267,0.7047244094488189,Mobile,1,1,0,0.9912280701754386,0,0,internal,0.05511811023622047,0,0,0,0.5551181102362205,2025-03-22,2025-04-21,30,8.758620689655173
672c3edfb76ea64fa63a475a6f3f835d,12,5,9,9,8,0.5,6,0.5625,0.4166666666666667,0.3333333333333333,Mobile,1,1,0,0.18181818181818182,0,0.09090909090909091,unknown,0.5,0,0,0,0.25,2025-03-20,2025-04-12,23,2.4
673614cb7aa6ff9045d6a6da7911a1eb,7,3,6,4,4,0.14285714285714285,1,0.32142857142857145,0.2857142857142857,0.5714285714285714,Mobile,1,1,0,1,0,0,internal,0.2857142857142857,0,0,0,0.2857142857142857,2025-03-09,2025-03-20,11,2.3333333333333335
6739966e381899913b6e47129d7677b9,34,14,15,14,14,0.3235294117647059,11,0.35294117647058826,0.2647058823529412,0.5882352941176471,Computer,0,2,0,0.75,0,0,internal,0.11764705882352941,0,0,0,0.5882352941176471,2025-03-24,2025-04-21,28,2.4285714285714284
677850815754ae05e51e9d6d395d574f,503,31,189,228,184,0.2584493041749503,130,0.21769383697813122,0.1172962226640159,0.6660039761431411,Mobile,1,2,0.08333333333333333,0.8712121212121212,0,0,internal,0.08349900596421471,0,0.003976143141153081,0,0.5387673956262425,2025-03-11,2025-04-10,30,16.225806451612904
679422c87961c3b866fc52150781731d,179,21,59,80,58,0.2681564245810056,48,0.16899441340782123,0.055865921787709494,0.6927374301675978,Mobile,1,1,0,0.9866666666666667,0,0,internal,0.0670391061452514,0,0,0,0.553072625698324,2025-03-10,2025-04-08,29,8.523809523809524
67d63442a6872a7d0c8c9c556222efb3,651,31,272,335,267,0.2980030721966206,194,0.2672811059907834,0.14746543778801843,0.5975422427035331,Computer,0,3,0.030959752321981424,0.8699690402476781,0,0.08359133126934984,internal,0.15053763440860216,0,0.007680491551459293,0,0.47772657450076805,2025-03-21,2025-04-20,30,21
67dfa9590d274a17c6ebf25307c19b82,465,31,241,256,240,0.30752688172043013,143,0.289247311827957,0.15698924731182795,0.556989247311828,Mobile,1,2,0.32160804020100503,0.628140703517588,0,0,internal,0.13978494623655913,0,0.0064516129032258064,0,0.44946236559139785,2025-03-23,2025-04-22,30,15
6833133564d3b9731d3707a284d1a707,150,28,39,75,38,0.2733333333333333,41,0.23166666666666666,0.16,0.7266666666666667,Mobile,1,1,0.13709677419354838,0.8225806451612904,0,0,internal,0.06666666666666667,0,0.006666666666666667,0,0.5,2025-03-17,2025-04-16,30,5.357142857142857
683f34302ed1e312582a6257135ad7ac,648,31,249,263,247,0.22993827160493827,149,0.2847222222222222,0.1882716049382716,0.625,Computer,0,1,0,0.9966101694915255,0,0,internal,0.08641975308641975,0,0.006172839506172839,0,0.5910493827160493,2025-03-16,2025-04-15,30,20.903225806451612
684b5219a1598b2bcd23193ff6b2e366,28,19,28,28,28,0.6071428571428571,17,0.15178571428571427,0.07142857142857142,0.75,Mobile,1,1,NA,NA,NA,NA,NA,0.25,0,0.03571428571428571,0,0,2025-03-05,2025-04-02,28,1.4736842105263157
68732262f5ce69c23aeaa985fd1ca61b,111,12,82,85,79,0.4594594594594595,51,0.545045045045045,0.4864864864864865,0.36036036036036034,Computer,0,1,0.01098901098901099,0.967032967032967,0,0,internal,0.18018018018018017,0,0,0,0.21621621621621623,2025-03-14,2025-04-10,27,9.25
68818956d457acc9f70ebf681b0e4893,540,29,184,208,180,0.21851851851851853,118,0.2800925925925926,0.1925925925925926,0.6425925925925926,Computer,0,1,0,1,0,0,internal,0.053703703703703705,0,0.001851851851851852,0,0.5944444444444444,2025-03-14,2025-04-13,30,18.620689655172413
68cc004add6d16311514269355dfd910,12,2,4,8,3,0.4166666666666667,5,0.20833333333333334,0.16666666666666666,0.6666666666666666,Computer,0,2,0,0.625,0,0,internal,0.3333333333333333,0,0,0,0.3333333333333333,2025-03-11,2025-03-12,1,6
68f122f11bd427db445b55d31d330b93,131,7,57,68,56,0.3282442748091603,43,0.3301526717557252,0.2748091603053435,0.6106870229007634,Mobile,1,2,0,0.9726027397260274,0,0,internal,0.12213740458015267,0,0,0,0.48091603053435117,2025-04-16,2025-04-22,6,18.714285714285715
691567ac886fbcb6838d049bd8dfeb25,256,22,117,119,112,0.28125,72,0.1806640625,0.05078125,0.63671875,Computer,0,1,0,0.9950980392156863,0,0,internal,0.15234375,0,0.0234375,0,0.19140625,2025-03-04,2025-04-03,30,11.636363636363637
693f1f1a7599754a15cb76e9cc6f151f,466,31,213,230,208,0.2703862660944206,126,0.3342274678111588,0.24892703862660945,0.5879828326180258,Computer,0,2,0.007042253521126761,0.9894366197183099,0,0,internal,0.05793991416309013,0,0.04291845493562232,0,0.49356223175965663,2025-03-11,2025-04-10,30,15.03225806451613
69bd53d9aabb419a60a4d017008fa7f4,629,31,213,201,181,0.17965023847376788,113,0.20508744038155802,0.14467408585055644,0.7233704292527822,Computer,0,1,0.3241252302025783,0.6629834254143646,0,0,internal,0.05405405405405406,0,0.014308426073131956,0,0.40540540540540543,2025-03-05,2025-04-04,30,20.29032258064516
6ac41ca81c8a5b763cfdc15ca1db45ab,89,25,32,35,31,0.2696629213483146,24,0.31179775280898875,0.2247191011235955,0.6067415730337079,Computer,0,1,0,1,0,0,internal,0.10112359550561797,0,0.011235955056179775,0,0.6067415730337079,2025-03-12,2025-04-11,30,3.56
6b127ea1d52e08eaeb4a25097d1c35b7,489,27,187,210,183,0.2474437627811861,121,0.2198364008179959,0.077709611451942745,0.6441717791411042,Mobile,1,1,0.5635245901639344,0.4344262295081967,0,0,search,0.07157464212678936,0,0.00408997955010225,0,0.5603271983640081,2025-03-12,2025-04-10,29,18.11111111111111
6b54e0d2134307e087fd1c935f044aa2,633,31,213,270,209,0.24644549763033174,156,0.26145339652448657,0.1500789889415482,0.6208530805687204,Mobile,1,2,0.0076045627376425855,0.9885931558935361,0,0,internal,0.06477093206951026,0,0.011058451816745656,0,0.5624012638230648,2025-03-11,2025-04-10,30,20.419354838709676
6b97216a6178c74405357c7296debf76,8,6,1,0,0,0,0,0,0,1,Computer,0,1,0,0.5,0,0,internal,0,0,0,0,1,2025-03-22,2025-04-08,17,1.3333333333333333
6ba9456f4ffcca24b723d294a3eb77dd,2,1,2,2,2,0.5,1,0.875,0.5,0,Mobile,1,1,0,0,0,0,unknown,1,0,0,0,0,2025-03-12,2025-03-12,0,2
6badcc2cd2b644e876ce5b50ee71795b,620,29,196,212,193,0.18870967741935485,117,0.19879032258064516,0.13548387096774195,0.7209677419354839,Mobile,1,2,0,0.9904306220095693,0,0,internal,0.07741935483870968,0,0.00967741935483871,0,0.6548387096774193,2025-03-09,2025-04-08,30,21.379310344827587
6bd0f400ff4d5f60356a683f2b2ead41,211,24,102,96,93,0.20853080568720378,44,0.3234597156398104,0.2132701421800948,0.5829383886255924,Computer,0,1,0,0.9316239316239316,0,0,internal,0.09004739336492891,0,0.004739336492890996,0,0.4928909952606635,2025-03-08,2025-04-07,30,8.791666666666666
6be1f70d713e332f19221af13f05290a,115,15,59,69,58,0.3565217391304348,41,0.3391304347826087,0.2,0.5304347826086957,Mobile,1,1,0,0.9305555555555556,0,0,internal,0.1826086956521739,0,0.008695652173913044,0,0.4,2025-03-19,2025-04-17,29,7.666666666666667
6bea216a1e3d25a48f391aff36d22901,182,22,89,117,88,0.3131868131868132,57,0.41620879120879123,0.3241758241758242,0.5054945054945055,Mobile,1,1,0.016260162601626018,0.975609756097561,0,0,internal,0.16483516483516483,0,0,0,0.35714285714285715,2025-03-10,2025-04-09,30,8.272727272727273
6c710b9263533c42dfaa2082413210c3,35,5,22,28,21,0.34285714285714286,12,0.4,0.22857142857142856,0.4857142857142857,Mobile,1,1,0,0.9,0,0,internal,0,0,0,0,0.2,2025-03-07,2025-03-16,9,7
6c925b49b5a96735146e5ff5aa0d32ff,216,15,91,92,90,0.25462962962962965,55,0.375,0.3101851851851852,0.5740740740740741,Computer,0,1,0,0.989247311827957,0,0,internal,0.09722222222222222,0,0.009259259259259259,0,0.5740740740740741,2025-03-06,2025-03-23,17,14.4
6c92627df0684ad210c2d339d1476e25,2,2,1,2,1,1,2,0,0,1,Mobile,1,1,NA,NA,NA,NA,NA,0,0,0,0,0,2025-04-02,2025-04-03,1,1
6ceb2f19dc3cff14b56818b7c9058ee0,462,31,322,328,317,0.4264069264069264,197,0.5752164502164502,0.487012987012987,0.33766233766233766,Mobile,1,1,0.002583979328165375,0.9922480620155039,0,0,internal,0.15800865800865802,0,0.0021645021645021645,0,0.2510822510822511,2025-03-05,2025-04-04,30,14.903225806451612
6cf4559158ca6f6a6ca07cfc319774a3,277,28,131,133,130,0.24548736462093862,68,0.34386281588447654,0.2527075812274368,0.5776173285198556,Mobile,1,2,0,0.9757085020242915,0,0,internal,0.07581227436823104,0,0,0,0.51985559566787,2025-03-21,2025-04-20,30,9.892857142857142
6d65f77c4bce56087d22a22a734f493c,64,10,40,42,35,0.390625,25,0.42578125,0.296875,0.453125,Computer,0,1,0,0.9636363636363636,0,0,internal,0.109375,0,0.015625,0,0.21875,2025-03-05,2025-04-03,29,6.4
6d8714d39b892dfb0983c38baf79e278,18,8,8,16,7,0.5,9,0.5138888888888888,0.4444444444444444,0.2777777777777778,Computer,0,1,0.36363636363636365,0.09090909090909091,0,0.36363636363636365,search,0,0,0,0,0.1111111111111111,2025-03-08,2025-03-28,20,2.25
6da9c812091932fced96420eab2919f7,78,12,45,50,44,0.34615384615384615,27,0.358974358974359,0.19230769230769232,0.47435897435897434,Mobile,1,2,0,0.9714285714285714,0,0,internal,0.10256410256410256,0,0,0,0.358974358974359,2025-03-14,2025-04-13,30,6.5
6dadff0c41d7b24501bba233d55bebc5,292,30,143,171,142,0.339041095890411,99,0.3792808219178082,0.273972602739726,0.5273972602739726,Mobile,1,1,0,0.9875,0,0,internal,0.19863013698630136,0,0,0,0.4143835616438356,2025-03-10,2025-04-09,30,9.733333333333333
6de367620679c429ff462d9a576b2c18,3,1,3,1,1,0.3333333333333333,1,0.3333333333333333,0.3333333333333333,0.6666666666666666,Computer,0,1,0,0.6666666666666666,0,0,internal,0.3333333333333333,0,0,0,0.3333333333333333,2025-03-21,2025-03-21,0,3
6e0aa1e08827251ef1efacbc4b157402,414,31,241,262,239,0.3864734299516908,160,0.427536231884058,0.3164251207729469,0.48792270531400966,Mobile,1,2,0.006711409395973154,0.9765100671140939,0,0,internal,0.16183574879227053,0,0.004830917874396135,0,0.3647342995169082,2025-03-15,2025-04-14,30,13.35483870967742
6ecb28b84d3a784429d89cdd1bf707e8,15,9,7,4,4,0.2,3,0.31666666666666665,0.26666666666666666,0.6,Computer,0,2,0.26666666666666666,0.3333333333333333,0,0,unknown,0.13333333333333333,0,0,0,0.6,2025-03-07,2025-04-05,29,1.6666666666666667
6ece8933e5f45d1de309cedd5af97e5a,2,1,2,1,1,0.5,1,0.5,0.5,0.5,Mobile,1,1,0,0,0,0,unknown,0,0,0,0,0.5,2025-03-12,2025-03-12,0,2
6ee037905fee692858240685220213be,5,5,5,4,4,0.6,3,1,1,0,Computer,0,1,0.4,0,0,0.4,search,0.4,0,0,0,0,2025-03-21,2025-04-12,22,1
7052d949d939fc804724f9706d031f04,177,22,69,73,65,0.23163841807909605,41,0.2443502824858757,0.14124293785310735,0.6497175141242938,Mobile,1,1,0,0.9629629629629629,0,0,internal,0.1016949152542373,0,0.01694915254237288,0,0.5480225988700564,2025-03-23,2025-04-22,30,8.045454545454545
7069e5b21f83398d49d36fb52ecc23a7,91,19,45,64,43,0.4175824175824176,38,0.37362637362637363,0.26373626373626374,0.5274725274725275,Mobile,1,2,0,0.8695652173913043,0,0,internal,0.2967032967032967,0,0.03296703296703297,0,0.2857142857142857,2025-03-07,2025-04-06,30,4.7894736842105265
706e093c596c9b6de385b40a984f12b0,1,1,1,1,1,0,0,0.75,0,0,Tablet,0,1,NA,NA,NA,NA,NA,1,0,0,0,0,2025-03-28,2025-03-28,0,1
7072362a6e23fc07df0593b559be9320,740,31,313,332,288,0.23378378378378378,173,0.30067567567567566,0.20810810810810812,0.6081081081081081,Mobile,1,2,0.19112627986348124,0.7918088737201365,0,0,internal,0.09324324324324325,0,0.00945945945945946,0,0.35135135135135137,2025-03-10,2025-04-09,30,23.870967741935484
7080837382b57577727af45c00841473,37,6,20,26,18,0.40540540540540543,15,0.5202702702702703,0.35135135135135137,0.2972972972972973,Computer,0,1,0,0.8181818181818182,0,0,internal,0.4864864864864865,0,0,0,0.13513513513513514,2025-03-13,2025-04-08,26,6.166666666666667
70a170d32950120143a1af34636ae8ab,2,1,2,2,2,1,2,0.5,0.5,0.5,Computer,0,1,0,0.5,0,0,internal,0,0,1,0,0,2025-03-20,2025-03-20,0,2
70b4d870d09b91a6d0b8b07af47a65c5,46,13,16,34,12,0.5217391304347826,24,0.3695652173913043,0.2391304347826087,0.5652173913043478,Mobile,1,2,0.043478260869565216,0.6086956521739131,0,0.043478260869565216,internal,0.41304347826086957,0,0,0,0.17391304347826086,2025-03-15,2025-04-08,24,3.5384615384615383
71696a3681edfedacd613c58d75c99d4,255,29,103,108,99,0.23137254901960785,59,0.2823529411764706,0.20392156862745098,0.6235294117647059,Computer,0,2,0,0.8421052631578947,0,0,internal,0.06274509803921569,0,0.00784313725490196,0,0.5450980392156862,2025-03-15,2025-04-14,30,8.793103448275861
717f81079f55e2cd5f9e7585f0cef79e,4,1,4,3,3,0.75,3,0.5625,0.5,0.25,Computer,0,1,0,0.3333333333333333,0,0,unknown,0.5,0,0,0,0.25,2025-03-23,2025-03-23,0,4
71f7820ce499735a3a517ec239a7c1a1,20,3,11,12,10,0.4,8,0.3625,0.2,0.5,Computer,0,1,0,0.6,0,0,internal,0.05,0,0.05,0,0.4,2025-03-21,2025-03-23,2,6.666666666666667
7218582a0f6510270d4b4cb10276f767,281,11,94,105,87,0.18505338078291814,52,0.16370106761565836,0.07473309608540925,0.7508896797153025,Mobile,1,2,0.008771929824561403,0.9649122807017544,0,0,internal,0.06761565836298933,0,0,0,0.594306049822064,2025-03-08,2025-03-18,10,25.545454545454547
72260acf5e480340359ff4b64eb87274,148,15,43,47,42,0.17567567567567569,26,0.17567567567567569,0.10135135135135136,0.7162162162162162,Computer,0,2,0,0.9315068493150684,0,0.0136986301369863,internal,0.0945945945945946,0,0,0,0.6824324324324325,2025-03-08,2025-04-04,27,9.866666666666667
723ae23af4965904651d7857ab1c8d37,1194,31,398,519,392,0.26800670016750416,320,0.3234924623115578,0.25125628140703515,0.6122278056951423,Mobile,1,2,0.008862629246676515,0.9246676514032496,0,0.0014771048744460858,internal,0.09212730318257957,0,0.023450586264656615,0,0.5586264656616415,2025-03-17,2025-04-16,30,38.516129032258064
724d873bcc88934891fbacde5ea83f9d,2,1,2,1,1,0.5,1,0.375,0,0.5,Mobile,1,1,0,0.5,0,0,internal,0.5,0,0,0,0.5,2025-03-23,2025-03-23,0,2
72adc6d24abd2e177f104280a93c8b36,33,6,13,12,10,0.21212121212121213,7,0.22727272727272727,0.09090909090909091,0.6666666666666666,Mobile,1,1,0,0.7878787878787878,0,0,internal,0.15151515151515152,0,0,0,0.5151515151515151,2025-03-07,2025-04-05,29,5.5
72d1e04b4efb1a26e958273f601ecbd6,54,18,34,52,33,0.6851851851851852,37,0.25462962962962965,0.1111111111111111,0.5740740740740741,Mobile,1,2,0,0.7777777777777778,0,0,internal,0.14814814814814814,0,0,0,0.037037037037037035,2025-03-24,2025-04-19,26,3
7310d9a89f117d551524d81270cc4cea,267,28,163,195,162,0.3782771535580524,101,0.5056179775280899,0.3970037453183521,0.3970037453183521,Mobile,1,2,0,0.9838709677419355,0,0,internal,0.10112359550561797,0,0.003745318352059925,0,0.2696629213483146,2025-03-23,2025-04-22,30,9.535714285714286
73fb96dd564367a986cc5673b33a2bdf,130,19,67,73,66,0.25384615384615383,33,0.4115384615384615,0.3230769230769231,0.5076923076923077,Computer,0,1,0,0.922077922077922,0,0,internal,0.16923076923076924,0,0.015384615384615385,0,0.43846153846153846,2025-03-11,2025-04-09,29,6.842105263157895
73fe5fb3c7941d317c7d1d0af638d6d7,331,26,154,159,140,0.26586102719033233,88,0.27416918429003023,0.17522658610271905,0.649546827794562,Computer,0,3,0.01171875,0.97265625,0,0,internal,0.021148036253776436,0,0.06042296072507553,0,0.22054380664652568,2025-03-18,2025-04-17,30,12.73076923076923
743a9d6d44dfa092081f615773fdfd6b,714,31,271,329,260,0.2689075630252101,192,0.3084733893557423,0.25210084033613445,0.6260504201680672,Computer,0,2,0,0.9863760217983651,0,0,internal,0.12184873949579832,0,0.0028011204481792717,0,0.4943977591036415,2025-03-11,2025-04-10,30,23.032258064516128
745567abda127eceb684117d9622768a,542,25,277,295,271,0.3247232472324723,176,0.26752767527675275,0.14575645756457564,0.6014760147601476,Mobile,1,2,0,0.9881305637982196,0,0,internal,0.13284132841328414,0,0.0018450184501845018,0,0.4040590405904059,2025-03-11,2025-04-09,29,21.68
746c3c7e52c85a005037bead64aa2949,5,2,3,2,2,0.4,2,0.2,0,0.6,Computer,0,1,0,0.6,0,0,internal,0,0,0,0,0.6,2025-03-11,2025-04-05,25,2.5
74967f9c539cf87f7da82fcab48780f9,7,4,3,1,1,0.8571428571428571,6,0.6071428571428571,0.42857142857142855,0.14285714285714285,Computer,0,1,0.6666666666666666,0,0,0,search,0,0,0,0,0,2025-03-13,2025-04-03,21,1.75
750dd3ddc294d786ba32f8f14cda190f,2,1,1,0,0,0,0,0,0,1,Computer,0,1,0,0,0,0,unknown,0,0,0,0,1,2025-03-05,2025-03-05,0,2
7545fe0f7005e99694c0a323adb55176,3,2,2,1,1,0.3333333333333333,1,0.16666666666666666,0,0.6666666666666666,Computer,0,1,0,0.5,0,0,internal,0,0,0,0,0.6666666666666666,2025-03-30,2025-03-31,1,1.5
761f1df8f468f1bb378e9d72cbe382e5,27,5,22,22,20,0.4074074074074074,11,0.5648148148148148,0.5185185185185185,0.3333333333333333,Computer,0,2,0.07407407407407407,0.7037037037037037,0,0.037037037037037035,internal,0.1111111111111111,0,0,0,0.14814814814814814,2025-03-08,2025-03-25,17,5.4
763d058903725935287f1ee857645566,95,15,78,76,76,0.5684210526315789,54,0.7263157894736842,0.6631578947368421,0.2,Computer,0,1,0.2235294117647059,0.7529411764705882,0,0,internal,0.18947368421052632,0,0,0,0,2025-03-11,2025-04-09,29,6.333333333333333
76668bebf380d4c6e8b3583902d82b9c,485,31,157,189,153,0.22268041237113403,108,0.24175257731958763,0.177319587628866,0.6969072164948453,Mobile,1,2,0.09545454545454546,0.9,0,0,internal,0.049484536082474224,0,0.002061855670103093,0,0.6041237113402061,2025-03-21,2025-04-20,30,15.64516129032258
76d0bcb275d7f3d64117922ad29d083d,341,30,196,215,190,0.35777126099706746,122,0.46847507331378296,0.35777126099706746,0.45161290322580644,Computer,0,1,0,0.9959839357429718,0,0,internal,0.12903225806451613,0,0.005865102639296188,0,0.26392961876832843,2025-03-19,2025-04-18,30,11.366666666666667
770e935d77b3296db71e65fc65aa258d,6,5,4,5,3,0.8333333333333334,5,0.20833333333333334,0,0.5,Mobile,1,1,0,0,0,0,unknown,0,0,0,0,0.16666666666666666,2025-03-08,2025-03-27,19,1.2
773658b12742ecdd7c229fa03323c86f,6,3,4,4,3,0.5,3,0.25,0.16666666666666666,0.6666666666666666,Computer,0,2,0,0.3333333333333333,0,0,unknown,0.3333333333333333,0,0,0,0.3333333333333333,2025-03-21,2025-04-12,22,2
7765b84362c3f2409057ab7e51be2947,33,4,16,13,13,0.18181818181818182,6,0.29545454545454547,0.21212121212121213,0.6363636363636364,Computer,0,1,0.37037037037037035,0.5185185185185185,0,0,internal,0.030303030303030304,0,0,0,0.3939393939393939,2025-03-08,2025-03-12,4,8.25
7775de537c04fc9861dc2968f2755917,14,2,12,0,0,0.2857142857142857,4,0.75,0.7142857142857143,0.21428571428571427,Computer,0,1,0,0.9230769230769231,0,0,internal,0,0,0,0,0.07142857142857142,2025-03-20,2025-03-28,8,7
777833f12b1c604a5b3d6dd76bdde6ec,7,2,5,4,4,0.2857142857142857,2,0.2857142857142857,0.2857142857142857,0.7142857142857143,Computer,0,1,0,0.8,0,0,internal,0.2857142857142857,0,0,0,0.42857142857142855,2025-03-23,2025-03-27,4,3.5
77b11ccf26a9e23d4e6fb10a372b8374,194,23,101,114,99,0.34536082474226804,67,0.41237113402061853,0.28865979381443296,0.4742268041237113,Computer,0,2,0.024844720496894408,0.937888198757764,0,0.012422360248447204,internal,0.18041237113402062,0,0.005154639175257732,0,0.4072164948453608,2025-03-13,2025-04-12,30,8.434782608695652
77d030727b03fd6c9a637362091819d1,5,4,5,4,4,0.4,2,0.25,0.2,0.6,Mobile,1,2,0,0.5,0,0,internal,0,0,0,0,0.2,2025-03-22,2025-03-26,4,1.25
78167da6625acebf472eb64674915054,274,26,151,168,148,0.38321167883211676,105,0.4023722627737226,0.3357664233576642,0.5364963503649635,Computer,0,2,0.00558659217877095,0.94972067039106145,0,0,internal,0.09854014598540146,0,0.0072992700729927005,0,0.3686131386861314,2025-03-22,2025-04-21,30,10.538461538461538
788607b17ee04f19865a51f8543acb9b,21,6,12,12,10,0.38095238095238093,8,0.39285714285714285,0.23809523809523808,0.47619047619047616,Computer,0,2,0.09523809523809523,0.8095238095238095,0,0,internal,0.09523809523809523,0,0,0,0.3333333333333333,2025-03-18,2025-04-04,17,3.5
7914eefd03db41f93ff599d0b8de560c,2,1,1,0,0,0,0,0,0,1,Mobile,1,1,0,0,0,0,unknown,0,0,0,0,1,2025-03-14,2025-03-14,0,2
798f1ad26b892da22923188a9e8e4797,102,20,68,86,67,0.5,51,0.4485294117647059,0.23529411764705882,0.37254901960784315,Mobile,1,2,0,0.6875,0,0,internal,0.12745098039215685,0,0.049019607843137254,0,0.1568627450980392,2025-03-06,2025-04-02,27,5.1
799f16b134fc3399262a5bd5c08434b1,380,30,181,187,173,0.26842105263157895,102,0.34342105263157896,0.2394736842105263,0.55,Computer,0,1,0.009345794392523364,0.8878504672897196,0,0.02336448598130841,internal,0.0868421052631579,0,0.005263157894736842,0,0.4763157894736842,2025-03-11,2025-04-10,30,12.666666666666666
79a9aa467c99112751bacbf368d8f126,213,24,100,105,99,0.3192488262910798,68,0.35563380281690143,0.27230046948356806,0.5539906103286385,Computer,0,1,0,1,0,0,internal,0.0892018779342723,0,0,0,0.5070422535211268,2025-03-21,2025-04-20,30,8.875
79bcea0ca1df80809925ac6826965e65,17,6,9,10,8,0.29411764705882354,5,0.3088235294117647,0.17647058823529413,0.5294117647058824,Mobile,1,1,0,0.8888888888888888,0,0,internal,0,0,0,0,0.4117647058823529,2025-03-21,2025-04-03,13,2.8333333333333335
7a32edbbe6ace018a384b57c2edbc7e0,5,4,5,4,4,0.6,3,0.2,0.2,0.8,Mobile,1,1,NA,NA,NA,NA,NA,0.2,0,0.2,0,0.2,2025-03-17,2025-04-08,22,1.25
7a6e57a47889f4199c69b7f4de87e338,181,29,80,86,79,0.26519337016574585,48,0.32734806629834257,0.19337016574585636,0.580110497237569,Mobile,1,2,0,0.8777777777777778,0,0.1,internal,0.06629834254143646,0,0.011049723756906077,0,0.5248618784530387,2025-03-14,2025-04-13,30,6.241379310344827
7a70cfa85256557dbf368c6287d20378,847,31,340,458,330,0.31759149940968123,269,0.4197166469893743,0.3577331759149941,0.5230224321133412,Mobile,1,2,0,0.9746376811594203,0.010869565217391304,0,internal,0.1038961038961039,0,0.014167650531286895,0,0.43211334120425027,2025-03-21,2025-04-20,30,27.322580645161292
7a9fad27ae8841708385b2827b7bf92e,281,31,104,104,99,0.2277580071174377,64,0.23309608540925267,0.13167259786476868,0.6548042704626335,Computer,0,2,0,0.9663865546218487,0,0,internal,0.05693950177935943,0,0.0071174377224199285,0,0.597864768683274,2025-03-20,2025-04-19,30,9.064516129032258
7ac115daad07fcf9761b2b44f3f703db,602,31,214,242,213,0.19601328903654486,118,0.2956810631229236,0.20930232558139536,0.6411960132890365,Mobile,1,3,0.003134796238244514,0.9968652037617555,0,0,internal,0.05647840531561462,0,0.011627906976744186,0,0.5980066445182725,2025-03-04,2025-04-03,30,19.419354838709676
7ad00b86b8634e354c143637d68475af,335,31,164,172,163,0.26865671641791045,90,0.4455223880597015,0.4,0.5104477611940299,Computer,0,2,0,0.9354838709677419,0.03763440860215054,0,internal,0.14328358208955225,0,0.008955223880597015,0,0.48656716417910445,2025-03-21,2025-04-20,30,10.806451612903226
7aec7c5ef4851aaa9d0f08f8f8312457,292,22,206,228,202,0.4178082191780822,122,0.6078767123287672,0.5342465753424658,0.3116438356164384,Mobile,1,1,0.022123893805309734,0.9646017699115044,0,0,internal,0.1780821917808219,0,0.030821917808219176,0,0.1917808219178082,2025-03-14,2025-04-12,29,13.272727272727273
7b0ad7f1896e766c4ad4993f53082ce9,51,11,29,29,27,0.3333333333333333,17,0.31862745098039214,0.13725490196078433,0.5294117647058824,Computer,0,2,0,0.8461538461538461,0,0.038461538461538464,internal,0.0784313725490196,0,0.0392156862745098,0,0.4117647058823529,2025-03-22,2025-04-21,30,4.636363636363637
7b27290677c1111502f87e9089d35a01,502,30,296,346,284,0.3466135458167331,174,0.4357569721115538,0.3107569721115538,0.4442231075697211,Mobile,1,2,0,0.9765258215962441,0,0,internal,0.12151394422310757,0,0.027888446215139442,0,0.20717131474103587,2025-03-05,2025-04-04,30,16.733333333333334
7b42e426163501a7e327da53b994bc13,34,16,32,32,31,0.5294117647058824,18,0.4264705882352941,0.23529411764705882,0.3235294117647059,Mobile,1,2,0,0.3333333333333333,0,0,unknown,0.20588235294117646,0,0.08823529411764706,0,0.058823529411764705,2025-03-21,2025-04-20,30,2.125
7b4fa6601c1f309c017664b468956354,27,3,11,18,9,0.2222222222222222,6,0.32407407407407407,0.1111111111111111,0.5185185185185185,Computer,0,2,0,0.6666666666666666,0,0,internal,0.4444444444444444,0,0,0,0.25925925925925924,2025-03-14,2025-03-18,4,9
7b5d631f99704537c85aa26c4f9ad079,285,25,121,140,119,0.24210526315789474,69,0.32456140350877194,0.256140350877193,0.6035087719298246,Computer,0,3,0.14917127071823205,0.8176795580110497,0,0,internal,0.11578947368421053,0,0.021052631578947368,0,0.5052631578947369,2025-03-06,2025-04-04,29,11.4
7b5dc0298c1f08e63d7907ce05257f64,304,27,218,230,216,0.41118421052631576,125,0.4597039473684211,0.3256578947368421,0.3881578947368421,Mobile,1,2,0,0.91796875,0,0,internal,0.15789473684210525,0,0.006578947368421052,0,0.2236842105263158,2025-03-06,2025-04-04,29,11.25925925925926
7b5e74b0b35e65c436794b3673ee03a8,319,31,229,234,225,0.3949843260188088,126,0.6598746081504702,0.6018808777429467,0.2884012539184953,Computer,0,1,0.2565789473684211,0.7401315789473685,0,0,internal,0.10658307210031348,0,0.07836990595611286,0,0.034482758620689655,2025-03-05,2025-04-04,30,10.290322580645162
7b74009236e8b58936ab88e293fa7c7d,451,29,187,220,186,0.2860310421286031,129,0.24722838137472283,0.13082039911308205,0.6319290465631929,Mobile,1,2,0,0.9819819819819819,0,0,internal,0.08425720620842572,0,0,0,0.5121951219512195,2025-03-11,2025-04-10,30,15.551724137931034
7bb86036fead65cb733672bb8a47dcd7,10,5,6,5,5,0.2,2,0.175,0.1,0.6,Mobile,1,1,0,0.6666666666666666,0,0,internal,0,0,0.1,0,0.5,2025-03-19,2025-04-07,19,2
7bd3476e9c4d1e139317924f42a5b8fb,546,31,195,256,193,0.2509157509157509,137,0.30448717948717946,0.22344322344322345,0.6153846153846154,Tablet,0,1,0,0.9919678714859438,0,0,internal,0.0695970695970696,0,0.023809523809523808,0,0.5293040293040293,2025-03-09,2025-04-08,30,17.612903225806452
7bf3a9ea20a2f4661d94dd194a1cf803,98,14,62,71,55,0.4897959183673469,48,0.4897959183673469,0.40816326530612246,0.41836734693877553,Tablet,0,2,0.17721518987341772,0.7721518987341772,0,0,internal,0.14285714285714285,0,0.030612244897959183,0,0.1326530612244898,2025-03-22,2025-04-21,30,7
7c4436fb02b5ec2e2f2926846b4f1df7,7,2,3,4,1,0.14285714285714285,1,0.5357142857142857,0.42857142857142855,0.42857142857142855,Computer,0,1,0,0.16666666666666666,0,0,unknown,0,0,0,0,0.2857142857142857,2025-03-10,2025-03-11,1,3.5
7c785ece8394ba7a24f9f8b674730925,3,3,3,3,3,0.6666666666666666,2,0,0,1,Mobile,1,1,NA,NA,NA,NA,NA,0,0,0.3333333333333333,0,0,2025-03-14,2025-03-26,12,1
7cc6d77803a5c2de142a14ace1b34a08,538,22,242,250,230,0.2527881040892193,136,0.29182156133828996,0.22304832713754646,0.6301115241635687,Computer,0,2,0,0.8715596330275229,0,0,internal,0.08550185873605948,0,0.03531598513011153,0,0.42379182156133827,2025-03-10,2025-04-07,28,24.454545454545453
7cdfc87b3d8dd8aae8464558885e374b,263,30,232,260,231,0.5627376425855514,148,0.8849809885931559,0.7946768060836502,0.045627376425855515,Mobile,1,2,0,0.5,0.48,0,internal,0.13307984790874525,0,0,0,0.011406844106463879,2025-03-05,2025-04-04,30,8.766666666666667
7dd7d15cf5f9a5190e6a640fa670fef7,116,22,52,54,51,0.28448275862068967,33,0.34698275862068967,0.2413793103448276,0.5689655172413793,Computer,0,1,0,0.9344262295081968,0,0,internal,0.08620689655172414,0,0,0,0.5344827586206896,2025-03-07,2025-04-06,30,5.2727272727272725
7e501c13b0115638d9f52b73fa21869e,143,9,96,117,92,0.44755244755244755,64,0.4597902097902098,0.3006993006993007,0.3706293706293706,Computer,0,1,0.10638297872340426,0.8936170212765957,0,0,internal,0.15384615384615385,0,0,0,0.11188811188811189,2025-03-04,2025-04-02,29,15.88888888888889
7e75ad391f08921f8876539d914ccaf0,25,11,21,23,20,0.68,17,0.53,0.44,0.24,Computer,0,2,0.16666666666666666,0.6666666666666666,0,0,internal,0.12,0,0,0,0.08,2025-03-11,2025-04-10,30,2.272727272727273
7eb3412b5a29ae007e0264755a7aeae5,88,10,55,49,48,0.3409090909090909,30,0.5340909090909091,0.5227272727272727,0.4431818181818182,Computer,0,1,0,0.8977272727272727,0,0,internal,0.09090909090909091,0,0,0,0.18181818181818182,2025-03-29,2025-04-19,21,8.8
7edeb8ee21028717df5a792e83205006,4,2,4,4,4,0.75,3,0.5,0.25,0.25,Mobile,1,1,0,0.3333333333333333,0,0.3333333333333333,internal,0,0,0.75,0,0,2025-03-22,2025-03-24,2,2
7f1fbd1dddd6cfd4329fdb318e8bcfb0,697,31,269,342,266,0.28263988522238165,197,0.3152797704447633,0.1994261119081779,0.5767575322812052,Mobile,1,2,0,0.9827586206896551,0,0,internal,0.08895265423242468,0,0.005738880918220947,0,0.4964131994261119,2025-03-11,2025-04-10,30,22.483870967741936
7f85de49b95988ba4ee8be83228ced99,3,1,2,3,2,0.6666666666666666,2,0.8333333333333334,0.6666666666666666,0,Mobile,1,1,0,1,0,0,internal,0,0,0,0,0,2025-03-18,2025-03-18,0,3
7f9c334a7773fd1aad4a9549571eb396,472,30,233,264,231,0.3305084745762712,156,0.3988347457627119,0.3177966101694915,0.5211864406779662,Mobile,1,1,0.01858736059479554,0.9776951672862454,0,0,internal,0.11440677966101695,0,0,0,0.4343220338983051,2025-03-22,2025-04-21,30,15.733333333333333
7fbcf23d92ff3ad185541f9b4626b20e,120,15,64,53,51,0.275,33,0.3958333333333333,0.30833333333333335,0.525,Computer,0,1,0.17391304347826086,0.8,0,0,internal,0.06666666666666667,0,0.25833333333333336,0,0.18333333333333332,2025-03-07,2025-04-05,29,8
7fcfd5b9e8ade3613c73b0c8270fabb4,301,28,92,130,89,0.23255813953488372,70,0.19352159468438537,0.12624584717607973,0.7242524916943521,Mobile,1,2,0.5243055555555556,0.46875,0,0,search,0.09966777408637874,0,0.029900332225913623,0,0.5282392026578073,2025-03-05,2025-04-04,30,10.75
7fe44128ee877150541e83b00f8af178,3,2,2,2,1,0.6666666666666666,2,0.6666666666666666,0.6666666666666666,0.3333333333333333,Mobile,1,1,0,0.6666666666666666,0,0,internal,0.6666666666666666,0,0,0,0.3333333333333333,2025-03-24,2025-03-25,1,1.5
801d790c22ef7395c6be6038b42df1d4,485,21,211,236,205,0.23711340206185566,115,0.30670103092783507,0.2020618556701031,0.6041237113402061,Mobile,1,2,0.012658227848101266,0.9335443037974683,0,0,internal,0.09278350515463918,0,0.006185567010309278,0,0.4536082474226804,2025-03-20,2025-04-18,29,23.095238095238095
802f3225124e073c4b270f6e4fc65300,436,30,223,254,213,0.3348623853211009,146,0.3411697247706422,0.2545871559633027,0.5619266055045872,Mobile,1,1,0.014652014652014652,0.978021978021978,0,0,internal,0.16055045871559634,0,0.020642201834862386,0,0.3669724770642202,2025-03-06,2025-04-05,30,14.533333333333333
807140c18ac69fe5e80575caee161c43,3,2,2,1,1,0,0,0.08333333333333333,0,0.6666666666666666,Mobile,1,2,0,0.6666666666666666,0,0,internal,0,0,0,0,0.6666666666666666,2025-03-22,2025-04-05,14,1.5
80cfaf94b170f141e28861a07d09d476,1,1,1,0,0,0,0,0,0,1,Mobile,1,1,0,0,0,0,unknown,0,0,0,0,1,2025-03-04,2025-03-04,0,1
8101e37c195a3fa67a46c0f0a46489e1,2,1,2,1,1,0.5,1,0.125,0,0.5,Computer,0,1,0,0.5,0,0,internal,0,0,0,0,0.5,2025-03-21,2025-03-21,0,2
813bfd2231636d143e977b3c92482297,77,7,45,43,40,0.4025974025974026,31,0.36363636363636365,0.2077922077922078,0.5064935064935064,Computer,0,1,0.38961038961038963,0.5974025974025974,0,0,internal,0.12987012987012986,0,0,0,0.38961038961038963,2025-03-23,2025-04-21,29,11
814cdba34f3464699f23f517654e2831,349,30,85,98,82,0.15472779369627507,54,0.15830945558739254,0.10601719197707736,0.7879656160458453,Mobile,1,1,0.0784313725490196,0.9019607843137255,0,0,internal,0.09455587392550144,0,0,0,0.7134670487106017,2025-03-08,2025-04-07,30,11.633333333333333
81650fef63fd494f8fb784e3f2b35c4f,316,25,103,107,102,0.189873417721519,60,0.27056962025316456,0.19936708860759494,0.6708860759493671,Computer,0,1,0,0.963302752293578,0,0,internal,0.05379746835443038,0,0.015822784810126583,0,0.6613924050632911,2025-03-05,2025-03-29,24,12.64
81a6dcabba113493087f9862fcb9375c,5,3,5,5,5,0.6,3,0.65,0.6,0.2,Mobile,1,1,0.5,0.25,0,0,search,0.6,0,0,0,0,2025-03-13,2025-03-22,9,1.6666666666666667
8238b5ba161f0e8d1d88e2cb45fb6c49,404,31,190,190,186,0.2995049504950495,121,0.41336633663366334,0.36633663366336633,0.5470297029702971,Computer,0,2,0,0.9898477157360406,0,0,internal,0.0594059405940594,0,0,0,0.5173267326732673,2025-03-07,2025-04-06,30,13.03225806451613
82649ad2ffa03cbbf4c823a76d75a1b1,5,3,4,3,3,0.2,1,0.45,0.4,0.4,Mobile,1,2,0,0.3333333333333333,0,0,unknown,0.6,0,0,0,0.4,2025-03-09,2025-04-05,27,1.6666666666666667
8285b49c0a8f3e74ceeb7db67dee6150,332,31,174,184,172,0.35843373493975905,119,0.276355421686747,0.12951807228915663,0.5542168674698795,Mobile,1,2,0.42771084337349397,0.5542168674698795,0,0,internal,0.09939759036144578,0,0.012048192771084338,0,0.4427710843373494,2025-03-06,2025-04-05,30,10.709677419354838
82c381bcb5da7b266e8457450d4d9d5a,493,31,194,280,191,0.33468559837728196,165,0.3640973630831643,0.27586206896551724,0.5334685598377282,Computer,0,2,0,0.9928057553956835,0,0,internal,0.11561866125760649,0,0,0,0.4279918864097363,2025-03-10,2025-04-09,30,15.903225806451612
82e94553b5632fdab9a7723df1b4fde4,72,7,41,45,40,0.3472222222222222,25,0.3819444444444444,0.2222222222222222,0.4861111111111111,Mobile,1,1,0.028169014084507043,0.9577464788732394,0,0,internal,0.1388888888888889,0,0,0,0.375,2025-03-18,2025-04-16,29,10.285714285714286
834ad5211bd6e9519192ce3cb9457802,94,8,78,80,77,0.48936170212765956,46,0.48404255319148937,0.3617021276595745,0.3829787234042553,Computer,0,1,0,0.9390243902439024,0,0,internal,0.1595744680851064,0,0.010638297872340425,0,0.14893617021276595,2025-03-17,2025-04-09,23,11.75
835d69dda5ba5d750f73a0b5b854568d,158,27,80,81,79,0.2721518987341772,43,0.17246835443037975,0.0949367088607595,0.7088607594936709,Computer,0,1,0,0.9753086419753086,0,0,internal,0.16455696202531644,0,0.012658227848101266,0,0.4873417721518987,2025-03-08,2025-04-06,29,5.851851851851852
83da59eb70f526294fc5903113df888f,23,11,18,17,17,0.4782608695652174,11,0.4673913043478261,0.2608695652173913,0.30434782608695654,Mobile,1,2,0,0.25,0,0.55,social,0.21739130434782608,0,0,0,0.2608695652173913,2025-03-26,2025-04-16,21,2.090909090909091
840bb9b0a0ea4b1a70639e5569f36bdb,257,24,108,124,104,0.26848249027237353,69,0.26653696498054474,0.1828793774319066,0.6342412451361867,Computer,0,2,0,0.9931972789115646,0,0,internal,0.10505836575875487,0,0.1245136186770428,0,0.38132295719844356,2025-03-21,2025-04-20,30,10.708333333333334
8423866ec1a677d8bf54c4cb91ec613a,5,1,4,4,3,0.6,3,0.25,0.2,0.6,Mobile,1,1,0,1,0,0,internal,0,0,0,0,0,2025-03-08,2025-03-08,0,5
84447f9cb63fd99af29bac9210b20630,436,31,163,200,134,0.2981651376146789,130,0.3704128440366973,0.27293577981651373,0.5344036697247706,Computer,0,1,0.0035087719298245615,0.9929824561403509,0,0,internal,0.12155963302752294,0,0,0,0.30045871559633025,2025-03-04,2025-04-03,30,14.064516129032258
84462c32fcbf7b533329cebcb21db397,143,22,82,94,77,0.34965034965034963,50,0.42657342657342656,0.3006993006993007,0.46153846153846156,Mobile,1,1,0,0.9789473684210527,0,0,internal,0.09090909090909091,0,0.006993006993006993,0,0.3146853146853147,2025-03-21,2025-04-18,28,6.5
8450867c34d2e1b804617f92fedc6d49,19,2,15,16,12,0.3684210526315789,7,0.4342105263157895,0.3684210526315789,0.47368421052631576,Computer,0,2,0,0.875,0,0,internal,0.5263157894736842,0,0,0,0.05263157894736842,2025-03-18,2025-03-22,4,9.5
845b4add6adcbc933e973db308d89080,25,4,19,24,18,0.48,12,0.77,0.64,0.12,Tablet,0,1,0,0.9230769230769231,0,0,internal,0.12,0,0,0,0.04,2025-03-07,2025-03-10,3,6.25
848ee26ce93babd7d9d9d93b2df65b6b,30,7,20,19,19,0.4,12,0.6,0.5333333333333333,0.36666666666666664,Computer,0,2,0.07692307692307693,0.6538461538461539,0,0,internal,0.13333333333333333,0,0,0,0.36666666666666664,2025-03-19,2025-04-08,20,4.285714285714286
84a0ea3fbb01645645ab3c637f704838,14,3,8,8,7,0.42857142857142855,6,0.19642857142857142,0.07142857142857142,0.5,Mobile,1,1,0,0.7142857142857143,0,0,internal,0.21428571428571427,0,0,0,0.42857142857142855,2025-03-18,2025-03-20,2,4.666666666666667
84dac38615093b058cdaddfd9bedd984,69,14,24,26,22,0.18840579710144928,13,0.13405797101449277,0.028985507246376812,0.6956521739130435,Computer,0,2,0,0.8823529411764706,0,0,internal,0.028985507246376812,0,0,0,0.07246376811594203,2025-03-20,2025-04-18,29,4.928571428571429
84e6974e7c3ebf7fcc2f994ca97068f7,28,5,13,13,12,0.14285714285714285,4,0.21428571428571427,0.14285714285714285,0.6785714285714286,Mobile,1,1,0,0.8823529411764706,0,0,internal,0.14285714285714285,0,0.03571428571428571,0,0.5357142857142857,2025-03-10,2025-03-23,13,5.6
84f6698b842c9fafd5b8729c2ceea216,96,10,61,60,59,0.2916666666666667,28,0.5494791666666666,0.5,0.375,Computer,0,1,0,0.9871794871794872,0,0,internal,0.10416666666666667,0,0,0,0.3645833333333333,2025-03-08,2025-04-07,30,9.6
85079ecb3a36814ebd6bb872970c41ea,426,28,263,290,261,0.33568075117370894,143,0.4471830985915493,0.3145539906103286,0.42018779342723006,Computer,0,2,0,0.807909604519774,0,0.014124293785310734,internal,0.11032863849765258,0,0.002347417840375587,0,0.31690140845070425,2025-03-23,2025-04-22,30,15.214285714285714
856cb3f6e96cecc0ea9e5c063c49d2c2,10,8,8,6,6,0.6,6,0.525,0.5,0.4,Computer,0,1,0.8571428571428571,0,0,0,search,0.5,0,0,0,0.3,2025-03-12,2025-04-08,27,1.25
85879b96cc5b5ffd524cd66d43d6133c,89,11,45,47,41,0.30337078651685395,27,0.398876404494382,0.30337078651685395,0.5056179775280899,Computer,0,1,0.11235955056179775,0.8314606741573034,0,0,internal,0.0449438202247191,0,0,0,0.3258426966292135,2025-03-07,2025-04-05,29,8.090909090909092
85bfda24811f12ef9db73027d7d0ba48,38,11,24,33,23,0.3684210526315789,14,0.5526315789473685,0.2894736842105263,0.2631578947368421,Mobile,1,1,0,0.36666666666666664,0,0.6,social,0.5,0,0,0,0.13157894736842105,2025-03-16,2025-04-15,30,3.4545454545454546
862228c71e06513517a016fb17580c94,419,30,174,180,173,0.2386634844868735,100,0.18198090692124105,0.06205250596658711,0.6754176610978521,Computer,0,1,0.0037735849056603774,0.6830188679245283,0,0,internal,0.11455847255369929,0,0,0,0.5704057279236276,2025-03-08,2025-04-06,29,13.966666666666667
864e9924d017e8e3f57b370be7749c29,195,24,104,125,103,0.4307692307692308,84,0.391025641025641,0.28205128205128205,0.48717948717948717,Computer,0,1,0,0.9421487603305785,0,0,internal,0.11794871794871795,0,0,0,0.358974358974359,2025-03-08,2025-04-07,30,8.125
86a838f1d2d0779f6e3bae98ccf53ebd,51,12,22,15,15,0.2549019607843137,13,0.25,0.19607843137254902,0.7254901960784313,Tablet,0,2,0,0.9285714285714286,0,0,internal,0.058823529411764705,0,0.0196078431372549,0,0.49019607843137253,2025-03-26,2025-04-20,25,4.25
86bada2394a6cbe10af2ec8e80297326,17,4,12,13,11,0.35294117647058826,6,0.5882352941176471,0.5294117647058824,0.35294117647058826,Computer,0,1,0,0.5,0,0,internal,0.11764705882352941,0,0,0,0.23529411764705882,2025-03-25,2025-04-19,25,4.25
870916599f1702f25f2425eb19f2b10f,697,30,146,206,144,0.13916786226685796,97,0.11477761836441894,0.035868005738880916,0.8077474892395983,Mobile,1,1,0,0.968421052631579,0,0,internal,0.05021520803443329,0,0.00430416068866571,0,0.703012912482066,2025-03-23,2025-04-21,29,23.233333333333334
87134d062a81300e9fea49802e97e990,7,5,6,7,6,0.7142857142857143,5,0.6071428571428571,0.42857142857142855,0.2857142857142857,Tablet,0,2,0,0.3333333333333333,0,0,unknown,0.14285714285714285,0,0,0,0,2025-03-05,2025-03-29,24,1.4
879b5551329d17757e5e7f7688f33b46,14,2,8,7,6,0.07142857142857142,1,0.375,0.35714285714285715,0.5714285714285714,Mobile,1,2,0.14285714285714285,0.7857142857142857,0,0,internal,0.21428571428571427,0,0,0,0.35714285714285715,2025-03-05,2025-03-06,1,7
87d2a11d788649d4c69bb4e10ff780c0,2,1,2,1,1,0,0,0.375,0,0.5,Computer,0,1,0,0.5,0,0,internal,0,0,0,0,0.5,2025-03-13,2025-03-13,0,2
87ea5962d114ff09f1e4f50555fb2a67,476,29,201,217,192,0.2605042016806723,124,0.3335084033613445,0.2689075630252101,0.6092436974789915,Mobile,1,1,0.4831223628691983,0.5147679324894515,0,0,internal,0.09033613445378151,0,0.0021008403361344537,0,0.4957983193277311,2025-03-24,2025-04-21,28,16.413793103448278
883b095032e3de2ea29c0f37082e116f,1,1,1,1,1,1,1,0.75,0,0,Computer,0,1,0,0,0,0,unknown,0,0,0,0,0,2025-03-21,2025-03-21,0,1
88d4181ee400dcd9d013e7a31b618d2a,106,14,59,62,58,0.3584905660377358,38,0.32075471698113206,0.12264150943396226,0.44339622641509435,Computer,0,2,0,0.9655172413793104,0,0,internal,0.14150943396226415,0,0.02830188679245283,0,0.41509433962264153,2025-03-21,2025-04-17,27,7.571428571428571
890c53b5a0b80578830b84510b6b76b8,21,8,14,17,12,0.23809523809523808,5,0.5119047619047619,0.3333333333333333,0.19047619047619047,Mobile,1,2,0.2777777777777778,0.4444444444444444,0,0,internal,0.6666666666666666,0,0,0,0.09523809523809523,2025-03-17,2025-04-13,27,2.625
892870b7adcff5ec90a80203b1724bbb,13,2,9,6,6,0.23076923076923078,3,0.23076923076923078,0.23076923076923078,0.7692307692307693,Mobile,1,1,0.1,0.8,0,0,internal,0.07692307692307693,0,0.07692307692307693,0,0.3076923076923077,2025-03-11,2025-04-04,24,6.5
89c59f1c957f1af29ebb9e618cf55e5c,835,31,297,355,296,0.237125748502994,198,0.24850299401197604,0.16526946107784432,0.6694610778443114,Mobile,1,2,0.008403361344537815,0.9803921568627451,0,0,internal,0.06467065868263473,0,0.003592814371257485,0,0.5748502994011976,2025-03-24,2025-04-23,30,26.93548387096774
89fe18e88ee14abb6b80d6c2bffe70fe,92,19,50,61,47,0.3695652173913043,34,0.4266304347826087,0.2717391304347826,0.4782608695652174,Mobile,1,1,0.29310344827586204,0.5689655172413793,0,0,internal,0.10869565217391304,0,0.021739130434782608,0,0.30434782608695654,2025-03-21,2025-04-20,30,4.842105263157895
8a239924445f96f10127646a4856955e,229,18,114,116,112,0.2314410480349345,53,0.3722707423580786,0.21397379912663755,0.5021834061135371,Computer,0,2,0,0.9448818897637795,0.03937007874015748,0,internal,0.10043668122270742,0,0,0,0.4497816593886463,2025-03-23,2025-04-22,30,12.722222222222221
8a807bb2fc8743e59c5d7479472d53d9,194,26,73,81,71,0.22164948453608246,43,0.21520618556701032,0.12371134020618557,0.6804123711340206,Mobile,1,2,0.058823529411764705,0.9411764705882353,0,0,internal,0.10309278350515463,0,0.005154639175257732,0,0.5773195876288659,2025-03-21,2025-04-20,30,7.461538461538462
8a8a1e0958061656cc7c89651411c6eb,487,30,315,331,314,0.41478439425051333,202,0.5816221765913757,0.4804928131416838,0.34291581108829566,Computer,0,2,0,0.9909638554216867,0,0,internal,0.10472279260780287,0,0.039014373716632446,0,0.3203285420944558,2025-03-20,2025-04-19,30,16.233333333333334
8af08980740ee721f3d745897e3f128a,29,2,19,14,14,0.3448275862068966,10,0.45689655172413796,0.41379310344827586,0.5172413793103449,Computer,0,1,0,0.8846153846153846,0,0,internal,0.13793103448275862,0,0,0,0.20689655172413793,2025-03-10,2025-03-11,1,14.5
8b716e11d42ed2e3a0ab16af04e27afd,3,2,3,3,3,0.3333333333333333,1,0.6666666666666666,0.3333333333333333,0,Mobile,1,1,0,0,0,0,unknown,0,0,0,0,0,2025-03-14,2025-03-15,1,1.5
8b7f6aa45ee2f16c5020b05f5ef44a95,377,31,114,117,111,0.15915119363395225,60,0.23076923076923078,0.16445623342175067,0.7082228116710876,Mobile,1,1,0,1,0,0,internal,0.0636604774535809,0,0.002652519893899204,0,0.6790450928381963,2025-03-11,2025-04-10,30,12.161290322580646
8bb9a07142551de94074b33e7aed10b4,125,17,78,79,77,0.288,36,0.308,0.184,0.544,Mobile,1,1,0,0.9873417721518988,0,0,internal,0.08,0,0,0,0.368,2025-03-16,2025-04-02,17,7.352941176470588
8be83d73b038d09aead452870daaac86,159,22,74,76,71,0.2893081761006289,46,0.3223270440251572,0.25157232704402516,0.6037735849056604,Computer,0,2,0,0.9024390243902439,0,0.012195121951219513,internal,0.09433962264150944,0,0,0,0.5031446540880503,2025-03-06,2025-04-04,29,7.2272727272727275
8c033696b57b3ff5b67f457a01171285,101,6,64,74,59,0.46534653465346537,47,0.5198019801980198,0.42574257425742573,0.4158415841584158,Mobile,1,1,0.09090909090909091,0.8787878787878788,0.020202020202020204,0,internal,0.06930693069306931,0,0.04950495049504951,0,0.009900990099009901,2025-03-26,2025-04-07,12,16.833333333333332
8c63bc6f82daa6485b044ed69e133b19,5,3,3,1,1,0,0,0.05,0,0.8,Computer,0,1,0,0.6666666666666666,0,0,internal,0,0,0,0,0.6,2025-03-23,2025-03-28,5,1.6666666666666667
8c8501b6f01490740c1b4c8ebee422e8,146,31,66,67,64,0.3150684931506849,46,0.3407534246575342,0.2876712328767123,0.5753424657534246,Computer,0,2,0.024096385542168676,0.9518072289156626,0,0,internal,0.13013698630136986,0,0,0,0.5342465753424658,2025-03-13,2025-04-12,30,4.709677419354839
8ca62176a2868f3a1c9d4b663d802fba,237,30,174,216,168,0.4810126582278481,114,0.5084388185654009,0.3755274261603376,0.3291139240506329,Mobile,1,2,0.01,0.94,0,0,internal,0.23628691983122363,0,0.1350210970464135,0,0.05907172995780591,2025-03-05,2025-04-04,30,7.9
8d6db829e8ec4283d3d84a0f47ef3c8e,49,14,38,40,33,0.4897959183673469,24,0.33163265306122447,0.12244897959183673,0.3877551020408163,Computer,0,2,0.08,0.72,0,0,internal,0.16326530612244897,0,0,0,0.08163265306122448,2025-03-22,2025-04-17,26,3.5
8d905c53b4f60e9724904c8f4a3ba95a,275,31,86,93,83,0.2,55,0.21636363636363637,0.14181818181818182,0.7090909090909091,Computer,0,2,0,0.9844961240310077,0,0.007751937984496124,internal,0.7272727272727273,0,0,0,0.13090909090909092,2025-03-19,2025-04-18,30,8.870967741935484
8d94d2a99648c5c349664783a22e7366,7,3,6,2,2,0.2857142857142857,2,0.25,0.14285714285714285,0.7142857142857143,Mobile,1,1,0,0.8,0,0,internal,0.14285714285714285,0,0,0,0.2857142857142857,2025-03-11,2025-03-15,4,2.3333333333333335
8da2e4c70ab7969f71c228ca4d5213d9,561,31,247,252,244,0.25668449197860965,144,0.2339572192513369,0.08377896613190731,0.6096256684491979,Mobile,1,2,0,0.9883720930232558,0,0,internal,0.0873440285204991,0,0.0053475935828877,0,0.5454545454545454,2025-03-21,2025-04-20,30,18.096774193548388
8ddd9da87f5d0aff556598905938e9e4,163,20,96,117,95,0.4171779141104294,68,0.46319018404907975,0.31901840490797545,0.43558282208588955,Mobile,1,1,0,0.9913793103448276,0,0,internal,0.147239263803681,0,0,0,0.2822085889570552,2025-03-24,2025-04-22,29,8.15
8e19042933cfe2a4899f617526666507,5,1,3,2,2,0.4,2,0.15,0,0.6,Mobile,1,1,0,0.4,0,0,unknown,0,0,0,0,0.6,2025-03-05,2025-03-05,0,5
8e3f83df238b7c83c8cfa217c33b9e95,326,28,97,110,96,0.19325153374233128,63,0.20398773006134968,0.0950920245398773,0.6932515337423313,Mobile,1,2,0,0.9649122807017544,0,0,internal,0.08588957055214724,0,0.009202453987730062,0,0.6625766871165644,2025-03-03,2025-04-02,30,11.642857142857142
8e48f4745035a6aec9cb5ce22b3cf29e,637,30,346,389,345,0.37676609105180536,240,0.4215070643642072,0.31868131868131866,0.48822605965463106,Mobile,1,2,0.0025380710659898475,0.9898477157360406,0,0,internal,0.1271585557299843,0,0.02197802197802198,0,0.3893249607535322,2025-03-11,2025-04-10,30,21.233333333333334
8ea82943798597396a272ed57e26eadd,395,31,147,160,141,0.22784810126582278,90,0.20506329113924052,0.1291139240506329,0.7139240506329114,Mobile,1,2,0.03608247422680412,0.9484536082474226,0,0,internal,0.14177215189873418,0,0.002531645569620253,0,0.5215189873417722,2025-03-03,2025-04-02,30,12.741935483870968
8f024d44baff2d628ed87ca219f535df,464,25,223,257,222,0.32112068965517243,149,0.3011853448275862,0.1724137931034483,0.5689655172413793,Mobile,1,1,0,0.9883720930232558,0,0,internal,0.15732758620689655,0,0,0,0.44612068965517243,2025-03-20,2025-04-18,29,18.56
8fa0a44a9bd3140f0ffb0c221d291f7c,203,25,101,115,98,0.33004926108374383,67,0.47783251231527096,0.43349753694581283,0.4729064039408867,Computer,0,2,0.007352941176470588,0.8676470588235294,0,0,internal,0.10837438423645321,0,0.0049261083743842365,0,0.39408866995073893,2025-03-18,2025-04-16,29,8.12
8fc8ac5a28516c7528190dc596a5cda5,2,1,2,2,2,1,2,0.125,0,0.5,Computer,0,1,0.5,0,0,0,search,1,0,0,0,0,2025-03-23,2025-03-23,0,2
9032519e0fe05946b3e715ff4c2c75c1,545,30,233,274,229,0.27155963302752295,148,0.3119266055045872,0.23119266055045873,0.6018348623853211,Mobile,1,2,0.002369668246445498,0.9834123222748815,0,0,internal,0.07522935779816514,0,0.001834862385321101,0,0.47155963302752296,2025-03-21,2025-04-20,30,18.166666666666668
905ad53e7ca2f7ae55cfa5b3734fae4e,33,4,29,29,27,0.36363636363636365,12,0.6439393939393939,0.45454545454545453,0.18181818181818182,Computer,0,1,0,0.8387096774193549,0,0,internal,0.09090909090909091,0,0.030303030303030304,0,0.09090909090909091,2025-03-15,2025-04-14,30,8.25
9082cd5bd339e7f6efaeac23a1551815,96,19,49,50,42,0.34375,33,0.4166666666666667,0.3229166666666667,0.5416666666666666,Mobile,1,1,0.11290322580645161,0.8225806451612904,0,0,internal,0.15625,0,0,0,0.3958333333333333,2025-03-20,2025-04-19,30,5.052631578947368
9177a0160817a3ccdf86b3362a0d1d66,258,25,118,121,117,0.2751937984496124,71,0.15503875968992248,0.05426356589147287,0.7364341085271318,Mobile,1,2,0.52734375,0.4609375,0,0,search,0.11627906976744186,0,0,0,0.5310077519379846,2025-03-09,2025-04-08,30,10.32
919a380d7dea5a8eeebdaf2e52bf165a,515,31,183,310,173,0.37281553398058254,192,0.2058252427184466,0.11262135922330097,0.6776699029126214,Mobile,1,2,0,0.987012987012987,0,0.0025974025974025974,internal,0.05825242718446602,0,0.10097087378640776,0,0.03495145631067961,2025-03-05,2025-04-04,30,16.612903225806452
91a2573ca8e375c5c1612a20c525f5c5,1327,31,374,489,370,0.22305953278070836,296,0.23455162019593068,0.1461944235116805,0.6865109269027883,Mobile,1,2,0.004048582995951417,0.9939271255060729,0,0,internal,0.053504144687264506,0,0.002260738507912585,0,0.6284853051996986,2025-03-13,2025-04-12,30,42.806451612903224
91da1e0cb5dca0f1aa2018f7cd3c4508,2,2,2,1,1,0.5,1,0.25,0,0.5,Computer,0,2,NA,NA,NA,NA,NA,0,0,0,0,0.5,2025-03-21,2025-04-09,19,1
91f8807046303bf8b0ebf8712503812d,34,16,30,34,30,0.5588235294117647,19,0.5808823529411765,0.35294117647058826,0.23529411764705882,Mobile,1,2,0,1,0,0,internal,0.17647058823529413,0,0.058823529411764705,0,0,2025-03-06,2025-04-04,29,2.125
9226bce10f06f4ab2d13d793985fe2dc,20,4,13,11,10,0.3,6,0.3625,0.3,0.55,Mobile,1,2,0.06666666666666667,0.7333333333333333,0,0,internal,0.05,0,0,0,0.3,2025-03-23,2025-04-05,13,5
9254dd7538b530e8e5015f612d51d553,14,4,9,10,8,0.5714285714285714,8,0.375,0.21428571428571427,0.5,Mobile,1,3,0,0.6153846153846154,0,0,internal,0.21428571428571427,0,0,0,0.2857142857142857,2025-03-13,2025-03-28,15,3.5
928b157e4e5cadd4d92b31f0458e8a25,4,2,4,3,3,0.25,1,0.25,0.25,0.75,Computer,0,1,0,0.3333333333333333,0,0.3333333333333333,internal,0.25,0,0,0,0.25,2025-03-17,2025-03-28,11,2
92cd67180417eb40d415c800fed452bf,5,2,5,4,4,0.2,1,0.75,0.6,0.2,Computer,0,1,0,0.8,0,0,internal,0,0,0,0,0.2,2025-03-15,2025-03-16,1,2.5
9320c0ecb452f188cb6fecb6fa4ecb70,20,3,18,17,17,0.3,6,0.5875,0.35,0.25,Mobile,1,1,0,0.9,0,0,internal,0,0,0,0,0.15,2025-03-10,2025-04-08,29,6.666666666666667
93625aee48370e1661dd32a64c270def,144,23,63,69,60,0.20833333333333334,30,0.296875,0.18055555555555555,0.5625,Computer,0,1,0.007936507936507936,0.9682539682539683,0,0.015873015873015872,internal,0.0763888888888889,0,0.020833333333333332,0,0.5069444444444444,2025-03-08,2025-04-07,30,6.260869565217392
93e230b871260afcd9027dfe1742fd01,9,3,7,6,6,0.1111111111111111,1,0.5277777777777778,0.3333333333333333,0.3333333333333333,Computer,0,1,0.3333333333333333,0.5555555555555556,0,0,internal,0,0,0,0,0.3333333333333333,2025-03-05,2025-03-29,24,3
93fa9537926c7f96cf472bf3e3a30bca,2363,31,908,1031,894,0.256453660600931,606,0.357278882776132,0.298349555649598,0.5869657215404147,Computer,0,1,0.0015220700152207,0.9969558599695586,0,0,internal,0.08802369868810833,0,0.03004655099449852,0,0.03216250528988574,2025-03-13,2025-04-12,30,76.2258064516129
941c2b3054d4aff517aef077da1ed7a0,186,24,98,105,96,0.3279569892473118,61,0.34139784946236557,0.20430107526881722,0.521505376344086,Computer,0,1,0,0.9902912621359223,0,0,internal,0.12365591397849462,0,0.005376344086021506,0,0.41397849462365593,2025-03-21,2025-04-20,30,7.75
94b676c80fe51500f9b72c7222d01021,36,12,31,26,26,0.3888888888888889,14,0.4236111111111111,0.3055555555555556,0.4444444444444444,Mobile,1,1,0,0.6666666666666666,0,0,internal,0.19444444444444445,0,0,0,0.1111111111111111,2025-03-23,2025-04-22,30,3
95278ba8adc6b0fdd3f509baf2f967e4,109,27,82,96,78,0.5412844036697247,59,0.5825688073394495,0.41284403669724773,0.25688073394495414,Computer,0,3,0.06060606060606061,0.5454545454545454,0,0,internal,0.14678899082568808,0,0.009174311926605505,0,0.045871559633027525,2025-03-21,2025-04-20,30,4.037037037037037
9529d220006c3cb9dbe9a74a46013a79,28,5,25,26,24,0.5714285714285714,16,0.8214285714285714,0.6785714285714286,0.10714285714285714,Mobile,1,2,0,0.64,0,0.2,internal,0.39285714285714285,0,0,0,0.07142857142857142,2025-03-22,2025-04-16,25,5.6
952f7975704d54cd4af0b892ac9c62d1,187,23,81,84,77,0.2620320855614973,49,0.23663101604278075,0.1711229946524064,0.6577540106951871,Mobile,1,2,0.22093023255813954,0.6976744186046512,0,0.03488372093023256,internal,0.12299465240641712,0,0.026737967914438502,0,0.37433155080213903,2025-03-05,2025-04-03,29,8.130434782608695
95475eb5c95d53d33288731c7721d070,11,3,5,3,3,0.18181818181818182,2,0.25,0.18181818181818182,0.7272727272727273,Mobile,1,1,0,0.375,0,0,unknown,0.09090909090909091,0,0,0,0.6363636363636364,2025-03-09,2025-03-29,20,3.6666666666666665
95558b3372f189aac34ee20d87310feb,16,9,14,11,10,0.3125,5,0.265625,0.1875,0.6875,Mobile,1,1,0,0.8,0,0,internal,0.1875,0,0,0,0.125,2025-03-21,2025-04-13,23,1.7777777777777777
958256f5ac2353959f4f7f76b7cdda54,684,31,286,349,280,0.2880116959064328,197,0.32858187134502925,0.24269005847953215,0.5950292397660819,Mobile,1,3,0,0.9912472647702407,0,0,internal,0.09210526315789473,0,0.014619883040935672,0,0.4766081871345029,2025-03-17,2025-04-16,30,22.06451612903226
959c700e99c5e04175aa14267701fb89,70,11,41,46,39,0.44285714285714284,31,0.49642857142857144,0.42857142857142855,0.44285714285714284,Computer,0,1,0.2898550724637681,0.43478260869565216,0,0,internal,0.05714285714285714,0,0.014285714285714285,0,0.32857142857142857,2025-03-21,2025-04-02,12,6.363636363636363
95a2228013a28207e917ce359ee6a7ef,6,3,4,3,2,0.5,3,0.3333333333333333,0.16666666666666666,0.5,Mobile,1,1,0,0.4,0,0.4,internal,0,0,0,0,0.3333333333333333,2025-03-21,2025-03-26,5,2
9643696e3d7223eba64c33fec571a3ed,345,31,150,177,146,0.32463768115942027,112,0.27318840579710146,0.16521739130434782,0.6202898550724638,Mobile,1,2,0.005405405405405406,0.9891891891891892,0,0,internal,0.10144927536231885,0,0.008695652173913044,0,0.46956521739130436,2025-03-20,2025-04-19,30,11.129032258064516
967d82c28270edd1b92191a9b29fbd6c,126,5,73,76,72,0.29365079365079366,37,0.35119047619047616,0.18253968253968253,0.48412698412698413,Mobile,1,1,0,0.680327868852459,0,0,internal,0.1349206349206349,0,0.015873015873015872,0,0.3968253968253968,2025-03-04,2025-03-29,25,25.2
97277819e09ed9f7d393fd3f3d624656,60,27,56,60,56,0.6166666666666667,37,0.575,0.26666666666666666,0.15,Mobile,1,1,0,0.03333333333333333,0.9666666666666667,0,email,0.18333333333333332,0,0,0,0,2025-03-21,2025-04-20,30,2.2222222222222223
9797839576569545caa2f1cf389108ef,28,11,26,24,24,0.5357142857142857,15,0.7589285714285714,0.6785714285714286,0.14285714285714285,Computer,0,1,0,0.5833333333333334,0,0.08333333333333333,internal,0.2857142857142857,0,0,0,0.10714285714285714,2025-03-21,2025-04-15,25,2.5454545454545454
97beab50358c19e80a9d7854ec4d2d58,284,28,177,204,172,0.3767605633802817,107,0.44014084507042256,0.3204225352112676,0.4225352112676056,Computer,0,2,0.020942408376963352,0.9476439790575916,0,0,internal,0.23943661971830985,0,0.02464788732394366,0,0.2605633802816901,2025-03-03,2025-04-02,30,10.142857142857142
98a508cb2794343697306b36d6838903,49,14,11,9,9,0.08163265306122448,4,0.1377551020408163,0.061224489795918366,0.8163265306122449,Computer,0,1,0,0.46153846153846156,0,0,unknown,0.10204081632653061,0,0,0,0.7959183673469388,2025-03-20,2025-04-09,20,3.5
98cc01e63f399c96201bfd463028c9ee,52,13,32,48,29,0.5384615384615384,28,0.5240384615384616,0.38461538461538464,0.28846153846153844,Mobile,1,3,0,0.7777777777777778,0,0,internal,0.038461538461538464,0,0,0,0.038461538461538464,2025-03-11,2025-04-10,30,4
9907abce208587f376f3d01a7639787b,64,19,58,57,57,0.546875,35,0.71484375,0.578125,0.140625,Computer,0,1,0.02702702702702703,0.7297297297297297,0,0.08108108108108109,internal,0.203125,0,0,0,0.109375,2025-03-18,2025-04-11,24,3.3684210526315788
9914011e182681ed9d6c24cb442405ce,3,1,3,2,2,0.6666666666666666,2,0.5,0.3333333333333333,0.3333333333333333,Computer,0,1,0,0.6666666666666666,0,0,internal,0.3333333333333333,0,0,0,0.3333333333333333,2025-03-05,2025-03-05,0,3
995b95ede4107aab54f00f40a337f04f,153,19,69,70,67,0.21568627450980393,33,0.29248366013071897,0.16993464052287582,0.5947712418300654,Computer,0,1,0.039473684210526314,0.9473684210526315,0,0,internal,0.058823529411764705,0,0.0392156862745098,0,0.5359477124183006,2025-03-20,2025-04-17,28,8.052631578947368
996dc85b06c948a2c541b04413a9dfb4,393,20,177,182,174,0.2748091603053435,108,0.26590330788804073,0.1628498727735369,0.5928753180661578,Computer,0,1,0,0.6520618556701031,0,0,internal,0.11450381679389313,0,0.010178117048346057,0,0.48091603053435117,2025-03-03,2025-04-01,29,19.65
99a0f95a4a750cccd246fe2f3191a5bf,54,11,16,11,11,0.05555555555555555,3,0.19444444444444445,0.16666666666666666,0.7962962962962963,Computer,0,1,0,0.9333333333333333,0,0,internal,0.1111111111111111,0,0,0,0.5,2025-03-14,2025-04-12,29,4.909090909090909
99acdcbfb31d153ddb16ad098baa3c2f,186,29,149,183,148,0.5053763440860215,94,0.5887096774193549,0.3655913978494624,0.20967741935483872,Mobile,1,1,0,1,0,0,internal,0.22043010752688172,0,0.021505376344086023,0,0.016129032258064516,2025-03-05,2025-04-04,30,6.413793103448276
99b2dd2edb8fef8172f3d5b9f376f219,784,31,247,274,241,0.19005102040816327,149,0.15465561224489796,0.08035714285714286,0.7525510204081632,Mobile,1,1,0.45202952029520294,0.5461254612546126,0,0,internal,0.04846938775510204,0,0.0012755102040816326,0,0.6058673469387755,2025-03-21,2025-04-20,30,25.29032258064516
9a521d66e5b717f7f3fd33bda2026c9d,48,18,12,11,10,0.16666666666666666,8,0.15625,0.125,0.8125,Computer,0,1,0,0.8333333333333334,0,0,internal,0.041666666666666664,0,0,0,0.75,2025-03-11,2025-04-09,29,2.6666666666666665
9a72e2d07560b1f2dcce1ddf6f4e5754,580,30,366,467,364,0.47586206896551725,276,0.475,0.3482758620689655,0.3931034482758621,Mobile,1,2,0,0.9840954274353877,0,0,internal,0.1724137931034483,0,0.0017241379310344827,0,0.1896551724137931,2025-03-06,2025-04-05,30,19.333333333333332
9a740f002bede65a38ed185625bccb35,1077,30,370,473,368,0.25812441968430827,278,0.27274837511606315,0.181058495821727,0.6295264623955432,Mobile,1,1,0,0.9962859795728877,0,0,internal,0.0947075208913649,0,0.007428040854224698,0,0.5580315691736305,2025-03-05,2025-04-04,30,35.9
9ab1c009fca6cd39cb93f9da0c90c0b3,10,2,8,6,6,0.4,4,0.525,0.3,0.4,Mobile,1,2,0,0.7,0,0,internal,0,0,0,0,0.3,2025-03-14,2025-03-16,2,5
9ab9e1585c8138825d923a229509bc4f,7,4,4,7,4,1,7,0.17857142857142858,0,0.5714285714285714,Mobile,1,1,NA,NA,NA,NA,NA,0.14285714285714285,0,0.42857142857142855,0,0,2025-03-22,2025-04-12,21,1.75
9b286b9d8135a91d3d8edc5f6caefe5d,140,12,70,80,67,0.35,49,0.4107142857142857,0.3357142857142857,0.5071428571428571,Computer,0,1,0,0.9727272727272728,0,0,internal,0.07142857142857142,0,0,0,0.35,2025-03-13,2025-04-09,27,11.666666666666666
9b636dd933ffe5f7bcc115d62aeee610,52,25,46,51,45,0.5,26,0.5144230769230769,0.25,0.21153846153846154,Mobile,1,2,0,0.25,0,0.25,unknown,0.11538461538461539,0,0.019230769230769232,0,0.019230769230769232,2025-03-16,2025-04-15,30,2.08
9b9aed51699330d089392e12ad4f2e6a,544,31,209,239,207,0.23713235294117646,129,0.3079044117647059,0.23529411764705882,0.6194852941176471,Mobile,1,1,0,0.9956709956709957,0,0,internal,0.09375,0,0,0,0.5588235294117647,2025-03-24,2025-04-23,30,17.548387096774192
9bfae9e41939127da82276d8e0c6a15b,744,31,350,407,345,0.31586021505376344,235,0.3165322580645161,0.20698924731182797,0.5658602150537635,Mobile,1,1,0,1,0,0,internal,0.11827956989247312,0,0,0,0.44623655913978494,2025-03-11,2025-04-10,30,24
9c002c13eedc708f9732104b70028094,2,2,2,1,1,0.5,1,0.375,0,0.5,Computer,0,1,0,0,0,0,unknown,0,0,0,0,0.5,2025-03-06,2025-03-13,7,1
9cc003951ac3955755a2b1580326cf3c,639,31,228,329,216,0.29264475743348983,187,0.27543035993740217,0.17214397496087636,0.6071987480438185,Mobile,1,1,0,0.9929701230228472,0,0,internal,0.053208137715179966,0,0.017214397496087636,0,0.28012519561815336,2025-03-21,2025-04-20,30,20.612903225806452
9cfc1a5af23116db7eb52b11effcc4b3,1,1,1,0,0,0,0,0,0,1,Tablet,0,1,NA,NA,NA,NA,NA,0,0,0,0,1,2025-04-16,2025-04-16,0,1
9d1a5d63801ca793f8043793666f99c0,337,31,176,189,174,0.3293768545994065,111,0.42433234421364985,0.31750741839762614,0.49851632047477745,Mobile,1,1,0.006802721088435374,0.9591836734693877,0,0.02040816326530612,internal,0.12759643916913946,0,0.002967359050445104,0,0.4362017804154303,2025-03-07,2025-04-06,30,10.870967741935484
9d5ff4740115f12ddda4845e9acf9f48,194,16,98,95,81,0.23711340206185566,46,0.31829896907216493,0.2422680412371134,0.5773195876288659,Computer,0,1,0,0.9841269841269841,0,0,internal,0.18556701030927836,0,0.005154639175257732,0,0.005154639175257732,2025-03-11,2025-04-06,26,12.125
9d7dd9a43116697257a3631fc3d43dd4,946,30,320,388,318,0.22410147991543342,212,0.23017970401691332,0.16596194503171247,0.6987315010570825,Mobile,1,1,0,0.9846547314578005,0,0,internal,0.10253699788583509,0,0.0010570824524312897,0,0.5887949260042283,2025-03-22,2025-04-21,30,31.533333333333335
9dab05fdf67b0b139c8520a54e9b97ce,54,17,23,27,22,0.25925925925925924,14,0.35648148148148145,0.25925925925925924,0.5555555555555556,Mobile,1,2,0,0.8620689655172413,0,0,internal,0.07407407407407407,0,0,0,0.5,2025-03-11,2025-04-10,30,3.176470588235294
9df181d1c01cad49efc7b0eab03a631d,668,31,339,364,332,0.3068862275449102,205,0.40344311377245506,0.27245508982035926,0.4865269461077844,Computer,0,2,0.0026041666666666665,0.9375,0,0,internal,0.0718562874251497,0,0.004491017964071856,0,0.437125748502994,2025-03-12,2025-04-11,30,21.548387096774192
9e0088e9ee60088a284bb54dcdc18eb5,313,28,114,141,113,0.2715654952076677,85,0.33785942492012777,0.2971246006389776,0.6198083067092651,Mobile,1,2,0,0.9790209790209791,0,0,internal,0.022364217252396165,0,0.006389776357827476,0,0.549520766773163,2025-03-14,2025-04-13,30,11.178571428571429
9e0e45845c878498d17ca42dbd872785,234,25,114,131,106,0.358974358974359,84,0.38675213675213677,0.31196581196581197,0.5512820512820513,Computer,0,2,0,0.9940828402366864,0,0,internal,0.08547008547008547,0,0.008547008547008548,0,0.3974358974358974,2025-03-06,2025-04-05,30,9.36
9ee60c297a751b20d595266bd388215c,13,2,9,9,8,0.5384615384615384,7,0.38461538461538464,0.07692307692307693,0.38461538461538464,Computer,0,1,0,0.7777777777777778,0,0,internal,0.07692307692307693,0,0,0,0.3076923076923077,2025-03-19,2025-03-20,1,6.5
9eeffbaacde0e7c9e1e907f057ca5f3b,1,1,1,1,1,0,0,1,1,0,Mobile,1,1,NA,NA,NA,NA,NA,0,0,1,0,0,2025-03-23,2025-03-23,0,1
9f2b0d3c1d53f558f70bfad4c79df597,188,26,156,183,153,0.6117021276595744,115,0.7473404255319149,0.5638297872340425,0.13297872340425532,Computer,0,1,0,0.8888888888888888,0,0,internal,0.15425531914893617,0,0.010638297872340425,0,0.015957446808510637,2025-03-21,2025-04-15,25,7.230769230769231
9f47afc2999ee1b2c0a09fdf248c8dff,4,1,4,4,4,1,4,0.6875,0.5,0.25,Mobile,1,1,0,0.75,0,0,internal,0,0,0,0,0,2025-03-15,2025-03-15,0,4
9f6cebfdcb0808f398039940c0e923e3,249,29,153,169,151,0.3534136546184739,88,0.5040160642570282,0.39357429718875503,0.3815261044176707,Computer,0,2,0.011834319526627219,0.9763313609467456,0,0,internal,0.20883534136546184,0,0.004016064257028112,0,0.3172690763052209,2025-03-07,2025-04-06,30,8.586206896551724
a05360ee0a103a32fdd271bf4b976650,842,31,336,437,335,0.29453681710213775,248,0.30641330166270786,0.18883610451306412,0.5712589073634204,Mobile,1,2,0.0023094688221709007,0.9907621247113164,0,0,internal,0.08194774346793349,0,0.0035629453681710215,0,0.4809976247030879,2025-03-12,2025-04-11,30,27.161290322580644
a06f5939bede84395229c9c718e5ef27,514,26,363,386,356,0.39883268482490275,205,0.5029182879377432,0.4143968871595331,0.4046692607003891,Computer,0,1,0.08847736625514403,0.8991769547325102,0,0,internal,0.11867704280155641,0,0,0,0.19844357976653695,2025-03-07,2025-04-06,30,19.76923076923077
a08e7f89635b14ed4cb87d21d13b6ed2,25,3,19,18,18,0.4,10,0.6,0.48,0.28,Computer,0,2,0.08333333333333333,0.5833333333333334,0,0,internal,0.24,0,0,0,0.28,2025-03-10,2025-03-25,15,8.333333333333334
a127622a8e755cdd518273575edae201,184,29,68,67,64,0.23369565217391305,43,0.20652173913043478,0.10326086956521739,0.6739130434782609,Mobile,1,2,0.10569105691056911,0.8617886178861789,0.024390243902439025,0,internal,0.043478260869565216,0,0,0,0.3641304347826087,2025-03-21,2025-04-20,30,6.344827586206897
a1982f47d5e6ad76a062e64367127c07,7,1,5,4,3,0.5714285714285714,4,0.2857142857142857,0.2857142857142857,0.7142857142857143,Computer,0,1,0.3333333333333333,0.5,0,0,internal,0.5714285714285714,0,0,0,0.2857142857142857,2025-03-05,2025-03-05,0,7
a1ab031d1263dbcbc2c4f235f3564423,141,28,61,62,60,0.2198581560283688,31,0.31382978723404253,0.2624113475177305,0.624113475177305,Computer,0,1,0,0.9830508474576272,0,0,internal,0.05673758865248227,0,0,0,0.5602836879432624,2025-03-21,2025-04-20,30,5.035714285714286
a1af3b6a83ab3831bad60fdc53a712ed,27,4,14,12,12,0.25925925925925924,7,0.37037037037037035,0.25925925925925924,0.5555555555555556,Computer,0,2,0.11538461538461539,0.8076923076923077,0,0,internal,0,0,0,0,0.37037037037037035,2025-03-14,2025-03-26,12,6.75
a21eb0411730430a189ef885132a43b3,424,30,123,154,120,0.19811320754716982,84,0.24410377358490565,0.16981132075471697,0.6816037735849056,Tablet,0,2,0.00804289544235925,0.9892761394101877,0,0,internal,0.03537735849056604,0,0.0023584905660377358,0,0.6179245283018868,2025-03-04,2025-04-03,30,14.133333333333333
a245a3cd9443f61701644ddd403d4e2c,14,6,10,10,8,0.21428571428571427,3,0.26785714285714285,0.14285714285714285,0.5714285714285714,Mobile,1,1,0.3,0.6,0,0,internal,0.14285714285714285,0,0,0,0.21428571428571427,2025-03-25,2025-04-16,22,2.3333333333333335
a2a931ef8e5f6fe348f878077b5a6ee7,7,5,7,7,7,0.7142857142857143,5,0.6071428571428571,0.2857142857142857,0.14285714285714285,Mobile,1,2,0,0.2857142857142857,0,0.5714285714285714,social,0.42857142857142855,0,0,0,0,2025-03-09,2025-03-29,20,1.4
a2dd7c714c31465cdaf26be48eae1587,11,3,9,9,8,0.6363636363636364,7,0.6136363636363636,0.5454545454545454,0.2727272727272727,Mobile,1,2,0,0.7,0,0,internal,0.09090909090909091,0,0,0,0.18181818181818182,2025-03-26,2025-04-15,20,3.6666666666666665
a2e729827f0e72005698a0ba1313aae1,208,23,96,183,95,0.5096153846153846,106,0.3425480769230769,0.25,0.5817307692307693,Mobile,1,1,0,0.9603960396039604,0,0,internal,0.10576923076923077,0,0.004807692307692308,0,0.1201923076923077,2025-03-12,2025-04-10,29,9.043478260869565
a31e2114032d1859c32b0b5ad797c3db,12,8,11,10,9,0.25,3,0.3541666666666667,0.16666666666666666,0.3333333333333333,Mobile,1,1,0,0.09090909090909091,0,0.5454545454545454,social,0.16666666666666666,0,0,0,0.08333333333333333,2025-03-18,2025-04-12,25,1.5
a3670336ee034e5147ce83a4aab58e9b,4,2,2,2,1,0,0,0.25,0.25,0.75,Mobile,1,2,0,0,0,0,unknown,0,0,0,0,0.5,2025-03-23,2025-03-24,1,2
a3967b887bfb0e30a6521b40211e059a,486,31,178,203,176,0.2366255144032922,115,0.29012345679012347,0.21604938271604937,0.6296296296296297,Computer,0,2,0,0.9727626459143969,0,0,internal,0.10082304526748971,0,0.01440329218106996,0,0.5802469135802469,2025-03-16,2025-04-15,30,15.67741935483871
a3f22adaaa3f71c5dbda11ce952938c8,41,7,20,24,15,0.43902439024390244,18,0.5609756097560976,0.4878048780487805,0.36585365853658536,Computer,0,2,0.32142857142857145,0.5,0,0,internal,0.34146341463414637,0,0,0,0.21951219512195122,2025-03-10,2025-03-29,19,5.857142857142857
a41a2cabd96ef8dbe90db14a33da8c79,86,18,49,52,48,0.3023255813953488,26,0.4941860465116279,0.46511627906976744,0.47674418604651164,Mobile,1,1,0.046875,0.796875,0,0.125,internal,0.11627906976744186,0,0.046511627906976744,0,0.3953488372093023,2025-03-21,2025-04-20,30,4.777777777777778
a44108148e8cffb011c3395b78f5f938,4,1,2,4,2,0.5,2,0.375,0.25,0.5,Mobile,1,1,0,0,0,0.75,social,0.25,0,0,0,0,2025-03-10,2025-03-10,0,4
a49247a5a877b7120e1fc45bab3435c2,2,1,2,1,1,0.5,1,0.5,0.5,0.5,Computer,0,1,0,0.5,0,0,internal,0.5,0,0,0,0.5,2025-03-10,2025-03-10,0,2
a4f15224d97eb071028a4f5c814322ab,258,26,137,157,136,0.37209302325581395,96,0.42151162790697677,0.3062015503875969,0.46124031007751937,Mobile,1,2,0.005235602094240838,0.9633507853403142,0,0,internal,0.10852713178294573,0,0.003875968992248062,0,0.39147286821705424,2025-03-04,2025-04-03,30,9.923076923076923
a512d5a0ca762d99340e57b85e78705e,54,16,53,49,49,0.5,27,0.75,0.5925925925925926,0.1111111111111111,Computer,0,1,0,1,0,0,internal,0.12962962962962962,0,0.16666666666666666,0,0.037037037037037035,2025-03-23,2025-04-22,30,3.375
a57f8cf69d62981546eab4ad5d846f52,124,23,82,84,81,0.3629032258064516,45,0.45161290322580644,0.3225806451612903,0.4032258064516129,Mobile,1,2,0,0.6282051282051282,0.358974358974359,0,internal,0.1935483870967742,0,0.016129032258064516,0,0.3225806451612903,2025-03-06,2025-04-04,29,5.391304347826087
a584c7f8aa67f3399a61edd43812f0e4,3,1,3,1,1,0.3333333333333333,1,0.3333333333333333,0.3333333333333333,0.6666666666666666,Mobile,1,1,0,0.6666666666666666,0,0,internal,0,0,0,0,0.3333333333333333,2025-03-03,2025-03-03,0,3
a5c0e0274f29cd61224a91e4a8a28cfb,464,31,167,180,166,0.21767241379310345,101,0.20043103448275862,0.1206896551724138,0.7198275862068966,Mobile,1,1,0.02185792349726776,0.9726775956284153,0,0,internal,0.08836206896551724,0,0.0021551724137931034,0,0.6120689655172413,2025-03-20,2025-04-19,30,14.96774193548387
a5f6f94c551812c51e21c140a3b31346,5,2,4,3,3,0.2,1,0.4,0.2,0.4,Mobile,1,1,0,0.5,0,0,internal,0.2,0,0,0,0.4,2025-03-17,2025-03-27,10,2.5
a63f3d49d0f18526f2965d7968082f2a,40,12,36,40,36,0.775,31,0.7,0.55,0.175,Computer,0,1,0,1,0,0,internal,0.125,0,0,0,0,2025-03-22,2025-04-20,29,3.3333333333333335
a7167ae7ddb2ba3b3198c0914e6bc76a,209,23,108,118,105,0.2631578947368421,55,0.3875598086124402,0.2535885167464115,0.5023923444976076,Mobile,1,2,0,0.9849624060150376,0,0,internal,0.10047846889952153,0,0.004784688995215311,0,0.4258373205741627,2025-03-21,2025-04-19,29,9.08695652173913
a77f1ea6a4aaa156d26bf44c45530b71,951,30,466,566,462,0.3175604626708728,302,0.44085173501577285,0.33964248159831756,0.47528916929547843,Computer,0,1,0.0017889087656529517,0.9910554561717353,0,0.0017889087656529517,internal,0.12933753943217666,0,0.010515247108307046,0,0.40168243953732913,2025-03-05,2025-04-04,30,31.7
a7cd673a8e3e9db1b86781d7d40e317d,1174,31,364,407,363,0.1848381601362862,217,0.16737649063032367,0.07495741056218058,0.731686541737649,Mobile,1,1,0,0.9975369458128078,0,0,internal,0.06388415672913117,0,0.009369676320272573,0,0.6533219761499148,2025-03-05,2025-04-04,30,37.87096774193548
a7d71891dcba30f635b04d7efb287a2e,17,1,12,10,10,0.29411764705882354,5,0.3382352941176471,0.23529411764705882,0.5882352941176471,Mobile,1,1,0,0.6470588235294118,0,0,internal,0.11764705882352941,0,0,0,0.35294117647058826,2025-03-16,2025-03-16,0,17
a7e986aac8ad1d94417c528739b94ff3,1,1,1,1,1,1,1,0.75,0,0,Mobile,1,1,0,1,0,0,internal,0,0,0,0,0,2025-03-09,2025-03-09,0,1
a849d9488b9cdf59051a61d3ef094af8,1028,29,438,596,434,0.31712062256809337,326,0.4180447470817121,0.33754863813229574,0.5107003891050583,Mobile,1,2,0,0.9985955056179775,0,0,internal,0.12062256809338522,0,0.008754863813229572,0,0.3657587548638132,2025-03-06,2025-04-05,30,35.44827586206897
a86d5ef36eda767cce42d1c28dd18869,1,1,1,1,1,1,1,1,1,0,Mobile,1,1,0,0,0,0,unknown,0,0,0,0,0,2025-03-15,2025-03-15,0,1
a9546fc46e09cf57bd17910e7f16c724,624,31,165,173,161,0.14102564102564102,88,0.12139423076923077,0.04326923076923077,0.7612179487179487,Computer,0,1,0,0.9585062240663901,0,0,internal,0.052884615384615384,0,0.003205128205128205,0,0.6330128205128205,2025-03-23,2025-04-22,30,20.129032258064516
a9776a8f6473d254f8441d26aa767367,28,10,11,10,10,0.17857142857142858,5,0.26785714285714285,0.14285714285714285,0.6428571428571429,Computer,0,1,0,0.8888888888888888,0,0,internal,0.10714285714285714,0,0,0,0.6428571428571429,2025-03-11,2025-04-09,29,2.8
a9c309b04afe33c62e437d57280d74e4,400,30,191,205,189,0.335,134,0.324375,0.21,0.58,Mobile,1,2,0,0.990521327014218,0,0,internal,0.1,0,0.0075,0,0.4825,2025-03-11,2025-04-10,30,13.333333333333334
a9da990965cf54eeed3cf91c4ed152e5,8,1,8,8,8,0.625,5,0.96875,0.875,0,Computer,0,1,0,1,0,0,internal,0,0,0,0,0,2025-04-04,2025-04-04,0,8
a9f26321a4149c609504b1c01b16a8cb,22,2,10,10,7,0.4090909090909091,9,0.22727272727272727,0.18181818181818182,0.7272727272727273,Mobile,1,1,0.15,0.7,0,0,internal,0.13636363636363635,0,0,0,0.36363636363636365,2025-03-09,2025-03-10,1,11
aa345f66c3734ec28ca44313506d22f4,4,2,2,4,2,0.5,2,0.5,0.5,0.5,Mobile,1,1,0.75,0,0,0,search,0,0,0,0,0,2025-03-05,2025-03-07,2,2
aa6e269cf153a1cb18bc691e3f947241,30,10,8,13,6,0.2,6,0.24166666666666667,0.2,0.7,Mobile,1,1,0,0.8666666666666667,0,0,internal,0.43333333333333335,0,0,0,0.36666666666666664,2025-03-15,2025-04-04,20,3
aa77020fa5c724cf883ddecad6191f1f,174,19,94,118,93,0.3563218390804598,62,0.5043103448275862,0.4367816091954023,0.4425287356321839,Computer,0,1,0,0.9745762711864406,0,0,internal,0.10919540229885058,0,0.005747126436781609,0,0.3218390804597701,2025-03-16,2025-04-14,29,9.157894736842104
aab906f1e94c3d75a4aad601d00431f1,4,2,4,0,0,0.25,1,0.0625,0,0.75,Computer,0,2,0,0.5,0,0,internal,0,0,0,0,0.25,2025-03-24,2025-03-26,2,2
aac9bb91d160b45de44dd566969c0839,512,31,217,232,213,0.255859375,131,0.22314453125,0.1015625,0.646484375,Mobile,1,2,0.47568710359408034,0.4714587737843552,0,0,search,0.103515625,0,0.005859375,0,0.537109375,2025-03-10,2025-04-09,30,16.516129032258064
aace5950e6b447f75724c6edebe9b719,228,30,101,125,98,0.32894736842105265,75,0.375,0.30701754385964913,0.5526315789473685,Computer,0,2,0,0.993103448275862,0,0,internal,0.12719298245614036,0,0,0,0.44298245614035087,2025-03-08,2025-04-07,30,7.6
ab38e63467128c2126d3e10629eee1e3,211,23,112,123,111,0.26540284360189575,56,0.31398104265402843,0.22748815165876776,0.5781990521327014,Mobile,1,2,0.10294117647058823,0.8897058823529411,0,0,internal,0.11848341232227488,0,0.009478672985781991,0,0.41706161137440756,2025-03-10,2025-04-07,28,9.173913043478262
ab41382298fc046bfa048d55ce9b1f0d,33,10,29,32,28,0.5454545454545454,18,0.8787878787878788,0.8484848484848485,0.09090909090909091,Computer,0,1,0,0.9285714285714286,0,0,internal,0.09090909090909091,0,0,0,0.030303030303030304,2025-03-05,2025-04-04,30,3.3
abeb1d79971bcb963d77fc429fdc130d,24,17,24,24,24,0.6666666666666666,16,0.6770833333333334,0.4583333333333333,0.08333333333333333,Mobile,1,1,0,0.19047619047619047,0,0.8095238095238095,social,0.125,0,0,0,0,2025-03-24,2025-04-18,25,1.411764705882353
ac0c634965a44feaf5f3a20d95de3fdc,23,4,16,17,14,0.43478260869565216,10,0.4891304347826087,0.34782608695652173,0.43478260869565216,Computer,0,1,0.5714285714285714,0.2857142857142857,0,0,search,0,0,0,0,0.17391304347826086,2025-03-17,2025-04-09,23,5.75
ac147643ddbb23fbd9182a4236c57ac8,8,3,8,7,7,0.375,3,0.8125,0.75,0.125,Computer,0,1,0,0.8,0,0,internal,0.25,0,0,0,0.125,2025-03-18,2025-04-16,29,2.6666666666666665
ac2d3c89f1c3f45158ff06bb091219db,123,20,52,59,51,0.2926829268292683,36,0.2682926829268293,0.15447154471544716,0.6178861788617886,Computer,0,2,0.00819672131147541,0.4426229508196721,0,0,unknown,0.056910569105691054,0,0.016260162601626018,0,0.5203252032520326,2025-03-23,2025-04-19,27,6.15
ac379f976af179c7f900b2b9f118c123,291,30,134,140,131,0.31958762886597936,93,0.3745704467353952,0.3024054982817869,0.5463917525773195,Computer,0,1,0.006993006993006993,0.972027972027972,0,0,internal,0.14776632302405499,0,0,0,0.5120274914089347,2025-03-22,2025-04-21,30,9.7
ac5c578c40656689a251c866ba3d6f98,186,26,92,98,84,0.3010752688172043,56,0.33602150537634407,0.24731182795698925,0.5806451612903226,Mobile,1,1,0.4673913043478261,0.5271739130434783,0,0,internal,0.21505376344086022,0,0.06989247311827956,0,0.010752688172043012,2025-03-21,2025-04-20,30,7.153846153846154
ac7f31ba17a317d6e992e882a0a4d55b,529,31,234,268,227,0.31947069943289225,169,0.3809073724007561,0.31190926275992437,0.5595463137996219,Mobile,1,2,0.08940397350993377,0.9006622516556292,0,0,internal,0.0945179584120983,0,0.013232514177693762,0,0.47448015122873344,2025-03-23,2025-04-22,30,17.06451612903226
ad372c8a7a3b8d134c9eb5cf7267af63,18,9,12,13,11,0.3888888888888889,7,0.3333333333333333,0.1111111111111111,0.3888888888888889,Mobile,1,1,0,0.21428571428571427,0,0.35714285714285715,unknown,0.2222222222222222,0,0,0,0.2777777777777778,2025-03-30,2025-04-15,16,2
ad56104de30f4dea6c7a65ca88a9a9fe,57,4,24,24,23,0.22807017543859648,13,0.2631578947368421,0.15789473684210525,0.6140350877192983,Mobile,1,2,0,0.9655172413793104,0,0,internal,0.17543859649122806,0,0,0,0.5789473684210527,2025-03-05,2025-03-08,3,14.25
ad7180fe09827b1267495a0a6a51b728,71,9,43,62,37,0.3380281690140845,24,0.45422535211267606,0.39436619718309857,0.4647887323943662,Mobile,1,1,0,0.7246376811594203,0,0.2318840579710145,internal,0.14084507042253522,0,0,0,0.028169014084507043,2025-03-04,2025-04-03,30,7.888888888888889
ada1a9f52e76932f543ae8b32f1a3b20,152,24,53,55,50,0.2236842105263158,34,0.1875,0.125,0.7368421052631579,Computer,0,2,0,0.6538461538461539,0,0,internal,0.039473684210526314,0,0.006578947368421052,0,0.625,2025-03-21,2025-04-20,30,6.333333333333333
adcf67549ea5003d9f1ab69ed748c94a,5,2,5,3,3,0.6,3,0.55,0.4,0.4,Mobile,1,1,0.4,0.4,0,0,internal,0,0,0,0,0.2,2025-03-23,2025-03-30,7,2.5
add49e9f3efbc829a809336238069353,93,14,54,64,52,0.44086021505376344,41,0.3521505376344086,0.22580645161290322,0.5268817204301075,Computer,0,2,0.18055555555555555,0.625,0,0,internal,0.12903225806451613,0,0.06451612903225806,0,0.2903225806451613,2025-03-21,2025-04-19,29,6.642857142857143
addf8ac99c42c7e9e69884fdd2a6cf4a,421,29,233,244,225,0.30641330166270786,129,0.31057007125890734,0.16864608076009502,0.49643705463182897,Computer,0,1,0.34210526315789475,0.65311004784689,0,0,internal,0.0831353919239905,0,0,0,0.3491686460807601,2025-03-19,2025-04-18,30,14.517241379310345
ae1d3d9df70b5a5b933464df7ba958a2,15,4,6,6,4,0.13333333333333333,2,0.26666666666666666,0.2,0.6666666666666666,Mobile,1,2,0.14285714285714285,0.6428571428571429,0,0,internal,0.4,0,0,0,0.4,2025-03-16,2025-03-29,13,3.75
ae5755e9ebd658a6d6755851f47d04dd,1,1,1,0,0,0,0,0,0,1,Computer,0,1,0,0,0,0,unknown,0,0,0,0,1,2025-03-11,2025-03-11,0,1
af32c827e26bda8f6a3e8c5769d4b802,311,30,136,142,134,0.24115755627009647,75,0.2596463022508039,0.1607717041800643,0.6270096463022508,Mobile,1,1,0,0.993006993006993,0,0,internal,0.0707395498392283,0,0.00964630225080386,0,0.5401929260450161,2025-03-04,2025-04-03,30,10.366666666666667
af67fd7c157c69d9d9ee61096189a7f3,43,8,18,16,13,0.20930232558139536,9,0.20930232558139536,0.13953488372093023,0.7441860465116279,Computer,0,2,0.24324324324324326,0.6486486486486487,0,0,internal,0.06976744186046512,0,0,0,0.37209302325581395,2025-03-09,2025-03-29,20,5.375
afdd170767f40ce0175d30926b5de7d8,679,31,238,297,235,0.22974963181148747,156,0.3398379970544919,0.2268041237113402,0.5876288659793815,Mobile,1,2,0,0.9924433249370277,0,0,internal,0.050073637702503684,0,0.004418262150220913,0,0.5596465390279823,2025-03-16,2025-04-15,30,21.903225806451612
b05464e0ee4bf859a46eb460baa70052,424,30,186,211,183,0.30660377358490565,130,0.24764150943396226,0.12971698113207547,0.6344339622641509,Mobile,1,2,0.004484304932735426,0.9641255605381166,0,0,internal,0.08962264150943396,0,0.018867924528301886,0,0.49764150943396224,2025-03-21,2025-04-20,30,14.133333333333333
b0d02cff781d2563577737273ac018a2,292,29,142,154,141,0.2671232876712329,78,0.2577054794520548,0.1404109589041096,0.6164383561643836,Mobile,1,2,0,0.9745222929936306,0,0.006369426751592357,internal,0.09931506849315068,0,0.003424657534246575,0,0.4726027397260274,2025-03-21,2025-04-20,30,10.068965517241379
b12854af8cf6a231204268ca2875d75b,18,1,13,11,10,0.5,9,0.5555555555555556,0.5555555555555556,0.4444444444444444,Computer,0,1,0,1,0,0,internal,0,0,0,0,0.1111111111111111,2025-03-08,2025-03-08,0,18
b1b4ca2372f53316b106967700debe0b,158,26,132,156,130,0.5443037974683544,86,0.5079113924050633,0.33544303797468356,0.3037974683544304,Mobile,1,1,0,0.9761904761904762,0,0,internal,0.13291139240506328,0,0.0189873417721519,0,0.006329113924050633,2025-03-13,2025-04-09,27,6.076923076923077
b1cff7fa22236dcb1b0a989f25fd5c43,5,1,5,4,4,0.4,2,0.8,0.8,0.2,Computer,0,1,0,0.6666666666666666,0,0,internal,0.6,0,0,0,0.2,2025-03-20,2025-03-20,0,5
b1d87804abaf5480992c81655242752e,421,31,149,151,146,0.20190023752969122,85,0.2672209026128266,0.16864608076009502,0.6532066508313539,Computer,0,1,0,0.967741935483871,0,0,internal,0.0688836104513064,0,0.0023752969121140144,0,0.6365795724465558,2025-03-11,2025-04-10,30,13.580645161290322
b23d91918f36a511ee6bb142a6980359,381,30,171,183,169,0.2782152230971129,106,0.3569553805774278,0.2992125984251969,0.5774278215223098,Mobile,1,2,0.010416666666666666,0.984375,0,0,internal,0.10498687664041995,0,0.0026246719160104987,0,0.5170603674540682,2025-03-06,2025-04-05,30,12.7
b28ed967404925126fefb4e03b60eee9,3,3,3,3,3,0.3333333333333333,1,0.5833333333333334,0.3333333333333333,0,Mobile,1,1,0,0,0,0.6666666666666666,social,0.3333333333333333,0,0,0,0,2025-03-22,2025-04-07,16,1
b2a735ace0cd594f47ca9b0b2746514a,48,11,22,25,21,0.3541666666666667,17,0.3333333333333333,0.2916666666666667,0.6041666666666666,Computer,0,2,0,0.8888888888888888,0,0,internal,0.1875,0,0,0,0.4791666666666667,2025-03-07,2025-04-01,25,4.363636363636363
b2ae7dec25805c7059ea2c7ffd5f54d7,531,31,148,319,139,0.3427495291902072,182,0.18785310734463276,0.08851224105461393,0.6892655367231638,Mobile,1,1,0,0.9969879518072289,0,0,internal,0.1374764595103578,0,0.01694915254237288,0,0.3804143126177024,2025-03-23,2025-04-22,30,17.129032258064516
b2b9c2229c058653f5221e50b01d33c9,137,20,108,111,104,0.44525547445255476,61,0.6058394160583942,0.5255474452554745,0.30656934306569344,Computer,0,1,0.0273972602739726,0.9041095890410958,0,0,internal,0.0948905109489051,0,0.058394160583941604,0,0.13138686131386862,2025-03-06,2025-04-05,30,6.85
b2babd7ae29af17bed1ffbf045307d07,106,17,63,69,50,0.37735849056603776,40,0.4009433962264151,0.32075471698113206,0.5188679245283019,Computer,0,3,0.010638297872340425,0.9042553191489362,0,0.010638297872340425,internal,0.2358490566037736,0,0.018867924528301886,0,0.10377358490566038,2025-03-04,2025-03-31,27,6.235294117647059
b2bc1519bdedee9e281f9a30e6a5c56d,1,1,1,1,1,0,0,1,1,0,Computer,0,1,0,0,0,0,unknown,0,0,0,0,0,2025-03-09,2025-03-09,0,1
b316d81d3f371ef676cacdfe393af472,28,4,22,25,20,0.5,14,0.5089285714285714,0.39285714285714285,0.39285714285714285,Mobile,1,2,0.03571428571428571,0.75,0,0,internal,0.32142857142857145,0,0,0,0.07142857142857142,2025-03-09,2025-04-01,23,7
b35b31660d9b152e2ad1b2997ebd2663,9,4,7,7,6,0.3333333333333333,3,0.5,0.3333333333333333,0.2222222222222222,Computer,0,1,0,0.8,0,0,internal,0.1111111111111111,0,0,0,0.2222222222222222,2025-03-05,2025-03-21,16,2.25
b369776f5a7d9687ff77d6c0613dbc17,27,4,22,20,18,0.37037037037037035,10,0.5925925925925926,0.4444444444444444,0.2962962962962963,Computer,0,2,0,0.9259259259259259,0,0,internal,0.2222222222222222,0,0,0,0.07407407407407407,2025-03-11,2025-04-07,27,6.75
b3743cd8f717c4b7c1f68f572f1af0d5,4,1,4,1,1,0.5,2,0.75,0.75,0.25,Mobile,1,1,0.25,0,0,0,unknown,0.75,0,0,0,0.25,2025-03-23,2025-03-23,0,4
b37648d22ba1c40979c7f50216a23ccd,5,2,3,2,1,0,0,0.4,0.4,0.6,Mobile,1,1,0,0.6,0,0,internal,0,0,0,0,0.4,2025-03-21,2025-03-26,5,2.5
b3b579ba18e6e9824560f6dca3d35195,114,11,55,64,52,0.3684210526315789,42,0.22587719298245615,0.08771929824561403,0.5789473684210527,Computer,0,1,0.19753086419753085,0.7901234567901234,0,0,internal,0.10526315789473684,0,0.008771929824561403,0,0.42105263157894735,2025-03-24,2025-04-20,27,10.363636363636363
b3e85bb67a9d20a7e111a08ba1bd2132,57,19,39,48,36,0.49122807017543857,28,0.5526315789473685,0.3157894736842105,0.2631578947368421,Mobile,1,2,0.041666666666666664,0.7916666666666666,0,0,internal,0.17543859649122806,0,0.017543859649122806,0,0.12280701754385964,2025-03-09,2025-04-07,29,3
b40b77f1118e3d44b8c5f5fe5f434cf9,5,2,3,2,2,0.2,1,0.05,0,0.8,Mobile,1,2,0,0.4,0,0,unknown,0,0,0,0,0.6,2025-03-11,2025-03-16,5,2.5
b4d3412295cc2cdfc094904ec09d62d8,9,2,9,8,8,0.5555555555555556,5,0.25,0.1111111111111111,0.4444444444444444,Mobile,1,1,0,0.875,0,0,internal,0.3333333333333333,0,0,0,0.1111111111111111,2025-03-05,2025-03-17,12,4.5
b4dad48c72f72f415a9ea3e137b06419,6,2,6,5,5,0.3333333333333333,2,0.6666666666666666,0.5,0.16666666666666666,Mobile,1,1,0,0,0,0.6,social,0.8333333333333334,0,0,0,0.16666666666666666,2025-03-09,2025-03-14,5,3
b4e9f0121b01335d7f0f9fc9875638aa,603,30,326,397,311,0.3150912106135987,190,0.5157545605306799,0.417910447761194,0.40298507462686567,Computer,0,2,0.0021008403361344537,0.9789915966386554,0,0,internal,0.13930348258706468,0,0.003316749585406302,0,0.22885572139303484,2025-03-23,2025-04-22,30,20.1
b506be7c9a29252ae978684305eb3da5,399,31,113,135,110,0.21052631578947367,84,0.17731829573934837,0.09273182957393483,0.7343358395989975,Mobile,1,2,0,0.9927007299270073,0,0,internal,0.06015037593984962,0,0.010025062656641603,0,0.656641604010025,2025-03-04,2025-04-03,30,12.870967741935484
b5702853f7eb0115759ddbc7df0976c0,226,26,124,145,122,0.3672566371681416,83,0.4081858407079646,0.28761061946902655,0.47345132743362833,Computer,0,1,0.02054794520547945,0.9726027397260274,0,0,internal,0.12389380530973451,0,0.030973451327433628,0,0.35398230088495575,2025-03-18,2025-04-17,30,8.692307692307692
b57e84e749107c4ff8a270681f26455f,11,4,9,10,8,0.2727272727272727,3,0.3409090909090909,0,0.36363636363636365,Mobile,1,1,0,0,0,0,unknown,0.09090909090909091,0,0,0,0.09090909090909091,2025-04-06,2025-04-13,7,2.75
b5c5c1d4107e652fdeaa368f88a51a8e,21,9,15,15,14,0.42857142857142855,9,0.4523809523809524,0.2857142857142857,0.42857142857142855,Mobile,1,1,0,0.75,0,0,internal,0.09523809523809523,0,0.047619047619047616,0,0.2857142857142857,2025-03-23,2025-04-20,28,2.3333333333333335
b5f151e31b3d179a9c490cd57f107e71,25,8,18,20,16,0.28,7,0.5,0.32,0.4,Mobile,1,1,0,0.8571428571428571,0,0,internal,0.08,0,0,0,0.12,2025-03-07,2025-03-21,14,3.125
b606ae0a4944362a1df65e2d41ed3830,290,27,106,139,104,0.3,87,0.2939655172413793,0.15517241379310345,0.593103448275862,Mobile,1,2,0,0.9947368421052631,0,0,internal,0.12758620689655173,0,0.010344827586206896,0,0.5172413793103449,2025-03-05,2025-04-04,30,10.74074074074074
b614f17cb152704959cdf42349d6a4cb,78,13,39,40,36,0.358974358974359,28,0.27884615384615385,0.16666666666666666,0.5256410256410257,Computer,0,1,0,0.9333333333333333,0,0,internal,0.1282051282051282,0,0.0641025641025641,0,0.44871794871794873,2025-03-05,2025-04-04,30,6
b654b3aea937958ac6ad385f1985554c,4,2,4,4,4,0.25,1,0.5625,0.25,0.25,Mobile,1,1,0,0.5,0,0.25,internal,0.5,0,0,0,0,2025-03-24,2025-04-19,26,2
b6aaed769aeafe1a96565a5a3575fc2a,282,30,104,111,99,0.22695035460992907,64,0.2624113475177305,0.16666666666666666,0.6382978723404256,Computer,0,2,0,0.9354838709677419,0,0,internal,0.07801418439716312,0,0.0070921985815602835,0,0.5851063829787234,2025-03-06,2025-04-05,30,9.4
b6be0e02d507852ae16c3d23e2c9717f,20,7,12,15,11,0.6,12,0.3375,0.2,0.5,Computer,0,2,0,0.6666666666666666,0,0,internal,0.1,0,0,0,0.25,2025-03-24,2025-04-10,17,2.857142857142857
b6f3a3976e7ea243c1b5922b001f9efa,8,3,7,6,6,0.25,2,0.5,0.25,0.25,Computer,0,1,0.16666666666666666,0.8333333333333334,0,0,internal,0,0,0,0,0.25,2025-03-23,2025-04-08,16,2.6666666666666665
b716ad43db052a060b2556ee56f4f599,243,28,109,126,108,0.2757201646090535,67,0.25823045267489714,0.1934156378600823,0.6748971193415638,Mobile,1,1,0,0.9924242424242424,0,0,internal,0.07818930041152264,0,0,0,0.48148148148148145,2025-03-08,2025-04-06,29,8.678571428571429
b7189afe7ef2b29f89ee5c2277a95e23,21,3,11,11,10,0.2857142857142857,6,0.2976190476190476,0.19047619047619047,0.5714285714285714,Mobile,1,1,0.3333333333333333,0.38095238095238093,0,0,internal,0.3333333333333333,0,0,0,0.47619047619047616,2025-03-19,2025-03-25,6,7
b768d697a9b69a640ac06e346e9ab41a,830,31,301,334,297,0.22289156626506024,185,0.2397590361445783,0.14698795180722893,0.6698795180722892,Computer,0,2,0,0.9974937343358395,0,0,internal,0.06385542168674699,0,0.02891566265060241,0,0.5120481927710844,2025-03-05,2025-04-04,30,26.774193548387096
b7cd75ab3ab11de36960a62aa04af6e0,346,27,143,160,139,0.26011560693641617,90,0.23699421965317918,0.11849710982658959,0.6271676300578035,Computer,0,1,0.02336448598130841,0.8644859813084113,0,0,internal,0.07225433526011561,0,0.005780346820809248,0,0.5260115606936416,2025-03-16,2025-04-15,30,12.814814814814815
b7f5af62c13145391bc951f84e3014d8,207,16,92,99,91,0.26570048309178745,55,0.30434782608695654,0.19806763285024154,0.5700483091787439,Tablet,0,2,0.08666666666666667,0.7933333333333333,0,0,internal,0.10628019323671498,0,0.014492753623188406,0,0.5217391304347826,2025-03-09,2025-04-08,30,12.9375
b8170fdd0a9a8da6aedce9a9214f5b19,32,7,26,25,25,0.40625,13,0.5,0.3125,0.28125,Computer,0,1,0,0.625,0,0,internal,0.1875,0,0.03125,0,0.21875,2025-03-21,2025-04-08,18,4.571428571428571
b81975e1d1257d9a93072ffb3348ab75,157,24,86,95,83,0.3630573248407643,57,0.46496815286624205,0.39490445859872614,0.46496815286624205,Computer,0,1,0,0.9897959183673469,0,0,internal,0.12101910828025478,0,0.01910828025477707,0,0.3821656050955414,2025-03-08,2025-04-07,30,6.541666666666667
b830221f1ce2bb617658079c1c1b13fe,244,26,125,149,124,0.29508196721311475,72,0.30225409836065575,0.1762295081967213,0.5614754098360656,Computer,0,1,0,0.9452054794520548,0,0,internal,0.11885245901639344,0,0.028688524590163935,0,0.38934426229508196,2025-03-05,2025-04-03,29,9.384615384615385
b83e8af45f399d597ee5fb1d25786e17,10,2,5,4,3,0.3,3,0.175,0.1,0.7,Computer,0,1,0.125,0.75,0,0,internal,0.2,0,0,0,0.4,2025-03-11,2025-04-01,21,5
b83f2517fe31511f1844600382c10fff,2,2,2,1,1,0.5,1,0.5,0.5,0.5,Computer,0,1,0.5,0,0,0,search,0,0,0,0,0,2025-03-15,2025-03-18,3,1
b8c3036ba42840d7329dd6108f71577c,185,26,162,183,161,0.5405405405405406,100,0.7337837837837838,0.6108108108108108,0.14054054054054055,Mobile,1,1,0,0.9701492537313433,0,0,internal,0.12972972972972974,0,0,0,0.010810810810810811,2025-03-16,2025-04-15,30,7.115384615384615
b8cf7df4500493f9380f11cb95f68c0c,24,12,20,24,20,0.4583333333333333,11,0.5520833333333334,0.2916666666666667,0.20833333333333334,Computer,0,2,0,0.26666666666666666,0,0,unknown,0.16666666666666666,0,0,0,0,2025-03-26,2025-04-22,27,2
b944960f6860c84cc00a6c1d854006da,504,31,197,230,191,0.2361111111111111,119,0.26240079365079366,0.17261904761904762,0.6309523809523809,Mobile,1,2,0.004048582995951417,0.9392712550607287,0,0,internal,0.07341269841269842,0,0.007936507936507936,0,0.5059523809523809,2025-03-21,2025-04-20,30,16.258064516129032
b95b90c1f13dcb4d0701fa10d0274e7a,48,8,31,32,29,0.4791666666666667,23,0.5052083333333334,0.4375,0.4166666666666667,Mobile,1,1,0.3111111111111111,0.6666666666666666,0,0,internal,0.020833333333333332,0,0.020833333333333332,0,0.22916666666666666,2025-03-18,2025-04-13,26,6
b975e2f5a62b8b0601700a67787da14d,279,31,81,89,79,0.16129032258064516,45,0.235663082437276,0.12544802867383512,0.7060931899641577,Mobile,1,1,0,0.9938271604938271,0,0,internal,0.08960573476702509,0,0.0035842293906810036,0,0.4050179211469534,2025-03-05,2025-04-04,30,9
b9f915d50fe9b6b1b1ce989548f4c2a4,622,31,343,384,331,0.32315112540192925,201,0.3967041800643087,0.2990353697749196,0.5112540192926045,Mobile,1,2,0.0024330900243309003,0.975669099756691,0,0,internal,0.14308681672025725,0,0.001607717041800643,0,0.3327974276527331,2025-03-13,2025-04-12,30,20.06451612903226
b9fcb0eed6c3143d5102e67740a162f5,163,22,80,82,62,0.25153374233128833,41,0.3696319018404908,0.31901840490797545,0.5460122699386503,Computer,0,1,0.046153846153846156,0.8923076923076924,0,0,internal,0.08588957055214724,0,0.012269938650306749,0,0.03680981595092025,2025-03-04,2025-04-02,29,7.409090909090909
ba0c979afb67053e190747598d211ce8,18,3,13,13,12,0.4444444444444444,8,0.5138888888888888,0.4444444444444444,0.3888888888888889,Computer,0,1,0.06666666666666667,0.8666666666666667,0,0,internal,0.3333333333333333,0,0,0,0.2777777777777778,2025-03-09,2025-03-18,9,6
ba2390d524198acc3e1d5775c5003449,26,5,17,18,15,0.3076923076923077,8,0.4326923076923077,0.34615384615384615,0.4230769230769231,Mobile,1,2,0,0.625,0,0.16666666666666666,internal,0.23076923076923078,0,0.07692307692307693,0,0.19230769230769232,2025-03-11,2025-04-02,22,5.2
ba46f331222c7804d3007faf2be638c4,110,26,93,100,92,0.4727272727272727,52,0.6431818181818182,0.45454545454545453,0.19090909090909092,Mobile,1,1,0.020202020202020204,0.48484848484848486,0,0.41414141414141414,internal,0.12727272727272726,0,0,0,0.09090909090909091,2025-03-05,2025-04-04,30,4.230769230769231
bb23615e32aca66b3af9ec1042ddb8be,13,3,6,8,5,0.5384615384615384,7,0.40384615384615385,0.3076923076923077,0.5384615384615384,Computer,0,2,0,0.375,0,0,unknown,0.07692307692307693,0,0,0,0.38461538461538464,2025-03-18,2025-04-02,15,4.333333333333333
bb268a1296993a658fa958dcce6ce723,173,26,78,82,77,0.35260115606936415,61,0.2774566473988439,0.21965317919075145,0.6358381502890174,Mobile,1,1,0.25443786982248523,0.7396449704142012,0,0,internal,0.14450867052023122,0,0,0,0.5260115606936416,2025-03-22,2025-04-20,29,6.653846153846154
bb36e706698779b4386e240e45a76c9f,16,11,13,15,12,0.375,6,0.1875,0.0625,0.625,Mobile,1,2,0,0,0,0,unknown,0.3125,0,0.0625,0,0.0625,2025-03-07,2025-04-01,25,1.4545454545454546
bb57881a5cf90e79b2b7fbf18fcba6ef,967,31,436,499,434,0.2936918304033092,284,0.35806618407445706,0.27714581178903824,0.5677352637021716,Mobile,1,2,0,0.9971181556195965,0,0,internal,0.10237849017580145,0,0.002068252326783868,0,0.48293691830403307,2025-03-21,2025-04-20,30,31.193548387096776
bb67464668525ef9adea575cbb6b55d1,889,31,414,426,410,0.2688413948256468,239,0.30821147356580425,0.2215973003374578,0.6017997750281214,Mobile,1,1,0,0.9976689976689976,0,0,internal,0.08211473565804274,0,0.008998875140607425,0,0.5163104611923509,2025-03-21,2025-04-20,30,28.677419354838708
bb86350b32e733fb3db74e5d46c4c4ac,439,31,251,284,246,0.3530751708428246,155,0.5466970387243736,0.489749430523918,0.3895216400911162,Computer,0,2,0.003787878787878788,0.9924242424242424,0,0,internal,0.06378132118451026,0,0.1548974943052392,0,0.31662870159453305,2025-03-12,2025-04-11,30,14.161290322580646
bbb361a9cc76e407add75eb772b1ee6e,1,1,1,1,1,1,1,1,1,0,Computer,0,1,0,0,0,0,unknown,0,0,0,0,0,2025-03-07,2025-03-07,0,1
bbb3918da131e3f8c9ab270a2224ef1b,9,2,5,6,4,0.2222222222222222,2,0.4166666666666667,0.3333333333333333,0.4444444444444444,Computer,0,2,0.42857142857142855,0.14285714285714285,0,0,search,0.1111111111111111,0,0.1111111111111111,0,0.3333333333333333,2025-03-19,2025-03-31,12,4.5
bc6682848d7c1b202333e98041418be1,497,31,178,197,170,0.22132796780684105,110,0.23189134808853118,0.1488933601609658,0.6619718309859155,Computer,0,2,0,0.9958847736625515,0,0,internal,0.06438631790744467,0,0.006036217303822937,0,0.5090543259557344,2025-03-21,2025-04-20,30,16.032258064516128
bcbf7934cced8e50038e0c1b60ae2a63,7,3,2,2,1,0.2857142857142857,2,0.14285714285714285,0.14285714285714285,0.8571428571428571,Tablet,0,1,0,0.2857142857142857,0,0,unknown,0,0,0,0,0.7142857142857143,2025-03-12,2025-03-17,5,2.3333333333333335
bcfe5569a4e6242d0f36a4f7b0aa8b32,945,31,260,310,257,0.18306878306878308,173,0.1537037037037037,0.06349206349206349,0.7121693121693121,Computer,0,2,0.012698412698412698,0.9682539682539683,0,0,internal,0.0761904761904762,0,0.0021164021164021165,0,0.6677248677248677,2025-03-04,2025-04-03,30,30.483870967741936
bd131313a490d54ccf4d7dd7c72f8b96,40,8,17,14,12,0.125,5,0.3,0.2,0.65,Computer,0,1,0.08695652173913043,0.8260869565217391,0,0,internal,0.075,0,0,0,0.45,2025-03-16,2025-04-07,22,5
bd8f91881891b817482f341aa7cea847,118,15,47,54,45,0.2033898305084746,24,0.2521186440677966,0.15254237288135594,0.6440677966101694,Mobile,1,1,0,0.9493670886075949,0,0.02531645569620253,internal,0.11016949152542373,0,0,0,0.5338983050847458,2025-03-22,2025-04-14,23,7.866666666666666
bdba6e71913f8d10883e64d4a3eb100a,13,5,7,11,5,0.6923076923076923,9,0.6730769230769231,0.46153846153846156,0.23076923076923078,Computer,0,2,0.6363636363636364,0.09090909090909091,0,0,search,0.7692307692307693,0,0,0,0.07692307692307693,2025-03-12,2025-04-05,24,2.6
bdce72baf8cf46c35e50c27d2034f70f,277,31,102,111,99,0.22021660649819494,61,0.22472924187725632,0.11913357400722022,0.631768953068592,Computer,0,2,0,0.9649122807017544,0,0,internal,0.1624548736462094,0,0.0036101083032490976,0,0.5631768953068592,2025-03-20,2025-04-19,30,8.935483870967742
bdd01e087db83c6919655477c3a9d8e6,306,30,128,144,127,0.3300653594771242,101,0.3292483660130719,0.238562091503268,0.5816993464052288,Computer,0,3,0,0.9586206896551724,0,0,internal,0.11764705882352941,0,0.0196078431372549,0,0.5294117647058824,2025-03-22,2025-04-21,30,10.2
be465621bdb0c21f03d0394cd0d5bf0f,32,3,17,18,14,0.3125,10,0.203125,0.15625,0.75,Computer,0,2,0,0.8333333333333334,0,0,internal,0.21875,0,0,0,0.21875,2025-03-13,2025-03-20,7,10.666666666666666
be6357d225a5c19f09acf6fbc6015653,36,10,25,24,21,0.3055555555555556,11,0.4791666666666667,0.4166666666666667,0.4722222222222222,Computer,0,1,0,1,0,0,internal,0.08333333333333333,0,0,0,0.25,2025-03-08,2025-04-04,27,3.6
be7ee4feca2026e1f9905d54770f1580,1267,31,422,565,415,0.25887924230465664,328,0.2484214680347277,0.15390686661404893,0.6527229676400947,Mobile,1,3,0.03886397608370702,0.9521674140508222,0,0,internal,0.10655090765588003,0,0.02920284135753749,0,0.5445935280189423,2025-03-08,2025-04-07,30,40.87096774193548
beb2f43fd48148b2fa7e5fc19c7ad072,311,31,136,149,133,0.2829581993569132,88,0.27893890675241156,0.18006430868167203,0.6012861736334405,Computer,0,1,0.003289473684210526,0.5164473684210527,0,0,internal,0.05466237942122187,0,0.022508038585209004,0,0.5112540192926045,2025-03-12,2025-04-11,30,10.03225806451613
bec12934fd62c54075867a81c5f66926,853,29,423,522,419,0.3399765533411489,290,0.36635404454865184,0.2719812426729191,0.5158264947245017,Computer,0,2,0.36899038461538464,0.6009615384615384,0,0,internal,0.12192262602579132,0,0.0246189917936694,0,0.005861664712778429,2025-03-08,2025-04-07,30,29.413793103448278
befa7a8c62ddf34b84108309cd2c1f59,5,2,5,5,5,0.4,2,1,1,0,Computer,0,1,0.6666666666666666,0.3333333333333333,0,0,search,0,0,0,0,0,2025-03-08,2025-03-09,1,2.5
bf50a347c7aa164323490d1a16fb021d,796,31,384,396,375,0.30025125628140703,239,0.3649497487437186,0.26256281407035176,0.5263819095477387,Computer,0,2,0.10175438596491228,0.887719298245614,0,0.007017543859649123,internal,0.10427135678391959,0,0.005025125628140704,0,0.40954773869346733,2025-03-06,2025-04-05,30,25.677419354838708
bf5844c314a6cbd3e5d74142a2f254bc,298,28,135,144,134,0.2785234899328859,83,0.34731543624161076,0.24832214765100671,0.5637583892617449,Mobile,1,2,0,0.9794520547945206,0,0.00684931506849315,internal,0.09731543624161074,0,0,0,0.5167785234899329,2025-03-18,2025-04-17,30,10.642857142857142
bf9046fa8bf362613bb568886c425a4c,180,28,93,92,90,0.2833333333333333,51,0.42083333333333334,0.31666666666666665,0.4888888888888889,Computer,0,3,0.13392857142857142,0.8214285714285714,0,0,internal,0.12777777777777777,0,0.016666666666666666,0,0.4777777777777778,2025-03-23,2025-04-22,30,6.428571428571429
bf9a9dc001237444190fe7f1cbe80850,274,28,125,160,119,0.3175182481751825,87,0.3686131386861314,0.24087591240875914,0.5255474452554745,Mobile,1,1,0.006060606060606061,0.9393939393939394,0,0.030303030303030304,internal,0.17153284671532848,0,0.01824817518248175,0,0.38321167883211676,2025-03-09,2025-04-08,30,9.785714285714286
bfc04c65971b32ccb1e0fad11903aba1,609,31,194,310,186,0.30377668308702793,185,0.25779967159277506,0.1510673234811166,0.645320197044335,Mobile,1,1,0.003003003003003003,0.993993993993994,0,0,internal,0.03776683087027915,0,0.0049261083743842365,0,0.4433497536945813,2025-03-22,2025-04-21,30,19.64516129032258
c02f67974ac36a6c2c86a99b09071d69,8,1,6,7,5,0.625,5,0.5,0.5,0.5,Mobile,1,1,0,0.6,0,0,internal,0.125,0,0,0,0.125,2025-03-23,2025-03-23,0,8
c058e1c1ddfad648ceb7f6487f0bd683,208,28,94,108,93,0.30288461538461536,63,0.3389423076923077,0.2548076923076923,0.5865384615384616,Mobile,1,1,0.018867924528301886,0.9716981132075472,0,0,internal,0.08653846153846154,0,0,0,0.4807692307692308,2025-03-17,2025-04-16,30,7.428571428571429
c05fb3534804590d4b0adc1e32c75030,75,16,34,33,29,0.22666666666666666,17,0.17,0.10666666666666667,0.7466666666666667,Computer,0,3,0.1276595744680851,0.8297872340425532,0,0,internal,0.12,0,0,0,0.38666666666666666,2025-03-15,2025-04-13,29,4.6875
c09678054489731969a35eefa7ab61a3,35,4,12,9,9,0.2,7,0.15714285714285714,0.05714285714285714,0.7428571428571429,Mobile,1,1,0,0.7428571428571429,0,0,internal,0.11428571428571428,0,0.08571428571428572,0,0.2571428571428571,2025-03-05,2025-03-08,3,8.75
c0aa8822b42eb6779e985aad39decc9f,13,1,9,7,7,0.3076923076923077,4,0.40384615384615385,0.3076923076923077,0.5384615384615384,Mobile,1,1,0,0.75,0,0,internal,0.15384615384615385,0,0,0,0.38461538461538464,2025-03-09,2025-03-09,0,13
c1759212b2bbec62900012de41386782,602,31,204,263,200,0.2425249169435216,146,0.25124584717607973,0.14451827242524917,0.6478405315614618,Mobile,1,2,0.01948051948051948,0.974025974025974,0,0,internal,0.06312292358803986,0,0.0033222591362126247,0,0.5548172757475083,2025-03-17,2025-04-16,30,19.419354838709676
c1fcc738726f2786f0612e4b179bfe3d,175,21,81,94,79,0.24,42,0.3585714285714286,0.28,0.5485714285714286,Computer,0,1,0,0.8466257668711656,0,0,internal,0.10285714285714286,0,0.03428571428571429,0,0.4514285714285714,2025-03-14,2025-04-12,29,8.333333333333334
c2015d711c84f908106bc0207442f3bd,216,16,97,107,93,0.26851851851851855,58,0.29398148148148145,0.1527777777777778,0.5787037037037037,Computer,0,1,0.0047169811320754715,0.9811320754716981,0,0,internal,0.10185185185185185,0,0,0,0.4861111111111111,2025-03-22,2025-04-21,30,13.5
c275388bc56a60aedfef3a0d4197b3e8,19,5,14,16,13,0.631578947368421,12,0.3157894736842105,0.15789473684210525,0.5263157894736842,Mobile,1,1,0.15789473684210525,0.47368421052631576,0,0.2631578947368421,internal,0.05263157894736842,0,0,0,0,2025-03-16,2025-04-12,27,3.8
c279248607a5bab56ccba7ac446223f6,586,31,125,161,123,0.15699658703071673,92,0.18344709897610922,0.13993174061433447,0.7832764505119454,Mobile,1,1,0,0.9939024390243902,0,0,internal,0.06143344709897611,0,0,0,0.7235494880546075,2025-03-12,2025-04-11,30,18.903225806451612
c2a0c0e55bee5b2702d2e9cee3a22347,203,23,115,132,114,0.3448275862068966,70,0.4187192118226601,0.31527093596059114,0.5024630541871922,Mobile,1,1,0,1,0,0,internal,0.1330049261083744,0,0,0,0.3497536945812808,2025-03-03,2025-04-02,30,8.826086956521738
c2c273fcfc29b01ce6a89afd5fdcdaec,806,31,247,343,246,0.24689826302729528,199,0.27233250620347393,0.16129032258064516,0.6327543424317618,Mobile,1,2,0,0.9914040114613181,0,0,internal,0.05955334987593052,0,0.0012406947890818859,0,0.5744416873449132,2025-03-05,2025-04-04,30,26
c2e33d069a7f2e3c6240025cfefe99aa,14,4,14,11,11,0.42857142857142855,6,0.75,0.7142857142857143,0.21428571428571427,Mobile,1,2,0,0.5714285714285714,0,0.2857142857142857,internal,0.14285714285714285,0,0.07142857142857142,0,0.07142857142857142,2025-03-10,2025-03-29,19,3.5
c2f05fb7a4757702550100feac09b80f,17,5,11,10,9,0.29411764705882354,5,0.4117647058823529,0.29411764705882354,0.47058823529411764,Mobile,1,1,0.15384615384615385,0.6153846153846154,0,0.07692307692307693,internal,0,0,0,0,0.17647058823529413,2025-03-10,2025-03-17,7,3.4
c32c672d65b6c6bee1496d8ea7ba3a7f,520,30,233,276,232,0.2903846153846154,151,0.28846153846153844,0.19615384615384615,0.6038461538461538,Mobile,1,3,0.03873239436619718,0.9436619718309859,0,0,internal,0.09615384615384616,0,0.011538461538461539,0,0.46923076923076923,2025-03-10,2025-04-09,30,17.333333333333332
c37504d892a2f779e98c50ee0579ec35,693,31,237,285,227,0.240981240981241,167,0.25613275613275616,0.15584415584415584,0.6435786435786436,Computer,0,2,0.028795811518324606,0.9528795811518325,0,0,internal,0.07936507936507936,0,0.007215007215007215,0,0.47474747474747475,2025-03-22,2025-04-21,30,22.35483870967742
c3796fb3b8d88d3ca84119b65e13adf2,1,1,1,0,0,0,0,0,0,1,Computer,0,1,0,0,0,0,unknown,0,0,0,0,1,2025-03-24,2025-03-24,0,1
c3a2adcf58f23aa02be556824b1d0f70,444,22,204,220,187,0.29504504504504503,131,0.3530405405405405,0.2635135135135135,0.5765765765765766,Mobile,1,1,0.00228310502283105,0.997716894977169,0,0,internal,0.10810810810810811,0,0.03153153153153153,0,0.33783783783783783,2025-03-19,2025-04-17,29,20.181818181818183
c4001ea45fd4a1b949a2c6bf4cf15d53,31,6,14,13,9,0.12903225806451613,4,0.3790322580645161,0.3548387096774194,0.6129032258064516,Computer,0,1,0.1935483870967742,0.8064516129032258,0,0,internal,0.0967741935483871,0,0,0,0,2025-03-18,2025-04-14,27,5.166666666666667
c402e82b274b94ea1c549636425759a2,1641,31,325,403,322,0.1291895185862279,212,0.16956124314442414,0.09811090798293723,0.7647775746496039,Computer,0,1,0,0.9953810623556582,0,0,internal,0.039609993906154786,0,0.015234613040828763,0,0.7367458866544789,2025-03-23,2025-04-22,30,52.935483870967744
c41d91fd81be3a4323a066782b30ff44,83,12,39,39,35,0.27710843373493976,23,0.21084337349397592,0.060240963855421686,0.6024096385542169,Computer,0,1,0,1,0,0,internal,0.10843373493975904,0,0,0,0.4578313253012048,2025-03-21,2025-04-07,17,6.916666666666667
c42af5001a6324e4228ab78a45310632,14,5,9,6,5,0.42857142857142855,6,0.48214285714285715,0.42857142857142855,0.5,Mobile,1,1,0.2857142857142857,0.35714285714285715,0,0.14285714285714285,internal,0,0,0.14285714285714285,0,0.2857142857142857,2025-03-11,2025-03-27,16,2.8
c43fda59ec054f920ad3eeb9d753de5d,22,1,14,16,12,0.5454545454545454,12,0.5113636363636364,0.4090909090909091,0.4090909090909091,Computer,0,1,0,0.9,0,0,internal,0.09090909090909091,0,0,0,0.22727272727272727,2025-03-07,2025-03-07,0,22
c471b03cd445e41200a69e3b4cfdd9c5,73,17,37,36,34,0.2328767123287671,17,0.4280821917808219,0.3561643835616438,0.5205479452054794,Mobile,1,1,0.023255813953488372,0.813953488372093,0.023255813953488372,0,internal,0.1232876712328767,0,0.0136986301369863,0,0.4657534246575342,2025-03-22,2025-04-20,29,4.294117647058823
c4787528228f697c489493f9dbc30683,416,31,182,201,180,0.3004807692307692,125,0.24459134615384615,0.10817307692307693,0.6153846153846154,Mobile,1,2,0.41578947368421054,0.5710526315789474,0,0,internal,0.0889423076923077,0,0.01201923076923077,0,0.5,2025-03-03,2025-04-02,30,13.419354838709678
c4b4438193127c3eb6ee62ffd82b6283,17,12,17,15,15,0.47058823529411764,8,0.7352941176470589,0.6470588235294118,0.17647058823529413,Mobile,1,1,0,0.23529411764705882,0,0.6470588235294118,social,0.4117647058823529,0,0,0,0.058823529411764705,2025-03-13,2025-04-10,28,1.4166666666666667
c502b0e0ba6d4368ce45fd4f8a87a07a,550,31,278,298,277,0.2818181818181818,155,0.27,0.11272727272727273,0.5436363636363636,Computer,0,2,0,0.7523364485981309,0,0,internal,0.08,0,0.00909090909090909,0,0.4581818181818182,2025-03-21,2025-04-20,30,17.741935483870968
c5211e8f7bb8fd20ed1c5643c278b1d5,355,28,187,202,186,0.3183098591549296,113,0.321830985915493,0.21690140845070421,0.5464788732394367,Computer,0,2,0.21235521235521235,0.7837837837837838,0,0,internal,0.17183098591549295,0,0.0028169014084507044,0,0.4309859154929577,2025-03-22,2025-04-21,30,12.678571428571429
c57715723b559d41744bb899bb494e69,11,5,7,7,6,0.45454545454545453,5,0.4772727272727273,0.2727272727272727,0.36363636363636365,Mobile,1,1,0.1,0.4,0,0.2,internal,0.36363636363636365,0,0.09090909090909091,0,0.36363636363636365,2025-03-13,2025-04-03,21,2.2
c57b30f31bf83496809f095590804c5d,373,30,202,223,200,0.3806970509383378,142,0.4436997319034853,0.3780160857908847,0.4772117962466488,Mobile,1,2,0,0.9591836734693877,0,0.013605442176870748,internal,0.08847184986595175,0,0.00804289544235925,0,0.39946380697050937,2025-03-20,2025-04-19,30,12.433333333333334
c5f4da1e31e7a8497ac488f4b068d9ca,166,24,88,91,86,0.3433734939759036,57,0.4171686746987952,0.3373493975903614,0.5060240963855421,Computer,0,1,0,0.9789473684210527,0,0,internal,0.08433734939759036,0,0.006024096385542169,0,0.4397590361445783,2025-03-07,2025-04-06,30,6.916666666666667
c62e2aca7afc1e9c73872a62e30e7848,3,2,2,1,1,0.6666666666666666,2,0.4166666666666667,0.3333333333333333,0.3333333333333333,Mobile,1,1,0.6666666666666666,0,0,0,search,1,0,0,0,0,2025-03-22,2025-03-23,1,1.5
c63f8a67553105581be2ce0dff32b3f4,3,1,2,1,1,0,0,0.25,0,0.6666666666666666,Mobile,1,1,0,0.6666666666666666,0,0,internal,0,0,0,0,0.6666666666666666,2025-03-10,2025-03-10,0,3
c72388148b999f0f684abdc883dfb610,213,27,96,105,95,0.3192488262910798,68,0.30633802816901406,0.19718309859154928,0.5821596244131455,Mobile,1,2,0,0.9807692307692307,0,0,internal,0.07981220657276995,0,0.004694835680751174,0,0.5070422535211268,2025-03-22,2025-04-18,27,7.888888888888889
c725b4f13e87aee2d75db85f4b717ab6,648,31,394,423,392,0.3888888888888889,252,0.5659722222222222,0.5015432098765432,0.3904320987654321,Computer,0,2,0,0.9931972789115646,0,0,internal,0.11728395061728394,0,0.013888888888888888,0,0.3441358024691358,2025-03-04,2025-04-03,30,20.903225806451612
c7942fc44892805619480b10b00a1c97,160,21,91,96,89,0.35625,57,0.396875,0.275,0.5,Computer,0,1,0,0.9896907216494846,0,0,internal,0.06875,0,0.00625,0,0.39375,2025-03-05,2025-04-04,30,7.619047619047619
c7bdb7da31ed15bcc2b8dcee4686c508,10,5,7,7,6,0.5,5,0.425,0.2,0.5,Mobile,1,1,0,0,0,0.2857142857142857,unknown,0.4,0,0,0,0.3,2025-03-21,2025-04-12,22,2
c7e1c5854a5498b853ccece74c497065,966,31,557,735,554,0.4244306418219462,410,0.6040372670807453,0.5486542443064182,0.33436853002070394,Computer,0,1,0.2502768549280177,0.7486157253599114,0,0,internal,0.13561076604554864,0,0.008281573498964804,0,0.2370600414078675,2025-03-21,2025-04-20,30,31.161290322580644
c7ebffd40754673a2cbfb814685a9e7c,122,16,55,70,51,0.27049180327868855,33,0.41188524590163933,0.29508196721311475,0.4918032786885246,Computer,0,2,0.008333333333333333,0.9666666666666667,0,0,internal,0.07377049180327869,0,0,0,0.36065573770491804,2025-03-22,2025-04-21,30,7.625
c7f097b9d706357319d402a81ecafe61,121,8,55,63,49,0.2644628099173554,32,0.31611570247933884,0.23140495867768596,0.5537190082644629,Computer,0,1,0.009523809523809525,0.9428571428571428,0,0.0380952380952381,internal,0.06611570247933884,0,0,0,0.10743801652892562,2025-03-05,2025-04-03,29,15.125
c81237e08e7023521f2b624d5c18fcf9,4,2,4,4,4,0.5,2,0.6875,0.5,0.25,Mobile,1,1,0,0.25,0,0.25,unknown,0,0,0,0,0,2025-03-08,2025-03-10,2,2
c8773ba99e238fcc3e6354b094c054dc,152,28,119,130,116,0.46710526315789475,71,0.59375,0.45394736842105265,0.25,Tablet,0,1,0,0.6258503401360545,0,0,internal,0.21052631578947367,0,0,0,0.125,2025-03-15,2025-04-14,30,5.428571428571429
c87f05ad95f5f762ee2991ac45685fac,300,31,170,177,168,0.30333333333333334,91,0.3775,0.24,0.48,Computer,0,2,0.03296703296703297,0.9285714285714286,0,0,internal,0.10666666666666667,0,0.016666666666666666,0,0.4066666666666667,2025-03-10,2025-04-09,30,9.67741935483871
c8a278dec924a95815133c3f0c15e8cd,14,5,6,5,5,0.2857142857142857,4,0.19642857142857142,0.07142857142857142,0.6428571428571429,Computer,0,1,0,1,0,0,internal,0,0,0,0,0.6428571428571429,2025-03-11,2025-04-08,28,2.8
c8d04ab60d4ddf7d658eddd388e537dc,225,13,142,149,131,0.4,90,0.55,0.5022222222222222,0.4088888888888889,Computer,0,1,0,0.9895287958115183,0,0,internal,0.10666666666666667,0,0.32,0,0.06222222222222222,2025-03-14,2025-04-13,30,17.307692307692307
c8e4a23b9e979430d588440ed4f70da7,121,24,48,58,46,0.30578512396694213,37,0.3037190082644628,0.18181818181818182,0.6115702479338843,Mobile,1,3,0,0.9661016949152542,0,0,internal,0.14049586776859505,0,0.008264462809917356,0,0.512396694214876,2025-03-07,2025-04-06,30,5.041666666666667
c9642c7e6b729027c298084251edfec2,31,8,17,16,15,0.2903225806451613,9,0.3225806451612903,0.1935483870967742,0.5806451612903226,Mobile,1,2,0,0.3870967741935484,0,0.1935483870967742,unknown,0.12903225806451613,0,0,0,0.3870967741935484,2025-03-23,2025-04-07,15,3.875
c9c0ee891e75d4768f4cacb8d505a47b,59,15,28,31,25,0.3050847457627119,18,0.3432203389830508,0.1864406779661017,0.5254237288135594,Mobile,1,1,0,0.9761904761904762,0,0,internal,0.0847457627118644,0,0,0,0.11864406779661017,2025-03-12,2025-04-10,29,3.933333333333333
c9d9513e179483c3818a8f0638759a04,4,2,3,4,3,0,0,0.25,0.25,0.75,Mobile,1,1,0,0,0,0.5,social,0.25,0,0,0,0,2025-03-23,2025-03-26,3,2
c9e12beabccbe760eb991404a1a6d8a8,346,27,222,243,209,0.37572254335260113,130,0.4328034682080925,0.3063583815028902,0.430635838150289,Mobile,1,1,0.1016949152542373,0.8983050847457628,0,0,internal,0.12427745664739884,0,0.13005780346820808,0,0.1676300578034682,2025-03-12,2025-04-11,30,12.814814814814815
c9f9144d6d7f9feea4a3f7b8508c7512,449,29,211,265,205,0.34743875278396436,156,0.29565701559020047,0.1870824053452116,0.579064587973274,Mobile,1,1,0,1,0,0,internal,0.12026726057906459,0,0,0,0.26057906458797325,2025-03-23,2025-04-21,29,15.482758620689655
cb06350478e8e8b0fda136751593b4ea,166,29,73,73,70,0.2469879518072289,41,0.3569277108433735,0.30120481927710846,0.5783132530120482,Computer,0,1,0.43884892086330934,0.5467625899280576,0,0,internal,0.07228915662650602,0,0,0,0.5301204819277109,2025-03-05,2025-04-04,30,5.724137931034483
cb1999f44040d75a589b9677b11ab6dd,324,22,161,174,155,0.3148148148148148,102,0.28703703703703703,0.16358024691358025,0.5555555555555556,Computer,0,2,0.04878048780487805,0.9065040650406504,0,0,internal,0.08024691358024691,0,0.006172839506172839,0,0.35185185185185186,2025-03-06,2025-04-05,30,14.727272727272727
cb92ae67bee72e40d07beb9773352800,434,29,200,204,193,0.271889400921659,118,0.21831797235023043,0.08986175115207373,0.6152073732718893,Computer,0,1,0,0.978021978021978,0,0.014652014652014652,internal,0.12442396313364056,0,0.018433179723502304,0,0.5092165898617511,2025-03-16,2025-04-15,30,14.96551724137931
cbbccaff1980a9afe74cf3b70a7d61da,882,31,339,387,325,0.24263038548752835,214,0.2950680272108844,0.21315192743764172,0.6326530612244898,Mobile,1,2,0.006993006993006993,0.972027972027972,0,0,internal,0.06575963718820861,0,0.03854875283446712,0,0.10090702947845805,2025-03-05,2025-04-04,30,28.451612903225808
cbd25d5f4fe90834708bb6e362dd71ff,1,1,1,1,1,0,0,1,1,0,Mobile,1,1,0,0,0,0,unknown,0,0,0,0,0,2025-03-04,2025-03-04,0,1
cc8295dd665a1de96fe1d20e1bcc6831,20,1,12,14,11,0.4,8,0.325,0.2,0.55,Mobile,1,1,0,0.7,0,0,internal,0.1,0,0,0,0.3,2025-03-09,2025-03-09,0,20
ccc8f1b438686e37f9f03a6f883ff2a4,591,29,266,349,262,0.32148900169204736,190,0.2800338409475465,0.13874788494077833,0.6023688663282571,Mobile,1,1,0,0.9916897506925207,0,0,internal,0.10829103214890017,0,0.01353637901861252,0,0.3993231810490694,2025-03-22,2025-04-21,30,20.379310344827587
cceb3290f938f15918c8cf27dd2ff945,3,1,1,0,0,0,0,0,0,1,Mobile,1,1,0,0.6666666666666666,0,0,internal,0,0,0,0,1,2025-03-14,2025-03-14,0,3
cd228c9e541eb4614990045843f581f2,22,6,8,16,7,0.4090909090909091,9,0.4318181818181818,0.2727272727272727,0.5,Computer,0,1,0.07142857142857142,0.7142857142857143,0,0,internal,0.45454545454545453,0,0,0,0.2727272727272727,2025-03-15,2025-03-30,15,3.6666666666666665
cd56a0cd8667821575100b3250a9b4f8,562,30,255,346,252,0.3736654804270463,210,0.3300711743772242,0.17793594306049823,0.5231316725978647,Mobile,1,2,0,0.9869646182495344,0,0,internal,0.09252669039145907,0,0.0035587188612099642,0,0.37722419928825623,2025-03-22,2025-04-21,30,18.733333333333334
cd59224fcfcc404981604bd2c95ed713,105,21,71,80,67,0.4095238095238095,43,0.5547619047619048,0.44761904761904764,0.34285714285714286,Mobile,1,2,0.225,0.7375,0,0,internal,0.0380952380952381,0,0.009523809523809525,0,0.19047619047619047,2025-03-21,2025-04-20,30,5
cd6c3e6398909fdb7208c8a41682afec,34,8,14,14,12,0.3235294117647059,11,0.2647058823529412,0.20588235294117646,0.6470588235294118,Mobile,1,3,0,0.75,0,0,internal,0,0,0,0,0.14705882352941177,2025-03-16,2025-04-11,26,4.25
cd89e049f0b16fa28499c3a1ab5e15f5,49,8,48,48,47,0.5714285714285714,28,0.8214285714285714,0.6530612244897959,0.04081632653061224,Computer,0,1,0,0.8857142857142857,0,0,internal,0.3469387755102041,0,0,0,0.02040816326530612,2025-03-15,2025-04-14,30,6.125
cdcf80d158f378db78d1d8fadb387ab8,225,31,175,195,173,0.5111111111111111,115,0.7244444444444444,0.6266666666666667,0.19555555555555557,Mobile,1,2,0.0196078431372549,0.9607843137254902,0,0,internal,0.13333333333333333,0,0,0,0.1288888888888889,2025-03-04,2025-04-03,30,7.258064516129032
cde126123f199937279bcad3d9e01720,97,21,72,97,72,0.5979381443298969,58,0.5541237113402062,0.35051546391752575,0.28865979381443296,Mobile,1,1,0,0.9411764705882353,0,0,internal,0.17525773195876287,0,0.2268041237113402,0,0,2025-03-06,2025-04-04,29,4.619047619047619
cdf4b5845abcee42684fc103bcc62634,540,31,254,272,231,0.28703703703703703,155,0.325,0.2351851851851852,0.5777777777777777,Mobile,1,2,0.3828996282527881,0.6003717472118959,0,0,internal,0.07962962962962963,0,0.07407407407407407,0,0.39444444444444443,2025-03-22,2025-04-21,30,17.419354838709676
cdfd2a89babf1b6e989ff43bdd144c3d,2,1,2,2,2,1,2,1,1,0,Mobile,1,1,0,0,0,0,unknown,0,0,0,0,0,2025-03-20,2025-03-20,0,2
ce66f99b04a7eaf26a438a47f91e5c31,460,31,223,230,222,0.26956521739130435,124,0.3467391304347826,0.27608695652173915,0.5760869565217391,Computer,0,1,0.004366812227074236,0.9388646288209607,0,0,internal,0.1391304347826087,0,0.004347826086956522,0,0.5,2025-03-23,2025-04-22,30,14.838709677419354
cea6e8cff201b5805f306ac32de5c6b3,13,6,5,4,3,0.3076923076923077,4,0.19230769230769232,0.15384615384615385,0.7692307692307693,Mobile,1,1,0,0.8888888888888888,0,0,internal,0,0,0,0,0.23076923076923078,2025-03-09,2025-04-05,27,2.1666666666666665
cec3fe960d60daafddc79bce70bdb365,40,10,22,25,21,0.375,15,0.41875,0.25,0.45,Computer,0,1,0,0.9615384615384616,0,0,internal,0.05,0,0,0,0.375,2025-03-08,2025-04-03,26,4
cef8c111e1a6a010e5e1a9801e09a2e0,12,6,5,5,2,0.3333333333333333,4,0.25,0.25,0.75,Mobile,1,2,0.2,0.5,0,0,internal,0,0,0,0,0.4166666666666667,2025-03-20,2025-04-18,29,2
cf78ae59afd3ba595b9bbe3634e8861a,72,14,55,72,55,0.5138888888888888,37,0.6458333333333334,0.3611111111111111,0.08333333333333333,Computer,0,2,0,0.75,0,0.08333333333333333,internal,0.3055555555555556,0,0,0,0,2025-03-29,2025-04-22,24,5.142857142857143
cf9bb6c697c20d5eb0942feb43cd07b3,163,28,89,92,88,0.3496932515337423,57,0.3205521472392638,0.15337423312883436,0.50920245398773,Computer,0,2,0.028985507246376812,0.8840579710144928,0,0.043478260869565216,internal,0.09202453987730061,0,0.006134969325153374,0,0.43558282208588955,2025-03-21,2025-04-20,30,5.821428571428571
cfb0f260bbd8b345ebb474ee8b3a31c3,60,12,50,52,48,0.5666666666666667,34,0.6833333333333333,0.5833333333333334,0.25,Computer,0,2,0,0.7358490566037735,0.1509433962264151,0.05660377358490566,internal,0.2,0,0,0,0.11666666666666667,2025-03-19,2025-04-16,28,5
cfb989d2b0e7704212c88903976a770b,19,7,12,9,8,0.15789473684210525,3,0.27631578947368424,0.10526315789473684,0.5263157894736842,Mobile,1,1,0.07142857142857142,0.5714285714285714,0,0,internal,0,0,0.05263157894736842,0,0.3157894736842105,2025-03-23,2025-04-20,28,2.7142857142857144
cfca42b67f889953733a6032ae4143d1,28,10,25,27,24,0.5714285714285714,16,0.625,0.4642857142857143,0.14285714285714285,Mobile,1,1,0,1,0,0,internal,0.14285714285714285,0,0,0,0.03571428571428571,2025-04-06,2025-04-21,15,2.8
cfda831591d317b78cb24f401d7fe1b4,737,31,249,308,247,0.24830393487109906,183,0.17062415196743555,0.08819538670284939,0.6770691994572592,Computer,0,1,0.005988023952095809,0.9910179640718563,0,0,internal,0.20081411126187246,0,0.010854816824966078,0,0.5454545454545454,2025-03-05,2025-04-04,30,23.774193548387096
d0129f09763833b1b2567f8c7d2be980,71,14,62,67,61,0.5070422535211268,36,0.6197183098591549,0.4225352112676056,0.2112676056338028,Computer,0,2,0,0.8636363636363636,0,0,internal,0.18309859154929578,0,0,0,0.056338028169014086,2025-03-23,2025-04-15,23,5.071428571428571
d0c4c9f292d80bb95236914f7cc2c39c,87,9,45,43,37,0.2988505747126437,26,0.3333333333333333,0.22988505747126436,0.5632183908045977,Computer,0,1,0,0.9538461538461539,0,0,internal,0.06896551724137931,0,0.05747126436781609,0,0.3103448275862069,2025-03-22,2025-04-21,30,9.666666666666666
d0d81b7a741d91ade62ef2055b924416,700,31,331,358,321,0.29428571428571426,206,0.3275,0.19428571428571428,0.5571428571428572,Mobile,1,2,0,0.9973333333333333,0,0,internal,0.09,0,0.008571428571428572,0,0.4657142857142857,2025-03-09,2025-04-08,30,22.580645161290324
d0e09996630a7a664eb6f1f65c865d5c,3,3,3,2,2,0.3333333333333333,1,0.08333333333333333,0,0.6666666666666666,Tablet,0,2,0,1,0,0,internal,0,0,0,0,0.3333333333333333,2025-03-30,2025-04-07,8,1
d11308b020d39d9cf932704c9298d801,245,26,100,123,95,0.2693877551020408,66,0.2938775510204082,0.18775510204081633,0.5795918367346938,Computer,0,1,0.34782608695652173,0.6473429951690821,0,0,internal,0.08163265306122448,0,0,0,0.3673469387755102,2025-03-05,2025-04-04,30,9.423076923076923
d12a65d3b86ee43619c89e2b0f6211d8,1469,31,405,499,403,0.19877467665078286,292,0.24812797821647378,0.18720217835262082,0.6902654867256637,Mobile,1,2,0,0.9882943143812709,0,0,internal,0.05718175629680054,0,0.004765146358066712,0,0.6596324029952348,2025-03-19,2025-04-18,30,47.38709677419355
d191f386d848be4c5be981c0f8816e01,23,9,16,20,15,0.5217391304347826,12,0.32608695652173914,0.21739130434782608,0.4782608695652174,Mobile,1,2,0,0.5,0,0,internal,0.08695652173913043,0,0,0,0.13043478260869565,2025-03-15,2025-04-12,28,2.5555555555555554
d1ca6a372601fe9c7e69b8524758f7eb,627,31,255,287,250,0.23444976076555024,147,0.2795055821371611,0.16427432216905902,0.6188197767145136,Mobile,1,2,0,0.9805194805194806,0,0,internal,0.0861244019138756,0,0.004784688995215311,0,0.518341307814992,2025-03-05,2025-04-04,30,20.225806451612904
d2272179aa910b22d9225a1199cf14fa,46,6,20,22,17,0.21739130434782608,10,0.30434782608695654,0.21739130434782608,0.6521739130434783,Mobile,1,1,0,0.9555555555555556,0,0,internal,0.08695652173913043,0,0.08695652173913043,0,0.43478260869565216,2025-03-14,2025-03-22,8,7.666666666666667
d2acf3cf03a69046e1623fa33ae114b1,22,7,3,2,2,0,0,0.06818181818181818,0.045454545454545456,0.9090909090909091,Mobile,1,1,0,1,0,0,internal,0.045454545454545456,0,0.045454545454545456,0,0.9090909090909091,2025-03-24,2025-04-21,28,3.142857142857143
d2bedcbfe15ea77c13a13272be47abcc,18,2,9,8,6,0.3333333333333333,6,0.2916666666666667,0.1111111111111111,0.5555555555555556,Computer,0,1,0.06666666666666667,0.7333333333333333,0,0,internal,0,0,0,0,0.2222222222222222,2025-03-05,2025-03-11,6,9
d2e7df5218a6ff959bf1ab85f1858ce4,434,31,194,232,192,0.2926267281105991,127,0.29723502304147464,0.18202764976958524,0.5829493087557603,Computer,0,2,0.008438818565400843,0.9746835443037974,0,0,internal,0.07834101382488479,0,0.0069124423963133645,0,0.4608294930875576,2025-03-23,2025-04-22,30,14
d318a1f659b2a6ce46d0be0f99cbe2a7,31,4,13,13,11,0.2903225806451613,9,0.1693548387096774,0.06451612903225806,0.7096774193548387,Computer,0,1,0.06896551724137931,0.5862068965517241,0,0,internal,0.0967741935483871,0,0,0,0.45161290322580644,2025-03-11,2025-03-31,20,7.75
d35d97da5a4ec305f98763ba7c8a0dfa,243,31,103,86,85,0.17695473251028807,43,0.32098765432098764,0.2716049382716049,0.6296296296296297,Computer,0,1,0.00546448087431694,0.9781420765027322,0,0,internal,0.09053497942386832,0,0.0823045267489712,0,0.2345679012345679,2025-03-16,2025-04-15,30,7.838709677419355
d374ac8a05dd70988c87e7734fff9854,498,25,193,216,189,0.24497991967871485,122,0.27660642570281124,0.19076305220883535,0.6184738955823293,Computer,0,2,0,0.9866071428571429,0,0,internal,0.08835341365461848,0,0.01606425702811245,0,0.5582329317269076,2025-03-20,2025-04-18,29,19.92
d37cd1babcd1ecb66465edf82425aa0d,154,17,78,92,76,0.33116883116883117,51,0.41883116883116883,0.33116883116883117,0.4935064935064935,Mobile,1,2,0.010638297872340425,0.9680851063829787,0,0.010638297872340425,internal,0.11038961038961038,0,0.006493506493506494,0,0.38311688311688313,2025-03-17,2025-04-16,30,9.058823529411764
d394a1f873177cca6f4d0c3067edf964,121,22,67,68,66,0.2809917355371901,34,0.3739669421487603,0.30578512396694213,0.5371900826446281,Computer,0,2,0.015384615384615385,0.7384615384615385,0,0.2153846153846154,internal,0.14049586776859505,0,0,0,0.4380165289256198,2025-03-17,2025-04-14,28,5.5
d39d2ba1e1aaae6b07ef60d8e46b63b2,154,11,61,63,57,0.2597402597402597,40,0.2792207792207792,0.19480519480519481,0.6428571428571429,Mobile,1,1,0.04411764705882353,0.9411764705882353,0,0,internal,0.09090909090909091,0,0,0,0.551948051948052,2025-03-20,2025-03-30,10,14
d3b4f98b469e7b1bbf56522e703cc9b5,77,11,27,26,26,0.22077922077922077,17,0.2564935064935065,0.19480519480519481,0.7012987012987013,Mobile,1,1,0,0.8571428571428571,0,0,internal,0.05194805194805195,0,0,0,0.6623376623376623,2025-03-14,2025-03-25,11,7
d3bbd78fc08ccc5abd12a2162dd5633e,17,3,7,12,6,0.5882352941176471,10,0.5147058823529411,0.47058823529411764,0.47058823529411764,Mobile,1,2,0,0.8333333333333334,0,0,internal,0.35294117647058826,0,0,0,0.29411764705882354,2025-03-15,2025-03-27,12,5.666666666666667
d3e856f907af085350d630bbc69958cf,19,1,15,15,12,0.3684210526315789,7,0.5526315789473685,0.42105263157894735,0.3684210526315789,Computer,0,1,0.05263157894736842,0.8947368421052632,0,0,internal,0.15789473684210525,0,0,0,0.10526315789473684,2025-03-10,2025-03-10,0,19
d416ff413d4769eebbe4baabe7e4675a,166,23,80,112,78,0.3795180722891566,63,0.3207831325301205,0.23493975903614459,0.5542168674698795,Computer,0,1,0.056910569105691054,0.8943089430894309,0,0,internal,0.1686746987951807,0,0,0,0.3192771084337349,2025-03-19,2025-04-18,30,7.217391304347826
d4320c5fea0b44bca81af504ba1f9b7b,2,1,2,0,0,0.5,1,0.5,0.5,0.5,Computer,0,1,0,0,0,0,unknown,0,0,0,0,0.5,2025-03-04,2025-03-04,0,2
d434ebf14da785b30d1a825afafc7b71,511,31,130,138,127,0.16634050880626222,85,0.1815068493150685,0.13111545988258316,0.7827788649706457,Mobile,1,2,0,0.9929078014184397,0,0,internal,0.0410958904109589,0,0.015655577299412915,0,0.726027397260274,2025-03-08,2025-04-07,30,16.483870967741936
d45193d95b89190f94adf87f9d1708ae,721,31,328,396,323,0.3314840499306519,239,0.2669902912621359,0.10402219140083217,0.5839112343966713,Mobile,1,1,0.0016611295681063123,0.9966777408637874,0,0,internal,0.10402219140083217,0,0.005547850208044383,0,0.44105409153952846,2025-03-22,2025-04-21,30,23.258064516129032
d49c31280222e1a061eafbeeca537d8d,16,3,11,11,10,0.1875,3,0.59375,0.5625,0.375,Computer,0,2,0,0.8461538461538461,0,0,internal,0.125,0,0,0,0.3125,2025-03-13,2025-04-04,22,5.333333333333333
d4a474d23bf644364f87a33c55b0e0c1,282,31,147,149,139,0.2695035460992908,76,0.3829787234042553,0.28368794326241137,0.5106382978723404,Computer,0,2,0.006622516556291391,0.9602649006622517,0,0,internal,0.08865248226950355,0,0.014184397163120567,0,0.42907801418439717,2025-03-17,2025-04-16,30,9.096774193548388
d4a76a674c30756c5fe2e9b0159d45f9,293,31,96,96,82,0.1945392491467577,57,0.2158703071672355,0.13310580204778158,0.7098976109215017,Mobile,1,3,0,0.9698795180722891,0,0,internal,0.08873720136518772,0,0.010238907849829351,0,0.447098976109215,2025-03-12,2025-04-11,30,9.451612903225806
d58d431c768aa802457db2134c04e7fa,50,17,13,11,10,0.12,6,0.175,0.16,0.8,Computer,0,1,0,0.9565217391304348,0,0,internal,0,0,0,0,0.74,2025-03-03,2025-04-02,30,2.9411764705882355
d5daaf6281239bd2246032f0911b8c17,1,1,1,1,1,1,1,0,0,1,Mobile,1,1,NA,NA,NA,NA,NA,0,0,0,0,0,2025-03-11,2025-03-11,0,1
d5fd2cb43a6429a01f2dc22b184df8e7,5,2,4,3,3,0.2,1,0.35,0.2,0.4,Mobile,1,1,0,0,0,0,unknown,0,0,0,0,0.4,2025-03-03,2025-04-01,29,2.5
d61fc621115dad0ac2ed28f0b855bd11,18,2,14,11,10,0.5,9,0.3333333333333333,0.16666666666666666,0.4444444444444444,Computer,0,1,0,0.9375,0,0,internal,0.05555555555555555,0,0,0,0.1111111111111111,2025-03-21,2025-03-22,1,9
d6b04f2cfd26bfcddd84203818a8ddde,542,29,188,197,185,0.2029520295202952,110,0.25322878228782286,0.16974169741697417,0.6623616236162362,Computer,0,2,0,0.9955555555555555,0,0,internal,0.06457564575645756,0,0.005535055350553505,0,0.6291512915129152,2025-03-06,2025-04-05,30,18.689655172413794
d717496b69d3d8d5d201e81fa257ac9e,7,4,5,7,5,0.14285714285714285,1,0.6785714285714286,0.5714285714285714,0.2857142857142857,Mobile,1,1,0.3333333333333333,0,0,0.16666666666666666,unknown,0.42857142857142855,0,0,0,0,2025-03-23,2025-04-11,19,1.75
d7b8fd9ea68936826991511041434b9c,332,31,201,207,199,0.35843373493975905,119,0.39156626506024095,0.23795180722891565,0.4759036144578313,Computer,0,2,0.004975124378109453,0.9701492537313433,0,0,internal,0.16265060240963855,0,0.012048192771084338,0,0.3704819277108434,2025-03-23,2025-04-22,30,10.709677419354838
d7de0bb1872779d0fa95792981d2e399,1,1,1,1,1,0,0,1,1,0,Mobile,1,1,0,0,0,0,unknown,0,0,0,0,0,2025-03-07,2025-03-07,0,1
d7df96d130e472e3d558d2318e4b5b95,978,31,380,426,379,0.26380368098159507,258,0.3070040899795501,0.1768916155419223,0.5991820040899796,Mobile,1,1,0,1,0,0,internal,0.077709611451942745,0,0.00408997955010225,0,0.5644171779141104,2025-03-21,2025-04-20,30,31.548387096774192
d8d3b53b5f3e5ec9aae3172f3b9b19a3,719,31,258,310,244,0.2726008344923505,196,0.23157162726008346,0.1349095966620306,0.6759388038942976,Mobile,1,2,0.4694167852062589,0.5234708392603129,0,0,internal,0.07093184979137691,0,0.0027816411682892906,0,0.4631432545201669,2025-03-13,2025-04-12,30,23.193548387096776
d9131a70d86f30eae6d2e6bd57a76230,268,28,119,135,118,0.291044776119403,78,0.32649253731343286,0.24253731343283583,0.5671641791044776,Tablet,0,2,0,0.9256756756756757,0,0.05405405405405406,internal,0.10820895522388059,0,0.007462686567164179,0,0.4962686567164179,2025-03-23,2025-04-21,29,9.571428571428571
d930f746a880de29aae6ce810b11f5da,8,7,7,6,5,0.25,2,0.375,0,0.375,Mobile,1,1,0,0.3333333333333333,0,0,unknown,0.25,0,0,0,0.125,2025-03-22,2025-04-04,13,1.1428571428571428
d94684e197cea38e5f304b72de68aea7,87,11,55,49,46,0.3448275862068966,30,0.40804597701149425,0.25287356321839083,0.45977011494252873,Computer,0,1,0.20238095238095238,0.6785714285714286,0,0.011904761904761904,internal,0.19540229885057472,0,0,0,0.1839080459770115,2025-03-10,2025-04-09,30,7.909090909090909
da62f8551246a22ec01f2082ec6d51d8,1409,31,585,753,583,0.31369765791341375,442,0.28282469836763663,0.1611071682044003,0.5727466288147622,Mobile,1,2,0.0013297872340425532,0.9920212765957447,0,0,internal,0.1022001419446416,0,0.0014194464158978,0,0.46486870120652946,2025-03-11,2025-04-10,30,45.45161290322581
da9537185d65911a80acaf42a65a7e59,943,31,321,399,315,0.2449628844114528,231,0.24734888653234358,0.18027571580063625,0.6977730646871686,Mobile,1,2,0,0.9912854030501089,0,0,internal,0.07211028632025451,0,0.0021208907741251328,0,0.5259809119830329,2025-03-07,2025-04-06,30,30.419354838709676
daa026f87a34f553164a8b7d87d095e9,109,24,39,40,38,0.22018348623853212,24,0.13761467889908258,0.01834862385321101,0.7064220183486238,Computer,0,1,0.5700934579439252,0.35514018691588783,0,0,search,0.045871559633027525,0,0,0,0.6330275229357798,2025-03-21,2025-04-20,30,4.541666666666667
dacc9c43dac760621fb910f020549e30,556,30,238,256,233,0.25539568345323743,142,0.27967625899280574,0.15467625899280577,0.5863309352517986,Tablet,0,3,0.007547169811320755,0.9849056603773585,0,0,internal,0.07014388489208633,0,0.007194244604316547,0,0.5215827338129496,2025-03-19,2025-04-18,30,18.533333333333335
db377db012994337e849d93d6fe9e4c8,447,27,158,281,152,0.2930648769574944,131,0.3730425055928412,0.2796420581655481,0.5190156599552572,Mobile,1,1,0.060126582278481014,0.9145569620253164,0,0,internal,0.14541387024608501,0,0.006711409395973154,0,0.3512304250559284,2025-03-11,2025-04-10,30,16.555555555555557
db4828062baa2fa76909d003660bb7f4,74,12,42,50,39,0.35135135135135137,26,0.4864864864864865,0.36486486486486486,0.44594594594594594,Computer,0,1,0.016666666666666666,0.9666666666666667,0,0,internal,0.05405405405405406,0,0,0,0.14864864864864866,2025-03-23,2025-04-20,28,6.166666666666667
db8f2d60080013f7b31d64968f8b0b77,30,11,16,16,15,0.43333333333333335,13,0.3416666666666667,0.2,0.5333333333333333,Mobile,1,2,0,0.875,0,0,internal,0.1,0,0.03333333333333333,0,0.4666666666666667,2025-03-15,2025-04-14,30,2.727272727272727
dbc43769b3fb6804d1b1992e6491bf3d,471,31,128,152,124,0.1592356687898089,75,0.24734607218683652,0.22505307855626328,0.7197452229299363,Mobile,1,2,0.006134969325153374,0.9693251533742331,0,0,internal,0.03184713375796178,0,0.004246284501061571,0,0.6687898089171974,2025-03-14,2025-04-13,30,15.193548387096774
dc06958e674987da4c082feed698ab7b,369,31,176,190,175,0.2926829268292683,108,0.3394308943089431,0.25745257452574527,0.5555555555555556,Mobile,1,2,0,0.9954128440366973,0,0,internal,0.14634146341463414,0,0,0,0.48509485094850946,2025-03-23,2025-04-22,30,11.903225806451612
dc11ae6804e7e6d5703c16aede010648,83,12,40,50,39,0.3493975903614458,29,0.32228915662650603,0.25301204819277107,0.5903614457831325,Computer,0,1,0,0.974025974025974,0,0,internal,0.1686746987951807,0,0,0,0.39759036144578314,2025-03-22,2025-04-20,29,6.916666666666667
dc7631bbc9551b36ee5bda5de1c132d6,1,1,1,0,0,0,0,0,0,1,Mobile,1,1,0,0,0,0,unknown,0,0,0,0,1,2025-03-11,2025-03-11,0,1
dcaadf3ddcf358e577151fecadb3967d,15,2,6,2,2,0.2,3,0.11666666666666667,0.06666666666666667,0.7333333333333333,Computer,0,1,0,0.8571428571428571,0,0,internal,0.13333333333333333,0,0,0,0.4,2025-03-06,2025-03-14,8,7.5
dcba10179c7398d65b5bfd8ee4889d8d,213,29,116,122,114,0.29107981220657275,62,0.3333333333333333,0.22065727699530516,0.5446009389671361,Mobile,1,2,0.016260162601626018,0.967479674796748,0,0,internal,0.11267605633802817,0,0.004694835680751174,0,0.4225352112676056,2025-03-21,2025-04-19,29,7.344827586206897
dcbb95b22ec6915698f56724b817934f,20,5,18,17,17,0.45,9,0.6625,0.5,0.25,Computer,0,1,0,0.65,0,0.2,internal,0.3,0,0,0,0.15,2025-03-11,2025-04-10,30,4
dcd9d5af27530c8a408dc9233552e69b,119,27,84,77,74,0.3025210084033613,36,0.46218487394957986,0.37815126050420167,0.44537815126050423,Computer,0,2,0,0.7282608695652174,0,0.2391304347826087,internal,0.1092436974789916,0,0,0,0.23529411764705882,2025-03-06,2025-04-04,29,4.407407407407407
dd17b70b375e73e19d04201f4fe37788,166,22,154,165,153,0.46987951807228917,78,0.7650602409638554,0.5843373493975904,0.060240963855421686,Computer,0,2,0,0.9878048780487805,0,0.012195121951219513,internal,0.12650602409638553,0,0.03614457831325301,0,0,2025-03-21,2025-04-20,30,7.545454545454546
dd4d55e0e908ca50ec26ca9b5e4fda19,432,31,160,173,157,0.23842592592592593,103,0.2378472222222222,0.15046296296296297,0.6550925925925926,Mobile,1,2,0.5990675990675991,0.3939393939393939,0,0.002331002331002331,search,0.06018518518518518,0,0,0,0.5949074074074074,2025-03-20,2025-04-19,30,13.935483870967742
dd70d17ba6653dad85b4c6d304785ebb,10,5,4,7,3,0.5,5,0.3,0.3,0.7,Computer,0,1,0.1111111111111111,0.2222222222222222,0,0,unknown,0,0,0,0,0.3,2025-03-16,2025-04-02,17,2
dd93943a44977881c2ef1b76a67a9c22,80,18,56,57,54,0.375,30,0.578125,0.4625,0.3125,Computer,0,2,0,0.96,0,0,internal,0.1125,0,0.0125,0,0.275,2025-03-23,2025-04-22,30,4.444444444444445
ddd31891708536128ea75533483f2997,19,8,13,18,12,0.21052631578947367,4,0.618421052631579,0.3157894736842105,0.21052631578947367,Computer,0,2,0.4117647058823529,0.5294117647058824,0,0,internal,0.42105263157894735,0,0,0,0,2025-03-21,2025-04-11,21,2.375
ddfabee485394d6aa5b99d1e5ecbffba,268,22,143,149,135,0.31716417910447764,85,0.3031716417910448,0.16044776119402984,0.5447761194029851,Computer,0,1,0.06965174129353234,0.8706467661691543,0,0,internal,0.10074626865671642,0,0.07835820895522388,0,0.35074626865671643,2025-03-07,2025-04-05,29,12.181818181818182
de045497eb92dad6c43b7b86a32d4e45,12,1,7,11,6,0.5,6,0.8541666666666666,0.6666666666666666,0.08333333333333333,Mobile,1,2,0.3333333333333333,0.3333333333333333,0,0,internal,0.9166666666666666,0,0,0,0.08333333333333333,2025-03-04,2025-03-04,0,12
de0e0931dcdd0be80e52b85aaa0efab5,47,19,35,45,34,0.3404255319148936,16,0.35638297872340424,0.06382978723404255,0.2765957446808511,Mobile,1,1,0,0.8571428571428571,0,0,internal,0.14893617021276595,0,0,0,0.0425531914893617,2025-03-05,2025-04-04,30,2.473684210526316
de4d0727c4900525e97c20236a0566c2,122,15,65,72,58,0.29508196721311475,36,0.3975409836065574,0.2540983606557377,0.4918032786885246,Tablet,0,2,0.1896551724137931,0.6982758620689655,0.008620689655172414,0,internal,0.06557377049180328,0,0,0,0.27049180327868855,2025-03-08,2025-04-07,30,8.133333333333333
de69e87c5fea53f04b7b6b3c72a16a8f,6,2,3,3,2,0,0,0.5,0.5,0.5,Computer,0,1,0.16666666666666666,0.5,0,0.16666666666666666,internal,0.3333333333333333,0,0,0,0.5,2025-03-18,2025-04-11,24,3
de7b1fb9571eb0bfa9a5286fd5dabb7e,263,29,144,157,142,0.3612167300380228,95,0.3583650190114068,0.25475285171102663,0.5399239543726235,Mobile,1,1,0.012987012987012988,0.9805194805194806,0,0,internal,0.1520912547528517,0,0,0,0.39923954372623577,2025-03-05,2025-04-04,30,9.068965517241379
de829deda88d0df0c4c8f9a3eb4cc186,322,30,98,110,97,0.17080745341614906,55,0.18944099378881987,0.11180124223602485,0.7111801242236024,Tablet,0,3,0,0.9761092150170648,0,0,internal,0.08695652173913043,0,0.009316770186335404,0,0.6583850931677019,2025-03-21,2025-04-20,30,10.733333333333333
df243b961367b2174f33a26ff9d970db,15,2,12,11,10,0.26666666666666666,4,0.48333333333333334,0.26666666666666666,0.26666666666666666,Mobile,1,1,0,0.8,0,0.06666666666666667,internal,0.06666666666666667,0,0,0,0.06666666666666667,2025-03-07,2025-04-03,27,7.5
df2460fe773a98e7e564d45cc0c6da70,186,13,101,112,98,0.41397849462365593,77,0.3293010752688172,0.24193548387096775,0.5860215053763441,Mobile,1,2,0,0.9772727272727273,0,0.007575757575757576,internal,0.21505376344086022,0,0.021505376344086023,0,0.3763440860215054,2025-03-19,2025-04-13,25,14.307692307692308
df49190f560e6aae7be1bb02558601b8,191,19,90,92,79,0.24607329842931938,47,0.27486910994764396,0.1518324607329843,0.5759162303664922,Computer,0,1,0.09876543209876543,0.8888888888888888,0,0.006172839506172839,internal,0.12041884816753927,0,0.020942408376963352,0,0.36649214659685864,2025-03-24,2025-04-23,30,10.052631578947368
df805926164de62f645d438131cfaef8,129,15,63,74,59,0.3798449612403101,49,0.3391472868217054,0.23255813953488372,0.5581395348837209,Mobile,1,2,0.043010752688172046,0.7096774193548387,0,0,internal,0.13953488372093023,0,0.007751937984496124,0,0.3875968992248062,2025-03-13,2025-04-03,21,8.6
dfbfebca04d0444f52ab783f051fcca9,16,4,8,8,5,0.3125,5,0.390625,0.25,0.5,Computer,0,1,0.14285714285714285,0.7857142857142857,0,0,internal,0.375,0,0,0,0.1875,2025-03-04,2025-03-15,11,4
dfd3a068c917e611fbfa2b9a2fec9f07,34,7,16,20,14,0.29411764705882354,10,0.35294117647058826,0.29411764705882354,0.5882352941176471,Mobile,1,2,0.3333333333333333,0.6060606060606061,0,0,internal,0.20588235294117646,0,0,0,0.2647058823529412,2025-03-17,2025-04-05,19,4.857142857142857
dfdb1befea4c4fbac21e561c435811e2,2,1,2,1,1,0,0,0.5,0.5,0.5,Computer,0,1,0,0,0,0,unknown,0,0,0,0,0.5,2025-03-05,2025-03-05,0,2
dfe27d0f145bca6ed62bf0861cad9c36,8,3,8,7,7,0.125,1,0.65625,0.375,0.125,Tablet,0,1,0,0,0,0.75,social,0.375,0,0.125,0,0.125,2025-03-12,2025-03-14,2,2.6666666666666665
e014d5d423eec7606a2303d7bb68f7d6,5,2,4,3,3,0.2,1,0.25,0.2,0.6,Computer,0,1,0,0.4,0,0,unknown,0,0,0,0,0.4,2025-03-12,2025-03-13,1,2.5
e02076a514c52dda3fa98d8902d143b2,1,1,1,1,1,1,1,1,1,0,Computer,0,1,0,0,0,0,unknown,0,0,0,0,0,2025-03-10,2025-03-10,0,1
e06e61f1de9acb6d848b17a97f063a37,485,31,186,208,182,0.2536082474226804,123,0.2345360824742268,0.1463917525773196,0.6597938144329897,Computer,0,2,0.013574660633484163,0.9773755656108597,0,0,internal,0.088659793814433,0,0.004123711340206186,0,0.5649484536082474,2025-03-03,2025-04-02,30,15.64516129032258
e0be3cb7d97ef50310d2ce06544c35d9,3,2,3,3,3,0.3333333333333333,1,0.6666666666666666,0.6666666666666666,0.3333333333333333,Mobile,1,1,0,0.3333333333333333,0,0.3333333333333333,internal,0.3333333333333333,0,0,0,0,2025-03-24,2025-04-11,18,1.5
e0e2dfb741cb21eb041e20ea6520556e,393,31,213,241,203,0.3486005089058524,137,0.5025445292620865,0.45038167938931295,0.45038167938931295,Computer,0,2,0,0.9932885906040269,0,0,internal,0.09669211195928754,0,0.035623409669211195,0,0.1806615776081425,2025-03-05,2025-04-04,30,12.67741935483871
e121d81cf042fc1796bec45ee93a73ed,861,31,281,310,279,0.21254355400696864,183,0.3336236933797909,0.31823461091753774,0.6538908246225319,Mobile,1,1,0,0.9904306220095693,0,0,internal,0.06852497096399536,0,0.0011614401858304297,0,0.6387921022067363,2025-03-07,2025-04-06,30,27.774193548387096
e12aeab2cdd9cfe212471224aa9a0d09,4,2,3,3,2,0.25,1,0.75,0.75,0.25,Mobile,1,1,0,0.5,0,0,internal,0.75,0,0,0,0.25,2025-03-11,2025-03-12,1,2
e13de6e155664bb2e86516f767b1cf9a,695,31,269,298,263,0.2273381294964029,158,0.2435251798561151,0.13525179856115108,0.6388489208633094,Computer,0,2,0,0.9943181818181818,0,0,internal,0.08633093525179857,0,0.0014388489208633094,0,0.4719424460431655,2025-03-22,2025-04-21,30,22.419354838709676
e171a8643675f93226e0df6704494ed7,18,4,7,9,5,0.2222222222222222,4,0.4305555555555556,0.3888888888888889,0.5555555555555556,Computer,0,2,0,0.6428571428571429,0,0,internal,0,0,0,0,0.3333333333333333,2025-03-17,2025-03-26,9,4.5
e181101072b5af45d5113b3d20183037,23,3,13,17,12,0.5652173913043478,13,0.5760869565217391,0.4782608695652174,0.391304347826087,Mobile,1,1,0,0.95,0,0,internal,0.2608695652173913,0,0,0,0.2608695652173913,2025-03-04,2025-03-25,21,7.666666666666667
e1ca92d94eb1a7d3bdf4fdb35b92f7b1,644,31,259,309,251,0.265527950310559,171,0.3357919254658385,0.2391304347826087,0.5869565217391305,Mobile,1,2,0.05070422535211268,0.9267605633802817,0,0.014084507042253521,internal,0.07453416149068323,0,0.004658385093167702,0,0.4953416149068323,2025-03-15,2025-04-14,30,20.774193548387096
e1cc2945a2ec96f8f2d396564b9b4913,483,31,192,206,189,0.2422360248447205,117,0.2898550724637681,0.20082815734989648,0.6273291925465838,Mobile,1,1,0,0.9952153110047847,0,0,internal,0.08695652173913043,0,0.006211180124223602,0,0.5652173913043478,2025-03-21,2025-04-20,30,15.580645161290322
e1efb0bf97224357c9014734fbff2cc3,3,3,2,1,1,0.3333333333333333,1,0.3333333333333333,0.3333333333333333,0.6666666666666666,Computer,0,2,0,0,0,0,unknown,0.3333333333333333,0,0,0,0.6666666666666666,2025-03-22,2025-03-28,6,1
e207fd8a3e5150a304ec1379e8e41c3d,3,2,3,2,2,0.6666666666666666,2,0.4166666666666667,0,0.3333333333333333,Mobile,1,1,0,0,0,0,unknown,0,0,0,0,0.3333333333333333,2025-03-20,2025-04-02,13,1.5
e209e48b572e7337edd6c072ebab6cc2,299,31,126,137,123,0.25752508361204013,77,0.30518394648829433,0.22742474916387959,0.6521739130434783,Mobile,1,2,0,0.9863945578231292,0,0,internal,0.08361204013377926,0,0.020066889632107024,0,0.5150501672240803,2025-03-23,2025-04-22,30,9.64516129032258
e26dba81c57ccba42137cb465b43af51,777,31,279,303,276,0.23166023166023167,180,0.23391248391248393,0.148005148005148,0.6550836550836551,Computer,0,2,0.009009009009009009,0.963963963963964,0,0,internal,0.0978120978120978,0,0.003861003861003861,0,0.5778635778635779,2025-03-17,2025-04-16,30,25.06451612903226
e293d3ecc73fa3a96ec0e0ae898c6f70,3,3,3,2,2,0.3333333333333333,1,0.5833333333333334,0.3333333333333333,0,Mobile,1,1,0.3333333333333333,0,0.6666666666666666,0,email,0.3333333333333333,0,0,0,0,2025-03-24,2025-04-03,10,1
e2a42ae63cbf71f9a37698b08f859c43,2,2,2,1,1,0.5,1,0,0,1,Mobile,1,2,0,0,0,0,unknown,0,0,0,0,0.5,2025-03-15,2025-04-02,18,1
e2bcfffc7ab626d766ff915f3827a5b2,113,13,56,56,46,0.2920353982300885,33,0.2676991150442478,0.18584070796460178,0.6283185840707964,Computer,0,2,0.019801980198019802,0.9207920792079208,0,0,internal,0.07079646017699115,0,0,0,0.20353982300884957,2025-03-07,2025-04-06,30,8.692307692307692
e2fdae02e45683dec3d2e1469f356fa4,164,23,102,106,94,0.38414634146341464,63,0.3643292682926829,0.24390243902439024,0.49390243902439024,Computer,0,2,0.04132231404958678,0.8842975206611571,0,0,internal,0.17073170731707318,0,0.08536585365853659,0,0.21951219512195122,2025-03-05,2025-04-04,30,7.130434782608695
e313c648720ad368db50f15344b943aa,80,19,79,79,78,0.575,46,0.715625,0.4625,0.0375,Computer,0,1,0,0.9655172413793104,0,0,internal,0.25,0,0,0,0.0125,2025-03-07,2025-04-06,30,4.2105263157894735
e325d7311c22dbdc14be5e551758ef38,2,2,2,1,1,0.5,1,0,0,1,Computer,0,2,0,0,0,0,unknown,0.5,0,0,0,0.5,2025-03-11,2025-03-24,13,1
e36a2955c21f22023841899a593af38e,148,22,53,60,50,0.23648648648648649,35,0.28209459459459457,0.23648648648648649,0.6824324324324325,Mobile,1,2,0,0.9508196721311475,0,0,internal,0.08783783783783784,0,0.013513513513513514,0,0.5743243243243243,2025-03-06,2025-04-02,27,6.7272727272727275
e392a511d6c7bafcc5599c1917eb33f2,337,23,152,178,150,0.2789317507418398,94,0.27818991097922846,0.17507418397626112,0.5964391691394659,Computer,0,1,0,0.9890710382513661,0,0,internal,0.13353115727002968,0,0.020771513353115726,0,0.45103857566765576,2025-03-23,2025-04-22,30,14.652173913043478
e39cdb344761c03c8764587137d2c269,70,16,31,29,29,0.2857142857142857,20,0.22142857142857142,0.11428571428571428,0.6285714285714286,Computer,0,1,0.5571428571428572,0.42857142857142855,0,0,search,0.05714285714285714,0,0,0,0.5714285714285714,2025-03-21,2025-04-16,26,4.375
e4049089a6293865bd0718a74b7e9059,112,23,110,111,109,0.5803571428571429,65,0.7589285714285714,0.6964285714285714,0.1875,Computer,0,1,0,0.45871559633027525,0,0,unknown,0.26785714285714285,0,0.008928571428571428,0,0.008928571428571428,2025-03-03,2025-04-02,30,4.869565217391305
e40d8324bf7473ffb9377b7885c5e1fb,643,31,232,315,231,0.2986003110419907,192,0.2818818040435459,0.17573872472783825,0.6034214618973561,Mobile,1,2,0,0.9871794871794872,0,0,internal,0.06687402799377916,0,0,0,0.5101088646967341,2025-03-08,2025-04-07,30,20.741935483870968
e458dfd14161ec17d6a1ad39fa0ac2ed,411,31,185,197,183,0.2944038929440389,121,0.3108272506082725,0.23357664233576642,0.6131386861313869,Computer,0,2,0.4775,0.465,0,0,search,0.11678832116788321,0,0.014598540145985401,0,0.5182481751824818,2025-03-21,2025-04-20,30,13.258064516129032
e463f0f9681d51595aa29d943c869b0d,290,17,138,153,135,0.30689655172413793,89,0.4068965517241379,0.33448275862068966,0.5310344827586206,Computer,0,1,0,0.99375,0,0,internal,0.09655172413793103,0,0.013793103448275862,0,0.4517241379310345,2025-03-19,2025-04-04,16,17.058823529411764
e46b8fb17a46068b69be35a78b643528,66,6,55,56,54,0.5303030303030303,35,0.7310606060606061,0.6363636363636364,0.19696969696969696,Computer,0,2,0,0.9824561403508771,0,0,internal,0.24242424242424243,0,0,0,0.15151515151515152,2025-03-13,2025-04-11,29,11
e4c2b513bdcea217379ef84b2507904a,255,31,88,92,86,0.20784313725490197,53,0.2568627450980392,0.17647058823529413,0.6509803921568628,Computer,0,1,0.06060606060606061,0.9318181818181818,0,0,internal,0.09411764705882353,0,0,0,0.6352941176470588,2025-03-21,2025-04-20,30,8.225806451612904
e4c5b02a0d4e20c09552d31e50c13fc4,56,13,28,35,26,0.3392857142857143,19,0.38839285714285715,0.2857142857142857,0.4642857142857143,Computer,0,1,0,0.9811320754716981,0,0,internal,0.10714285714285714,0,0,0,0.35714285714285715,2025-03-06,2025-04-02,27,4.3076923076923075
e4d9cab3486eec07a0601a5874711d9e,1101,31,333,428,330,0.22161671207992734,244,0.2974568574023615,0.22797456857402362,0.631244323342416,Computer,0,1,0.008869179600886918,0.9889135254988913,0,0,internal,0.07266121707538602,0,0,0,0.6094459582198002,2025-03-23,2025-04-22,30,35.516129032258064
e4ef9939aade2fbcfc42abe59387806f,9,2,3,0,0,0,0,0,0,1,Mobile,1,2,0.14285714285714285,0,0,0,unknown,0.1111111111111111,0,0,0,0.4444444444444444,2025-03-09,2025-03-22,13,4.5
e5a437e84e41484e54a7bc16563f650b,288,28,183,201,182,0.3611111111111111,104,0.5572916666666666,0.4722222222222222,0.3645833333333333,Computer,0,2,0,0.9950248756218906,0,0,internal,0.08333333333333333,0,0.017361111111111112,0,0.3020833333333333,2025-03-21,2025-04-18,28,10.285714285714286
e5a9bf5971c8c820f1bbace57420b0d6,90,18,50,50,47,0.3,27,0.46944444444444444,0.4444444444444444,0.5,Computer,0,2,0,0.9807692307692307,0,0,internal,0.2111111111111111,0,0,0,0.4,2025-03-10,2025-04-05,26,5
e5c1e5dfabe1d1b80ee995d84de2201d,520,31,184,201,183,0.20961538461538462,109,0.23173076923076924,0.14423076923076922,0.6634615384615384,Mobile,1,1,0.01557632398753894,0.956386292834891,0,0,internal,0.08076923076923077,0,0,0,0.6134615384615385,2025-03-17,2025-04-16,30,16.774193548387096
e5de615145f8a831304370c9bb2e4c42,62,20,59,60,57,0.4838709677419355,30,0.7540322580645161,0.5483870967741935,0.06451612903225806,Computer,0,1,0,0.9629629629629629,0,0,internal,0.20967741935483872,0,0,0,0.016129032258064516,2025-03-17,2025-04-16,30,3.1
e621bdc702c49df6d1efd04402068bb2,446,28,223,251,219,0.33856502242152464,151,0.32286995515695066,0.16367713004484305,0.5089686098654709,Computer,0,2,0,0.8872180451127819,0,0,internal,0.09641255605381166,0,0.013452914798206279,0,0.42376681614349776,2025-03-08,2025-04-07,30,15.928571428571429
e623f27be79cacb492037e987b93e622,268,25,154,178,150,0.3619402985074627,97,0.4337686567164179,0.31716417910447764,0.4701492537313433,Mobile,1,2,0,0.9775280898876404,0,0.011235955056179775,internal,0.12686567164179105,0,0.0037313432835820895,0,0.3208955223880597,2025-03-05,2025-04-04,30,10.72
e6396f8167a1adfb29e8f99589b25a3e,116,17,69,94,66,0.39655172413793105,46,0.46336206896551724,0.3103448275862069,0.4051724137931034,Tablet,0,3,0.014084507042253521,0.9577464788732394,0,0,internal,0.10344827586206896,0,0,0,0.13793103448275862,2025-03-21,2025-04-20,30,6.823529411764706
e673b3a9ddc2393a2ccc0ce52666ba2f,577,31,248,287,246,0.28422876949740034,164,0.35701906412478335,0.24610051993067592,0.5545927209705372,Mobile,1,2,0.4405594405594406,0.493006993006993,0,0,internal,0.060658578856152515,0,0.0017331022530329288,0,0.5008665511265165,2025-03-23,2025-04-22,30,18.612903225806452
e68c9e466739941a8939ccfcaeec8f4d,3,1,3,2,2,0.6666666666666666,2,0.6666666666666666,0.6666666666666666,0.3333333333333333,Computer,0,2,0,0.3333333333333333,0,0,unknown,0,0,0,0,0.3333333333333333,2025-03-08,2025-03-08,0,3
e6d42f2cc92a1b3642be36753811c7ec,183,20,134,134,129,0.39344262295081966,72,0.5669398907103825,0.40437158469945356,0.28415300546448086,Mobile,1,2,0.022988505747126436,0.9137931034482759,0,0,internal,0.2677595628415301,0,0,0,0.22404371584699453,2025-03-23,2025-04-21,29,9.15
e6f2eaf758f41274511b63ce54ff104c,30,7,15,20,12,0.5,15,0.2916666666666667,0.16666666666666666,0.5666666666666667,Mobile,1,1,0.20689655172413793,0.6896551724137931,0,0.06896551724137931,internal,0.16666666666666666,0,0,0,0.26666666666666666,2025-03-22,2025-04-10,19,4.285714285714286
e7081beab27c1e5d9cfa25500d9d1df7,14,5,9,5,4,0.14285714285714285,2,0.2857142857142857,0.21428571428571427,0.6428571428571429,Mobile,1,1,0.18181818181818182,0.45454545454545453,0,0,internal,0.21428571428571427,0,0,0,0.14285714285714285,2025-03-11,2025-04-09,29,2.8
e71fdb8bf1e3c655c1e640416b18cd8f,20,4,14,16,12,0.4,8,0.425,0.35,0.45,Mobile,1,2,0.1,0.65,0.1,0,internal,0.1,0,0,0,0.1,2025-03-11,2025-04-02,22,5
e74766560c425319ebe0a349475a35fc,45,5,35,37,33,0.4666666666666667,21,0.6222222222222222,0.5555555555555556,0.28888888888888886,Mobile,1,1,0,0.868421052631579,0,0.10526315789473684,internal,0.17777777777777778,0,0,0,0.044444444444444446,2025-03-18,2025-03-31,13,9
e7a301fe623aea209b0a5aff28ae5933,71,28,7,13,5,0.11267605633802817,8,0.056338028169014086,0.04225352112676056,0.9295774647887324,Computer,0,1,0,0.6666666666666666,0,0,internal,0.014084507042253521,0,0,0,0.5633802816901409,2025-03-21,2025-04-18,28,2.5357142857142856
e7a3ae40b6ee57457d1274d18d27c72e,2,1,2,1,1,0,0,0.5,0.5,0.5,Computer,0,1,0,1,0,0,internal,0.5,0,0,0,0.5,2025-04-16,2025-04-16,0,2
e7b7e0997cfb6da158631fb040cc14a4,115,12,81,96,80,0.5217391304347826,60,0.6630434782608695,0.5739130434782609,0.2608695652173913,Tablet,0,1,0,0.9791666666666666,0,0,internal,0.19130434782608696,0,0,0,0.16521739130434782,2025-03-12,2025-04-10,29,9.583333333333334
e7bc7f5186893dc1471ef45413025209,166,25,50,71,48,0.24096385542168675,40,0.15963855421686746,0.06626506024096386,0.7409638554216867,Mobile,1,2,0,0.922077922077922,0,0,internal,0.10843373493975904,0,0.006024096385542169,0,0.5602409638554217,2025-03-15,2025-04-14,30,6.64
e8460504ad911245b41cc4d1a5c69ec3,389,31,180,202,177,0.30077120822622105,117,0.3181233933161954,0.19023136246786632,0.5475578406169666,Computer,0,2,0.06128133704735376,0.8662952646239555,0,0.005571030640668524,internal,0.11311053984575835,0,0,0,0.4652956298200514,2025-03-10,2025-04-09,30,12.548387096774194
e847ea728b05af68539b431924d9d824,751,30,222,244,215,0.1877496671105193,141,0.20938748335552596,0.15579227696404793,0.7336884154460719,Computer,0,1,0,1,0,0,internal,0.06524633821571238,0,0.002663115845539281,0,0.5099866844207723,2025-03-21,2025-04-20,30,25.033333333333335
e8560d608abd181e5e783dd040bc7cbc,137,9,65,66,64,0.3357664233576642,46,0.24087591240875914,0.10948905109489052,0.6131386861313869,Mobile,1,1,0,0.9852941176470589,0,0,internal,0.10948905109489052,0,0.0072992700729927005,0,0.5182481751824818,2025-03-20,2025-04-05,16,15.222222222222221
e858f5449697bc5909c5ed72bee136f2,23,6,10,9,8,0.21739130434782608,5,0.358695652173913,0.34782608695652173,0.6086956521739131,Computer,0,2,0.05555555555555555,0.7777777777777778,0,0,internal,0.08695652173913043,0,0,0,0.43478260869565216,2025-03-10,2025-04-07,28,3.8333333333333335
e86c2ca04e30c7880e34bc7a6e698898,15,3,12,10,10,0.26666666666666666,4,0.5666666666666667,0.5333333333333333,0.4,Mobile,1,2,0,0.8571428571428571,0,0,internal,0,0,0,0,0.13333333333333333,2025-03-11,2025-04-08,28,5
e8c8a5888ff8ecbe509165aa9657154b,15,1,12,13,11,0.6666666666666666,10,0.36666666666666664,0.26666666666666666,0.4,Mobile,1,1,0,0.9,0,0,internal,0.26666666666666666,0,0,0,0.13333333333333333,2025-03-15,2025-03-15,0,15
e9153be9eb990a05b8b703b1b434a985,14,5,10,7,7,0.2857142857142857,4,0.5535714285714286,0.5,0.35714285714285715,Mobile,1,2,0.18181818181818182,0.6363636363636364,0,0,internal,0.14285714285714285,0,0,0,0.2857142857142857,2025-03-04,2025-03-20,16,2.8
e915a228f8c7167c10d10e33535d860a,754,31,319,344,315,0.2546419098143236,192,0.21684350132625996,0.11671087533156499,0.6936339522546419,Mobile,1,2,0,0.989041095890411,0,0.0027397260273972603,internal,0.08753315649867374,0,0.015915119363395226,0,0.5305039787798409,2025-03-21,2025-04-20,30,24.322580645161292
e9664780fe3b0e119802e4dd1a3f0274,61,5,30,33,28,0.3770491803278688,23,0.3524590163934426,0.2786885245901639,0.5901639344262295,Mobile,1,1,0,0.7592592592592593,0,0,internal,0.08196721311475409,0,0.01639344262295082,0,0.4098360655737705,2025-03-22,2025-04-06,15,12.2
e9e13727ac2e77bab1603fe24946eacf,487,31,172,210,170,0.26899383983572894,131,0.3080082135523614,0.22587268993839835,0.6386036960985626,Mobile,1,2,0.018867924528301886,0.96698113207547165,0,0,internal,0.08008213552361396,0,0.002053388090349076,0,0.5667351129363449,2025-03-05,2025-04-04,30,15.709677419354838
e9f1866aeec508f598a365c94b6bc255,126,30,42,39,39,0.16666666666666666,21,0.15873015873015872,0.06349206349206349,0.7301587301587301,Computer,0,1,0.25,0.7380952380952381,0,0,internal,0.09523809523809523,0,0,0,0.1746031746031746,2025-03-22,2025-04-21,30,4.2
ea212521bdc1794b4dc4914a201a8bcf,5,2,4,4,3,0.4,2,0.5,0.4,0.4,Mobile,1,2,0,0.75,0,0,internal,0.6,0,0,0,0.2,2025-03-18,2025-03-19,1,2.5
ea2607eb559fc1a29cc0985002eb4993,33,7,30,31,29,0.6363636363636364,21,0.75,0.6363636363636364,0.12121212121212122,Computer,0,2,0.03571428571428571,0.8571428571428571,0,0,internal,0.15151515151515152,0,0,0,0.06060606060606061,2025-03-21,2025-04-05,15,4.714285714285714
ea2c555ab41e83356e30f8f0c7e3e6af,279,31,97,104,96,0.18996415770609318,53,0.3055555555555556,0.24731182795698925,0.6451612903225806,Computer,0,1,0.16666666666666666,0.7028985507246377,0,0,internal,0.03942652329749104,0,0.017921146953405017,0,0.6272401433691757,2025-03-11,2025-04-10,30,9
ea41bd937e3494ea25f23bd977ba0575,26,8,15,19,14,0.38461538461538464,10,0.6442307692307693,0.5769230769230769,0.3076923076923077,Computer,0,2,0,0.6,0,0,internal,0.07692307692307693,0,0,0,0.2692307692307692,2025-03-17,2025-04-15,29,3.25
ea4ea6b03e035ecb4d9a557e6f4c6a2b,97,22,54,63,52,0.27835051546391754,27,0.4252577319587629,0.28865979381443296,0.4536082474226804,Mobile,1,2,0,0.9649122807017544,0,0,internal,0.17525773195876287,0,0,0,0.3402061855670103,2025-03-07,2025-04-05,29,4.409090909090909
ea5669d516d6701f7b7605ce36cc5040,278,29,108,153,105,0.3237410071942446,90,0.2868705035971223,0.16906474820143885,0.5935251798561151,Mobile,1,1,0.4344569288389513,0.550561797752809,0,0,internal,0.1510791366906475,0,0.01079136690647482,0,0.44244604316546765,2025-03-04,2025-04-03,30,9.586206896551724
eaa673792cafda1755c469aa3093b123,116,16,102,107,100,0.5862068965517241,68,0.6702586206896551,0.5086206896551724,0.16379310344827586,Computer,0,1,0,0.9014084507042254,0,0,internal,0.22413793103448276,0,0.008620689655172414,0,0.0603448275862069,2025-03-03,2025-04-02,30,7.25
eaea348fe18e623e30344962317776f6,66,6,43,48,40,0.4696969696969697,31,0.3977272727272727,0.21212121212121213,0.3787878787878788,Computer,0,1,0.171875,0.71875,0,0.0625,internal,0.10606060606060606,0,0,0,0.12121212121212122,2025-03-23,2025-04-07,15,11
eb4e64f215700197a23a75e72f29beca,1,1,1,1,1,1,1,1,1,0,Mobile,1,1,NA,NA,NA,NA,NA,0,0,0,0,0,2025-03-03,2025-03-03,0,1
eb898021f24c44d7db980193a395a738,6,2,1,0,0,0,0,0,0,1,Mobile,1,1,NA,NA,NA,NA,NA,0,0,0,0,1,2025-03-22,2025-03-27,5,3
ebb39d9307cc4c5a63a7a83ab8fe9be8,257,25,116,128,111,0.23735408560311283,61,0.39202334630350194,0.32684824902723736,0.5525291828793775,Mobile,1,2,0.006711409395973154,0.959731543624161,0,0,internal,0.07392996108949416,0,0,0,0.48249027237354086,2025-03-10,2025-04-09,30,10.28
ebeaea7e2ddca46b8c609a62d1d6a580,120,17,67,80,66,0.35833333333333334,43,0.3229166666666667,0.2,0.5583333333333333,Computer,0,2,0.033707865168539325,0.8426966292134831,0,0,internal,0.2,0,0,0,0.3333333333333333,2025-03-04,2025-04-03,30,7.0588235294117645
ebeca48dfb318c270bfb475b68999df2,426,29,194,213,191,0.2676056338028169,114,0.2875586854460094,0.20892018779342722,0.636150234741784,Mobile,1,1,0.041666666666666664,0.9490740740740741,0,0,internal,0.13145539906103287,0,0.014084507042253521,0,0.4953051643192488,2025-03-20,2025-04-19,30,14.689655172413794
ebf5c4601d4f18fc942ea7484462e14b,6,3,3,4,2,0.3333333333333333,2,0.4583333333333333,0.3333333333333333,0.5,Mobile,1,2,0,0.2,0,0,unknown,0,0,0,0,0.3333333333333333,2025-03-24,2025-04-04,11,2
ecbee44ff4421f80598cd038ea794911,237,31,119,135,117,0.3037974683544304,72,0.31962025316455694,0.22784810126582278,0.569620253164557,Computer,0,2,0.006944444444444444,0.9652777777777778,0,0,internal,0.08438818565400844,0,0,0,0.42616033755274263,2025-03-21,2025-04-20,30,7.645161290322581
ed29887940286545ed9f378597b0384b,186,23,87,99,86,0.27956989247311825,52,0.34274193548387094,0.25806451612903225,0.5913978494623656,Mobile,1,1,0,0.970873786407767,0,0,internal,0.053763440860215055,0,0.03225806451612903,0,0.46774193548387094,2025-03-06,2025-04-05,30,8.08695652173913
ed369bab3d4dccc70a9bf6fb7da44d9c,255,31,133,140,130,0.29411764705882354,75,0.396078431372549,0.30196078431372547,0.5176470588235295,Computer,0,2,0.014184397163120567,0.9290780141843972,0,0,internal,0.16470588235294117,0,0.00784313725490196,0,0.4392156862745098,2025-03-12,2025-04-11,30,8.225806451612904
ed4d4eaaf45e242a84710ec306d662a8,25,7,18,23,17,0.6,15,0.56,0.4,0.36,Computer,0,3,0,0.8571428571428571,0,0,internal,0.04,0,0,0,0,2025-03-18,2025-04-16,29,3.5714285714285716
ed5e9900ab10fa23c83b7ee66569c059,2,1,2,2,2,1,2,0.5,0.5,0.5,Mobile,1,1,0,0.5,0,0,internal,0,0,0,0,0,2025-03-14,2025-03-14,0,2
ee5275a035955fff643c908c7d2b3e40,99,16,65,66,62,0.3434343434343434,34,0.44191919191919193,0.3333333333333333,0.41414141414141414,Mobile,1,2,0.041666666666666664,0.9027777777777778,0,0,internal,0.09090909090909091,0,0.010101010101010102,0,0.2727272727272727,2025-03-21,2025-04-19,29,6.1875
eead3f1cb1167bf8e012bbe03a044111,169,25,119,118,116,0.3727810650887574,63,0.5029585798816568,0.40828402366863903,0.38461538461538464,Computer,0,1,0.3072289156626506,0.6867469879518072,0,0,internal,0.17751479289940827,0,0.005917159763313609,0,0.28402366863905326,2025-03-11,2025-04-09,29,6.76
ef7a085d2aff92b21d620e7a0ea528b4,90,18,48,61,46,0.4666666666666667,42,0.4638888888888889,0.3333333333333333,0.4111111111111111,Computer,0,2,0.375,0.5892857142857143,0,0.017857142857142856,internal,0.2,0,0,0,0.3111111111111111,2025-03-04,2025-04-02,29,5
ef8055f337f6e7440116a5bcd1297e6b,32,11,23,26,20,0.375,12,0.46875,0.34375,0.4375,Mobile,1,2,0,0.6153846153846154,0,0,internal,0.125,0,0.28125,0,0.03125,2025-03-05,2025-04-04,30,2.909090909090909
ef90ea2326cba1cf3eee3776c430b624,2,1,1,2,1,0.5,1,0.5,0.5,0.5,Mobile,1,1,0,0,0,0,unknown,0,0,0,0,0,2025-03-15,2025-03-15,0,2
efcbf2da9a3604e16307938ba5318f3b,49,14,23,22,22,0.2653061224489796,13,0.29591836734693877,0.16326530612244897,0.5510204081632653,Computer,0,1,0,0.96875,0,0,internal,0.14285714285714285,0,0,0,0.5510204081632653,2025-03-05,2025-04-04,30,3.5
efe89095184e910f2b51824e8c4439c4,15,4,7,9,6,0.26666666666666666,4,0.43333333333333335,0.3333333333333333,0.5333333333333333,Mobile,1,1,0,0.5,0,0,internal,0.2,0,0.06666666666666667,0,0.4,2025-03-03,2025-03-07,4,3.75
f02473e32720855f52586ce55297678c,711,29,301,397,298,0.32489451476793246,231,0.46272855133614627,0.4219409282700422,0.5063291139240507,Mobile,1,1,0.44079885877318115,0.550641940085592,0,0,internal,0.09563994374120956,0,0.008438818565400843,0,0.4360056258790436,2025-03-17,2025-04-16,30,24.517241379310345
f0987c3595b34114e5085a1c0c799fbb,3,2,2,1,1,0,0,0.3333333333333333,0.3333333333333333,0.6666666666666666,Mobile,1,2,0,0,0,0,unknown,0,0,0,0,0.6666666666666666,2025-03-21,2025-03-23,2,1.5
f0aab63ad685e003555b7e8c0644dba3,84,13,40,40,39,0.23809523809523808,20,0.21726190476190477,0.03571428571428571,0.5357142857142857,Computer,0,1,0.07142857142857142,0.9166666666666666,0,0,internal,0.08333333333333333,0,0.023809523809523808,0,0.5238095238095238,2025-03-06,2025-04-04,29,6.461538461538462
f0f705e69a3153587156a90de673faee,70,12,18,43,12,0.44285714285714284,31,0.3464285714285714,0.2857142857142857,0.5285714285714286,Mobile,1,2,0.1,0.72,0,0,internal,0.014285714285714285,0,0,0,0.14285714285714285,2025-03-08,2025-04-05,28,5.833333333333333
f0fa152f4037b954272eee47098ea09c,110,15,63,68,62,0.37272727272727274,41,0.43863636363636366,0.34545454545454546,0.4727272727272727,Computer,0,1,0.39814814814814814,0.5925925925925926,0,0,internal,0.17272727272727273,0,0,0,0.38181818181818183,2025-03-21,2025-04-12,22,7.333333333333333
f19cb9bef22172940b4139ddc47320c0,124,12,66,80,64,0.3790322580645161,47,0.36088709677419356,0.21774193548387097,0.5,Computer,0,2,0.009259259259259259,0.9722222222222222,0,0,internal,0.1532258064516129,0,0.008064516129032258,0,0.33064516129032256,2025-03-07,2025-04-06,30,10.333333333333334
f1aa9be6e2fa120a8ce8e5ef36087e82,1280,31,402,596,401,0.2765625,354,0.3421875,0.2515625,0.5734375,Mobile,1,2,9.624639076034649e-4,0.9932627526467758,0,0,internal,0.065625,0,0.01953125,0,0.534375,2025-03-10,2025-04-09,30,41.29032258064516
f1f13e18b2af733b92da4c5bca2a9ffe,174,26,78,83,73,0.2988505747126437,52,0.2025862068965517,0.05747126436781609,0.6379310344827587,Computer,0,1,0,0.8333333333333334,0,0,internal,0.10344827586206896,0,0.005747126436781609,0,0.4827586206896552,2025-03-06,2025-04-05,30,6.6923076923076925
f21cb19a15c316900e2e471423ad2eb2,330,25,172,203,169,0.3424242424242424,113,0.3212121212121212,0.19696969696969696,0.5424242424242425,Mobile,1,2,0.004329004329004329,0.9826839826839827,0,0.004329004329004329,internal,0.13636363636363635,0,0,0,0.37272727272727274,2025-03-22,2025-04-19,28,13.2
f2356a431358478feaa3f0ab52de4dfa,198,9,75,103,70,0.29797979797979796,59,0.44696969696969696,0.37373737373737376,0.494949494949495,Computer,0,1,0.422680412371134,0.5412371134020618,0,0,internal,0.0707070707070707,0,0,0,0.4444444444444444,2025-03-04,2025-03-13,9,22
f2e729572ee5d7ea093b9989e5fcd2cc,212,25,122,136,121,0.37264150943396224,79,0.4988207547169811,0.4481132075471698,0.4528301886792453,Computer,0,1,0,0.9635036496350365,0.029197080291970802,0,internal,0.14150943396226415,0,0,0,0.3584905660377358,2025-03-05,2025-04-04,30,8.48
f2f9a0e15da517768c7965ab94e2a5ab,27,3,14,13,11,0.4074074074074074,11,0.24074074074074073,0.14814814814814814,0.5925925925925926,Mobile,1,1,0.037037037037037035,0.9259259259259259,0,0,internal,0.18518518518518517,0,0,0,0.4074074074074074,2025-03-19,2025-03-28,9,9
f2fdfe2ad3800375137cff870b1a4f6f,176,27,130,150,129,0.5454545454545454,96,0.5795454545454546,0.3977272727272727,0.2556818181818182,Computer,0,2,0,0.9560439560439561,0,0,internal,0.2215909090909091,0,0,0,0.14772727272727273,2025-03-10,2025-04-09,30,6.518518518518518
f31db9e7a7c8ce01c0bb89b326001d42,429,31,265,300,261,0.38461538461538464,165,0.6165501165501166,0.5617715617715617,0.34498834498834496,Computer,0,1,0,0.9966329966329966,0,0,internal,0.12354312354312354,0,0.011655011655011656,0,0.28205128205128205,2025-03-21,2025-04-20,30,13.838709677419354
f32c43d378bf9c3fff05c3106dcf599f,6,2,5,5,4,0.5,3,0.4166666666666667,0.3333333333333333,0.5,Computer,0,1,0,0.6666666666666666,0,0,internal,0.16666666666666666,0,0,0,0.16666666666666666,2025-03-18,2025-04-08,21,3
f33e5dc74fc7c613e1c5183dca828d52,344,31,146,165,144,0.27906976744186046,96,0.29651162790697677,0.18604651162790697,0.622093023255814,Mobile,1,1,0,0.9857142857142858,0,0,internal,0.14825581395348839,0,0.0029069767441860465,0,0.5174418604651163,2025-03-06,2025-04-05,30,11.096774193548388
f3c0737ea6920f591f778b8b74d43cd8,80,15,49,53,47,0.4375,35,0.515625,0.4625,0.4125,Computer,0,1,0,0.9811320754716981,0,0,internal,0.175,0,0,0,0.325,2025-03-22,2025-04-19,28,5.333333333333333
f3c4fc320372b73ee410c2c9d92dee75,8,2,6,7,5,0.5,4,0.46875,0.25,0.25,Mobile,1,1,0.3333333333333333,0.16666666666666666,0,0,unknown,0.625,0,0,0,0.125,2025-03-12,2025-04-06,25,4
f3d6b6e45d2ac55eaaf67b8141daeaf1,51,7,26,27,25,0.2549019607843137,13,0.3480392156862745,0.19607843137254902,0.5294117647058824,Mobile,1,2,0.3333333333333333,0.6428571428571429,0,0,internal,0.17647058823529413,0,0,0,0.47058823529411764,2025-03-08,2025-03-26,18,7.285714285714286
f47f4dddcdc069eede98ba53df09596f,85,23,75,83,73,0.5411764705882353,46,0.611764705882353,0.43529411764705883,0.2,Mobile,1,2,0,0.17857142857142858,0,0.7976190476190477,social,0.24705882352941178,0,0.09411764705882353,0,0.011764705882352941,2025-03-11,2025-04-10,30,3.6956521739130435
f4a021012e0379b342bd520316e25b69,118,15,68,69,61,0.3474576271186441,41,0.3855932203389831,0.23728813559322035,0.4745762711864407,Computer,0,1,0,0.8837209302325582,0,0,internal,0.1016949152542373,0,0.00847457627118644,0,0.3050847457627119,2025-03-21,2025-04-20,30,7.866666666666666
f4d085a4da6082467085e2eaf9e0bf5f,226,29,150,164,145,0.3938053097345133,89,0.588495575221239,0.5486725663716814,0.36283185840707965,Mobile,1,1,0,0.9573170731707317,0,0,internal,0.11504424778761062,0,0.008849557522123894,0,0.19469026548672566,2025-03-22,2025-04-20,29,7.793103448275862
f4ee025e8164ca80914279997ef8379e,100,16,58,61,57,0.4,40,0.3675,0.27,0.55,Computer,0,2,0,0.9733333333333334,0,0,internal,0.2,0,0,0,0.39,2025-03-07,2025-04-04,28,6.25
f4f21a6db6bb6eb98f66aeddf3e6c3ea,295,20,200,217,190,0.41694915254237286,123,0.5949152542372881,0.5322033898305085,0.3423728813559322,Computer,0,2,0.007662835249042145,0.9846743295019157,0,0,internal,0.08813559322033898,0,0,0,0.17966101694915254,2025-03-04,2025-04-03,30,14.75
f50856fc107729999e2e1d357c844649,43,15,42,42,41,0.5348837209302325,23,0.7325581395348837,0.627906976744186,0.16279069767441862,Mobile,1,1,0,1,0,0,internal,0.13953488372093023,0,0,0,0.023255813953488372,2025-03-22,2025-04-18,27,2.8666666666666667
f52035d04affa1321c66d4076947afcb,20,3,10,12,9,0.35,7,0.2,0.1,0.65,Mobile,1,1,0,0.4,0,0,unknown,0,0,0,0,0.4,2025-03-04,2025-03-08,4,6.666666666666667
f54455c4d82be9b4fbdb4d969a1d9727,491,31,195,240,187,0.24643584521384929,121,0.3182281059063136,0.24236252545824846,0.615071283095723,Mobile,1,1,0.0036496350364963502,0.9781021897810219,0.01824817518248175,0,internal,0.1079429735234216,0,0.006109979633401222,0,0.439918533604888,2025-03-05,2025-04-04,30,15.838709677419354
f54ffadf1451a7caef4cc67e01afee38,440,30,201,231,199,0.31136363636363634,137,0.35170454545454544,0.2681818181818182,0.5681818181818182,Mobile,1,2,0.004273504273504274,0.9871794871794872,0,0,internal,0.07954545454545454,0,0.00909090909090909,0,0.47045454545454546,2025-03-22,2025-04-21,30,14.666666666666666
f5de57c057c6ec27e94fb8d54a176f19,165,25,56,75,53,0.2545454545454545,42,0.28484848484848485,0.18181818181818182,0.6484848484848484,Mobile,1,1,0,0.9868421052631579,0,0,internal,0.18787878787878787,0,0,0,0.5333333333333333,2025-03-09,2025-04-08,30,6.6
f5e6f879f932f35a75797f0bb053c7c1,59,5,31,28,24,0.2542372881355932,15,0.3516949152542373,0.2711864406779661,0.559322033898305,Mobile,1,1,0,0.9148936170212766,0,0,internal,0.11864406779661017,0,0,0,0.3728813559322034,2025-03-05,2025-03-11,6,11.8
f5fab6cffe4587e628d9651e0607996e,8,2,4,4,3,0.25,2,0.25,0,0.5,Mobile,1,1,0,0.25,0,0,unknown,0,0,0,0,0.5,2025-03-22,2025-04-21,30,4
f73b8539516e69239dc2356d8aa67852,16,11,14,15,13,0.375,6,0.4375,0.1875,0.1875,Computer,0,1,0,0.75,0,0,internal,0.1875,0,0,0,0.0625,2025-03-22,2025-04-16,25,1.4545454545454546
f77682c46f0052360c03f5b4970a2b94,751,31,240,296,237,0.2103861517976032,158,0.2073901464713715,0.11051930758988016,0.6764314247669774,Mobile,1,2,0.003289473684210526,0.9769736842105263,0,0,internal,0.05725699067909454,0,0.010652463382157125,0,0.6031957390146472,2025-03-15,2025-04-14,30,24.225806451612904
f79e1675b854d18f6f0c9a76d7941b3f,208,31,104,113,102,0.32211538461538464,67,0.38341346153846156,0.28846153846153844,0.5240384615384616,Computer,0,1,0,0.9910714285714286,0,0,internal,0.11057692307692307,0,0.009615384615384616,0,0.4519230769230769,2025-03-06,2025-04-05,30,6.709677419354839
f7e335754c1d61dce2e70ddf8b6011db,1,1,1,0,0,0,0,0,0,1,Computer,0,1,0,1,0,0,internal,0,0,0,0,1,2025-03-06,2025-03-06,0,1
f7f494fc99907da182ccd8d6722d34f7,4,2,4,2,2,0,0,0.5,0.5,0.5,Mobile,1,1,0,0.6666666666666666,0,0,internal,0.5,0,0,0,0.25,2025-03-10,2025-03-11,1,2
f87ca85b587609d9510f97269789c02c,882,30,365,407,361,0.2562358276643991,226,0.31179138321995464,0.21882086167800455,0.5804988662131519,Computer,0,2,0.003472222222222222,0.9930555555555556,0,0,internal,0.10884353741496598,0,0.01927437641723356,0,0.48072562358276644,2025-03-06,2025-04-05,30,29.4
f8a31b28770a75fe299ad45b0bc9ee65,4,1,4,4,4,0.25,1,0.875,0.5,0,Computer,0,1,0.5,0,0,0,search,1,0,0,0,0,2025-03-15,2025-03-15,0,4
f8aaf2658148a3cff3785804aac976d2,378,25,160,181,158,0.29365079365079366,111,0.2810846560846561,0.16137566137566137,0.5846560846560847,Computer,0,2,0,0.9471698113207547,0,0,internal,0.10317460317460317,0,0.005291005291005291,0,0.5132275132275133,2025-03-08,2025-04-06,29,15.12
f8b94f20bd0c0d13361f4ca2f2d3dffa,502,31,230,262,229,0.26294820717131473,132,0.4048804780876494,0.28087649402390436,0.5039840637450199,Mobile,1,2,0,0.9923857868020305,0,0,internal,0.11553784860557768,0,0.00796812749003984,0,0.47808764940239046,2025-03-23,2025-04-22,30,16.193548387096776
f8ca4217d40e82b809f2ecd679606f05,62,22,52,59,50,0.45161290322580644,28,0.5967741935483871,0.3225806451612903,0.0967741935483871,Computer,0,2,0.05,0.75,0,0.15,internal,0.22580645161290322,0,0.04838709677419355,0,0.03225806451612903,2025-03-05,2025-04-04,30,2.8181818181818183
f8dbf69f8f5b39e061c284b48a7fa538,307,31,100,115,97,0.2247557003257329,69,0.21986970684039087,0.13355048859934854,0.6872964169381107,Mobile,1,2,0,0.9836065573770492,0,0,internal,0.048859934853420196,0,0,0,0.5960912052117264,2025-03-20,2025-04-19,30,9.903225806451612
f900fad4ac42e8268816ff7a5971bdde,24,17,23,23,22,0.5,12,0.6458333333333334,0.4583333333333333,0.20833333333333334,Mobile,1,1,0,0,0,0.9583333333333334,social,0.3333333333333333,0,0.041666666666666664,0,0,2025-03-13,2025-04-11,29,1.411764705882353
f9200c31a456ddcf5b2de3ee5667e0b7,108,17,86,87,80,0.4166666666666667,45,0.6226851851851852,0.5370370370370371,0.28703703703703703,Mobile,1,1,0.10576923076923077,0.7596153846153846,0,0.10576923076923077,internal,0.2037037037037037,0,0,0,0.09259259259259259,2025-03-15,2025-04-13,29,6.352941176470588
f944be29c5c1e04626d86a1df02749b0,674,31,304,388,298,0.3249258160237389,219,0.4250741839762611,0.3486646884272997,0.5059347181008902,Mobile,1,2,0.005025125628140704,0.8869346733668342,0,0,internal,0.11275964391691394,0,0,0,0.4065281899109792,2025-03-05,2025-04-04,30,21.741935483870968
f94f533557001f0619f148540fc318ff,136,27,58,57,57,0.27205882352941174,37,0.29044117647058826,0.18382352941176472,0.6397058823529411,Computer,0,1,0,1,0,0,internal,0.058823529411764705,0,0,0,0.5808823529411765,2025-03-18,2025-04-17,30,5.037037037037037
f99d1964208a3c9cade172c296fb9855,10,8,9,8,8,0.7,7,0.425,0.2,0.4,Mobile,1,2,0,0.5,0,0,internal,0.2,0,0.2,0,0.2,2025-03-11,2025-03-30,19,1.25
f99eb2b8f4228ffe0057dd3fdfc73776,8,2,6,5,5,0.375,3,0.5,0.375,0.375,Computer,0,1,0.125,0.75,0,0,internal,0.125,0,0,0,0.375,2025-03-10,2025-03-12,2,4
f9f741851c7ff91176b0b5fa4d36f930,143,21,66,69,64,0.2867132867132867,41,0.27797202797202797,0.16783216783216784,0.6153846153846154,Mobile,1,1,0,0.8783783783783784,0,0,internal,0.15384615384615385,0,0.006993006993006993,0,0.5104895104895105,2025-03-20,2025-04-19,30,6.809523809523809
fa5774c02510a61b6b305ffb50b98b01,212,27,108,116,106,0.2783018867924528,59,0.3384433962264151,0.24056603773584906,0.5424528301886793,Mobile,1,2,0.06976744186046512,0.8914728682170543,0,0,internal,0.1509433962264151,0,0.0047169811320754715,0,0.4481132075471698,2025-03-21,2025-04-19,29,7.851851851851852
fa62a81c78ca82cf81fe9adf7e4611e1,309,25,151,178,150,0.3300970873786408,102,0.3470873786407767,0.22653721682847897,0.5372168284789643,Mobile,1,2,0,0.9831460674157303,0,0,internal,0.11326860841423948,0,0,0,0.42394822006472493,2025-03-23,2025-04-22,30,12.36
fa71593f4cefdc83dfb80bc4c89c7fcc,439,29,221,256,212,0.3325740318906606,146,0.3940774487471526,0.296127562642369,0.510250569476082,Computer,0,2,0.14136125654450263,0.8298429319371727,0,0,internal,0.1070615034168565,0,0.02050113895216401,0,0.3416856492027335,2025-03-05,2025-04-04,30,15.137931034482758
fa7231abd207f4ad047f08020bb3bcaf,284,26,130,144,127,0.30633802816901406,87,0.24295774647887325,0.1267605633802817,0.6232394366197183,Mobile,1,2,0.18532818532818532,0.806949806949807,0,0,internal,0.09507042253521127,0,0.0035211267605633804,0,0.4823943661971831,2025-03-11,2025-04-10,30,10.923076923076923
fa91b4e6754bdd62e07cf4bbf326e05b,2,1,1,0,0,0,0,0,0,1,Mobile,1,1,0,0,0,0,unknown,0,0,0,0,1,2025-03-23,2025-03-23,0,2
faa5fa17d662699ba69d3b79387dec5e,194,19,91,119,89,0.3917525773195876,76,0.25773195876288657,0.12886597938144329,0.6185567010309279,Mobile,1,2,0.0546875,0.8359375,0,0.0703125,internal,0.18556701030927836,0,0,0,0.37628865979381443,2025-03-22,2025-04-20,29,10.210526315789474
fabb0fa73bfeceecdf161da3389b6caa,36,5,30,29,24,0.4444444444444444,16,0.5694444444444444,0.4722222222222222,0.2777777777777778,Mobile,1,2,0,0.8181818181818182,0,0,internal,0.3055555555555556,0,0.027777777777777776,0,0.027777777777777776,2025-03-13,2025-04-03,21,7.2
fb399d68e1c8af128a388d804d698c5a,521,31,214,245,210,0.2783109404990403,145,0.2826295585412668,0.18234165067178504,0.6218809980806143,Mobile,1,3,0,0.99609375,0,0,internal,0.0690978886756238,0,0.005758157389635317,0,0.491362763915547,2025-03-13,2025-04-12,30,16.806451612903224
fba1db33923003177babc40f0a3cfe8d,11,1,9,6,4,0.09090909090909091,1,0.5454545454545454,0.5454545454545454,0.45454545454545453,Computer,0,1,0,0.9,0,0,internal,0.18181818181818182,0,0,0,0.09090909090909091,2025-03-06,2025-03-06,0,11
fbdfb1d45b4477cf1f0ccbb98868f70a,43,9,20,21,17,0.23255813953488372,10,0.31976744186046513,0.27906976744186046,0.627906976744186,Computer,0,1,0.13157894736842105,0.7368421052631579,0,0,internal,0.046511627906976744,0,0,0,0.46511627906976744,2025-03-11,2025-04-04,24,4.777777777777778
fc21356db5d9032949d7d27f4ad6a4f7,27,7,19,23,17,0.37037037037037035,10,0.32407407407407407,0.2222222222222222,0.5555555555555556,Mobile,1,2,0,0.9444444444444444,0,0,internal,0.037037037037037035,0,0,0,0.037037037037037035,2025-03-07,2025-04-01,25,3.857142857142857
fc58cfb884d82f8ff7398450731734d8,8,7,8,8,8,0.75,6,0.6875,0.5,0,Mobile,1,2,0,0.125,0,0.625,social,0.625,0,0,0,0,2025-03-08,2025-03-23,15,1.1428571428571428
fc860489591750d23f909bcc9450b0ef,209,28,91,97,88,0.23444976076555024,49,0.32057416267942584,0.23923444976076555,0.5980861244019139,Mobile,1,1,0.51010101010101,0.4898989898989899,0,0,search,0.10526315789473684,0,0,0,0.49282296650717705,2025-03-21,2025-04-20,30,7.464285714285714
fcf14fdb8a2f787405f7a5551fb9af24,174,22,83,91,80,0.2988505747126437,52,0.3994252873563218,0.3390804597701149,0.5344827586206896,Computer,0,1,0,0.7543859649122807,0,0,internal,0.11494252873563218,0,0.005747126436781609,0,0.1781609195402299,2025-03-22,2025-04-19,28,7.909090909090909
fcfd45344b1647471f5ec6194c220c3e,431,21,203,212,202,0.2737819025522042,118,0.2273781902552204,0.10904872389791183,0.62877030162413,Mobile,1,1,0.5127610208816705,0.48259860788863107,0,0,search,0.1136890951276102,0,0.002320185614849188,0,0.5081206496519721,2025-03-07,2025-04-06,30,20.523809523809526
fcff08f9900492e80d3bc88cd2816a0b,19,7,15,18,14,0.631578947368421,12,0.5131578947368421,0.42105263157894735,0.3684210526315789,Mobile,1,1,0,0.9,0,0,internal,0.3684210526315789,0,0,0,0.05263157894736842,2025-03-16,2025-04-03,18,2.7142857142857144
fd4b17098faf5af31d4bbf9088565549,3,2,2,2,1,0,0,0.3333333333333333,0.3333333333333333,0.6666666666666666,Mobile,1,1,0,0.6666666666666666,0,0,internal,0,0,0,0,0.3333333333333333,2025-03-21,2025-03-23,2,1.5
fd7c61d9b6e9f8be434088054b064ea1,141,26,82,82,81,0.2907801418439716,41,0.5124113475177305,0.45390070921985815,0.4326241134751773,Computer,0,1,0,0.9659090909090909,0,0,internal,0.10638297872340426,0,0,0,0.41843971631205673,2025-03-22,2025-04-21,30,5.423076923076923
fdbd1dcf2c76001047b287ddcc44b101,274,29,112,129,110,0.27007299270072993,74,0.28375912408759124,0.15328467153284672,0.6021897810218978,Mobile,1,2,0,0.9785714285714285,0,0,internal,0.051094890510948905,0,0,0,0.5218978102189781,2025-03-13,2025-04-12,30,9.448275862068966
fe3c45af45c15c51b4552c23672cf422,160,23,85,85,84,0.30625,49,0.309375,0.1875,0.58125,Mobile,1,2,0,0.9897959183673469,0,0,internal,0.09375,0,0.00625,0,0.46875,2025-03-20,2025-04-19,30,6.956521739130435
fe66884f8c46b3489932b6d3c18e501e,93,16,63,90,62,0.5806451612903226,54,0.47043010752688175,0.3333333333333333,0.3655913978494624,Mobile,1,2,0,0.9166666666666666,0,0,internal,0.21505376344086022,0,0,0,0.03225806451612903,2025-03-20,2025-04-09,20,5.8125
fe93224d8d68377945c02f1116cda92a,835,31,428,466,421,0.3077844311377245,257,0.25359281437125747,0.09940119760479042,0.5796407185628742,Mobile,1,2,0,0.9874739039665971,0,0.006263048016701462,internal,0.11137724550898204,0,0.004790419161676647,0,0.4239520958083832,2025-03-03,2025-04-02,30,26.93548387096774
ff4b8b83f5248cb664866cb057c98470,959,30,375,397,370,0.23044838373305526,221,0.2497393117831074,0.14494264859228362,0.6287799791449427,Computer,0,1,0.008912655971479501,0.9875222816399287,0,0.0017825311942959,internal,0.0667361835245047,0,0.016684045881126174,0,0.4994786235662148,2025-03-20,2025-04-19,30,31.966666666666665
ff7c3d8147aca626a7efaa9120e040eb,46,13,20,28,19,0.2608695652173913,12,0.3858695652173913,0.2391304347826087,0.5217391304347826,Mobile,1,1,0,0.8888888888888888,0,0,internal,0.21739130434782608,0,0,0,0.391304347826087,2025-03-10,2025-04-08,29,3.5384615384615383
ff81f902de50b4df3d8f54c395bbdea4,55,3,42,46,40,0.4727272727272727,26,0.6909090909090909,0.6363636363636364,0.2727272727272727,Computer,0,2,0,0.8888888888888888,0,0,internal,0.10909090909090909,0,0.01818181818181818,0,0.14545454545454545,2025-03-20,2025-04-19,30,18.333333333333332
ff8d95402a130dc888f8158e5601101c,1269,31,446,581,433,0.26556343577620173,337,0.2718676122931442,0.18518518518518517,0.6367218282111899,Mobile,1,3,0.00258732212160414,0.9883570504527813,0,0,internal,0.06698187549251379,0,0.036249014972419225,0,0.4026792750197006,2025-03-14,2025-04-13,30,40.935483870967744
