pseudo_id;account_active_days;subscription_cancel_date;order_date;koen;birthdate;usr_created;order_trackertag;permission_given_order;permission_given_today;previous_subscriptions;previous_campaigns;previous_trials;first_campaign_day;last_campaign_day;newsletters_before_order;newsletters_after_order
e1efb0bf97224357c9014734fbff2cc3;61;28-03-2025;2025-03-22 07:39:23.930000;Kvinde;28-06-1956;22-03-2025;utm_campaign=Marts25&utm_content=A&utm_medium=content&utm_source=jp.dk;true;true;0;0;0;22-03-2025;21-05-2025;0;0
a7d71891dcba30f635b04d7efb287a2e;377;01-01-3000;2025-03-16 08:19:33.149000;Mand;05-06-1976;16-03-2025;utm_campaign=Marts25&utm_content=A&utm_medium=content&utm_source=jp.dk;false;false;0;0;0;16-03-2025;15-05-2025;0;0
b614f17cb152704959cdf42349d6a4cb;1346;02-05-2025;2025-03-05 14:38:19.211000;Mand;11-04-1957;19-11-2014;utm_campaign=Marts25&utm_content=b&utm_medium=mail&utm_source=mail;false;true;6;1;2;05-03-2025;04-05-2025;3;3
5b6a7ea3f7caeadaadd87d90cc4e4780;151;14-03-2025;2025-03-14 12:58:03.023000;Mand;19-09-1980;12-12-2024;utm_campaign=Basis_22&utm_content=HeaderButtonRaised&utm_medium=Matrice&utm_source=jp.dk;false;false;1;1;0;14-03-2025;13-05-2025;0;0
dcd9d5af27530c8a408dc9233552e69b;243;16-07-2025;2025-03-06 15:40:20.598000;Kvinde;18-06-1947;22-11-2017;utm_campaign=Marts25&utm_content=A&utm_medium=content&utm_source=jp.dk;false;true;1;0;1;06-03-2025;05-05-2025;0;0
28c7f0fd6c244321b656ee0f6b4f5c25;690;01-01-3000;2025-03-21 08:08:02.935000;Mand;31-07-1939;18-07-2014;utm_campaign=Marts25&utm_content=sc_a&utm_medium=mail&utm_source=mail;true;true;3;1;2;21-03-2025;20-05-2025;3;3
addf8ac99c42c7e9e69884fdd2a6cf4a;545;18-04-2025;2025-03-19 11:04:34.753000;Kvinde;04-08-1971;21-01-2016;utm_campaign=Marts25&utm_content=B&utm_medium=content&utm_source=jp.dk;true;true;4;1;1;19-03-2025;18-05-2025;0;0
1d9f3d5a9795504ed312e80249efa8c7;373;01-01-3000;2025-03-20 21:27:15.884000;Mand;17-07-1976;26-09-2014;utm_campaign=Marts25&utm_content=B&utm_medium=content&utm_source=jp.dk;false;true;0;0;0;20-03-2025;19-05-2025;0;0
83da59eb70f526294fc5903113df888f;284;21-05-2025;2025-03-17 05:33:59.521000;Mand;04-06-1957;05-12-2012;utm_campaign=Marts25&utm_content=a&utm_medium=mail&utm_source=mail;false;true;1;1;1;17-03-2025;16-05-2025;0;0
232433aa3d7e847e0a462e9336be16d7;462;17-05-2025;2025-03-22 13:40:49.367000;Mand;23-03-1954;06-04-2024;utm_campaign=Marts25&utm_medium=topticker&utm_source=jp.dk;false;false;1;1;0;22-03-2025;21-05-2025;0;0
660fab39539b87b268e59b0d5cc6be74;80;28-05-2025;2025-03-10 10:38:09.644000;Kvinde;11-01-2001;13-08-2024;utm_campaign=Marts25&utm_content=A&utm_medium=content&utm_source=jp.dk;false;false;0;0;0;10-03-2025;09-05-2025;0;0
042313fde35eb5e19b2106bf175cd5e9;337;22-01-2026;2025-03-15 08:10:18.965000;Kvinde;18-08-1965;15-03-2025;utm_campaign=Marts25&utm_content=A&utm_medium=content&utm_source=jp.dk;true;true;0;0;0;15-03-2025;14-05-2025;0;0
ef8055f337f6e7440116a5bcd1297e6b;480;22-05-2025;2025-03-05 11:50:37.018000;Mand;05-07-1956;11-07-2021;utm_campaign=Marts25&utm_content=a&utm_medium=mail&utm_source=mail;false;true;13;7;7;05-03-2025;04-05-2025;2;2
e209e48b572e7337edd6c072ebab6cc2;275;11-12-2025;2025-03-23 09:05:26.690000;;10-03-1968;28-03-2016;utm_campaign=Marts25&utm_content=A&utm_medium=content&utm_source=jp.dk;true;true;0;0;0;23-03-2025;22-05-2025;0;0
088f15f5143f6bdf5f317f30bcafe199;376;01-01-3000;2025-03-17 09:50:03.284000;Mand;08-06-1971;17-03-2025;utm_campaign=Marts25&utm_content=A&utm_medium=content&utm_source=jp.dk;false;false;0;0;0;17-03-2025;16-05-2025;0;0
8ca62176a2868f3a1c9d4b663d802fba;124;06-03-2025;2025-03-05 17:38:01.257000;Mand;19-02-1955;26-10-2018;utm_campaign=Biler&utm_content=2025-03-05&utm_medium=email&utm_source=jp;false;true;1;1;1;05-03-2025;04-05-2025;6;6
0181daedf475221291df382a21589255;275;10-11-2025;2025-03-10 07:18:43.550000;Mand;18-02-1997;10-03-2025;utm_campaign=Marts25&utm_content=A&utm_medium=content&utm_source=jp.dk;false;false;0;0;0;10-03-2025;09-05-2025;0;0
bbb361a9cc76e407add75eb772b1ee6e;61;07-04-2025;2025-03-07 07:42:43.109000;Mand;20-06-1991;09-03-2015;utm_campaign=Marts25&utm_content=A&utm_medium=content&utm_source=jp.dk;false;false;0;0;0;07-03-2025;06-05-2025;0;0
c7bdb7da31ed15bcc2b8dcee4686c508;95;23-06-2025;2025-03-21 07:44:28.582000;Mand;03-02-1975;21-03-2025;utm_campaign=Marts25&utm_content=sc_a&utm_medium=mail&utm_source=mail;false;true;0;0;0;21-03-2025;20-05-2025;0;0
cea6e8cff201b5805f306ac32de5c6b3;811;01-01-3000;2025-03-09 21:26:03.739000;Mand;27-09-1973;10-03-2020;utm_campaign=Marts25&utm_content=A&utm_medium=content&utm_source=jp.dk;false;true;2;2;0;09-03-2025;08-05-2025;0;0
93625aee48370e1661dd32a64c270def;899;01-01-3000;2025-03-08 19:51:49.579000;Mand;26-07-1969;29-06-2013;utm_campaign=Marts25&utm_content=B&utm_medium=content&utm_source=jp.dk;false;true;5;2;3;08-03-2025;07-05-2025;3;3
94b676c80fe51500f9b72c7222d01021;306;20-01-2026;2025-03-23 08:57:22.716000;Mand;09-03-1967;23-03-2025;utm_campaign=Basis_22&utm_content=App_android&utm_medium=Matrice&utm_source=App;true;true;0;0;0;23-03-2025;22-05-2025;0;0
9c002c13eedc708f9732104b70028094;470;29-04-2025;2025-03-06 06:58:31.805000;Mand;20-05-1951;31-03-2020;utm_campaign=Marts25&utm_content=b&utm_medium=mail&utm_source=mail;true;true;6;3;2;06-03-2025;05-05-2025;0;0
25567a00c727a5f238f2147e7806428f;159;17-03-2025;2025-03-09 08:33:53.042000;Kvinde;19-05-1970;27-11-2023;utm_campaign=Marts25&utm_content=A&utm_medium=content&utm_source=jp.dk;true;true;2;2;1;09-03-2025;08-05-2025;0;0
e4c5b02a0d4e20c09552d31e50c13fc4;61;13-03-2025;2025-03-06 14:30:33.903000;Kvinde;12-05-1970;16-02-2022;utm_campaign=Marts25&utm_content=A&utm_medium=content&utm_source=jp.dk;false;false;0;0;0;06-03-2025;05-05-2025;0;0
b944960f6860c84cc00a6c1d854006da;372;01-01-3000;2025-03-21 10:52:30.535000;Mand;01-03-1966;06-06-2012;utm_campaign=Marts25&utm_medium=Weblayer&utm_source=jp.dk;false;false;0;0;0;21-03-2025;20-05-2025;4;5
a7e986aac8ad1d94417c528739b94ff3;634;13-10-2025;2025-03-05 16:51:24.431000;Mand;06-01-1949;04-04-2020;utm_campaign=Marts25&utm_content=b&utm_medium=mail&utm_source=mail;true;true;1;1;0;05-03-2025;04-05-2025;0;0
5414c1785bf852a26470a8f4a434f89e;337;02-02-2026;2025-03-16 22:42:00.578000;;05-02-1991;16-03-2025;utm_campaign=Marts25&utm_content=A&utm_medium=content&utm_source=jp.dk;false;false;0;0;0;16-03-2025;15-05-2025;0;0
673614cb7aa6ff9045d6a6da7911a1eb;619;27-05-2025;2025-03-09 16:07:04.569000;Mand;23-05-1965;26-10-2013;utm_campaign=Marts25&utm_medium=Matrice&utm_source=jp.dk;false;true;3;2;0;09-03-2025;08-05-2025;0;0
1be6d7824f5784e4439a64918e21e211;149;13-08-2025;2025-03-17 05:35:31.547000;Kvinde;06-04-1955;17-03-2025;utm_campaign=Basis_22&utm_content=HeaderButtonRaised&utm_medium=Matrice&utm_source=jp.dk;false;false;0;0;0;17-03-2025;16-05-2025;0;0
d5d12b6ce3e1654989aaee9f47de2a62;17;21-03-2025;2025-03-11 07:21:59.436000;Mand;12-05-1955;22-03-2013;utm_campaign=Basis_22&utm_content=HeaderButtonRaised&utm_medium=Matrice&utm_source=jp.dk;true;true;0;0;0;11-03-2025;20-03-2025;0;0
51c2d08fe703a913e16ff2fa55176d2a;501;10-02-2026;2025-03-05 15:26:51.711000;Kvinde;25-09-1971;07-10-2022;utm_campaign=Marts25&utm_content=b&utm_medium=mail&utm_source=mail;false;true;1;1;0;05-03-2025;04-05-2025;0;0
5bf87d92442082440339d43d7996e983;1145;25-11-2025;2025-03-04 20:09:34.492000;Mand;13-02-1970;17-03-2013;utm_campaign=Marts25&utm_content=B&utm_medium=content&utm_source=jp.dk;true;true;7;6;1;04-03-2025;03-05-2025;2;2
bd131313a490d54ccf4d7dd7c72f8b96;153;12-08-2025;2025-03-16 07:37:15.586000;Kvinde;23-02-1957;21-09-2017;utm_campaign=Basis_22&utm_content=MegaMenu&utm_medium=Matrice&utm_source=jp.dk;true;true;0;0;0;16-03-2025;15-05-2025;0;0
323922e8476497ef1c3cd0573b121c58;1091;01-01-3000;2025-03-05 11:49:41.976000;Mand;30-04-1956;09-01-2016;utm_campaign=Marts25&utm_content=a&utm_medium=mail&utm_source=mail;false;true;11;6;4;05-03-2025;04-05-2025;1;1
bb23615e32aca66b3af9ec1042ddb8be;61;02-04-2025;2025-03-18 18:24:37.005000;Kvinde;28-05-1986;23-04-2013;utm_campaign=Marts25&utm_content=A&utm_medium=content&utm_source=jp.dk;false;true;0;0;0;18-03-2025;17-05-2025;0;0
1520c6ce0859197137f8c2ba4e316b33;275;02-12-2025;2025-03-04 05:26:36.781000;Kvinde;12-10-1966;21-11-2020;utm_campaign=Basis_22&utm_content=HeaderButtonRaised&utm_medium=Matrice&utm_source=jp.dk;false;false;0;0;0;04-03-2025;03-05-2025;0;0
e2035d51088ce9d756f789c0272280e5;372;23-06-2025;2025-03-21 08:31:12.617000;Mand;31-10-1936;29-12-2020;utm_campaign=Marts25&utm_content=sc_a&utm_medium=mail&utm_source=mail;true;true;3;1;2;21-03-2025;20-05-2025;0;0
1d5478a63294ca8ce41f80f797e23696;507;19-05-2025;2025-03-22 17:07:34.199000;Mand;28-03-1944;11-09-2015;utm_campaign=Marts25&utm_content=sc_a&utm_medium=mail&utm_source=mail;false;true;14;7;9;22-03-2025;21-05-2025;0;0
af67fd7c157c69d9d9ee61096189a7f3;61;18-03-2025;2025-03-09 20:44:54.719000;Kvinde;19-01-1964;20-01-2024;utm_campaign=Basis_22&utm_content=HeaderButtonRaised&utm_medium=Matrice&utm_source=jp.dk;true;true;0;0;0;09-03-2025;08-05-2025;0;0
883b095032e3de2ea29c0f37082e116f;344;15-02-2026;2025-03-21 13:21:41.395000;Kvinde;17-03-1967;15-08-2012;utm_campaign=Marts25&utm_content=A&utm_medium=content&utm_source=jp.dk;false;false;1;0;1;21-03-2025;20-05-2025;0;0
86bada2394a6cbe10af2ec8e80297326;427;09-05-2025;2025-03-21 13:44:18.236000;Mand;14-11-1962;02-12-2013;utm_campaign=Marts25&utm_content=sc_a&utm_medium=mail&utm_source=mail;false;true;4;2;2;21-03-2025;20-05-2025;0;0
8450867c34d2e1b804617f92fedc6d49;399;14-05-2025;2025-03-18 12:51:54.333000;Kvinde;01-05-1959;12-06-2012;utm_campaign=Nyhedsoverblik+11.00&utm_content=2025-03-18&utm_medium=email&utm_source=jp;true;true;4;3;2;18-03-2025;17-05-2025;1;1
fcff08f9900492e80d3bc88cd2816a0b;122;05-05-2025;2025-03-16 17:48:49.721000;Kvinde;09-08-1961;02-05-2018;utm_campaign=Marts25&utm_content=A&utm_medium=content&utm_source=jp.dk;false;false;0;0;0;16-03-2025;15-05-2025;1;1
d4a76a674c30756c5fe2e9b0159d45f9;1523;01-01-3000;2025-03-12 18:11:03.887000;Kvinde;11-12-1972;31-03-2012;utm_campaign=Marts25&utm_content=A&utm_medium=content&utm_source=jp.dk;true;true;9;3;5;12-03-2025;11-05-2025;5;5
57ad9a7e617c8046eceb938ec43f2890;61;14-05-2025;2025-03-17 21:23:32.344000;Kvinde;11-12-1990;17-03-2025;utm_campaign=Marts25&utm_content=A&utm_medium=content&utm_source=jp.dk;false;false;0;0;0;17-03-2025;16-05-2025;0;0
c9c0ee891e75d4768f4cacb8d505a47b;378;31-10-2025;2025-03-11 08:25:13.206000;Mand;07-12-1955;07-10-2024;utm_campaign=Basis_22&utm_content=HeaderButtonRaised&utm_medium=Matrice&utm_source=jp.dk;true;true;1;1;0;11-03-2025;10-05-2025;0;2
f33e5dc74fc7c613e1c5183dca828d52;218;28-04-2025;2025-03-06 07:56:21.579000;Mand;05-06-1979;26-06-2023;utm_campaign=Marts25&utm_content=A&utm_medium=content&utm_source=jp.dk;false;true;4;2;1;06-03-2025;05-05-2025;0;0
17020af801c477dfdca0e0e5632cab42;245;20-08-2025;2025-03-06 21:11:47.952000;Mand;04-01-1959;06-03-2025;utm_campaign=tilmeld_knap&utm_medium=FB_side&utm_source=FB;true;false;0;0;0;06-03-2025;05-05-2025;0;0
a9776a8f6473d254f8441d26aa767367;177;11-03-2025;2025-03-11 13:35:39.673000;Mand;20-06-1951;13-10-2012;utm_campaign=Marts25&utm_content=B&utm_medium=content&utm_source=jp.dk;false;true;4;1;2;11-03-2025;10-05-2025;0;0
6ca57084366df9159aab1cda13a41114;1171;22-06-2025;2025-03-11 01:19:58.573000;Kvinde;23-04-1969;25-12-2017;utm_campaign=Marts25&utm_medium=topticker&utm_source=jp.dk;false;true;15;9;5;11-03-2025;10-05-2025;0;0
514346f9ea73786308ed7465bb307dac;153;15-03-2025;2025-03-15 09:33:20.040000;Kvinde;18-11-1983;15-03-2025;utm_campaign=Basis_22&utm_content=HeaderButtonRaised&utm_medium=Matrice&utm_source=jp.dk;false;false;0;0;0;15-03-2025;14-05-2025;0;0
cbd25d5f4fe90834708bb6e362dd71ff;61;04-03-2025;2025-03-04 12:34:29.462000;Kvinde;08-03-1993;29-07-2019;utm_campaign=Marts25&utm_content=A&utm_medium=content&utm_source=jp.dk;false;false;0;0;0;04-03-2025;03-05-2025;0;0
336d377b414d6aeb1756502907b6ab86;280;01-08-2025;2025-03-05 13:07:21.035000;Kvinde;12-07-1950;27-06-2023;utm_campaign=Marts25&utm_content=a&utm_medium=mail&utm_source=mail;true;true;1;0;0;05-03-2025;04-05-2025;0;0
d61fc621115dad0ac2ed28f0b855bd11;798;01-06-2025;2025-03-21 12:21:43.049000;Mand;26-05-1957;17-03-2012;utm_campaign=Marts25&utm_content=sc_b&utm_medium=mail&utm_source=mail;true;true;7;4;3;21-03-2025;20-05-2025;0;0
29127e2a7ed2ad5ae7a0b90963270788;615;26-05-2025;2025-03-21 10:54:05.062000;Mand;24-10-1968;27-12-2021;utm_campaign=Marts25&utm_content=sc_a&utm_medium=mail&utm_source=mail;false;true;11;8;5;21-03-2025;20-05-2025;0;1
85079ecb3a36814ebd6bb872970c41ea;1216;01-01-3000;2025-03-23 22:07:06.528000;Mand;13-07-1982;08-06-2012;utm_campaign=Marts25&utm_content=sc_a&utm_medium=mail&utm_source=mail;false;true;9;3;6;23-03-2025;22-05-2025;0;0
d2acf3cf03a69046e1623fa33ae114b1;370;01-01-3000;2025-03-23 13:49:20.272000;Mand;26-11-1987;23-03-2025;utm_campaign=Marts25&utm_content=B&utm_medium=content&utm_source=jp.dk;false;false;0;0;0;23-03-2025;22-05-2025;0;0
1a2b0c171a74b27b44c0eb3d5c42f083;61;12-04-2025;2025-03-22 05:35:39.921000;Kvinde;12-06-1962;22-03-2025;utm_campaign=Marts25&utm_content=A&utm_medium=content&utm_source=jp.dk;false;false;0;0;0;22-03-2025;21-05-2025;0;0
c806f370485dca6c667bf0c1000c949e;219;27-10-2025;2025-03-22 09:41:12.510000;Mand;29-06-1953;14-12-2012;utm_campaign=Marts25&utm_content=sc_a&utm_medium=mail&utm_source=mail;true;true;0;0;0;22-03-2025;21-05-2025;4;4
7c4436fb02b5ec2e2f2926846b4f1df7;61;11-03-2025;2025-03-10 15:17:24.853000;Kvinde;18-10-2005;10-03-2025;utm_campaign=Marts25&utm_content=A&utm_medium=content&utm_source=jp.dk;false;false;0;0;0;10-03-2025;09-05-2025;0;0
dd70d17ba6653dad85b4c6d304785ebb;61;02-04-2025;2025-03-16 09:46:25.570000;Mand;26-09-2005;16-03-2025;utm_campaign=Marts25&utm_content=A&utm_medium=content&utm_source=jp.dk;false;false;0;0;0;16-03-2025;15-05-2025;0;0
d394a1f873177cca6f4d0c3067edf964;1424;17-03-2025;2025-03-17 09:05:33.027000;Mand;18-08-1992;06-06-2012;utm_campaign=Marts25&utm_content=A&utm_medium=content&utm_source=jp.dk;false;false;20;11;2;17-03-2025;16-05-2025;0;0
2ed2e7c7740caace45ef81eba21f0739;306;04-01-2026;2025-03-10 03:50:03.327000;;13-07-1985;10-03-2025;utm_campaign=Basis_22&utm_content=HeaderButtonRaised&utm_medium=Matrice&utm_source=jp.dk;true;true;0;0;0;10-03-2025;09-05-2025;0;0
e293d3ecc73fa3a96ec0e0ae898c6f70;591;20-04-2025;2025-03-15 17:00:05.216000;Mand;09-05-1957;30-12-2013;utm_campaign=&utm_content=genbesog_JP_digital&utm_medium=ppc&utm_source=adwords&utm_term=jp+abonnement+tilbud;true;true;3;3;0;15-03-2025;14-05-2025;3;4
c98ca624535336c5a0b8cb324f657306;1521;27-03-2025;2025-03-22 14:30:37.858000;Mand;06-07-1944;01-01-2013;utm_campaign=Marts25&utm_content=sc_a&utm_medium=mail&utm_source=mail;false;true;3;2;0;22-03-2025;26-03-2025;3;3
4edef8642d9ac7a2431d6157da2283a5;1818;01-01-3000;2025-03-21 10:48:58.601000;Mand;20-07-1949;05-12-2012;utm_campaign=Marts25&utm_content=sc_a&utm_medium=mail&utm_source=mail;true;true;24;7;13;21-03-2025;20-05-2025;4;4
2c32c80e711319c80b09ba09c6809d26;61;11-03-2025;2025-03-09 09:02:25.294000;Kvinde;25-08-1973;19-04-2023;utm_campaign=Marts25&utm_content=A&utm_medium=content&utm_source=jp.dk;false;false;0;0;0;09-03-2025;08-05-2025;0;0
b3743cd8f717c4b7c1f68f572f1af0d5;61;23-03-2025;2025-03-22 23:55:27.021000;Kvinde;04-11-1977;22-03-2025;utm_campaign=Marts25&utm_content=A&utm_medium=content&utm_source=jp.dk;false;false;0;0;0;22-03-2025;21-05-2025;0;0
9a521d66e5b717f7f3fd33bda2026c9d;382;01-01-3000;2025-03-11 09:44:57.845000;Mand;08-09-1964;11-03-2025;utm_campaign=Marts25&utm_content=A&utm_medium=content&utm_source=jp.dk;false;false;0;0;0;11-03-2025;10-05-2025;0;0
10dccc12a352afbf40623f95125d640e;92;09-05-2025;2025-03-04 20:50:19.668000;Mand;02-05-1992;;utm_campaign=Basis_22&utm_content=HeaderButtonRaised&utm_medium=Matrice&utm_source=jp.dk;false;false;0;0;0;04-03-2025;03-05-2025;0;0
07e66a948735615a86d845bd1a71c5cb;65;17-03-2025;2025-03-07 08:35:59.428000;Kvinde;03-05-1948;11-01-2023;utm_campaign=Marts25&utm_content=b&utm_medium=mail&utm_source=mail;true;false;0;0;0;07-03-2025;06-05-2025;0;0
3ccfb60c0dcc940bdf0b4b93fe782108;387;02-04-2025;2025-03-21 11:52:03.426000;Kvinde;02-09-1963;01-12-2018;utm_campaign=Marts25&utm_content=sc_a&utm_medium=mail&utm_source=mail;true;false;4;2;2;21-03-2025;20-05-2025;0;0
2a0fd6364ffb8b6e44ac73c1772ed2f6;120;17-05-2025;2025-03-11 19:05:13.253000;Kvinde;20-07-1963;12-10-2018;utm_campaign=Marts25&utm_content=A&utm_medium=content&utm_source=jp.dk;false;true;0;0;0;11-03-2025;10-05-2025;0;0
e847ea728b05af68539b431924d9d824;471;25-08-2025;2025-03-21 07:56:03.330000;Mand;31-01-1959;01-11-2019;utm_campaign=Marts25&utm_content=sc_a&utm_medium=mail&utm_source=mail;true;true;3;1;0;21-03-2025;20-05-2025;0;0
66f57e32e0c74a2c96496546c59b27d6;82;19-05-2025;2025-03-22 04:18:05.340000;;05-12-1972;21-05-2013;utm_campaign=Marts25&utm_content=B&utm_medium=content&utm_source=jp.dk;false;false;1;0;1;22-03-2025;21-05-2025;0;0
bf5844c314a6cbd3e5d74142a2f254bc;707;18-03-2025;2025-03-18 12:31:42.492000;Kvinde;21-06-1979;10-08-2018;utm_campaign=Marts25&utm_content=A&utm_medium=content&utm_source=jp.dk;false;false;11;9;3;18-03-2025;17-05-2025;0;0
333be8d71beacb6ec8d9caf47393d755;61;25-03-2025;2025-03-10 14:40:19.019000;Mand;14-02-1979;20-08-2020;utm_campaign=Marts25&utm_content=A&utm_medium=content&utm_source=jp.dk;false;false;0;0;0;10-03-2025;09-05-2025;0;0
c2f05fb7a4757702550100feac09b80f;245;07-11-2025;2025-03-10 21:28:37.724000;Kvinde;02-05-1963;10-03-2025;utm_campaign=Marts25&utm_content=B&utm_medium=content&utm_source=jp.dk;true;true;0;0;0;10-03-2025;09-05-2025;0;0
d11308b020d39d9cf932704c9298d801;344;28-06-2025;2025-03-05 19:55:55.919000;Kvinde;24-04-1955;05-11-2019;utm_campaign=Marts25&utm_content=b&utm_medium=mail&utm_source=mail;true;true;3;2;1;05-03-2025;04-05-2025;0;0
40ce8c05d7acddc08d648c853f6c9a6a;61;22-04-2025;2025-03-11 07:47:42.153000;Mand;14-01-1967;11-03-2025;utm_campaign=Basis_22&utm_content=HeaderButtonRaised&utm_medium=Matrice&utm_source=jp.dk;false;false;0;0;0;11-03-2025;10-05-2025;0;0
7a9fad27ae8841708385b2827b7bf92e;373;27-12-2025;2025-03-20 20:16:12.397000;Mand;08-10-1969;20-03-2025;utm_campaign=Marts25&utm_medium=Weblayer&utm_source=jp.dk;false;false;0;0;0;20-03-2025;19-05-2025;0;0
55c6473e7caafd070a35a8907e348548;245;11-06-2025;2025-03-21 15:37:14.364000;Mand;11-01-1971;21-03-2025;utm_campaign=Basis_22&utm_content=HeaderButtonRaised&utm_medium=Matrice&utm_source=jp.dk;true;false;0;0;0;21-03-2025;20-05-2025;0;0
5f3f0dee1e07a275c13edeab81b5dc24;589;10-02-2026;2025-03-07 08:44:25.923000;Mand;31-05-1955;01-10-2022;utm_campaign=Marts25&utm_content=b&utm_medium=mail&utm_source=mail;false;true;4;3;2;07-03-2025;06-05-2025;0;0
415b000eecde4a9893f1b5573fc7881a;278;24-09-2025;2025-03-21 08:43:39.837000;Mand;09-12-1956;16-04-2018;utm_campaign=Marts25&utm_content=sc_a&utm_medium=mail&utm_source=mail;true;true;1;1;0;21-03-2025;20-05-2025;6;7
c57715723b559d41744bb899bb494e69;230;28-04-2025;2025-03-13 21:28:40.728000;Kvinde;30-09-1970;12-01-2022;utm_campaign=Marts25&utm_content=B&utm_medium=content&utm_source=jp.dk;false;false;0;0;0;13-03-2025;12-05-2025;0;0
f5e6f879f932f35a75797f0bb053c7c1;61;14-04-2025;2025-03-05 14:36:18.834000;Mand;02-11-1975;05-03-2025;utm_campaign=Basis_22&utm_content=HeaderButtonRaised&utm_medium=Matrice&utm_source=jp.dk;false;false;0;0;0;05-03-2025;04-05-2025;0;0
11665511250f1af62935a7df84ac6d54;362;16-03-2026;2025-03-19 14:51:11.762000;Mand;21-02-1957;16-03-2015;utm_campaign=Basis_22&utm_content=HeaderButtonRaised&utm_medium=Matrice&utm_source=jp.dk;true;true;0;0;0;19-03-2025;18-05-2025;0;0
564ef54581efe26367b066edef38e432;92;10-06-2025;2025-03-10 05:15:31.518000;Mand;07-08-1984;10-03-2025;utm_campaign=Marts25&utm_content=B&utm_medium=content&utm_source=jp.dk;true;true;0;0;0;10-03-2025;09-05-2025;0;0
3d5b0a78f46ce3493d06c63115065930;258;12-04-2025;2025-03-11 11:25:07.022000;Mand;17-08-1944;17-11-2023;utm_campaign=Basis_22&utm_content=HeaderButtonRaised&utm_medium=Matrice&utm_source=jp.dk;true;false;2;2;0;11-03-2025;10-05-2025;0;2
cf78ae59afd3ba595b9bbe3634e8861a;271;28-05-2025;2025-03-23 15:40:56.984000;Mand;31-07-1954;14-12-2018;utm_campaign=Marts25&utm_content=A&utm_medium=content&utm_source=jp.dk;false;true;0;0;0;23-03-2025;22-05-2025;3;3
23a6f8a1edbc18b9f0f6371e1a325529;1580;11-09-2025;2025-03-11 18:18:17.154000;Mand;12-04-1984;04-09-2015;utm_campaign=Basis_22&utm_content=HeaderButtonRaised&utm_medium=Matrice&utm_source=jp.dk;true;true;5;2;0;11-03-2025;10-05-2025;0;0
43dea564b7e1ee3780f2b2542dcb7b4f;684;12-11-2025;2025-03-09 16:36:52.964000;Mand;25-01-1974;06-01-2022;utm_campaign=Marts25&utm_content=A&utm_medium=content&utm_source=jp.dk;false;false;3;3;0;09-03-2025;08-05-2025;0;0
46458fa96e84938d9c665cfc72fbb2a9;374;29-10-2025;2025-03-05 15:23:49.912000;Mand;25-07-1969;30-12-2012;utm_campaign=Marts25&utm_content=b&utm_medium=mail&utm_source=mail;true;true;3;1;2;05-03-2025;04-05-2025;2;2
8a8a1e0958061656cc7c89651411c6eb;1013;01-01-3000;2025-03-20 07:56:22.039000;Mand;20-12-1958;23-05-2013;utm_campaign=Marts25&utm_content=B&utm_medium=content&utm_source=jp.dk;false;false;4;3;0;20-03-2025;19-05-2025;0;0
4519ba6ddcb93581ea7a4732319794a9;618;01-01-3000;2025-03-18 18:23:06.872000;Mand;25-02-1978;19-05-2024;utm_campaign=Marts25&utm_medium=Matrice&utm_source=jp.dk;false;false;2;2;0;18-03-2025;17-05-2025;0;0
ba2390d524198acc3e1d5775c5003449;382;24-03-2026;2025-03-11 08:16:48.152000;Mand;30-06-1977;11-03-2025;utm_campaign=Marts25&utm_content=A&utm_medium=content&utm_source=jp.dk;true;true;0;0;0;11-03-2025;10-05-2025;0;0
3153c33ed1f578782ed8f49986d4cff4;61;02-04-2025;2025-03-13 18:45:22.229000;Kvinde;21-09-1960;13-03-2025;utm_campaign=Marts25&utm_content=B&utm_medium=content&utm_source=jp.dk;false;false;0;0;0;13-03-2025;12-05-2025;0;0
16f60feab4be66bbce8e014e9f6f1a04;1210;14-03-2025;2025-03-05 15:15:47.547000;Mand;03-02-1964;23-05-2015;utm_campaign=Basis_22&utm_content=HeaderButtonRaised&utm_medium=Matrice&utm_source=jp.dk;false;false;3;1;1;05-03-2025;04-05-2025;1;1
bc6682848d7c1b202333e98041418be1;488;08-04-2025;2025-03-21 08:33:09.301000;Mand;31-08-1951;28-11-2023;utm_campaign=Basis_22&utm_content=HeaderButtonRaised&utm_medium=Matrice&utm_source=jp.dk;false;true;6;2;4;21-03-2025;20-05-2025;0;0
b3b579ba18e6e9824560f6dca3d35195;1193;24-03-2025;2025-03-21 08:54:36.091000;Mand;25-08-1948;30-11-2022;utm_campaign=Marts25&utm_content=sc_a&utm_medium=mail&utm_source=mail;true;true;3;2;1;21-03-2025;20-05-2025;0;0
44242123a235ab7886549f81d4a074ec;61;15-03-2025;2025-03-15 17:03:17.506000;Kvinde;14-04-1979;15-03-2025;utm_campaign=Marts25&utm_content=A&utm_medium=content&utm_source=jp.dk;false;false;0;0;0;15-03-2025;14-05-2025;0;0
51ce53646dd16a73ab3d68ba73a4de42;373;01-01-3000;2025-03-20 10:00:49.232000;Mand;20-08-1975;10-11-2023;utm_campaign=Marts25&utm_medium=Weblayer&utm_source=jp.dk;true;true;0;0;0;20-03-2025;19-05-2025;0;0
0e2c28fe864fd90012aede0054822295;186;26-05-2025;2025-03-23 12:31:40.609000;Mand;30-03-1950;15-12-2012;utm_campaign=Marts25&utm_content=sc_b&utm_medium=mail&utm_source=mail;false;true;6;2;6;23-03-2025;22-05-2025;2;4
ff7c3d8147aca626a7efaa9120e040eb;454;10-03-2025;2025-03-10 06:19:54.126000;Kvinde;08-12-1967;13-01-2013;utm_campaign=Marts25&utm_content=A&utm_medium=content&utm_source=jp.dk;true;true;5;3;2;10-03-2025;09-05-2025;1;1
01cad508503a8d700c051addb5ca5e24;276;26-06-2025;2025-03-19 16:55:44.199000;Mand;27-01-1975;02-10-2023;utm_campaign=Marts25&utm_content=A&utm_medium=content&utm_source=jp.dk;false;false;1;1;0;19-03-2025;18-05-2025;0;0
b35b31660d9b152e2ad1b2997ebd2663;530;02-05-2025;2025-03-05 11:58:04.384000;Mand;05-01-1951;15-05-2022;utm_campaign=Marts25&utm_content=a&utm_medium=mail&utm_source=mail;false;true;3;3;0;05-03-2025;04-05-2025;0;0
78167da6625acebf472eb64674915054;371;01-01-3000;2025-03-22 06:35:18.962000;Mand;08-10-1973;22-03-2025;utm_campaign=Marts25&utm_medium=topticker&utm_source=jp.dk;false;false;0;0;0;22-03-2025;21-05-2025;0;0
c7ebffd40754673a2cbfb814685a9e7c;774;22-04-2025;2025-03-22 03:07:59.136000;Mand;15-06-1960;29-06-2012;utm_campaign=Marts25&utm_content=sc_b&utm_medium=mail&utm_source=mail;false;true;4;2;1;22-03-2025;21-05-2025;0;0
139bd0cbde638e16224d7fbe2941b901;341;08-06-2025;2025-03-08 17:26:25.091000;Mand;03-11-1966;11-08-2011;utm_campaign=Marts25&utm_content=B&utm_medium=content&utm_source=jp.dk;false;true;3;2;0;08-03-2025;07-05-2025;6;6
9073c03faa8f90ddb8049b4c2f95897e;758;07-03-2025;2025-03-06 20:29:56.100000;Kvinde;21-04-1973;10-10-2025;utm_campaign=Marts25&utm_content=b&utm_medium=mail&utm_source=mail;false;true;9;5;4;06-03-2025;05-05-2025;0;0
7545fe0f7005e99694c0a323adb55176;373;01-01-3000;2025-03-20 10:32:11.131000;Mand;13-02-2000;20-03-2025;utm_campaign=Basis_22&utm_content=HeaderButtonRaised&utm_medium=Matrice&utm_source=jp.dk;false;true;0;0;0;20-03-2025;19-05-2025;0;0
cceb3290f938f15918c8cf27dd2ff945;61;12-05-2025;2025-03-14 09:52:50.175000;Mand;12-07-1966;14-03-2025;utm_campaign=Basis_22&utm_content=HeaderButtonRaised&utm_medium=Matrice&utm_source=jp.dk;true;true;0;0;0;14-03-2025;13-05-2025;0;0
8c8501b6f01490740c1b4c8ebee422e8;394;01-01-3000;2025-03-13 09:34:45.118000;Mand;13-03-1966;12-02-2018;utm_campaign=Marts25&utm_content=B&utm_medium=content&utm_source=jp.dk;false;false;1;0;1;13-03-2025;12-05-2025;0;0
e6396f8167a1adfb29e8f99589b25a3e;788;03-09-2025;2025-03-21 10:26:13.363000;Mand;27-02-1957;21-12-2022;utm_campaign=Marts25&utm_content=sc_a&utm_medium=mail&utm_source=mail;true;true;9;7;3;21-03-2025;20-05-2025;3;3
81650fef63fd494f8fb784e3f2b35c4f;598;13-12-2025;2025-03-05 14:15:14.911000;Mand;02-12-1955;23-12-2023;utm_campaign=Marts25&utm_content=b&utm_medium=mail&utm_source=mail;false;true;3;3;1;05-03-2025;04-05-2025;8;8
55b8677472e9d4c765d3c22623dc6f60;122;23-06-2025;2025-03-05 15:40:38.379000;Mand;06-05-2004;05-03-2025;utm_campaign=Marts25&utm_content=A&utm_medium=content&utm_source=jp.dk;true;true;0;0;0;05-03-2025;04-05-2025;0;0
254773d08d5ddfb82fdfad28371db425;333;15-12-2025;2025-03-08 12:40:24.654000;Mand;20-07-1951;02-05-2018;utm_campaign=&utm_content=genbesog_JP_digital&utm_medium=ppc&utm_source=adwords&utm_term=abonnement+jyllands-posten;true;true;0;0;0;08-03-2025;07-05-2025;2;2
72adc6d24abd2e177f104280a93c8b36;92;09-05-2025;2025-03-07 18:24:47.524000;Mand;21-05-1970;07-03-2025;utm_campaign=Basis_22&utm_content=HeaderButtonRaised&utm_medium=Matrice&utm_source=jp.dk;false;false;0;0;0;07-03-2025;06-05-2025;0;0
f99d1964208a3c9cade172c296fb9855;667;27-04-2025;2025-03-11 08:46:47.302000;Mand;06-05-1961;22-12-2012;utm_campaign=Marts25&utm_medium=topticker&utm_source=jp.dk;false;false;8;4;3;11-03-2025;10-05-2025;0;0
c42af5001a6324e4228ab78a45310632;61;12-03-2025;2025-03-11 16:28:14.532000;Mand;30-07-1969;11-03-2025;utm_campaign=Marts25&utm_content=B&utm_medium=content&utm_source=jp.dk;false;false;0;0;0;11-03-2025;10-05-2025;0;0
11d87c1424309f7d91b606b3a84d0d8b;918;09-05-2025;2025-03-21 22:02:18.796000;Kvinde;21-09-1970;07-04-2019;utm_campaign=Marts25&utm_content=B&utm_medium=content&utm_source=jp.dk;false;true;2;2;1;21-03-2025;20-05-2025;0;0
3f245c21020adebf9e154a03c90eeaa5;373;01-01-3000;2025-03-20 08:55:24.974000;Mand;21-07-1957;20-03-2025;utm_campaign=Marts25&utm_content=A&utm_medium=content&utm_source=jp.dk;true;true;0;0;0;20-03-2025;19-05-2025;0;0
5ea4810c62cf7dbc3a3248e7387fe84b;375;01-01-3000;2025-03-18 08:24:57.283000;Mand;16-10-1965;28-02-2012;utm_campaign=6633873029252&utm_content=6633873029452&utm_medium=paid&utm_source=fb_paid&utm_term=hommelhoff_reel;true;true;0;0;0;18-03-2025;17-05-2025;0;0
296ebed7fd47d502188ba062c21e58ac;622;02-06-2025;2025-03-14 19:08:48.278000;Mand;16-06-1955;09-03-2015;utm_campaign=Marts25&utm_content=B&utm_medium=content&utm_source=jp.dk;false;true;1;1;0;14-03-2025;13-05-2025;0;0
941c2b3054d4aff517aef077da1ed7a0;1083;26-09-2025;2025-03-21 07:11:24.824000;Mand;15-05-1953;02-10-2014;utm_campaign=Marts25&utm_content=sc_a&utm_medium=mail&utm_source=mail;false;true;6;6;1;21-03-2025;20-05-2025;0;2
484b1afd306927be4210bae26a48d4f4;567;19-07-2025;2025-03-21 07:27:30.213000;Mand;26-04-1949;07-05-2019;utm_campaign=Marts25&utm_content=sc_b&utm_medium=mail&utm_source=mail;false;true;5;5;1;21-03-2025;20-05-2025;6;6
e68c9e466739941a8939ccfcaeec8f4d;277;10-12-2025;2025-03-08 10:09:21.453000;Mand;26-01-1968;23-03-2023;utm_campaign=Marts25&utm_content=A&utm_medium=content&utm_source=jp.dk;false;false;0;0;0;08-03-2025;07-05-2025;0;0
53f42387042ed9cb158618747d74dea6;89;10-03-2025;2025-03-10 14:13:36.322000;Kvinde;20-10-1994;10-03-2025;utm_campaign=Marts25&utm_content=B&utm_medium=content&utm_source=jp.dk;false;true;0;0;0;10-03-2025;09-05-2025;0;0
37ff6f6b1a24548aa9038287d12f48b8;411;18-12-2025;2025-03-06 17:50:33.383000;Mand;27-11-1982;14-04-2023;utm_campaign=Marts25&utm_content=b&utm_medium=mail&utm_source=mail;false;true;1;1;0;06-03-2025;05-05-2025;0;0
f7ee71f90d521575891747c68b7c21eb;384;01-01-3000;2025-03-09 10:55:29.959000;Mand;10-11-1943;16-03-2018;utm_campaign=Marts25&utm_content=B&utm_medium=content&utm_source=jp.dk;true;false;0;0;0;09-03-2025;08-05-2025;0;0
2aae4b96432d2c3c3f05cb5db8e7635c;693;20-05-2025;2025-03-21 18:11:45.298000;Mand;14-04-1956;10-06-2012;utm_campaign=Marts25&utm_content=A&utm_medium=content&utm_source=jp.dk;true;true;4;3;1;21-03-2025;20-05-2025;0;0
be6357d225a5c19f09acf6fbc6015653;968;09-12-2025;2025-03-05 13:02:28.819000;Mand;16-01-1953;19-06-2012;utm_campaign=Marts25&utm_content=a&utm_medium=mail&utm_source=mail;true;true;2;1;0;05-03-2025;04-05-2025;0;0
bcfe5569a4e6242d0f36a4f7b0aa8b32;2208;01-01-3000;2025-03-04 07:53:45.253000;Mand;03-10-1955;05-10-2012;utm_campaign=Marts25&utm_content=A&utm_medium=content&utm_source=jp.dk;false;true;13;4;3;04-03-2025;03-05-2025;15;16
59bb770e1cf09c9eb8fb57cb8e219ad3;389;01-01-3000;2025-03-04 05:14:43.990000;Mand;26-05-1954;01-02-2012;utm_campaign=Marts25&utm_content=B&utm_medium=content&utm_source=jp.dk;false;false;0;0;0;04-03-2025;03-05-2025;2;2
8b7f6aa45ee2f16c5020b05f5ef44a95;809;12-04-2025;2025-03-11 21:00:19.631000;Mand;09-03-1973;08-06-2012;utm_campaign=Marts25&utm_medium=topticker&utm_source=jp.dk;false;true;5;3;1;11-03-2025;10-05-2025;1;1
01f92382940313bede15a74a51bc1ecb;61;12-05-2025;2025-03-21 08:56:18.001000;Mand;23-09-1977;24-09-2014;utm_campaign=Marts25&utm_content=B&utm_medium=content&utm_source=jp.dk;false;false;0;0;0;21-03-2025;20-05-2025;0;0
a245a3cd9443f61701644ddd403d4e2c;372;01-01-3000;2025-03-21 08:16:03.457000;Kvinde;26-12-1961;28-11-2024;utm_campaign=Marts25&utm_content=B&utm_medium=content&utm_source=jp.dk;false;true;0;0;0;21-03-2025;20-05-2025;0;2
4ea127252a03310c4fa0e4bd18b2cf9b;92;01-06-2025;2025-03-23 07:10:32.196000;Mand;03-07-1960;17-11-2021;utm_campaign=Marts25&utm_medium=topticker&utm_source=jp.dk;false;true;0;0;0;23-03-2025;22-05-2025;0;0
d35d97da5a4ec305f98763ba7c8a0dfa;359;08-05-2025;2025-03-16 12:01:45.708000;Mand;22-05-1943;17-12-2014;utm_campaign=Marts25&utm_content=b&utm_medium=mail&utm_source=mail;true;true;2;2;0;16-03-2025;15-05-2025;0;0
9d2df2c58fea60728d388cf14990a8c2;61;22-03-2025;2025-03-21 15:23:53.859000;Kvinde;29-10-1992;24-11-2018;utm_campaign=Marts25&utm_content=A&utm_medium=content&utm_source=jp.dk;false;false;0;0;0;21-03-2025;20-05-2025;0;0
c32c672d65b6c6bee1496d8ea7ba3a7f;720;01-01-3000;2025-03-10 07:20:11.961000;Mand;29-07-1963;02-12-2022;utm_campaign=Marts25&utm_content=A&utm_medium=content&utm_source=jp.dk;false;true;1;1;0;10-03-2025;09-05-2025;0;0
a7167ae7ddb2ba3b3198c0914e6bc76a;921;05-06-2025;2025-03-21 19:32:18.399000;Mand;31-12-1999;16-07-2017;utm_campaign=Marts25&utm_medium=Weblayer&utm_source=jp.dk;false;false;9;5;3;21-03-2025;20-05-2025;0;0
905ad53e7ca2f7ae55cfa5b3734fae4e;61;15-03-2025;2025-03-15 14:56:49.407000;Mand;25-09-1975;09-01-2013;utm_campaign=Marts25&utm_content=A&utm_medium=content&utm_source=jp.dk;false;false;0;0;0;15-03-2025;14-05-2025;0;0
6567c1ca05dde94aa6bb51004cdee9e3;432;10-02-2026;2025-03-10 05:15:28.268000;Mand;14-07-1971;31-05-2015;utm_campaign=Marts25&utm_content=A&utm_medium=content&utm_source=jp.dk;false;true;2;0;1;10-03-2025;09-05-2025;0;0
d416ff413d4769eebbe4baabe7e4675a;61;20-03-2025;2025-03-19 04:51:02.941000;Kvinde;05-01-1963;21-05-2013;utm_campaign=Basis_22&utm_content=HeaderButtonRaised&utm_medium=Matrice&utm_source=jp.dk;false;false;0;0;0;19-03-2025;18-05-2025;0;0
372423fee286446a26a1f3d2cf16beba;790;09-05-2025;2025-03-23 18:52:38.013000;Mand;15-08-1966;29-07-2013;utm_campaign=Marts25&utm_content=sc_a&utm_medium=mail&utm_source=mail;false;true;4;4;1;23-03-2025;22-05-2025;0;0
59eac661f106396c61b2993b656bf706;1539;02-12-2025;2025-03-05 12:33:49.604000;Mand;20-10-1953;19-11-2020;utm_campaign=Marts25&utm_content=a&utm_medium=mail&utm_source=mail;false;true;17;9;8;05-03-2025;04-05-2025;0;0
9d1a5d63801ca793f8043793666f99c0;331;05-12-2025;2025-03-07 14:08:50.466000;Kvinde;03-06-1985;11-02-2012;utm_campaign=Marts25&utm_content=A&utm_medium=content&utm_source=jp.dk;false;true;4;0;3;07-03-2025;06-05-2025;0;0
1fcfe9d813ae0371b068c69afb639cd4;122;11-06-2025;2025-03-09 09:34:13.172000;Mand;19-08-1976;09-03-2025;utm_campaign=Basis_22&utm_content=HeaderButtonRaised&utm_medium=Matrice&utm_source=jp.dk;false;false;0;0;0;09-03-2025;08-05-2025;0;0
29c3dcef5a5e54544a37d3c9f9f41ca9;276;17-06-2025;2025-03-15 14:53:07.911000;Kvinde;05-10-1999;23-06-2019;utm_campaign=Basis_22&utm_content=HeaderButtonRaised&utm_medium=Matrice&utm_source=jp.dk;false;true;1;1;0;15-03-2025;14-05-2025;0;0
ea4ea6b03e035ecb4d9a557e6f4c6a2b;256;10-11-2025;2025-03-07 09:12:08.407000;Mand;01-07-1988;09-01-2013;utm_campaign=Marts25&utm_content=A&utm_medium=content&utm_source=jp.dk;false;false;0;0;0;07-03-2025;06-05-2025;4;4
a77f1ea6a4aaa156d26bf44c45530b71;320;12-06-2025;2025-03-05 18:09:11.000000;Mand;01-01-1945;05-12-2012;utm_campaign=Marts25&utm_content=b&utm_medium=mail&utm_source=mail;true;true;3;1;2;05-03-2025;04-05-2025;3;3
0cefce35386e56d3a6b1727dd838fcf8;380;01-01-3000;2025-03-13 09:37:53.899000;Kvinde;20-08-1992;13-03-2025;utm_campaign=Marts25&utm_content=B&utm_medium=content&utm_source=jp.dk;true;true;0;0;0;13-03-2025;12-05-2025;0;0
3e7f5b8de782a6936c4b6f5ad96432de;580;07-05-2025;2025-03-21 07:39:10.836000;Mand;02-10-1949;06-12-2011;utm_campaign=Marts25&utm_content=sc_a&utm_medium=mail&utm_source=mail;false;true;4;3;2;21-03-2025;06-05-2025;0;1
cdf4b5845abcee42684fc103bcc62634;61;21-04-2025;2025-03-22 09:30:18.111000;Mand;18-06-1961;03-01-2020;utm_campaign=Marts25&utm_content=sc_a&utm_medium=mail&utm_source=mail;false;true;0;0;0;22-03-2025;21-05-2025;0;0
59d3277007e8d45958cb0c37be36bd63;348;14-04-2025;2025-03-22 11:00:26.221000;Mand;06-01-1945;06-12-2013;utm_campaign=Marts25&utm_content=sc_a&utm_medium=mail&utm_source=mail;false;true;2;2;0;22-03-2025;21-05-2025;0;0
7c785ece8394ba7a24f9f8b674730925;214;08-09-2025;2025-03-08 12:16:12.977000;Mand;19-04-1975;08-03-2025;utm_campaign=Marts25&utm_content=e-avis_ikkeabn&utm_medium=matrice&utm_source=jp.dk;false;false;0;0;0;08-03-2025;07-05-2025;0;0
a9546fc46e09cf57bd17910e7f16c724;1353;25-03-2025;2025-03-23 09:54:14.170000;Kvinde;04-09-1966;10-03-2015;utm_campaign=Marts25&utm_content=sc_b&utm_medium=mail&utm_source=mail;false;false;3;2;0;23-03-2025;22-05-2025;0;0
61e16705d87a29017b7e46136c9e5756;316;22-05-2025;2025-03-14 22:46:55.890000;Kvinde;15-08-1967;21-05-2013;utm_campaign=Basis_22&utm_content=HeaderButtonRaised&utm_medium=Matrice&utm_source=jp.dk;false;true;0;0;0;14-03-2025;13-05-2025;0;0
f7e53b5e2d03baa335796e401e61488c;846;01-01-3000;2025-03-04 09:22:52.550000;Kvinde;01-09-1956;13-07-2021;utm_campaign=Marts25&utm_content=B&utm_medium=content&utm_source=jp.dk;true;false;1;0;0;04-03-2025;03-05-2025;0;0
57c3d24e72fa070d69d3b587a75f99e5;68;01-04-2025;2025-03-10 06:06:37.049000;Mand;22-04-1960;07-03-2022;utm_campaign=Basis_22&utm_content=GiveArticlePopup&utm_medium=Matrice&utm_source=jp.dk;false;false;1;0;1;10-03-2025;09-05-2025;0;0
6131759dabf5ee546602447d5770a54f;258;05-03-2025;2025-03-05 18:01:30.897000;Kvinde;27-10-1972;05-03-2025;utm_campaign=Basis_22&utm_content=HeaderButtonRaised&utm_medium=Matrice&utm_source=jp.dk;true;true;0;0;0;05-03-2025;04-05-2025;0;0
e39cdb344761c03c8764587137d2c269;386;21-03-2025;2025-03-21 06:31:24.405000;Mand;28-11-1969;17-01-2016;utm_campaign=Marts25&utm_content=B&utm_medium=content&utm_source=jp.dk;false;false;6;3;2;21-03-2025;20-05-2025;0;0
6fb1e9004f8d35f50e52770323e9a26b;61;15-04-2025;2025-03-17 08:09:36.043000;Kvinde;13-11-1978;17-03-2025;utm_campaign=Marts25&utm_content=A&utm_medium=content&utm_source=jp.dk;false;false;0;0;0;17-03-2025;16-05-2025;0;0
9f47afc2999ee1b2c0a09fdf248c8dff;61;23-04-2025;2025-03-15 06:55:51.857000;Kvinde;03-08-1975;15-03-2025;utm_campaign=Marts25&utm_content=A&utm_medium=content&utm_source=jp.dk;false;false;0;0;0;15-03-2025;14-05-2025;0;0
f3d6b6e45d2ac55eaaf67b8141daeaf1;1713;29-04-2025;2025-03-08 07:08:26.286000;Kvinde;24-02-1963;07-10-2012;utm_campaign=Marts25&utm_content=b&utm_medium=mail&utm_source=mail;false;true;1;0;0;08-03-2025;07-05-2025;0;0
cec3fe960d60daafddc79bce70bdb365;1777;25-04-2025;2025-03-08 14:34:35.989000;Mand;04-08-1968;08-04-2014;utm_campaign=Marts25&utm_content=a&utm_medium=mail&utm_source=mail;false;true;11;4;7;08-03-2025;07-05-2025;1;1
5639e95cda59fda72f6131b5e6e4e716;1168;20-03-2025;2025-03-19 18:43:34.904000;Mand;16-08-1966;15-06-2012;utm_campaign=Marts25&utm_content=A&utm_medium=content&utm_source=jp.dk;false;true;15;10;5;19-03-2025;18-05-2025;0;0
ed5e9900ab10fa23c83b7ee66569c059;61;14-03-2025;2025-03-14 17:57:10.950000;Mand;27-07-1999;14-03-2025;utm_campaign=Marts25&utm_content=B&utm_medium=content&utm_source=jp.dk;true;true;0;0;0;14-03-2025;13-05-2025;0;0
082681be98abd06c01c30e80a3fb0790;306;22-12-2025;2025-03-10 12:14:49.573000;Kvinde;26-04-1990;27-07-2021;utm_campaign=Marts25&utm_content=A&utm_medium=content&utm_source=jp.dk;false;false;0;0;0;10-03-2025;09-05-2025;0;0
88d4181ee400dcd9d013e7a31b618d2a;824;01-01-3000;2025-03-21 07:18:02.745000;Mand;22-12-1967;03-12-2013;utm_campaign=Marts25&utm_content=sc_b&utm_medium=mail&utm_source=mail;false;true;5;5;3;21-03-2025;20-05-2025;0;0
12a4b4f33de44e8dec37edffc01f0197;779;20-05-2025;2025-03-22 21:03:58.468000;Mand;14-09-1965;13-05-2014;utm_campaign=Marts25&utm_medium=topticker&utm_source=jp.dk;false;true;3;3;0;22-03-2025;21-05-2025;0;0
22a6b4c7e8f0f97515abe4eb37edfe1f;61;03-04-2025;2025-03-22 01:16:57.106000;Mand;24-05-1960;25-11-2019;utm_campaign=Marts25&utm_content=A&utm_medium=content&utm_source=jp.dk;true;true;0;0;0;22-03-2025;21-05-2025;0;0
541d7bf883db417c6879eb5c4fa6f282;441;13-05-2025;2025-03-23 07:07:20.219000;Kvinde;23-05-1948;25-06-2012;utm_campaign=Marts25&utm_content=sc_a&utm_medium=mail&utm_source=mail;false;true;10;3;8;23-03-2025;22-05-2025;1;1
54dabd914db3590d25b816c39fd862b5;61;31-03-2025;2025-03-04 19:58:35.952000;Kvinde;08-11-1962;04-03-2025;utm_campaign=Marts25&utm_content=B&utm_medium=content&utm_source=jp.dk;false;false;0;0;0;04-03-2025;03-05-2025;0;0
eb4e64f215700197a23a75e72f29beca;92;03-06-2025;2025-03-03 21:00:15.482000;Mand;08-12-1992;10-02-2012;utm_campaign=Marts25&utm_content=A&utm_medium=content&utm_source=jp.dk;false;false;0;0;0;03-03-2025;02-05-2025;1;1
856cb3f6e96cecc0ea9e5c063c49d2c2;61;08-04-2025;2025-03-12 07:18:53.194000;Kvinde;12-12-1972;26-03-2015;utm_campaign=Marts25&utm_content=A&utm_medium=content&utm_source=jp.dk;false;false;0;0;0;12-03-2025;11-05-2025;0;0
4faecfc123f27c115bfe358d67ef427a;61;22-04-2025;2025-03-23 16:29:54.329000;Mand;10-05-1948;23-03-2025;utm_campaign=Marts25&utm_content=B&utm_medium=content&utm_source=jp.dk;true;true;0;0;0;23-03-2025;22-05-2025;0;0
952f7975704d54cd4af0b892ac9c62d1;61;20-03-2025;2025-03-04 12:13:00.162000;Kvinde;17-04-2000;18-11-2015;utm_campaign=Basis_22&utm_content=MegaMenu&utm_medium=Matrice&utm_source=jp.dk;false;false;0;0;0;04-03-2025;03-05-2025;0;0
aed43496c0d53754a9d1c1e42cdc55d6;370;01-01-3000;2025-03-23 17:49:31.907000;Mand;13-04-1952;24-03-2025;utm_campaign=Marts25&utm_content=sc_a&utm_medium=mail&utm_source=mail;false;true;0;0;0;23-03-2025;22-05-2025;3;3
3f92a08aecf5851bf365249ab15dd53a;525;01-01-3000;2025-03-07 19:09:11.891000;Mand;18-11-1960;16-11-2016;utm_campaign=Marts25&utm_content=A&utm_medium=content&utm_source=jp.dk;false;true;8;3;6;07-03-2025;06-05-2025;0;0
1e3ddb49a606da0cf5714df48c2bdb08;1872;07-05-2025;2025-03-21 13:53:27.863000;Mand;30-03-1957;26-11-2014;utm_campaign=Marts25&utm_content=sc_a&utm_medium=mail&utm_source=mail;true;true;17;8;9;21-03-2025;06-05-2025;6;6
c3796fb3b8d88d3ca84119b65e13adf2;369;01-01-3000;2025-03-24 07:33:21.073000;Kvinde;01-06-1951;14-01-2024;utm_campaign=Basis_22&utm_content=HeaderButtonRaised&utm_medium=Matrice&utm_source=jp.dk;true;true;0;0;0;24-03-2025;23-05-2025;0;0
84447f9cb63fd99af29bac9210b20630;389;01-01-3000;2025-03-04 10:02:42.253000;Mand;28-02-1940;23-04-2023;utm_campaign=Marts25&utm_content=A&utm_medium=content&utm_source=jp.dk;false;false;0;0;0;04-03-2025;03-05-2025;0;0
18fc772904995a554be41f1453ab8411;492;01-01-3000;2025-03-03 14:33:03.808000;Mand;31-03-1988;18-10-2014;utm_campaign=Marts25&utm_content=A&utm_medium=content&utm_source=jp.dk;true;true;2;1;1;03-03-2025;02-05-2025;0;0
35e3eba1e51747ece01e4bd2a1b94c59;1318;01-01-3000;2025-03-11 14:48:39.414000;Mand;19-11-1949;05-06-2013;utm_campaign=Basis_22&utm_content=HeaderButtonRaised&utm_medium=Matrice&utm_source=jp.dk;false;true;2;0;0;11-03-2025;10-05-2025;5;6
9ab1c009fca6cd39cb93f9da0c90c0b3;122;18-06-2025;2025-03-14 15:59:46.643000;Mand;22-10-1952;26-03-2012;utm_campaign=Marts25&utm_content=A&utm_medium=content&utm_source=jp.dk;false;false;0;0;0;14-03-2025;13-05-2025;0;0
ff4b8b83f5248cb664866cb057c98470;527;01-01-3000;2025-03-20 15:47:30.370000;Mand;01-01-2026;25-09-2019;utm_campaign=Marts25&utm_medium=Matrice&utm_source=jp.dk;false;true;2;2;0;20-03-2025;19-05-2025;0;0
3aa50522489338ea7443d4947d2d993f;92;17-06-2025;2025-03-19 16:37:43.324000;Mand;18-07-1997;19-03-2025;utm_campaign=Basis_22&utm_content=HeaderButtonRaised&utm_medium=Matrice&utm_source=jp.dk;false;false;0;0;0;19-03-2025;18-05-2025;0;0
00acdfda9fa250382f43bdf7da59d814;92;15-05-2025;2025-03-15 16:51:26.893000;Kvinde;24-08-1980;15-03-2025;utm_campaign=Marts25&utm_content=B&utm_medium=content&utm_source=jp.dk;false;false;0;0;0;15-03-2025;14-05-2025;0;0
a3f22adaaa3f71c5dbda11ce952938c8;184;14-08-2025;2025-03-10 14:53:22.253000;Mand;26-01-1950;05-03-2025;utm_campaign=Marts25&utm_content=A&utm_medium=content&utm_source=jp.dk;false;false;0;0;0;10-03-2025;09-05-2025;0;0
870916599f1702f25f2425eb19f2b10f;469;25-05-2025;2025-03-23 16:49:05.610000;Mand;06-05-1967;15-05-2023;utm_campaign=Marts25&utm_medium=topticker&utm_source=jp.dk;false;false;2;2;0;23-03-2025;22-05-2025;0;0
5588b87ecc885fe81f54f875ca129b92;1107;18-05-2025;2025-03-22 10:21:07.871000;Mand;19-09-1946;23-07-2017;utm_campaign=Marts25&utm_content=sc_b&utm_medium=mail&utm_source=mail;false;true;21;7;15;22-03-2025;21-05-2025;10;10
c8773ba99e238fcc3e6354b094c054dc;61;28-03-2025;2025-03-15 08:42:02.161000;Mand;23-05-1964;14-09-2019;utm_campaign=Marts25&utm_content=A&utm_medium=content&utm_source=jp.dk;false;false;0;0;0;15-03-2025;14-05-2025;0;0
be8d832d2157226c66399338080ccc47;92;12-06-2025;2025-03-23 19:08:15.426000;Kvinde;22-03-1965;26-05-2025;utm_campaign=Marts25&utm_content=A&utm_medium=content&utm_source=jp.dk;false;false;0;0;0;23-03-2025;22-05-2025;0;0
2f204aeb120fdc22e3d9f8bee4374b0b;61;22-04-2025;2025-03-10 15:36:38.576000;Kvinde;30-07-1984;10-03-2025;utm_campaign=Marts25&utm_content=A&utm_medium=content&utm_source=jp.dk;false;false;0;0;0;10-03-2025;09-05-2025;0;0
5d8c2dd5de0cde2dfbbb25e775ff42af;1897;01-01-3000;2025-03-05 18:40:25.121000;Mand;26-04-1949;17-12-2014;utm_campaign=Marts25&utm_content=a&utm_medium=mail&utm_source=mail;false;true;3;0;1;05-03-2025;04-05-2025;0;0
59412282eb0ad7b5ff852d30641808fd;89;20-05-2025;2025-03-23 12:36:12.570000;Mand;08-01-1958;23-03-2025;utm_campaign=Basis_22&utm_content=HeaderButtonRaised&utm_medium=Matrice&utm_source=jp.dk;false;true;0;0;0;23-03-2025;22-05-2025;0;0
72260acf5e480340359ff4b64eb87274;61;15-03-2025;2025-03-08 07:53:08.086000;Mand;19-05-1965;08-03-2025;utm_campaign=Marts25&utm_content=A&utm_medium=content&utm_source=jp.dk;false;false;0;0;0;08-03-2025;07-05-2025;0;0
20a8f626380365808cc2f6a3eef2777e;1521;22-06-2025;2025-03-22 13:08:38.462000;Mand;09-06-1950;20-11-2012;utm_campaign=Marts25&utm_content=sc_b&utm_medium=mail&utm_source=mail;true;true;23;7;14;22-03-2025;21-05-2025;0;0
163f7c2ca0876b8cf46074f96e0f6b66;232;10-11-2025;2025-03-23 12:08:39.220000;Kvinde;05-05-2004;23-03-2025;utm_campaign=Marts25&utm_content=A&utm_medium=content&utm_source=jp.dk;false;false;0;0;0;23-03-2025;22-05-2025;0;0
b5f151e31b3d179a9c490cd57f107e71;656;25-05-2025;2025-03-07 19:49:45.559000;Mand;11-04-1973;27-01-2020;utm_campaign=Marts25&utm_content=B&utm_medium=content&utm_source=jp.dk;true;true;6;4;2;07-03-2025;06-05-2025;0;0
f9200c31a456ddcf5b2de3ee5667e0b7;61;04-04-2025;2025-03-15 17:54:59.809000;Kvinde;20-02-1976;30-01-2015;utm_campaign=Marts25&utm_content=B&utm_medium=content&utm_source=jp.dk;false;false;0;0;0;15-03-2025;14-05-2025;0;0
45fd6146dbb7e8651cf3d712d81cdcf1;547;10-05-2025;2025-03-23 06:24:02.169000;;08-05-1971;26-01-2013;utm_campaign=Marts25&utm_content=A&utm_medium=content&utm_source=jp.dk;false;false;4;4;0;23-03-2025;22-05-2025;0;0
d4320c5fea0b44bca81af504ba1f9b7b;61;04-03-2025;2025-03-04 08:02:15.494000;Mand;24-02-1986;04-03-2025;utm_campaign=Marts25&utm_content=A&utm_medium=content&utm_source=jp.dk;false;false;0;0;0;04-03-2025;03-05-2025;0;0
23c18ba7347830b64be8b764005b8ba0;245;11-05-2025;2025-03-12 14:53:12.973000;Mand;20-10-1977;12-03-2025;utm_campaign=Basis_22&utm_content=HeaderButtonRaised&utm_medium=Matrice&utm_source=jp.dk;false;false;0;0;0;12-03-2025;11-05-2025;2;2
041d717ed0a2660383069b4382a5f868;214;23-06-2025;2025-03-21 13:25:33.754000;Mand;08-06-1971;07-07-2024;utm_campaign=Marts25&utm_content=sc_b&utm_medium=mail&utm_source=mail;false;true;1;1;0;21-03-2025;20-05-2025;0;0
bdd01e087db83c6919655477c3a9d8e6;61;14-05-2025;2025-03-22 11:58:03.717000;Mand;07-12-1960;22-03-2025;utm_campaign=Marts25&utm_medium=Weblayer&utm_source=jp.dk;false;false;0;0;0;22-03-2025;21-05-2025;0;0
f2fdfe2ad3800375137cff870b1a4f6f;375;20-03-2026;2025-03-10 06:17:36.471000;Mand;30-05-1955;10-03-2025;utm_campaign=Marts25&utm_content=B&utm_medium=content&utm_source=jp.dk;false;false;0;0;0;10-03-2025;09-05-2025;0;0
59dc551739bcb4f3f5c48a405394278c;542;25-02-2026;2025-03-05 06:48:25.129000;Mand;22-01-1954;19-06-2020;utm_campaign=Marts25&utm_medium=Matrice&utm_source=jp.dk;true;true;1;1;0;05-03-2025;04-05-2025;0;0
c7ef3e47dc93abd7cd51c53cf2afc104;144;27-05-2025;2025-03-20 17:10:38.004000;Mand;30-05-1958;07-08-2025;utm_campaign=Marts25&utm_content=A&utm_medium=content&utm_source=jp.dk;false;true;5;5;5;20-03-2025;19-05-2025;3;3
ac0c634965a44feaf5f3a20d95de3fdc;153;28-07-2025;2025-03-17 09:00:18.450000;Kvinde;24-08-1998;28-02-2025;utm_campaign=Marts25&utm_content=A&utm_medium=content&utm_source=jp.dk;false;false;0;0;0;17-03-2025;16-05-2025;0;0
096d4a4ba51e44809eb9d5cc24ce2dac;1812;30-10-2025;2025-03-06 10:02:54.379000;Mand;23-07-1963;25-01-2016;utm_campaign=Basis_22&utm_content=HeaderButtonRaised&utm_medium=Matrice&utm_source=jp.dk;true;true;19;9;8;06-03-2025;05-05-2025;0;0
1e9a3c7abf9c21470bc3ff8b110754f9;92;12-05-2025;2025-03-10 14:53:39.429000;Mand;16-11-1973;10-03-2025;utm_campaign=Marts25&utm_content=A&utm_medium=content&utm_source=jp.dk;false;false;0;0;0;10-03-2025;09-05-2025;0;0
f8a31b28770a75fe299ad45b0bc9ee65;92;15-05-2025;2025-03-15 19:58:09.836000;Mand;07-05-2006;15-03-2025;utm_campaign=Marts25&utm_content=B&utm_medium=content&utm_source=jp.dk;false;false;0;0;0;15-03-2025;14-05-2025;0;0
22bf58de695495f2a95f640498332fe1;61;08-05-2025;2025-03-17 07:22:22.229000;Mand;24-02-1972;12-08-2022;utm_campaign=Marts25&utm_content=A&utm_medium=content&utm_source=jp.dk;false;false;0;0;0;17-03-2025;16-05-2025;0;0
ac1680a3704fb229d6f2b8669ae4d0ec;289;18-12-2025;2025-03-11 10:20:48.209000;Kvinde;10-03-1949;25-02-2015;utm_campaign=Basis_22&utm_content=HeaderButtonRaised&utm_medium=Matrice&utm_source=jp.dk;true;true;1;0;0;11-03-2025;10-05-2025;0;0
f0987c3595b34114e5085a1c0c799fbb;153;17-08-2025;2025-03-21 17:06:55.413000;Kvinde;05-09-1949;21-03-2025;utm_campaign=Marts25&utm_content=A&utm_medium=content&utm_source=jp.dk;false;false;0;0;0;21-03-2025;20-05-2025;0;0
de4d0727c4900525e97c20236a0566c2;385;01-01-3000;2025-03-08 16:58:54.226000;Mand;13-03-1945;02-12-2021;utm_campaign=Marts25&utm_content=B&utm_medium=content&utm_source=jp.dk;true;true;0;0;0;08-03-2025;07-05-2025;0;1
559410d8ab5887d2e936ff36d756803a;917;19-05-2025;2025-03-07 10:30:13.472000;Mand;28-05-1960;12-09-2015;utm_campaign=Marts25&utm_content=b&utm_medium=mail&utm_source=mail;false;true;9;6;3;07-03-2025;06-05-2025;0;0
c5f4da1e31e7a8497ac488f4b068d9ca;332;07-08-2025;2025-03-07 09:33:41.995000;Mand;03-11-1980;31-12-2018;utm_campaign=Marts25&utm_content=B&utm_medium=content&utm_source=jp.dk;false;true;3;1;2;07-03-2025;06-05-2025;0;0
303860c1806cd8777515040378492fd6;208;14-03-2025;2025-03-14 14:27:29.984000;Kvinde;29-09-1958;06-02-2013;utm_campaign=Marts25&utm_content=A&utm_medium=content&utm_source=jp.dk;false;false;2;1;1;14-03-2025;13-05-2025;0;0
bb86350b32e733fb3db74e5d46c4c4ac;1010;04-12-2025;2025-03-12 13:07:09.045000;Mand;19-05-1948;28-08-2020;utm_campaign=Marts25&utm_content=B&utm_medium=content&utm_source=jp.dk;false;true;10;3;7;12-03-2025;11-05-2025;2;2
ad7180fe09827b1267495a0a6a51b728;428;20-10-2025;2025-03-04 21:27:52.478000;Kvinde;02-01-1981;28-07-2016;utm_campaign=Marts25&utm_content=A&utm_medium=content&utm_source=jp.dk;false;false;1;0;0;04-03-2025;03-05-2025;2;2
4d776c43d67541ee80a3327421aaabf6;1521;05-05-2025;2025-03-22 06:31:06.784000;Mand;06-08-1946;25-03-2015;utm_campaign=Marts25&utm_content=sc_b&utm_medium=mail&utm_source=mail;true;true;3;1;1;22-03-2025;21-05-2025;0;0
ee5275a035955fff643c908c7d2b3e40;122;26-06-2025;2025-03-21 20:16:21.557000;Mand;01-06-1983;21-03-2025;utm_campaign=Marts25&utm_content=A&utm_medium=content&utm_source=jp.dk;false;false;0;0;0;21-03-2025;20-05-2025;0;0
492d85c60fd84f8d385988348a085314;122;15-06-2025;2025-03-09 14:02:17.323000;Kvinde;28-06-1965;11-07-2016;utm_campaign=Basis_22&utm_content=HeaderButtonRaised&utm_medium=Matrice&utm_source=jp.dk;false;false;0;0;0;09-03-2025;08-05-2025;0;0
4458a76d8f51e108b7f7444e7dd49118;377;01-01-3000;2025-03-16 07:02:03.781000;Mand;13-02-1965;24-02-2024;utm_campaign=Basis_22&utm_content=HeaderButtonRaised&utm_medium=Matrice&utm_source=jp.dk;true;false;0;0;0;16-03-2025;15-05-2025;0;0
cdfd2a89babf1b6e989ff43bdd144c3d;61;20-03-2025;2025-03-20 02:21:25.088000;Kvinde;27-02-1991;26-02-2023;utm_campaign=Marts25&utm_content=A&utm_medium=content&utm_source=jp.dk;false;false;0;0;0;20-03-2025;19-05-2025;0;0
45693993923550bd9222c213478e0653;153;19-03-2025;2025-03-19 10:18:46.095000;Mand;05-07-1977;10-08-2021;utm_campaign=Marts25&utm_content=A&utm_medium=content&utm_source=jp.dk;false;false;0;0;0;19-03-2025;18-05-2025;0;0
fa62a81c78ca82cf81fe9adf7e4611e1;370;01-01-3000;2025-03-23 19:26:32.912000;Kvinde;09-03-1964;23-03-2025;utm_campaign=Marts25&utm_content=A&utm_medium=content&utm_source=jp.dk;false;false;0;0;0;23-03-2025;22-05-2025;0;0
5a4462a29a562fe12eead8aaa422ad61;160;21-03-2025;2025-03-07 23:11:55.882000;Mand;27-11-1954;17-09-2020;utm_campaign=Marts25&utm_content=A&utm_medium=content&utm_source=jp.dk;false;true;2;1;0;07-03-2025;06-05-2025;0;0
aa77020fa5c724cf883ddecad6191f1f;377;01-01-3000;2025-03-16 10:20:36.411000;Mand;17-07-1946;16-03-2025;utm_campaign=Marts25&utm_content=B&utm_medium=content&utm_source=jp.dk;true;true;0;0;0;16-03-2025;15-05-2025;0;0
bb0e7eb84345f80afaa42fe72614c199;61;19-05-2025;2025-03-19 22:14:22.693000;Mand;13-08-1962;19-05-2025;utm_campaign=Marts25&utm_content=B&utm_medium=content&utm_source=jp.dk;false;true;0;0;0;19-03-2025;18-05-2025;3;3
ac2d3c89f1c3f45158ff06bb091219db;252;24-03-2025;2025-03-23 06:01:55.254000;Kvinde;09-10-1958;18-09-2023;utm_campaign=Marts25&utm_medium=Weblayer&utm_source=jp.dk;false;true;2;1;1;23-03-2025;22-05-2025;0;0
6c710b9263533c42dfaa2082413210c3;129;26-06-2025;2025-03-07 08:14:08.159000;Mand;02-03-1973;04-03-2022;utm_campaign=Marts25&utm_content=A&utm_medium=content&utm_source=jp.dk;false;false;1;0;1;07-03-2025;06-05-2025;0;0
b506be7c9a29252ae978684305eb3da5;1076;04-03-2025;2025-03-04 08:30:00.528000;Mand;01-06-1976;05-09-2016;utm_campaign=Basis_22&utm_content=HeaderButtonRaised&utm_medium=Matrice&utm_source=jp.dk;false;false;8;6;1;04-03-2025;03-05-2025;0;0
51b8ddd8afac0e7b7233c503a76cf7b9;366;10-03-2025;2025-03-10 07:05:31.976000;Mand;29-05-1963;16-09-2014;utm_campaign=Marts25&utm_content=A&utm_medium=content&utm_source=jp.dk;false;false;1;0;1;10-03-2025;09-05-2025;0;0
dfdb1befea4c4fbac21e561c435811e2;122;07-06-2025;2025-03-05 10:40:59.548000;Kvinde;08-12-1999;20-03-2024;utm_campaign=Marts25&utm_content=A&utm_medium=content&utm_source=jp.dk;true;true;0;0;0;05-03-2025;04-05-2025;0;0
e0be3cb7d97ef50310d2ce06544c35d9;63;26-05-2025;2025-03-24 07:51:02.402000;Mand;21-04-1953;22-05-2013;utm_campaign=Marts25&utm_content=B&utm_medium=content&utm_source=jp.dk;false;true;0;0;0;24-03-2025;23-05-2025;0;0
58e02888045f1da0bf22ed5463423158;290;26-12-2025;2025-03-11 09:16:37.224000;Mand;26-02-1951;04-12-2012;utm_campaign=Marts25&utm_content=A&utm_medium=content&utm_source=jp.dk;false;false;0;0;0;11-03-2025;10-05-2025;0;0
7ad00b86b8634e354c143637d68475af;864;23-11-2025;2025-03-21 07:10:16.802000;Mand;23-11-1964;15-01-2013;utm_campaign=Marts25&utm_content=sc_a&utm_medium=mail&utm_source=mail;false;false;3;2;0;21-03-2025;20-05-2025;0;0
0ff5ed8c95e08e84102e764ef0541efc;214;17-09-2025;2025-03-14 13:09:19.604000;Kvinde;11-07-1968;13-04-2023;utm_campaign=Marts25&utm_content=A&utm_medium=content&utm_source=jp.dk;false;false;0;0;0;14-03-2025;13-05-2025;0;0
a3670336ee034e5147ce83a4aab58e9b;61;24-03-2025;2025-03-23 18:46:35.376000;Kvinde;22-10-1992;23-03-2025;utm_campaign=Marts25&utm_content=B&utm_medium=content&utm_source=jp.dk;false;false;0;0;0;23-03-2025;22-05-2025;0;0
8423866ec1a677d8bf54c4cb91ec613a;265;09-04-2025;2025-03-08 19:25:13.019000;Mand;23-07-1967;19-03-2015;utm_campaign=&utm_content=Besog_JP&utm_medium=ppc&utm_source=adwords&utm_term=avis+abonnement;false;true;1;1;0;08-03-2025;07-05-2025;0;0
4dd7cbb673923c83f9b8abc1e0a25aac;106;28-05-2025;2025-03-05 11:47:03.679000;Mand;12-12-1949;16-02-2024;utm_campaign=Marts25&utm_content=a&utm_medium=mail&utm_source=mail;true;false;1;1;1;05-03-2025;04-05-2025;1;1
f50856fc107729999e2e1d357c844649;528;05-04-2025;2025-03-20 11:13:41.472000;Mand;22-09-1938;05-10-2023;utm_campaign=Marts25&utm_medium=Weblayer&utm_source=jp.dk;true;true;2;2;0;20-03-2025;19-05-2025;11;9
433aa510b9dc273e221bde28e7296866;476;28-04-2025;2025-03-10 09:43:01.052000;Mand;19-05-1959;08-03-2022;utm_campaign=Basis_22&utm_content=HeaderButtonRaised&utm_medium=Matrice&utm_source=jp.dk;false;true;10;5;7;10-03-2025;09-05-2025;0;0
706e093c596c9b6de385b40a984f12b0;695;15-04-2025;2025-03-15 05:43:46.805000;Kvinde;24-06-1961;23-05-2022;utm_campaign=Marts25&utm_content=b&utm_medium=mail&utm_source=mail;false;true;6;6;3;15-03-2025;14-05-2025;0;0
e4c2b513bdcea217379ef84b2507904a;727;16-05-2025;2025-03-21 13:17:26.446000;Mand;25-01-1951;28-08-2015;utm_campaign=Basis_22&utm_content=HeaderButtonRaised&utm_medium=Matrice&utm_source=jp.dk;true;true;11;5;6;21-03-2025;20-05-2025;0;0
40d4bc4ceca9fd2e68031fa65ba5c50f;372;01-01-3000;2025-03-21 11:06:27.984000;Kvinde;05-08-1956;09-12-2021;utm_campaign=Marts25&utm_content=sc_a&utm_medium=mail&utm_source=mail;true;true;0;0;0;21-03-2025;20-05-2025;0;2
a48af4981d5cc3f1cd9e91e123b946ca;165;11-03-2025;2025-03-11 13:05:02.898000;Mand;17-02-1976;11-03-2025;utm_campaign=Marts25&utm_medium=topticker&utm_source=jp.dk;false;false;0;0;0;11-03-2025;10-05-2025;0;0
fcf14fdb8a2f787405f7a5551fb9af24;468;01-01-3000;2025-03-21 14:04:55.898000;Mand;20-03-2024;06-10-2022;utm_campaign=Marts25&utm_content=sc_b&utm_medium=mail&utm_source=mail;true;true;1;1;0;21-03-2025;20-05-2025;0;0
9b636dd933ffe5f7bcc115d62aeee610;377;13-05-2025;2025-03-16 08:38:40.144000;Mand;06-10-1961;11-03-2025;utm_campaign=Basis_22&utm_content=HeaderButtonRaised&utm_medium=Matrice&utm_source=jp.dk;true;true;0;0;0;16-03-2025;15-05-2025;12;10
e458dfd14161ec17d6a1ad39fa0ac2ed;818;25-05-2025;2025-03-21 07:17:50.549000;Mand;09-01-1952;28-06-2012;utm_campaign=Marts25&utm_content=sc_a&utm_medium=mail&utm_source=mail;true;true;6;5;2;21-03-2025;20-05-2025;5;5
f7e335754c1d61dce2e70ddf8b6011db;282;02-12-2025;2025-03-06 09:21:45.700000;Kvinde;29-09-1977;06-03-2023;utm_campaign=Marts25&utm_content=e-avis_ikkeabn&utm_medium=matrice&utm_source=jp.dk;true;true;1;1;0;06-03-2025;05-05-2025;0;0
6b54e0d2134307e087fd1c935f044aa2;1059;01-01-3000;2025-03-11 08:50:10.410000;Mand;19-11-1962;13-05-2022;utm_campaign=Basis_22&utm_content=HeaderButtonRaised&utm_medium=Matrice&utm_source=jp.dk;false;true;5;3;2;11-03-2025;10-05-2025;0;0
7b4fa6601c1f309c017664b468956354;153;16-07-2025;2025-03-14 10:33:17.541000;Mand;08-11-1968;10-09-2024;utm_campaign=Marts25&utm_content=A&utm_medium=content&utm_source=jp.dk;false;false;0;0;0;14-03-2025;13-05-2025;0;0
848ee26ce93babd7d9d9d93b2df65b6b;92;19-05-2025;2025-03-19 11:16:23.157000;Kvinde;09-11-1996;19-03-2025;utm_campaign=Marts25&utm_content=A&utm_medium=content&utm_source=jp.dk;false;false;0;0;0;19-03-2025;18-05-2025;0;0
bf9046fa8bf362613bb568886c425a4c;122;27-06-2025;2025-03-23 09:40:06.085000;Mand;06-10-1946;23-03-2025;utm_campaign=Basis_22&utm_content=HeaderButtonRaised&utm_medium=Matrice&utm_source=jp.dk;true;true;0;0;0;23-03-2025;22-05-2025;0;0
79bcea0ca1df80809925ac6826965e65;599;23-06-2025;2025-03-21 09:09:29.687000;Mand;09-07-1948;22-02-2012;utm_campaign=Marts25&utm_content=sc_a&utm_medium=mail&utm_source=mail;true;false;4;2;1;21-03-2025;20-05-2025;2;2
cc8295dd665a1de96fe1d20e1bcc6831;503;14-03-2025;2025-03-09 08:39:23.365000;Kvinde;20-05-1975;12-08-2020;utm_campaign=Marts25&utm_content=A&utm_medium=content&utm_source=jp.dk;false;false;2;1;1;09-03-2025;08-05-2025;0;0
b1cff7fa22236dcb1b0a989f25fd5c43;1;21-03-2025;2025-03-20 11:37:30.246000;Mand;12-03-1959;20-06-2014;utm_campaign=Marts25&utm_content=A&utm_medium=content&utm_source=jp.dk;false;false;0;0;0;20-03-2025;20-03-2025;0;0
773658b12742ecdd7c229fa03323c86f;372;01-01-3000;2025-03-21 07:39:56.775000;Mand;13-04-1955;21-03-2025;utm_campaign=Marts25&utm_content=sc_a&utm_medium=mail&utm_source=mail;false;false;0;0;0;21-03-2025;20-05-2025;0;2
2191cc84c7bb5d3610d632f7cf5204b2;2012;01-01-3000;2025-03-23 22:48:15.137000;Mand;07-09-1952;04-09-2020;utm_campaign=Marts25&utm_content=sc_b&utm_medium=mail&utm_source=mail;false;true;1;0;0;23-03-2025;22-05-2025;0;0
3b4ce05f90428b767885143458049bf1;1440;01-01-3000;2025-03-21 07:54:21.321000;Mand;14-10-1970;10-01-2015;utm_campaign=Marts25&utm_content=A&utm_medium=content&utm_source=jp.dk;false;false;2;1;0;21-03-2025;20-05-2025;0;1
87d2a11d788649d4c69bb4e10ff780c0;176;11-04-2025;2025-03-12 13:49:05.819000;Mand;30-03-1945;05-05-2022;utm_campaign=Marts25&utm_medium=Matrice&utm_source=jp.dk;true;false;1;1;0;12-03-2025;11-05-2025;0;2
087ebc5dd84a5a63f00974b2dc26c2a8;596;29-07-2025;2025-03-05 14:51:37.181000;Mand;11-04-1954;16-07-2021;utm_campaign=Marts25&utm_content=a&utm_medium=mail&utm_source=mail;true;true;9;6;4;05-03-2025;04-05-2025;0;0
55de7730fb65fb3e90afdc6e82e46d13;245;04-11-2025;2025-03-09 13:50:31.651000;Kvinde;03-04-1966;28-01-2014;utm_campaign=Marts25&utm_content=A&utm_medium=content&utm_source=jp.dk;false;false;0;0;0;09-03-2025;08-05-2025;3;3
02fe16a67b6e92fb1525c8dc4f5e19d2;92;09-05-2025;2025-03-09 07:49:29.226000;Kvinde;15-04-1971;09-03-2025;utm_campaign=Marts25&utm_content=B&utm_medium=content&utm_source=jp.dk;false;false;0;0;0;09-03-2025;08-05-2025;0;0
0f59e0f1a302ad61479cae13dc65d210;390;01-01-3000;2025-03-03 15:30:28.917000;Kvinde;13-03-1963;03-03-2025;utm_campaign=Marts25&utm_content=A&utm_medium=content&utm_source=jp.dk;false;false;0;0;0;03-03-2025;02-05-2025;2;2
0ff1fb912827dd493780434b9f5fe90c;61;27-03-2025;2025-03-05 10:49:20.278000;Mand;20-03-1950;23-02-2025;utm_campaign=Marts25&utm_content=A&utm_medium=content&utm_source=jp.dk;false;false;0;0;0;05-03-2025;04-05-2025;0;0
dd17b70b375e73e19d04201f4fe37788;1173;14-04-2025;2025-03-21 10:28:39.328000;Mand;26-03-1949;07-11-2017;utm_campaign=Marts25&utm_content=B&utm_medium=content&utm_source=jp.dk;true;true;14;8;3;21-03-2025;20-05-2025;16;16
26055449e1b6f5750213a8cd2f9c1590;184;28-08-2025;2025-03-18 09:46:27.597000;Kvinde;05-11-2001;18-03-2025;utm_campaign=Basis_22&utm_content=HeaderButtonRaised&utm_medium=Matrice&utm_source=jp.dk;false;false;0;0;0;18-03-2025;17-05-2025;0;0
d9131a70d86f30eae6d2e6bd57a76230;275;05-12-2025;2025-03-23 11:23:35.213000;Mand;27-02-1968;22-07-2012;utm_campaign=Marts25&utm_content=A&utm_medium=content&utm_source=jp.dk;false;false;0;0;0;23-03-2025;22-05-2025;0;0
bb268a1296993a658fa958dcce6ce723;278;22-07-2025;2025-03-21 21:21:02.858000;Kvinde;27-07-1946;17-06-2020;utm_campaign=Marts25&utm_content=sc_b&utm_medium=mail&utm_source=mail;false;false;0;0;0;21-03-2025;20-05-2025;0;0
c87f05ad95f5f762ee2991ac45685fac;1642;31-03-2025;2025-03-10 08:01:25.555000;Mand;01-10-1948;10-08-2014;utm_campaign=Basis_22&utm_content=MegaMenu&utm_medium=Matrice&utm_source=jp.dk;false;true;22;8;10;10-03-2025;09-05-2025;4;4
8be83d73b038d09aead452870daaac86;387;01-01-3000;2025-03-06 14:47:14.671000;Mand;08-03-1969;06-03-2025;utm_campaign=Marts25&utm_content=B&utm_medium=content&utm_source=jp.dk;true;true;0;0;0;06-03-2025;05-05-2025;0;0
ac5c578c40656689a251c866ba3d6f98;82;07-04-2025;2025-03-21 07:34:46.281000;Mand;08-08-1961;18-12-2020;utm_campaign=Marts25&utm_content=sc_b&utm_medium=mail&utm_source=mail;true;true;2;2;2;21-03-2025;20-05-2025;0;0
cd89e049f0b16fa28499c3a1ab5e15f5;378;01-01-3000;2025-03-15 07:18:59.684000;Mand;08-02-1945;22-02-2015;utm_campaign=L%C3%B8rdag&utm_content=2025-03-15&utm_medium=email&utm_source=jp;false;false;0;0;0;15-03-2025;14-05-2025;3;4
3779c328bc5efb7d0f9f77bc895122e4;437;07-03-2025;2025-03-04 20:30:51.637000;Mand;20-03-1959;11-02-2014;utm_campaign=Marts25&utm_content=B&utm_medium=content&utm_source=jp.dk;true;true;2;2;0;04-03-2025;03-05-2025;1;1
8da2e4c70ab7969f71c228ca4d5213d9;372;01-01-3000;2025-03-21 07:37:38.483000;Mand;06-01-1963;21-03-2025;utm_campaign=Marts25&utm_content=sc_b&utm_medium=mail&utm_source=mail;false;false;0;0;0;21-03-2025;20-05-2025;0;0
1c970787962b3364c125d8dc4f6f9b48;1216;17-04-2025;2025-03-07 07:48:34.124000;Mand;23-09-1981;02-10-2013;utm_campaign=Marts25&utm_content=A&utm_medium=content&utm_source=jp.dk;true;true;17;9;5;07-03-2025;06-05-2025;0;0
aab906f1e94c3d75a4aad601d00431f1;448;26-03-2025;2025-03-21 08:37:11.017000;;06-08-1949;28-06-2015;utm_campaign=Marts25&utm_content=sc_b&utm_medium=mail&utm_source=mail;true;true;16;7;9;21-03-2025;20-05-2025;0;0
d930f746a880de29aae6ce810b11f5da;1713;24-10-2025;2025-03-22 08:45:27.098000;Mand;08-03-1946;13-09-2013;utm_campaign=Marts25&utm_content=sc_a&utm_medium=mail&utm_source=mail;true;true;2;1;0;22-03-2025;21-05-2025;9;9
dbc43769b3fb6804d1b1992e6491bf3d;793;11-01-2026;2025-03-14 21:50:34.118000;Mand;14-06-1958;29-12-2022;utm_campaign=Marts25&utm_content=A&utm_medium=content&utm_source=jp.dk;false;true;4;4;0;14-03-2025;13-05-2025;0;0
07d0c99895df503e62414e0f2b702cde;1443;01-01-3000;2025-03-22 04:06:28.191000;Mand;23-01-1968;14-05-2016;utm_campaign=Marts25&utm_content=sc_a&utm_medium=mail&utm_source=mail;true;true;2;1;1;22-03-2025;21-05-2025;5;7
777833f12b1c604a5b3d6dd76bdde6ec;242;17-04-2025;2025-03-23 12:18:24.960000;Kvinde;05-09-1961;02-01-2015;utm_campaign=Marts25&utm_content=sc_a&utm_medium=mail&utm_source=mail;false;true;3;3;0;23-03-2025;22-05-2025;0;0
f79e1675b854d18f6f0c9a76d7941b3f;786;30-04-2025;2025-03-06 07:17:41.518000;Mand;31-07-1950;31-12-2012;utm_campaign=Marts25&utm_content=b&utm_medium=mail&utm_source=mail;false;true;10;5;4;06-03-2025;05-05-2025;1;0
80cfaf94b170f141e28861a07d09d476;389;01-01-3000;2025-03-04 14:33:26.685000;Mand;23-04-1971;29-06-2020;utm_campaign=Basis_22&utm_content=App_android&utm_medium=Matrice&utm_source=App;false;false;0;0;0;04-03-2025;03-05-2025;0;0
181239c484f5899e65888a9bd671527d;185;16-06-2025;2025-03-12 04:04:28.331000;Mand;23-01-1966;02-05-2018;utm_campaign=Basis_22&utm_content=HeaderButtonRaised&utm_medium=Matrice&utm_source=jp.dk;true;true;5;0;5;12-03-2025;11-05-2025;7;9
e313c648720ad368db50f15344b943aa;181;14-07-2025;2025-03-07 16:56:24.974000;Mand;09-12-1954;26-09-2014;utm_campaign=Marts25&utm_content=b&utm_medium=mail&utm_source=mail;false;false;2;2;2;07-03-2025;06-05-2025;0;0
761f1df8f468f1bb378e9d72cbe382e5;61;06-05-2025;2025-03-08 21:11:23.368000;Mand;03-04-1944;08-03-2025;utm_campaign=Marts25&utm_content=B&utm_medium=content&utm_source=jp.dk;true;false;0;0;0;08-03-2025;07-05-2025;0;0
8ddd9da87f5d0aff556598905938e9e4;369;01-01-3000;2025-03-24 05:38:10.852000;Mand;07-05-1961;13-12-2020;utm_campaign=Marts25&utm_content=B&utm_medium=content&utm_source=jp.dk;false;false;0;0;0;24-03-2025;23-05-2025;0;0
e5c1e5dfabe1d1b80ee995d84de2201d;235;13-04-2025;2025-03-17 00:46:00.304000;Mand;03-12-1975;11-08-2011;utm_campaign=Marts25&utm_content=A&utm_medium=content&utm_source=jp.dk;false;false;0;0;0;17-03-2025;16-05-2025;0;0
1af06db48739c4e618bb73c2cdd09ece;287;22-05-2025;2025-03-15 08:44:19.608000;Mand;13-10-1932;12-03-2022;utm_campaign=Basis_22&utm_content=HeaderButtonRaised&utm_medium=Matrice&utm_source=jp.dk;true;false;2;2;0;15-03-2025;14-05-2025;0;0
5925eab9bc621733645f6fd41ebaccb0;645;02-06-2025;2025-03-21 07:28:29.108000;Mand;06-04-1945;01-08-2017;utm_campaign=Marts25&utm_content=sc_b&utm_medium=mail&utm_source=mail;true;true;8;6;3;21-03-2025;20-05-2025;6;6
1130498a738e9b6acb34e906f2230007;1777;01-01-3000;2025-03-21 10:01:56.311000;Mand;22-08-1935;27-01-2012;utm_campaign=Marts25&utm_content=sc_a&utm_medium=mail&utm_source=mail;false;true;1;0;0;21-03-2025;20-05-2025;1;1
84a0ea3fbb01645645ab3c637f704838;187;21-09-2025;2025-03-18 08:51:50.629000;Kvinde;01-09-1994;19-09-2023;utm_campaign=Marts25&utm_content=A&utm_medium=content&utm_source=jp.dk;false;false;0;0;0;18-03-2025;17-05-2025;0;0
5dda4e685600b3ae7b09836aca37d057;61;08-04-2025;2025-03-22 07:45:59.233000;Kvinde;24-04-1982;09-11-2022;utm_campaign=Marts25&utm_content=A&utm_medium=content&utm_source=jp.dk;false;false;0;0;0;22-03-2025;21-05-2025;0;0
4262ff5f39aee5987c964b9d43dd7ddf;279;05-06-2025;2025-03-08 07:28:06.203000;Mand;27-10-1942;14-11-2022;utm_campaign=L%C3%B8rdag&utm_content=2025-03-08&utm_medium=email&utm_source=jp;false;true;5;4;2;08-03-2025;07-05-2025;2;3
3b7e252e3cad823b1a333da15165e8fc;129;24-06-2025;2025-03-20 20:30:45.893000;Mand;21-09-1979;26-02-2022;utm_campaign=Marts25&utm_content=A&utm_medium=content&utm_source=jp.dk;false;false;1;0;1;20-03-2025;19-05-2025;0;0
6ecb28b84d3a784429d89cdd1bf707e8;321;28-03-2025;2025-03-07 08:23:57.719000;Mand;15-05-1962;01-12-2022;utm_campaign=Marts25&utm_content=b&utm_medium=mail&utm_source=mail;false;true;1;1;0;07-03-2025;06-05-2025;0;0
691567ac886fbcb6838d049bd8dfeb25;952;01-01-3000;2025-03-04 05:44:46.143000;Mand;29-04-1946;17-02-2015;utm_campaign=Marts25&utm_content=A&utm_medium=content&utm_source=jp.dk;false;false;4;2;2;04-03-2025;03-05-2025;8;8
b40b77f1118e3d44b8c5f5fe5f434cf9;313;03-04-2025;2025-03-05 15:16:19.370000;Kvinde;09-11-1937;11-07-2017;utm_campaign=Marts25&utm_content=b&utm_medium=mail&utm_source=mail;false;true;7;1;5;05-03-2025;04-05-2025;0;0
2c6bbbf8fa35f68c88d82688bd0f7a69;61;22-03-2025;2025-03-22 07:27:46.220000;Mand;11-08-1996;09-12-2022;utm_campaign=Marts25&utm_content=A&utm_medium=content&utm_source=jp.dk;false;false;0;0;0;22-03-2025;21-05-2025;0;0
374f3786930ea8008317faaafb586def;1028;12-05-2025;2025-03-05 12:33:01.141000;;19-06-1962;11-07-2017;utm_campaign=Marts25&utm_content=B&utm_medium=content&utm_source=jp.dk;true;true;6;3;2;05-03-2025;04-05-2025;0;0
c471b03cd445e41200a69e3b4cfdd9c5;884;23-05-2025;2025-03-21 10:16:29.972000;Mand;29-08-1948;23-12-2019;utm_campaign=Marts25&utm_content=sc_b&utm_medium=mail&utm_source=mail;true;true;7;3;2;21-03-2025;20-05-2025;2;2
385ea711433779ec568022849ce6eaeb;670;01-01-3000;2025-03-19 15:52:07.383000;Mand;06-10-1972;17-04-2017;utm_campaign=Marts25&utm_medium=Weblayer&utm_source=jp.dk;false;true;4;2;2;19-03-2025;18-05-2025;0;0
9ee60c297a751b20d595266bd388215c;92;03-06-2025;2025-03-19 22:15:38.697000;Mand;04-03-1974;03-05-2019;utm_campaign=Marts25&utm_content=A&utm_medium=content&utm_source=jp.dk;false;false;0;0;0;19-03-2025;18-05-2025;0;0
1493b48a623a745e57db83cf0b32da91;814;25-08-2025;2025-03-21 08:27:05.935000;Mand;02-10-1951;20-05-2023;utm_campaign=Marts25&utm_content=sc_b&utm_medium=mail&utm_source=mail;false;true;1;1;0;21-03-2025;20-05-2025;0;0
0786c281ec5d2458a226bda45e874c35;116;16-04-2025;2025-03-22 14:22:13.450000;Mand;07-07-1965;02-02-2023;utm_campaign=Marts25&utm_medium=topticker&utm_source=jp.dk;false;true;3;3;1;22-03-2025;21-05-2025;0;0
01f145c2d4f98ff3b0ce3f731c3e5078;425;12-04-2025;2025-03-12 20:11:21.851000;Mand;10-05-1956;27-06-2014;utm_campaign=Marts25&utm_content=A&utm_medium=content&utm_source=jp.dk;false;false;4;4;0;12-03-2025;11-05-2025;0;0
c402e82b274b94ea1c549636425759a2;1502;09-03-2026;2025-03-23 08:39:18.802000;Mand;07-01-1944;17-05-2015;utm_campaign=Marts25&utm_content=sc_a&utm_medium=mail&utm_source=mail;false;true;5;2;0;23-03-2025;22-05-2025;0;0
c8e4a23b9e979430d588440ed4f70da7;1366;02-05-2025;2025-03-07 23:33:13.020000;Mand;19-06-1964;03-05-2014;utm_campaign=Marts25&utm_content=a&utm_medium=mail&utm_source=mail;false;false;10;5;3;07-03-2025;06-05-2025;0;0
9226bce10f06f4ab2d13d793985fe2dc;697;23-03-2025;2025-03-23 06:56:26.501000;Mand;12-05-1975;01-01-2018;utm_campaign=Marts25&utm_content=sc_b&utm_medium=mail&utm_source=mail;false;true;18;6;15;23-03-2025;22-05-2025;0;0
ef7a085d2aff92b21d620e7a0ea528b4;580;01-01-3000;2025-03-04 07:10:45.839000;Kvinde;03-11-1982;08-08-2018;utm_campaign=Marts25&utm_content=A&utm_medium=content&utm_source=jp.dk;false;false;3;2;1;04-03-2025;03-05-2025;1;1
6d65f77c4bce56087d22a22a734f493c;1045;14-03-2026;2025-03-05 15:26:45.943000;Mand;31-05-1964;21-03-2022;utm_campaign=Marts25&utm_content=b&utm_medium=mail&utm_source=mail;false;true;7;5;1;05-03-2025;04-05-2025;0;0
7cc6d77803a5c2de142a14ace1b34a08;137;21-03-2025;2025-03-10 21:04:26.525000;Mand;13-06-1966;27-09-2015;utm_campaign=Basis_22&utm_content=HeaderButtonRaised&utm_medium=Matrice&utm_source=jp.dk;false;false;1;1;0;10-03-2025;09-05-2025;0;0
ccc8f1b438686e37f9f03a6f883ff2a4;416;01-01-3000;2025-03-22 08:06:26.214000;Mand;20-07-1971;08-06-2012;utm_campaign=Marts25&utm_content=A&utm_medium=content&utm_source=jp.dk;false;false;1;1;0;22-03-2025;21-05-2025;0;0
10d5736de1bd27274198d1f1f0ee6d55;221;29-06-2025;2025-03-22 00:01:05.308000;Kvinde;07-07-1955;07-02-2015;utm_campaign=Marts25&utm_content=sc_a&utm_medium=mail&utm_source=mail;false;true;2;1;1;22-03-2025;21-05-2025;19;18
f0aab63ad685e003555b7e8c0644dba3;601;07-05-2025;2025-03-06 06:18:25.522000;Mand;15-04-1956;08-12-2012;utm_campaign=Marts25&utm_content=b&utm_medium=mail&utm_source=mail;true;true;9;8;4;06-03-2025;05-05-2025;1;0
959c700e99c5e04175aa14267701fb89;613;23-05-2025;2025-03-21 07:12:29.937000;Mand;31-12-1957;14-12-2012;utm_campaign=Marts25&utm_content=sc_a&utm_medium=mail&utm_source=mail;true;false;7;3;2;21-03-2025;20-05-2025;0;1
5e3435da502300921632fa4d47c44202;245;10-11-2025;2025-03-11 09:51:08.046000;Kvinde;21-07-1956;11-03-2025;utm_campaign=Marts25&utm_content=A&utm_medium=content&utm_source=jp.dk;false;false;0;0;0;11-03-2025;10-05-2025;0;0
b4ef7db62ab7b8ac08f209efd528b316;110;16-04-2025;2025-03-17 09:02:12.429000;Mand;06-04-1983;02-02-2023;utm_campaign=Basis_22&utm_content=HeaderButtonRaised&utm_medium=Matrice&utm_source=jp.dk;false;false;6;5;2;17-03-2025;16-05-2025;0;0
d5fd2cb43a6429a01f2dc22b184df8e7;61;20-04-2025;2025-03-03 18:22:06.402000;Mand;11-01-1979;03-03-2025;utm_campaign=Basis_22&utm_content=HeaderButtonRaised&utm_medium=Matrice&utm_source=jp.dk;false;false;0;0;0;03-03-2025;02-05-2025;0;0
34e69eb8352599ea5989a86183e94a0c;528;19-03-2025;2025-03-13 07:15:53.051000;Mand;22-07-1965;06-04-2012;utm_campaign=Marts25&utm_content=A&utm_medium=content&utm_source=jp.dk;false;true;3;1;0;13-03-2025;12-05-2025;4;4
e74766560c425319ebe0a349475a35fc;75;26-04-2025;2025-03-18 20:30:36.385000;Kvinde;06-08-1993;16-11-2012;utm_campaign=Marts25&utm_medium=Matrice&utm_source=jp.dk;false;true;1;0;1;18-03-2025;17-05-2025;0;0
86a838f1d2d0779f6e3bae98ccf53ebd;1161;29-04-2025;2025-03-21 07:14:31.853000;Mand;06-03-1973;29-12-2019;utm_campaign=Marts25&utm_content=sc_a&utm_medium=mail&utm_source=mail;false;true;14;6;8;21-03-2025;01-05-2025;0;0
ebb39d9307cc4c5a63a7a83ab8fe9be8;410;25-05-2025;2025-03-10 10:22:11.763000;Mand;01-07-1972;21-05-2015;utm_campaign=Basis_22&utm_content=HeaderButtonRaised&utm_medium=Matrice&utm_source=jp.dk;false;false;9;3;1;10-03-2025;09-05-2025;0;0
9529d220006c3cb9dbe9a74a46013a79;214;21-10-2025;2025-03-22 16:56:51.914000;Mand;06-03-1969;15-05-2014;utm_campaign=Marts25&utm_content=A&utm_medium=content&utm_source=jp.dk;false;false;0;0;0;22-03-2025;21-05-2025;0;0
17d7422c846048398b122c39a8aaaf61;284;08-04-2025;2025-03-21 11:16:24.857000;;30-09-1944;06-12-2012;utm_campaign=Marts25&utm_content=sc_a&utm_medium=mail&utm_source=mail;false;true;4;0;3;21-03-2025;20-05-2025;0;0
6ba9456f4ffcca24b723d294a3eb77dd;61;21-04-2025;2025-03-09 21:53:32.934000;Kvinde;31-01-1961;29-12-2022;utm_campaign=Marts25&utm_content=A&utm_medium=content&utm_source=jp.dk;false;false;0;0;0;09-03-2025;08-05-2025;0;0
7218582a0f6510270d4b4cb10276f767;122;13-06-2025;2025-03-08 18:08:01.287000;;20-10-2000;08-03-2025;utm_campaign=Basis_22&utm_content=HeaderButtonRaised&utm_medium=Matrice&utm_source=jp.dk;true;true;0;0;0;08-03-2025;07-05-2025;0;0
1b67c773b70b573290c4a53cde4b6ffe;605;01-01-3000;2025-03-20 19:11:26.998000;Kvinde;17-05-1950;04-03-2015;utm_campaign=Marts25&utm_medium=Weblayer&utm_source=jp.dk;true;true;5;3;1;20-03-2025;19-05-2025;1;1
f8dbf69f8f5b39e061c284b48a7fa538;921;01-01-3000;2025-03-20 21:03:06.569000;Mand;12-08-1971;09-06-2014;utm_campaign=Marts25&utm_content=B&utm_medium=content&utm_source=jp.dk;false;false;2;2;0;20-03-2025;19-05-2025;0;0
e392a511d6c7bafcc5599c1917eb33f2;453;31-03-2025;2025-03-23 10:40:08.387000;Mand;18-03-1950;07-10-2016;utm_campaign=Marts25&utm_content=A&utm_medium=content&utm_source=jp.dk;false;true;13;3;11;23-03-2025;22-05-2025;1;1
ea5669d516d6701f7b7605ce36cc5040;214;08-09-2025;2025-03-04 22:06:12.469000;Kvinde;28-06-1972;04-03-2025;utm_campaign=Marts25&utm_content=B&utm_medium=content&utm_source=jp.dk;false;true;0;0;0;04-03-2025;03-05-2025;0;0
6b97216a6178c74405357c7296debf76;1121;29-04-2025;2025-03-22 08:13:13.866000;Kvinde;25-06-1955;18-03-2018;utm_campaign=Marts25&utm_content=sc_a&utm_medium=mail&utm_source=mail;false;true;12;6;6;22-03-2025;21-05-2025;0;0
37ee89a920e19271f9fbb498f483a02c;283;25-06-2025;2025-03-11 14:18:18.313000;Mand;04-12-1958;27-11-2012;utm_campaign=Basis_22&utm_content=HeaderButtonRaised&utm_medium=Matrice&utm_source=jp.dk;false;false;4;0;3;11-03-2025;10-05-2025;0;0
e621bdc702c49df6d1efd04402068bb2;422;30-04-2025;2025-03-08 13:51:06.378000;Mand;26-02-1947;31-03-2015;utm_campaign=Marts25&utm_content=b&utm_medium=mail&utm_source=mail;false;true;6;1;5;08-03-2025;07-05-2025;0;0
e8460504ad911245b41cc4d1a5c69ec3;536;13-05-2025;2025-03-10 08:36:25.739000;Mand;12-09-1972;28-04-2023;utm_campaign=Marts25&utm_content=A&utm_medium=content&utm_source=jp.dk;false;true;1;1;0;10-03-2025;09-05-2025;0;0
d8d3b53b5f3e5ec9aae3172f3b9b19a3;380;01-01-3000;2025-03-13 15:00:38.239000;Mand;22-11-1955;13-03-2025;utm_campaign=Basis_22&utm_content=HeaderButtonRaised&utm_medium=Matrice&utm_source=jp.dk;true;true;0;0;0;13-03-2025;12-05-2025;0;0
919a380d7dea5a8eeebdaf2e52bf165a;395;01-01-3000;2025-03-05 20:13:00.922000;Mand;09-07-1952;04-02-2014;utm_campaign=Marts25&utm_content=b&utm_medium=mail&utm_source=mail;true;true;1;0;1;05-03-2025;04-05-2025;0;0
f3c0737ea6920f591f778b8b74d43cd8;636;01-01-3000;2025-03-21 13:17:32.212000;Mand;30-10-1949;08-06-2012;utm_campaign=Marts25&utm_content=sc_a&utm_medium=mail&utm_source=mail;true;true;1;0;0;21-03-2025;20-05-2025;0;0
b95b90c1f13dcb4d0701fa10d0274e7a;565;24-04-2025;2025-03-17 18:54:43.380000;Mand;04-04-1952;29-12-2019;utm_campaign=Marts25&utm_content=b&utm_medium=mail&utm_source=mail;true;true;6;4;2;17-03-2025;16-05-2025;0;0
b4e9f0121b01335d7f0f9fc9875638aa;92;25-05-2025;2025-03-23 21:18:05.862000;Mand;30-07-1958;23-03-2025;utm_campaign=Marts25&utm_content=A&utm_medium=content&utm_source=jp.dk;false;true;0;0;0;23-03-2025;22-05-2025;0;0
4fe29025af23e314347100a5147fea0a;61;11-03-2025;2025-03-11 15:45:31.950000;Mand;02-02-1989;09-06-2021;utm_campaign=Marts25&utm_content=A&utm_medium=content&utm_source=jp.dk;false;false;0;0;0;11-03-2025;10-05-2025;0;0
d3e856f907af085350d630bbc69958cf;383;10-03-2026;2025-03-10 10:25:48.860000;Mand;30-04-1996;25-01-2013;utm_campaign=Marts25&utm_content=A&utm_medium=content&utm_source=jp.dk;false;false;0;0;0;10-03-2025;09-05-2025;0;0
c1fcc738726f2786f0612e4b179bfe3d;244;18-04-2025;2025-03-14 14:15:09.887000;Mand;12-01-1958;10-07-2013;utm_campaign=Basis_22&utm_content=HeaderButtonRaised&utm_medium=Matrice&utm_source=jp.dk;false;false;2;2;0;14-03-2025;13-05-2025;0;0
dcbb95b22ec6915698f56724b817934f;61;11-03-2025;2025-03-11 09:13:43.593000;Kvinde;08-02-1968;11-03-2025;utm_campaign=Marts25&utm_content=A&utm_medium=content&utm_source=jp.dk;false;false;0;0;0;11-03-2025;10-05-2025;0;0
0eb265b24e2c22e395e6582f6e1c3f5a;250;18-04-2025;2025-03-06 11:25:13.255000;Kvinde;18-06-1974;18-03-2022;utm_campaign=Marts25&utm_content=A&utm_medium=content&utm_source=jp.dk;false;true;3;2;1;06-03-2025;05-05-2025;0;0
763d058903725935287f1ee857645566;243;03-07-2025;2025-03-11 06:44:50.549000;Mand;20-03-1945;11-08-2011;utm_campaign=Marts25&utm_content=B&utm_medium=content&utm_source=jp.dk;false;false;1;1;0;11-03-2025;10-05-2025;0;0
fa91b4e6754bdd62e07cf4bbf326e05b;122;24-06-2025;2025-03-23 08:05:16.082000;Mand;31-01-1970;02-01-2021;utm_campaign=Marts25&utm_content=A&utm_medium=content&utm_source=jp.dk;false;false;0;0;0;23-03-2025;22-05-2025;0;0
45b86a626ea122688c3caebb29f603ea;61;20-04-2025;2025-03-05 09:56:00.303000;Mand;24-12-1981;05-03-2025;utm_campaign=Marts25&utm_content=B&utm_medium=content&utm_source=jp.dk;true;true;0;0;0;05-03-2025;04-05-2025;0;0
2c6156b11760d509f80689626ff8d773;913;05-05-2025;2025-03-21 07:13:08.653000;Mand;06-11-1955;20-05-2016;utm_campaign=Marts25&utm_content=sc_a&utm_medium=mail&utm_source=mail;true;true;5;4;1;21-03-2025;20-05-2025;0;0
f1aa9be6e2fa120a8ce8e5ef36087e82;1068;01-01-3000;2025-03-10 06:08:07.685000;Mand;12-12-1964;07-03-2022;utm_campaign=Marts25&utm_content=B&utm_medium=content&utm_source=jp.dk;false;false;3;1;2;10-03-2025;09-05-2025;0;0
9a72e2d07560b1f2dcce1ddf6f4e5754;61;02-05-2025;2025-03-06 12:31:29.715000;Mand;24-03-1959;28-02-2025;utm_campaign=Marts25&utm_content=A&utm_medium=content&utm_source=jp.dk;false;false;0;0;0;06-03-2025;05-05-2025;0;0
b8c3036ba42840d7329dd6108f71577c;363;24-10-2025;2025-03-16 19:22:48.682000;Kvinde;23-05-1940;02-11-2019;utm_campaign=Marts25&utm_content=A&utm_medium=content&utm_source=jp.dk;true;false;4;2;3;16-03-2025;15-05-2025;13;19
507b806786366903caf74c8d0ff13b47;1599;04-12-2025;2025-03-23 06:20:08.921000;Mand;17-03-1975;08-02-2013;utm_campaign=Marts25&utm_content=A&utm_medium=content&utm_source=jp.dk;false;true;19;15;3;23-03-2025;22-05-2025;5;4
c7f097b9d706357319d402a81ecafe61;61;18-03-2025;2025-03-05 15:47:50.906000;Kvinde;23-11-1995;25-01-2021;utm_campaign=Basis_22&utm_content=HeaderButtonRaised&utm_medium=Matrice&utm_source=jp.dk;false;false;0;0;0;05-03-2025;04-05-2025;0;0
62a132e8a5279a11a7f4c84a775369c4;111;07-07-2025;2025-03-19 17:57:20.091000;Mand;06-08-1990;19-03-2025;utm_campaign=Basis_22&utm_content=HeaderButtonRaised&utm_medium=Matrice&utm_source=jp.dk;false;false;0;0;0;19-03-2025;18-05-2025;0;0
25c128e7f3e0a75ddd14b5784c100e1e;497;07-05-2025;2025-03-07 14:51:08.482000;Kvinde;28-07-1949;19-11-2014;utm_campaign=Marts25&utm_content=b&utm_medium=mail&utm_source=mail;false;false;3;0;1;07-03-2025;06-05-2025;0;0
2caad3152a29bb4d0357884c66aea564;1673;01-01-3000;2025-03-21 13:23:11.510000;Kvinde;16-05-1939;10-03-2015;utm_campaign=Marts25&utm_content=sc_b&utm_medium=mail&utm_source=mail;false;true;10;6;4;21-03-2025;20-05-2025;0;0
04a08cd300c7b1c80803fac3de32df92;900;21-05-2025;2025-03-12 12:11:26.872000;Mand;01-01-2026;22-04-2013;utm_campaign=Marts25&utm_content=A&utm_medium=content&utm_source=jp.dk;false;false;2;1;0;12-03-2025;11-05-2025;0;0
12a5df4e0b0d389fa3fc25e3d558f6ff;61;14-03-2025;2025-03-14 10:20:28.420000;Mand;19-07-1987;28-06-2018;utm_campaign=Marts25&utm_content=B&utm_medium=content&utm_source=jp.dk;false;false;0;0;0;14-03-2025;13-05-2025;0;0
5d956c7a507738d0ada8a99bc79c2d0c;2847;01-01-3000;2025-03-16 22:53:21.642000;Mand;21-02-1963;05-12-2012;utm_campaign=Marts25&utm_content=B&utm_medium=content&utm_source=jp.dk;false;true;2;0;0;16-03-2025;15-05-2025;4;4
8101e37c195a3fa67a46c0f0a46489e1;642;25-03-2025;2025-03-21 08:45:49.757000;Mand;09-03-1942;18-12-2013;utm_campaign=Marts25&utm_content=sc_a&utm_medium=mail&utm_source=mail;true;true;6;3;1;21-03-2025;28-03-2025;0;0
bf9a9dc001237444190fe7f1cbe80850;351;23-08-2025;2025-03-09 16:00:16.864000;Kvinde;05-01-1973;23-07-2016;utm_campaign=Marts25&utm_content=B&utm_medium=content&utm_source=jp.dk;true;true;0;0;0;09-03-2025;08-05-2025;2;2
481524ce28c3dc23b2b9110b37fd4ff3;147;12-03-2025;2025-03-05 17:30:32.986000;Mand;06-05-1964;12-04-2019;utm_campaign=Marts25&utm_content=B&utm_medium=content&utm_source=jp.dk;false;false;2;0;0;05-03-2025;04-05-2025;0;0
beb2f43fd48148b2fa7e5fc19c7ad072;1037;18-12-2025;2025-03-12 19:52:33.330000;Kvinde;25-04-1959;28-10-2022;utm_campaign=Marts25&utm_content=B&utm_medium=content&utm_source=jp.dk;false;false;1;1;0;12-03-2025;11-05-2025;0;0
228e171206fad2c38a76aae4211549ec;167;07-09-2025;2025-03-24 08:55:34.734000;Mand;26-06-1984;26-04-2017;utm_campaign=Marts25&utm_content=A&utm_medium=content&utm_source=jp.dk;false;false;0;0;0;24-03-2025;23-05-2025;0;0
864e9924d017e8e3f57b370be7749c29;245;15-10-2025;2025-03-08 17:49:37.865000;Mand;11-02-1952;08-03-2025;utm_campaign=Basis_22&utm_content=HeaderButtonRaised&utm_medium=Matrice&utm_source=jp.dk;false;false;0;0;0;08-03-2025;07-05-2025;0;0
1866629ff8d1b6c1b200e0f338b1335d;712;09-11-2025;2025-03-18 08:23:26.528000;Mand;09-09-1944;08-01-2021;utm_campaign=Marts25&utm_content=A&utm_medium=content&utm_source=jp.dk;false;true;8;1;1;18-03-2025;17-05-2025;0;0
7f1fbd1dddd6cfd4329fdb318e8bcfb0;61;11-03-2025;2025-03-11 10:07:57.004000;Mand;22-11-1972;11-03-2025;utm_campaign=Marts25&utm_content=B&utm_medium=content&utm_source=jp.dk;false;false;0;0;0;11-03-2025;10-05-2025;0;0
4e00b65bc002dae50e464a3a9809d926;383;01-01-3000;2025-03-10 05:30:18.969000;Mand;19-12-1960;10-03-2025;utm_campaign=Basis_22&utm_content=MegaMenu&utm_medium=Matrice&utm_source=jp.dk;false;false;0;0;0;10-03-2025;09-05-2025;0;0
f8b94f20bd0c0d13361f4ca2f2d3dffa;682;23-03-2025;2025-03-23 16:51:36.935000;Mand;19-09-1973;27-02-2022;utm_campaign=Marts25&utm_content=sc_b&utm_medium=mail&utm_source=mail;false;true;8;7;2;23-03-2025;22-05-2025;0;0
9b9aed51699330d089392e12ad4f2e6a;469;26-05-2025;2025-03-24 06:26:46.987000;Mand;28-06-1968;02-05-2018;utm_campaign=Marts25&utm_medium=topticker&utm_source=jp.dk;true;true;2;1;1;24-03-2025;23-05-2025;1;1
4497fcfdeb492917b487f9f15bca1976;371;01-01-3000;2025-03-22 10:37:04.902000;Mand;27-05-1951;22-03-2025;utm_campaign=Marts25&utm_content=A&utm_medium=content&utm_source=jp.dk;false;false;0;0;0;22-03-2025;21-05-2025;0;0
2e61a4b9eba3b903cdb5ae94b9805e47;61;17-03-2025;2025-03-17 09:58:06.587000;Mand;01-03-1962;17-05-2013;utm_campaign=Marts25&utm_content=A&utm_medium=content&utm_source=jp.dk;false;false;0;0;0;17-03-2025;16-05-2025;0;0
d5daaf6281239bd2246032f0911b8c17;648;23-01-2026;2025-03-05 15:48:06.096000;Mand;26-05-1948;18-07-2016;utm_campaign=Marts25&utm_content=a&utm_medium=mail&utm_source=mail;true;true;1;1;0;05-03-2025;04-05-2025;3;3
8285b49c0a8f3e74ceeb7db67dee6150;505;06-06-2025;2025-03-06 18:53:35.872000;Mand;18-05-1946;20-03-2022;utm_campaign=Marts25&utm_content=A&utm_medium=content&utm_source=jp.dk;false;true;4;3;1;06-03-2025;05-05-2025;0;0
e858f5449697bc5909c5ed72bee136f2;155;14-07-2025;2025-03-10 16:37:03.467000;Mand;12-01-1998;24-04-2023;utm_campaign=Marts25&utm_content=A&utm_medium=content&utm_source=jp.dk;false;false;1;1;0;10-03-2025;09-05-2025;0;0
7914eefd03db41f93ff599d0b8de560c;416;27-03-2025;2025-03-11 07:32:26.492000;Mand;03-10-1952;19-11-2011;utm_campaign=Basis_22&utm_content=HeaderButtonRaised&utm_medium=Matrice&utm_source=jp.dk;true;true;3;2;2;11-03-2025;10-05-2025;0;1
08b9d113ffba7015141bba88f1c6da2a;75;03-04-2025;2025-03-21 17:20:24.416000;Mand;14-06-1944;21-03-2025;utm_campaign=Marts25&utm_content=sc_b&utm_medium=mail&utm_source=mail;false;true;0;0;0;21-03-2025;20-05-2025;0;0
d1ca6a372601fe9c7e69b8524758f7eb;388;01-01-3000;2025-03-05 20:39:09.260000;Mand;23-01-1969;05-02-2019;utm_campaign=Basis_22&utm_content=HeaderButtonRaised&utm_medium=Matrice&utm_source=jp.dk;false;false;0;0;0;05-03-2025;04-05-2025;0;0
02cd8b6609ea3b7598578bb5ff28a659;270;28-03-2025;2025-03-16 07:14:11.955000;Kvinde;22-07-1962;13-11-2011;utm_campaign=Marts25&utm_content=A&utm_medium=content&utm_source=jp.dk;false;false;3;0;3;16-03-2025;15-05-2025;0;0
7edeb8ee21028717df5a792e83205006;276;23-12-2025;2025-03-22 15:24:48.213000;Kvinde;28-02-1974;16-07-2021;utm_campaign=Marts25&utm_content=B&utm_medium=content&utm_source=jp.dk;true;true;0;0;0;22-03-2025;21-05-2025;0;0
cfb989d2b0e7704212c88903976a770b;998;30-03-2025;2025-03-23 09:22:33.085000;Mand;19-07-1949;28-08-2021;utm_campaign=Marts25&utm_content=sc_b&utm_medium=mail&utm_source=mail;false;true;13;7;7;23-03-2025;22-05-2025;0;0
17cfa47c1032e09073f4c111d522557e;61;22-05-2025;2025-03-22 09:03:12.648000;Mand;05-09-1948;22-03-2025;utm_campaign=Marts25&utm_medium=topticker&utm_source=jp.dk;false;false;0;0;0;22-03-2025;21-05-2025;0;0
6e0aa1e08827251ef1efacbc4b157402;350;29-07-2025;2025-03-15 10:38:38.847000;Mand;05-05-2000;12-10-2024;utm_campaign=Basis_22&utm_content=HeaderButtonRaised&utm_medium=Matrice&utm_source=jp.dk;false;false;1;1;0;15-03-2025;14-05-2025;0;0
1b266f44493167a1a622c3125819bfd3;1537;22-03-2025;2025-03-22 03:51:22.065000;Mand;13-04-1965;10-10-2018;utm_campaign=Marts25&utm_content=sc_b&utm_medium=mail&utm_source=mail;true;true;9;4;5;22-03-2025;21-05-2025;2;2
845b4add6adcbc933e973db308d89080;485;18-03-2025;2025-03-07 19:58:39.638000;Kvinde;30-06-1949;07-01-2014;utm_campaign=Marts25&utm_content=A&utm_medium=content&utm_source=jp.dk;false;true;6;4;2;07-03-2025;06-05-2025;1;1
7ac115daad07fcf9761b2b44f3f703db;911;28-04-2025;2025-03-04 05:35:12.045000;Mand;02-12-1969;28-06-2015;utm_campaign=Marts25&utm_content=B&utm_medium=content&utm_source=jp.dk;false;true;5;4;0;04-03-2025;03-05-2025;0;0
6de367620679c429ff462d9a576b2c18;95;24-06-2025;2025-03-21 10:53:40.448000;Kvinde;04-08-2005;14-01-2024;utm_campaign=Marts25&utm_content=A&utm_medium=content&utm_source=jp.dk;true;true;0;0;0;21-03-2025;20-05-2025;0;0
142e11ccea66a17bd3dc666b96c70115;594;10-03-2025;2025-03-10 17:49:57.416000;Mand;09-06-1972;10-11-2021;utm_campaign=Marts25&utm_content=A&utm_medium=content&utm_source=jp.dk;false;false;6;5;1;10-03-2025;09-05-2025;0;0
47fc1952c5f2a7403681a61bba50f6e3;1142;04-12-2025;2025-03-05 18:50:09.896000;;20-09-1971;23-12-2012;utm_campaign=Marts25&utm_content=a&utm_medium=mail&utm_source=mail;false;true;12;11;3;05-03-2025;04-05-2025;3;3
a7cd673a8e3e9db1b86781d7d40e317d;1406;05-03-2025;2025-03-05 03:13:00.231000;Mand;16-11-1971;11-08-2011;utm_campaign=Marts25&utm_content=A&utm_medium=content&utm_source=jp.dk;true;true;30;17;13;05-03-2025;04-05-2025;0;0
7a6e57a47889f4199c69b7f4de87e338;936;16-12-2025;2025-03-14 09:51:13.272000;Kvinde;22-11-1974;05-11-2012;utm_campaign=Marts25&utm_content=B&utm_medium=content&utm_source=jp.dk;false;true;14;5;8;14-03-2025;13-05-2025;0;0
240ce5d130fcc7f11abd19606854fc60;191;21-05-2025;2025-03-21 14:40:29.181000;Mand;17-06-1969;20-12-2015;utm_campaign=Marts25&utm_content=sc_b&utm_medium=mail&utm_source=mail;true;true;3;1;1;21-03-2025;20-05-2025;0;0
00926277841584d8b248be711203cd9a;61;18-03-2025;2025-03-18 19:02:03.668000;Mand;31-07-1986;18-03-2025;utm_campaign=Marts25&utm_content=A&utm_medium=content&utm_source=jp.dk;false;false;0;0;0;18-03-2025;17-05-2025;0;0
ecbee44ff4421f80598cd038ea794911;225;21-06-2025;2025-03-21 10:59:14.508000;Mand;15-08-1969;12-05-2017;utm_campaign=Marts25&utm_content=A&utm_medium=content&utm_source=jp.dk;false;true;9;2;8;21-03-2025;20-05-2025;2;2
c2a0c0e55bee5b2702d2e9cee3a22347;332;27-06-2025;2025-03-03 11:27:04.836000;Mand;06-08-1987;22-05-2013;utm_campaign=Marts25&utm_content=A&utm_medium=content&utm_source=jp.dk;false;false;1;1;0;03-03-2025;02-05-2025;0;0
66d4f8e7ac877ab6233e38f78f216e79;371;01-01-3000;2025-03-22 07:10:36.327000;Mand;17-04-1980;02-05-2018;utm_campaign=Marts25&utm_content=A&utm_medium=content&utm_source=jp.dk;false;true;0;0;0;22-03-2025;21-05-2025;0;0
93e230b871260afcd9027dfe1742fd01;352;15-10-2025;2025-03-05 19:27:50.079000;Kvinde;30-09-1945;29-03-2015;utm_campaign=Marts25&utm_content=A&utm_medium=content&utm_source=jp.dk;false;true;4;2;3;05-03-2025;04-05-2025;0;0
c57b30f31bf83496809f095590804c5d;587;01-01-3000;2025-03-20 18:34:52.288000;Mand;30-05-1963;28-06-2024;utm_campaign=Marts25&utm_content=A&utm_medium=content&utm_source=jp.dk;false;true;1;1;0;20-03-2025;19-05-2025;0;0
00bb9af8a62895982518727b0ee03565;581;04-06-2025;2025-03-17 13:52:24.264000;Kvinde;24-01-1952;16-05-2020;utm_campaign=Basis_22&utm_content=HeaderButtonRaised&utm_medium=Matrice&utm_source=jp.dk;true;false;2;2;0;17-03-2025;16-05-2025;0;0
3e12e97517b4bf54ec932fcc84f1b859;380;01-01-3000;2025-03-13 21:58:42.491000;Mand;28-04-1969;13-03-2025;utm_campaign=Marts25&utm_content=A&utm_medium=content&utm_source=jp.dk;false;false;0;0;0;13-03-2025;12-05-2025;0;0
801d790c22ef7395c6be6038b42df1d4;290;26-03-2025;2025-03-20 15:44:25.097000;Mand;25-02-1976;09-07-2021;utm_campaign=Marts25&utm_content=A&utm_medium=content&utm_source=jp.dk;false;true;3;1;1;20-03-2025;19-05-2025;1;1
4ea4d4140d6bc0163121bb62be46c93e;418;24-06-2025;2025-03-20 20:48:51.081000;Mand;07-04-1953;09-11-2024;utm_campaign=Marts25&utm_content=A&utm_medium=content&utm_source=jp.dk;false;false;1;1;0;20-03-2025;19-05-2025;0;0
51b37621d2635b5c55727b61b04c6918;61;17-03-2025;2025-03-17 15:21:46.600000;Kvinde;11-05-1996;19-03-2015;utm_campaign=Marts25&utm_content=e-avis_ikkeabn&utm_medium=matrice&utm_source=jp.dk;false;false;0;0;0;17-03-2025;16-05-2025;0;0
84dac38615093b058cdaddfd9bedd984;274;20-03-2025;2025-03-20 14:42:48.275000;Mand;20-04-1990;03-01-2024;utm_campaign=Marts25&utm_content=A&utm_medium=content&utm_source=jp.dk;false;true;1;1;0;20-03-2025;19-05-2025;0;0
b12854af8cf6a231204268ca2875d75b;184;13-04-2025;2025-03-08 05:50:03.083000;Mand;01-08-1979;11-07-2015;utm_campaign=Marts25&utm_content=A&utm_medium=content&utm_source=jp.dk;false;false;1;1;0;08-03-2025;07-05-2025;0;0
ddd31891708536128ea75533483f2997;372;01-01-3000;2025-03-21 12:25:58.220000;Mand;08-06-1980;14-10-2024;utm_campaign=Marts25&utm_content=B&utm_medium=content&utm_source=jp.dk;false;false;0;0;0;21-03-2025;20-05-2025;0;0
684b5219a1598b2bcd23193ff6b2e366;1290;01-01-3000;2025-03-05 13:45:36.110000;Kvinde;27-07-1948;13-12-2013;utm_campaign=Marts25&utm_content=a&utm_medium=mail&utm_source=mail;true;true;5;1;0;05-03-2025;04-05-2025;14;14
c5211e8f7bb8fd20ed1c5643c278b1d5;653;03-07-2025;2025-03-22 06:04:47.388000;Mand;17-06-1951;27-01-2022;utm_campaign=Marts25&utm_content=sc_a&utm_medium=mail&utm_source=mail;true;true;6;3;3;22-03-2025;21-05-2025;0;0
63129f2085412836335e4d26ddaa6ef5;697;23-06-2025;2025-03-05 16:13:38.476000;Mand;25-02-1953;17-07-2021;utm_campaign=Marts25&utm_content=b&utm_medium=mail&utm_source=mail;true;true;6;4;3;05-03-2025;04-05-2025;0;0
e5a9bf5971c8c820f1bbace57420b0d6;654;06-03-2025;2025-03-06 12:34:20.610000;Kvinde;07-09-1951;26-05-2018;utm_campaign=Marts25&utm_content=a&utm_medium=mail&utm_source=mail;false;true;6;4;3;06-03-2025;05-05-2025;1;0
aa6e269cf153a1cb18bc691e3f947241;61;15-03-2025;2025-03-15 18:58:36.912000;Kvinde;21-07-1971;15-03-2025;utm_campaign=Basis_22&utm_content=HeaderButtonRaised&utm_medium=Matrice&utm_source=jp.dk;false;false;0;0;0;15-03-2025;14-05-2025;0;0
f5fab6cffe4587e628d9651e0607996e;275;02-12-2025;2025-03-22 14:42:45.292000;Kvinde;01-04-1979;22-03-2025;utm_campaign=Marts25&utm_content=B&utm_medium=content&utm_source=jp.dk;true;true;0;0;0;22-03-2025;21-05-2025;0;0
fd4b17098faf5af31d4bbf9088565549;200;24-06-2025;2025-03-21 12:56:03.664000;Kvinde;11-11-1982;09-06-2022;utm_campaign=Marts25&utm_content=B&utm_medium=content&utm_source=jp.dk;true;true;1;1;0;21-03-2025;20-05-2025;0;0
b7f5af62c13145391bc951f84e3014d8;833;09-03-2025;2025-03-09 14:55:12.972000;Mand;20-11-1972;05-12-2012;utm_campaign=Marts25&utm_content=A&utm_medium=content&utm_source=jp.dk;false;false;11;6;2;09-03-2025;08-05-2025;0;0
e7081beab27c1e5d9cfa25500d9d1df7;61;11-03-2025;2025-03-11 09:25:59.846000;Mand;09-08-1981;11-03-2025;utm_campaign=Marts25&utm_medium=Matrice&utm_source=jp.dk;false;false;0;0;0;11-03-2025;10-05-2025;0;0
ac7f31ba17a317d6e992e882a0a4d55b;768;08-04-2025;2025-03-23 19:23:50.611000;Mand;07-07-1966;15-09-2015;utm_campaign=Marts25&utm_content=sc_a&utm_medium=mail&utm_source=mail;true;true;6;3;3;23-03-2025;22-05-2025;0;0
201b83d92c687dc44185b42177f63cf9;239;11-07-2025;2025-03-05 11:42:41.856000;Mand;01-01-1954;13-08-2021;utm_campaign=Marts25&utm_content=a&utm_medium=mail&utm_source=mail;false;true;4;1;3;05-03-2025;04-05-2025;1;1
b606ae0a4944362a1df65e2d41ed3830;587;30-03-2025;2025-03-05 18:29:03.194000;Mand;08-04-1974;27-04-2016;utm_campaign=Marts25&utm_content=b&utm_medium=mail&utm_source=mail;false;true;14;8;7;05-03-2025;04-05-2025;3;3
1324af99aa0c369356ae0fac91e7088e;61;07-04-2025;2025-03-17 13:03:51.998000;Mand;06-11-2005;17-03-2025;utm_campaign=Marts25&utm_content=A&utm_medium=content&utm_source=jp.dk;false;false;0;0;0;17-03-2025;16-05-2025;0;0
b975e2f5a62b8b0601700a67787da14d;34;11-03-2025;2025-03-05 08:17:31.488000;Mand;08-01-1960;25-07-2017;utm_campaign=Marts25&utm_content=B&utm_medium=content&utm_source=jp.dk;false;false;5;0;5;05-03-2025;10-03-2025;0;0
fabb0fa73bfeceecdf161da3389b6caa;122;26-06-2025;2025-03-13 12:25:49.996000;Mand;27-09-1950;13-03-2025;utm_campaign=Marts25&utm_content=A&utm_medium=content&utm_source=jp.dk;false;false;0;0;0;13-03-2025;12-05-2025;0;0
8d905c53b4f60e9724904c8f4a3ba95a;214;19-03-2025;2025-03-19 09:06:40.155000;Mand;19-08-1972;10-01-2013;utm_campaign=Marts25&utm_content=Footer&utm_medium=Matrice&utm_source=jp.dk;false;true;2;2;0;19-03-2025;18-05-2025;2;2
8e19042933cfe2a4899f617526666507;1106;05-03-2025;2025-03-05 06:33:37.514000;Kvinde;17-08-1964;19-08-2016;utm_campaign=&utm_content=genbesog_JP_digital&utm_medium=ppc&utm_source=adwords&utm_term=jyllands-posten+abonnementer;false;true;16;11;6;05-03-2025;04-05-2025;0;0
a05360ee0a103a32fdd271bf4b976650;449;08-05-2025;2025-03-12 10:10:47.753000;Mand;03-02-1954;17-03-2022;utm_campaign=Marts25&utm_medium=topticker&utm_source=jp.dk;false;false;1;1;0;12-03-2025;11-05-2025;0;0
d49c31280222e1a061eafbeeca537d8d;380;01-01-3000;2025-03-13 04:59:36.876000;Kvinde;12-11-1974;13-03-2025;utm_campaign=Marts25&utm_content=A&utm_medium=content&utm_source=jp.dk;false;true;0;0;0;13-03-2025;12-05-2025;0;0
8d94d2a99648c5c349664783a22e7366;382;01-01-3000;2025-03-11 18:33:59.923000;Mand;28-06-1967;07-11-2022;utm_campaign=Marts25&utm_content=A&utm_medium=content&utm_source=jp.dk;false;false;0;0;0;11-03-2025;10-05-2025;0;0
461307f36c29f9ea9cb676528540a5c6;122;10-04-2025;2025-03-05 16:28:55.292000;Kvinde;25-04-1990;18-10-2022;utm_campaign=Marts25&utm_content=A&utm_medium=content&utm_source=jp.dk;false;false;1;1;0;05-03-2025;04-05-2025;0;0
87ea5962d114ff09f1e4f50555fb2a67;127;24-03-2025;2025-03-23 06:27:37.369000;Mand;01-08-1973;08-12-2012;utm_campaign=Marts25&utm_medium=topticker&utm_source=jp.dk;false;true;6;0;5;23-03-2025;22-05-2025;0;0
ce66f99b04a7eaf26a438a47f91e5c31;512;01-01-3000;2025-03-23 17:47:56.959000;;15-01-1966;14-12-2013;utm_campaign=Marts25&utm_content=sc_b&utm_medium=mail&utm_source=mail;false;true;3;1;2;23-03-2025;22-05-2025;0;0
d12a65d3b86ee43619c89e2b0f6211d8;460;19-03-2025;2025-03-19 06:20:47.610000;Mand;24-11-1963;10-04-2023;utm_campaign=Marts25&utm_content=B&utm_medium=content&utm_source=jp.dk;false;false;2;2;0;19-03-2025;18-05-2025;0;0
13cd3c8c6b1ca4650dbf480c5df9d6be;61;12-03-2025;2025-03-09 19:50:56.557000;Mand;01-05-1994;03-10-2018;utm_campaign=Marts25&utm_content=A&utm_medium=content&utm_source=jp.dk;false;false;0;0;0;09-03-2025;08-05-2025;0;0
55681f6b1bbe6bce5d7b447f96a2d854;336;10-12-2025;2025-03-08 17:18:34.776000;Mand;25-04-1960;08-03-2025;utm_campaign=Marts25&utm_content=B&utm_medium=content&utm_source=jp.dk;true;true;0;0;0;08-03-2025;07-05-2025;0;0
c43fda59ec054f920ad3eeb9d753de5d;398;06-05-2025;2025-03-07 18:04:12.566000;Mand;21-11-1963;28-12-2012;utm_campaign=Marts25&utm_content=B&utm_medium=content&utm_source=jp.dk;false;false;2;1;0;07-03-2025;06-05-2025;0;0
e207fd8a3e5150a304ec1379e8e41c3d;92;02-06-2025;2025-03-20 06:56:32.096000;Mand;15-07-1975;20-03-2025;utm_campaign=Marts25&utm_content=A&utm_medium=content&utm_source=jp.dk;false;false;0;0;0;20-03-2025;19-05-2025;0;0
7b42e426163501a7e327da53b994bc13;547;01-01-3000;2025-03-21 10:19:51.547000;Mand;13-07-1966;08-11-2014;utm_campaign=Marts25&utm_content=sc_a&utm_medium=mail&utm_source=mail;false;true;2;1;1;21-03-2025;20-05-2025;7;7
3ed4f7f63a51e332c5640a4ac40b938b;408;01-01-3000;2025-03-06 06:50:50.895000;Mand;02-11-1952;05-12-2017;utm_campaign=Marts25&utm_content=A&utm_medium=content&utm_source=jp.dk;false;false;1;0;1;06-03-2025;05-05-2025;0;0
7cdfc87b3d8dd8aae8464558885e374b;283;31-03-2025;2025-03-05 15:42:48.550000;Kvinde;27-02-1937;26-07-2020;utm_campaign=Marts25&utm_content=A&utm_medium=content&utm_source=jp.dk;true;true;2;1;0;05-03-2025;04-05-2025;0;0
7a32edbbe6ace018a384b57c2edbc7e0;753;01-01-3000;2025-03-17 04:52:45.025000;Mand;09-07-1977;17-08-2018;utm_campaign=Basis_22&utm_content=HeaderButtonRaised&utm_medium=Matrice&utm_source=jp.dk;false;true;2;1;1;17-03-2025;16-05-2025;1;1
cb92ae67bee72e40d07beb9773352800;245;16-10-2025;2025-03-16 16:29:16.351000;Mand;30-03-1959;24-12-2014;utm_campaign=Marts25&utm_content=6657291290052&utm_medium=fb_matrice&utm_source=some&utm_term=6657291290252;false;false;0;0;0;16-03-2025;15-05-2025;0;0
ed369bab3d4dccc70a9bf6fb7da44d9c;61;12-05-2025;2025-03-12 14:25:45.580000;Mand;15-01-1951;20-12-2011;utm_campaign=Basis_22&utm_content=HeaderButtonRaised&utm_medium=Matrice&utm_source=jp.dk;false;false;0;0;0;12-03-2025;11-05-2025;0;0
8af08980740ee721f3d745897e3f128a;383;07-03-2026;2025-03-10 11:22:55.450000;Mand;07-11-1964;10-03-2025;utm_campaign=Basis_22&utm_content=HeaderButtonRaised&utm_medium=Matrice&utm_source=jp.dk;false;false;0;0;0;10-03-2025;09-05-2025;0;0
e014d5d423eec7606a2303d7bb68f7d6;61;13-03-2025;2025-03-12 19:34:16.013000;Mand;03-04-1964;12-03-2025;utm_campaign=Marts25&utm_content=A&utm_medium=content&utm_source=jp.dk;false;false;0;0;0;12-03-2025;11-05-2025;0;0
7e501c13b0115638d9f52b73fa21869e;697;07-04-2025;2025-03-04 12:11:26.928000;Kvinde;25-06-1947;07-03-2019;utm_campaign=Marts25&utm_content=e-avis_ikkeabn&utm_medium=matrice&utm_source=jp.dk;false;true;9;5;5;04-03-2025;03-05-2025;0;0
f944be29c5c1e04626d86a1df02749b0;120;14-05-2025;2025-03-05 06:26:45.633000;Mand;20-04-1960;30-12-2014;utm_campaign=Basis_22&utm_content=HeaderButtonRaised&utm_medium=Matrice&utm_source=jp.dk;true;true;0;0;0;05-03-2025;04-05-2025;3;3
967d82c28270edd1b92191a9b29fbd6c;122;22-04-2025;2025-03-04 07:42:50.743000;Kvinde;22-12-1961;17-10-2022;utm_campaign=Basis_22&utm_content=HeaderButtonRaised&utm_medium=Matrice&utm_source=jp.dk;false;false;1;1;0;04-03-2025;03-05-2025;0;0
28cf6e0849f84472089d55fc5ec659d9;420;21-03-2025;2025-03-06 11:03:15.011000;Mand;18-11-1965;22-12-2017;utm_campaign=Marts25&utm_content=a&utm_medium=mail&utm_source=mail;false;true;5;4;1;06-03-2025;05-05-2025;0;0
7765b84362c3f2409057ab7e51be2947;433;09-03-2025;2025-03-08 09:23:22.460000;Mand;22-09-1967;25-03-2020;utm_campaign=Marts25&utm_content=b&utm_medium=mail&utm_source=mail;true;true;2;2;1;08-03-2025;07-05-2025;1;1
b06ab5438e1123f471f3815f9da7de0a;61;16-04-2025;2025-03-17 20:44:17.827000;;11-06-2005;17-03-2025;utm_campaign=Basis_22&utm_content=MegaMenu&utm_medium=Matrice&utm_source=jp.dk;false;false;0;0;0;17-03-2025;16-05-2025;0;0
b6be0e02d507852ae16c3d23e2c9717f;321;02-05-2025;2025-03-21 07:22:27.727000;Mand;07-06-1947;16-11-2017;utm_campaign=Basis_22&utm_content=HeaderButtonRaised&utm_medium=Matrice&utm_source=jp.dk;true;true;4;1;2;21-03-2025;20-05-2025;13;14
49f8898060613dca859d17f156abe024;912;01-01-3000;2025-03-06 07:41:50.959000;Kvinde;03-10-1958;27-02-2018;utm_campaign=Marts25&utm_content=a&utm_medium=mail&utm_source=mail;false;true;6;1;4;06-03-2025;05-05-2025;9;9
436d7b85a02448ee668f7f4460713825;122;06-07-2025;2025-03-17 02:59:48.953000;Kvinde;24-06-1952;05-12-2022;utm_campaign=Marts25&utm_medium=Matrice&utm_source=jp.dk;false;false;0;0;0;17-03-2025;16-05-2025;0;0
406b6ee23e0a40ec6148b584acbdb5e5;381;01-01-3000;2025-03-12 10:32:14.309000;Mand;20-02-1956;12-03-2025;utm_campaign=Marts25&utm_content=B&utm_medium=content&utm_source=jp.dk;false;false;0;0;0;12-03-2025;11-05-2025;0;0
5c4108310779fca4aaae73453c2228b3;372;01-01-3000;2025-03-21 07:22:16.673000;Mand;03-07-1944;23-01-2023;utm_campaign=Marts25&utm_content=sc_a&utm_medium=mail&utm_source=mail;true;true;0;0;0;21-03-2025;20-05-2025;0;0
c0441af0f7123bbe577e5fdb95015e65;844;14-04-2025;2025-03-23 09:11:02.698000;Mand;19-02-1941;11-06-2013;utm_campaign=Marts25&utm_content=A&utm_medium=content&utm_source=jp.dk;false;false;6;4;0;23-03-2025;22-05-2025;0;0
672c3edfb76ea64fa63a475a6f3f835d;153;31-07-2025;2025-03-20 17:37:29.448000;Kvinde;21-11-1958;20-03-2025;utm_campaign=Marts25&utm_content=A&utm_medium=content&utm_source=jp.dk;true;true;0;0;0;20-03-2025;19-05-2025;0;0
890c53b5a0b80578830b84510b6b76b8;92;18-05-2025;2025-03-17 16:14:35.650000;Kvinde;20-11-1976;17-03-2025;utm_campaign=Marts25&utm_content=B&utm_medium=content&utm_source=jp.dk;false;false;0;0;0;17-03-2025;16-05-2025;0;0
1144e252a0b338bae955d43b8f1406d0;92;09-05-2025;2025-03-11 13:50:38.220000;Kvinde;24-12-1960;11-07-2021;utm_campaign=Marts25&utm_content=A&utm_medium=content&utm_source=jp.dk;false;false;1;1;0;11-03-2025;10-05-2025;0;0
9cc003951ac3955755a2b1580326cf3c;99;14-05-2025;2025-03-21 07:37:43.031000;Kvinde;27-05-1956;04-12-2011;utm_campaign=Basis_22&utm_content=HeaderButtonRaised&utm_medium=Matrice&utm_source=jp.dk;true;true;1;0;0;21-03-2025;20-05-2025;0;0
ea212521bdc1794b4dc4914a201a8bcf;245;04-11-2025;2025-03-18 18:15:16.323000;Mand;21-03-1953;18-03-2025;utm_campaign=Marts25&utm_content=B&utm_medium=content&utm_source=jp.dk;false;false;0;0;0;18-03-2025;17-05-2025;0;0
160d76cc39e18f64d614d40e8ccedcaf;1572;01-01-3000;2025-03-08 04:58:11.145000;Mand;06-12-1972;11-07-2019;utm_campaign=Marts25&utm_content=A&utm_medium=content&utm_source=jp.dk;false;true;8;3;2;08-03-2025;07-05-2025;0;0
724d873bcc88934891fbacde5ea83f9d;902;01-01-3000;2025-03-23 13:55:42.391000;Mand;03-10-1937;27-01-2013;utm_campaign=Marts25&utm_content=B&utm_medium=content&utm_source=jp.dk;false;true;8;2;5;23-03-2025;22-05-2025;0;0
f4d085a4da6082467085e2eaf9e0bf5f;371;01-01-3000;2025-03-22 07:04:17.031000;Mand;30-09-1961;22-03-2025;utm_campaign=Basis_22&utm_content=HeaderButtonRaised&utm_medium=Matrice&utm_source=jp.dk;true;true;0;0;0;22-03-2025;21-05-2025;0;2
5e0a5a0d407f199fbd20566d5903ac71;61;02-04-2025;2025-03-10 18:52:14.005000;Mand;16-01-1979;12-02-2024;utm_campaign=Marts25&utm_content=A&utm_medium=content&utm_source=jp.dk;false;false;0;0;0;10-03-2025;09-05-2025;0;0
2ef1b0911c92e61e14b195dda6980a68;184;12-04-2025;2025-03-07 07:39:46.932000;Mand;23-06-1974;02-04-2017;utm_campaign=Marts25&utm_content=A&utm_medium=content&utm_source=jp.dk;false;false;1;0;0;07-03-2025;06-05-2025;0;0
4df356691cd1556ee0adba27f45d8bec;66;27-05-2025;2025-03-23 07:10:56.855000;Mand;23-11-1977;19-09-2023;utm_campaign=Marts25&utm_medium=Weblayer&utm_source=jp.dk;false;false;0;0;0;23-03-2025;22-05-2025;0;0
eaea348fe18e623e30344962317776f6;61;11-05-2025;2025-03-23 09:56:28.495000;Kvinde;21-04-1995;29-08-2012;utm_campaign=Marts25&utm_content=A&utm_medium=content&utm_source=jp.dk;false;false;0;0;0;23-03-2025;22-05-2025;0;0
dfe27d0f145bca6ed62bf0861cad9c36;75;12-03-2025;2025-03-12 09:06:00.911000;Kvinde;14-06-1956;12-03-2025;utm_campaign=Marts25&utm_content=6664621143452&utm_medium=fb_matrice&utm_source=some&utm_term=6657291290252;false;false;0;0;0;12-03-2025;11-05-2025;0;0
4603d14094a6193d927fff2b51708237;653;29-04-2025;2025-03-06 08:28:28.882000;Mand;21-04-1950;04-04-2012;utm_campaign=Marts25&utm_content=b&utm_medium=mail&utm_source=mail;false;true;3;3;0;06-03-2025;05-05-2025;3;3
060f3e9968b2c7d8b13699b9e53a6dd0;92;14-05-2025;2025-03-12 11:42:08.806000;Kvinde;19-08-2005;27-02-2025;utm_campaign=Marts25&utm_content=A&utm_medium=content&utm_source=jp.dk;false;false;0;0;0;12-03-2025;11-05-2025;0;0
6ece8933e5f45d1de309cedd5af97e5a;122;17-06-2025;2025-03-12 21:35:29.321000;Kvinde;26-12-1958;12-03-2025;utm_campaign=Marts25&utm_content=B&utm_medium=content&utm_source=jp.dk;false;false;0;0;0;12-03-2025;11-05-2025;0;0
607f4019185a2666418cd2bfd51ddb77;327;06-06-2025;2025-03-14 09:58:56.579000;Mand;28-06-1961;18-01-2013;utm_campaign=Marts25&utm_content=A&utm_medium=content&utm_source=jp.dk;true;true;0;0;0;14-03-2025;13-05-2025;1;1
651effcfa8f870250cb49c68e9507e90;61;23-03-2025;2025-03-23 15:08:41.669000;Mand;12-02-1957;09-11-2020;utm_campaign=Marts25&utm_content=A&utm_medium=content&utm_source=jp.dk;false;false;0;0;0;23-03-2025;22-05-2025;0;0
73fb96dd564367a986cc5673b33a2bdf;461;04-05-2025;2025-03-11 13:41:03.170000;Kvinde;23-08-1954;19-09-2019;utm_campaign=Basis_22&utm_content=HeaderButtonRaised&utm_medium=Matrice&utm_source=jp.dk;false;true;2;2;0;11-03-2025;10-05-2025;0;0
d0129f09763833b1b2567f8c7d2be980;510;23-03-2025;2025-03-23 12:38:03.356000;Mand;13-09-1962;09-06-2014;utm_campaign=S%C3%B8ndag&utm_content=2025-03-23&utm_medium=email&utm_source=jp;false;true;2;2;0;23-03-2025;22-05-2025;10;9
761a5e89492caa461532ba1975d62d5f;61;24-04-2025;2025-03-23 19:15:49.782000;Mand;10-11-1946;24-04-2025;utm_campaign=Marts25&utm_content=sc_a&utm_medium=mail&utm_source=mail;false;true;0;0;0;23-03-2025;22-05-2025;3;3
efcbf2da9a3604e16307938ba5318f3b;858;17-05-2025;2025-03-05 07:09:05.308000;Kvinde;01-08-1971;08-02-2017;utm_campaign=Marts25&utm_content=B&utm_medium=content&utm_source=jp.dk;false;true;19;7;10;05-03-2025;04-05-2025;1;1
fc21356db5d9032949d7d27f4ad6a4f7;480;07-04-2025;2025-03-07 20:17:00.350000;Mand;01-02-1954;16-07-2022;utm_campaign=Marts25&utm_content=a&utm_medium=mail&utm_source=mail;true;true;11;8;4;07-03-2025;06-05-2025;0;0
08ce32090c34f9ffc0d9dad565a1ea00;62;14-05-2025;2025-03-13 15:42:58.116000;Kvinde;21-10-1970;13-03-2025;utm_campaign=Marts25&utm_content=6657291559852&utm_medium=fb_forside&utm_source=some&utm_term=6657291559452;false;true;0;0;0;13-03-2025;12-05-2025;0;2
8c033696b57b3ff5b67f457a01171285;1420;19-05-2025;2025-03-21 09:06:19.800000;Kvinde;11-04-1953;07-12-2012;utm_campaign=Basis_22&utm_content=HeaderButtonRaised&utm_medium=Matrice&utm_source=jp.dk;false;true;8;3;0;21-03-2025;20-05-2025;0;0
25cabc071210e89c45fc323a54e4e4d7;153;23-03-2025;2025-03-07 07:38:53.286000;Kvinde;06-11-1949;07-03-2025;utm_campaign=Marts25&utm_content=A&utm_medium=content&utm_source=jp.dk;false;false;0;0;0;07-03-2025;06-05-2025;0;0
0fbed2f662485e3c919df188dc2c71a6;422;16-06-2025;2025-03-11 07:48:14.191000;Kvinde;30-01-1945;14-10-2018;utm_campaign=Basis_22&utm_content=HeaderButtonRaised&utm_medium=Matrice&utm_source=jp.dk;true;true;6;1;5;11-03-2025;10-05-2025;9;10
9320c0ecb452f188cb6fecb6fa4ecb70;1200;10-03-2025;2025-03-10 07:24:10.817000;Mand;17-02-1951;26-01-2013;utm_campaign=Basis_22&utm_content=HeaderButtonRaised&utm_medium=Matrice&utm_source=jp.dk;false;false;13;5;7;10-03-2025;09-05-2025;1;1
04636e2dfe9fba50ab9943a5a44bdf11;313;11-12-2025;2025-03-21 16:20:19.795000;Mand;20-12-1957;27-01-2012;utm_campaign=Marts25&utm_content=sc_a&utm_medium=mail&utm_source=mail;false;true;0;0;0;21-03-2025;20-05-2025;6;6
a41a2cabd96ef8dbe90db14a33da8c79;1362;01-01-3000;2025-03-21 09:49:04.152000;Mand;05-02-1977;22-09-2021;utm_campaign=Marts25&utm_content=A&utm_medium=content&utm_source=jp.dk;false;false;5;4;0;21-03-2025;20-05-2025;0;0
95a2228013a28207e917ce359ee6a7ef;153;23-07-2025;2025-03-21 14:26:42.104000;Mand;24-04-1985;28-07-2014;utm_campaign=Marts25&utm_content=A&utm_medium=content&utm_source=jp.dk;false;false;0;0;0;21-03-2025;20-05-2025;0;0
788607b17ee04f19865a51f8543acb9b;306;12-05-2025;2025-03-18 14:01:33.740000;Kvinde;08-04-1981;07-03-2012;utm_campaign=Basis_22&utm_content=HeaderButtonRaised&utm_medium=Matrice&utm_source=jp.dk;false;false;0;0;0;18-03-2025;17-05-2025;0;0
157b343a23caa5ceae611eac87fce993;336;11-12-2025;2025-03-21 07:14:03.914000;Mand;23-11-1990;01-08-2014;utm_campaign=Marts25&utm_content=sc_a&utm_medium=mail&utm_source=mail;false;true;2;2;1;21-03-2025;20-05-2025;0;0
c058e1c1ddfad648ceb7f6487f0bd683;422;03-09-2025;2025-03-17 15:55:53.265000;Mand;03-04-1982;02-05-2018;utm_campaign=Marts25&utm_content=A&utm_medium=content&utm_source=jp.dk;false;false;2;0;1;17-03-2025;16-05-2025;0;0
bd8f91881891b817482f341aa7cea847;61;22-03-2025;2025-03-22 21:01:47.689000;Mand;24-01-1985;22-03-2025;utm_campaign=Marts25&utm_content=A&utm_medium=content&utm_source=jp.dk;false;false;0;0;0;22-03-2025;21-05-2025;0;0
e1ca92d94eb1a7d3bdf4fdb35b92f7b1;286;20-03-2025;2025-03-15 12:26:51.596000;Mand;18-09-1971;23-05-2019;utm_campaign=Marts25&utm_content=A&utm_medium=content&utm_source=jp.dk;true;true;4;2;3;15-03-2025;14-05-2025;0;0
11cec0fd49b5a1ed7cff46ec6f8e3c6d;61;31-03-2025;2025-03-20 08:56:31.900000;Kvinde;18-01-1996;20-03-2025;utm_campaign=Marts25&utm_content=A&utm_medium=content&utm_source=jp.dk;false;false;0;0;0;20-03-2025;19-05-2025;0;0
1998daf4646037e7c0820958807fb1d5;61;08-04-2025;2025-03-20 07:18:14.969000;Mand;15-09-1952;20-03-2025;utm_campaign=Marts25&utm_content=A&utm_medium=content&utm_source=jp.dk;true;true;0;0;0;20-03-2025;19-05-2025;0;0
af32c827e26bda8f6a3e8c5769d4b802;441;23-04-2025;2025-03-04 20:08:54.330000;Mand;21-03-1955;20-10-2023;utm_campaign=Marts25&utm_content=B&utm_medium=content&utm_source=jp.dk;false;true;2;2;0;04-03-2025;03-05-2025;0;0
dc7631bbc9551b36ee5bda5de1c132d6;349;28-04-2025;2025-03-11 06:51:25.238000;Mand;09-08-1967;22-06-2012;utm_campaign=Basis_22&utm_content=HeaderButtonRaised&utm_medium=Matrice&utm_source=jp.dk;false;true;4;1;2;11-03-2025;10-05-2025;0;0
f99eb2b8f4228ffe0057dd3fdfc73776;1053;01-01-3000;2025-03-10 09:50:51.302000;Mand;14-05-1972;23-08-2018;utm_campaign=Marts25&utm_content=A&utm_medium=content&utm_source=jp.dk;false;false;1;1;0;10-03-2025;09-05-2025;0;0
62d6f6fbb6b7aed51301d5204f735ac3;75;19-04-2025;2025-03-05 17:15:37.507000;Kvinde;22-03-1958;09-12-2024;utm_campaign=Marts25&utm_content=a&utm_medium=mail&utm_source=mail;false;true;0;0;0;05-03-2025;04-05-2025;0;0
c2c273fcfc29b01ce6a89afd5fdcdaec;388;01-01-3000;2025-03-05 11:06:22.039000;Mand;19-11-1973;17-03-2015;utm_campaign=Marts25&utm_content=a&utm_medium=mail&utm_source=mail;true;true;0;0;0;05-03-2025;04-05-2025;1;2
8fc8ac5a28516c7528190dc596a5cda5;446;27-10-2025;2025-03-23 12:39:48.178000;Kvinde;23-08-1994;05-09-2014;utm_campaign=Marts25&utm_content=A&utm_medium=content&utm_source=jp.dk;false;false;1;1;0;23-03-2025;22-05-2025;0;0
4ac661c7491b55a4984174f89fdaaa83;410;21-05-2025;2025-03-19 22:55:32.216000;Kvinde;31-01-1970;10-06-2013;utm_campaign=Marts25&utm_medium=Weblayer&utm_source=jp.dk;false;false;2;2;0;19-03-2025;18-05-2025;0;0
9082cd5bd339e7f6efaeac23a1551815;214;23-07-2025;2025-03-20 21:23:49.016000;Kvinde;25-04-1977;29-01-2019;utm_campaign=Basis_22&utm_content=HeaderButtonRaised&utm_medium=Matrice&utm_source=jp.dk;false;false;1;0;0;20-03-2025;19-05-2025;0;0
a1af3b6a83ab3831bad60fdc53a712ed;122;16-06-2025;2025-03-14 09:34:23.153000;Kvinde;03-09-1985;02-05-2018;utm_campaign=Marts25&utm_content=A&utm_medium=content&utm_source=jp.dk;false;false;0;0;0;14-03-2025;13-05-2025;0;0
b37648d22ba1c40979c7f50216a23ccd;61;26-03-2025;2025-03-21 21:37:22.756000;Kvinde;13-01-1976;19-11-2023;utm_campaign=Marts25&utm_content=A&utm_medium=content&utm_source=jp.dk;true;false;0;0;0;21-03-2025;20-05-2025;0;0
de69e87c5fea53f04b7b6b3c72a16a8f;61;11-04-2025;2025-03-18 09:28:58.275000;Kvinde;13-05-1992;09-03-2015;utm_campaign=Marts25&utm_content=A&utm_medium=content&utm_source=jp.dk;false;false;0;0;0;18-03-2025;17-05-2025;0;0
7bb86036fead65cb733672bb8a47dcd7;374;01-01-3000;2025-03-19 20:28:53.476000;Mand;21-03-1975;19-03-2025;utm_campaign=Marts25&utm_medium=Weblayer&utm_source=jp.dk;false;false;0;0;0;19-03-2025;18-05-2025;0;0
9ab9e1585c8138825d923a229509bc4f;469;01-01-3000;2025-03-21 08:42:11.138000;Mand;02-06-1954;29-03-2015;utm_campaign=Marts25&utm_content=sc_a&utm_medium=mail&utm_source=mail;false;true;2;2;1;21-03-2025;20-05-2025;0;0
add49e9f3efbc829a809336238069353;1485;01-01-3000;2025-03-21 09:10:18.932000;Mand;28-12-1949;02-04-2018;utm_campaign=Marts25&utm_content=sc_b&utm_medium=mail&utm_source=mail;true;true;3;2;2;21-03-2025;20-05-2025;1;1
3689d81e4b91fb17c0941a1554e19695;383;01-01-3000;2025-03-10 20:07:40.350000;Mand;28-09-1959;02-05-2018;utm_campaign=Marts25&utm_content=B&utm_medium=content&utm_source=jp.dk;true;true;0;0;0;10-03-2025;09-05-2025;4;4
6cf4559158ca6f6a6ca07cfc319774a3;275;01-12-2025;2025-03-21 10:30:19.673000;Mand;08-01-1964;21-03-2025;utm_campaign=Marts25&utm_medium=Weblayer&utm_source=jp.dk;false;false;0;0;0;21-03-2025;20-05-2025;0;0
814cdba34f3464699f23f517654e2831;385;01-01-3000;2025-03-08 14:36:20.579000;Mand;18-07-1965;27-05-2013;utm_campaign=Marts25&utm_content=A&utm_medium=content&utm_source=jp.dk;false;false;0;0;0;08-03-2025;07-05-2025;0;0
2f9710a6b323884ef84129309caf9ddf;181;20-08-2025;2025-03-22 07:49:35.745000;Mand;19-03-1966;23-02-2013;utm_campaign=6669764630252&utm_content=6669768107852&utm_medium=paid&utm_source=fb_paid&utm_term=g%C3%A6ldfrit_hus_artikel_click;false;true;2;0;2;22-03-2025;21-05-2025;4;4
9032519e0fe05946b3e715ff4c2c75c1;1417;06-05-2025;2025-03-21 19:57:05.558000;Kvinde;30-03-1956;05-05-2012;utm_campaign=Marts25&utm_content=sc_b&utm_medium=mail&utm_source=mail;false;false;3;1;1;21-03-2025;20-05-2025;0;0
7fe44128ee877150541e83b00f8af178;4;26-03-2025;2025-03-23 19:49:39.212000;Kvinde;08-03-1964;02-01-2025;utm_campaign=Marts25&utm_content=sc_a&utm_medium=mail&utm_source=mail;true;false;0;0;0;23-03-2025;26-03-2025;0;0
7dd87a725fe51ac8df32f9000b37e564;507;04-07-2025;2025-03-22 14:07:59.214000;Mand;13-05-1970;31-01-2012;utm_campaign=Marts25&utm_content=sc_a&utm_medium=mail&utm_source=mail;true;true;1;1;0;22-03-2025;21-05-2025;0;0
6833133564d3b9731d3707a284d1a707;376;01-01-3000;2025-03-17 10:21:56.444000;Mand;13-12-1978;24-08-2016;utm_campaign=Marts25&utm_content=A&utm_medium=content&utm_source=jp.dk;false;false;0;0;0;17-03-2025;16-05-2025;0;0
1230fd711f4acd99dfd4d06a8f0d8ece;198;11-06-2025;2025-03-10 10:15:19.443000;Kvinde;01-08-1955;16-02-2015;utm_campaign=Marts25&utm_content=B&utm_medium=content&utm_source=jp.dk;false;false;0;0;0;10-03-2025;09-05-2025;1;1
587fecd83c36b7dc0ee6815944e44478;376;01-01-3000;2025-03-17 21:58:48.801000;Mand;24-02-1955;17-03-2025;utm_campaign=Marts25&utm_medium=Matrice&utm_source=jp.dk;false;false;0;0;0;17-03-2025;16-05-2025;0;0
e121d81cf042fc1796bec45ee93a73ed;92;08-03-2025;2025-03-07 12:39:08.730000;Mand;28-01-1968;28-02-2013;utm_campaign=Marts25&utm_content=A&utm_medium=content&utm_source=jp.dk;false;false;1;1;0;07-03-2025;06-05-2025;0;0
de829deda88d0df0c4c8f9a3eb4cc186;117;18-04-2025;2025-03-21 10:03:51.221000;Kvinde;02-03-1951;09-07-2014;utm_campaign=Marts25&utm_content=sc_b&utm_medium=mail&utm_source=mail;false;true;1;0;1;21-03-2025;20-05-2025;0;0
6ee037905fee692858240685220213be;184;21-08-2025;2025-03-21 21:27:27.505000;Mand;04-11-1959;29-03-2015;utm_campaign=Marts25&utm_content=A&utm_medium=content&utm_source=jp.dk;false;false;0;0;0;21-03-2025;20-05-2025;0;0
178acb3d7e922de240c43c165a813e33;567;07-01-2026;2025-03-08 07:16:02.880000;Mand;20-12-1955;04-04-2022;utm_campaign=Marts25&utm_medium=Matrice&utm_source=jp.dk;false;true;3;2;0;08-03-2025;07-05-2025;0;0
ab41382298fc046bfa048d55ce9b1f0d;397;15-10-2025;2025-03-05 13:30:45.221000;Mand;16-03-1944;18-01-2013;utm_campaign=Marts25&utm_content=a&utm_medium=mail&utm_source=mail;true;true;4;2;2;05-03-2025;04-05-2025;4;4
e9153be9eb990a05b8b703b1b434a985;129;10-06-2025;2025-03-04 08:20:39.025000;Kvinde;29-01-1981;20-03-2022;utm_campaign=Marts25&utm_content=B&utm_medium=content&utm_source=jp.dk;false;false;1;0;1;04-03-2025;03-05-2025;0;0
9f2b0d3c1d53f558f70bfad4c79df597;153;19-08-2025;2025-03-21 05:14:33.801000;Mand;30-07-1966;21-03-2025;utm_campaign=Marts25&utm_content=B&utm_medium=content&utm_source=jp.dk;true;true;0;0;0;21-03-2025;20-05-2025;0;0
76668bebf380d4c6e8b3583902d82b9c;387;21-03-2025;2025-03-21 08:25:37.452000;Mand;12-12-1966;30-03-2017;utm_campaign=Marts25&utm_content=sc_a&utm_medium=mail&utm_source=mail;false;true;6;5;3;21-03-2025;20-05-2025;0;0
e8560d608abd181e5e783dd040bc7cbc;340;24-05-2025;2025-03-20 05:41:40.861000;Mand;29-09-1973;17-08-2016;utm_campaign=Marts25&utm_medium=Weblayer&utm_source=jp.dk;false;true;4;1;1;20-03-2025;19-05-2025;3;3
0c3972534a7b5ce5f4f13538ca93fc7f;854;16-03-2026;2025-03-07 12:05:46.411000;Mand;23-04-1970;12-08-2015;utm_campaign=Marts25&utm_content=B&utm_medium=content&utm_source=jp.dk;false;true;5;3;3;07-03-2025;06-05-2025;0;0
1f40062eef627b0d45826b92c4ae56ff;657;01-01-3000;2025-03-04 07:03:26.188000;Kvinde;04-01-1949;27-05-2015;utm_campaign=Marts25&utm_content=A&utm_medium=content&utm_source=jp.dk;true;true;3;1;2;04-03-2025;03-05-2025;3;3
a44108148e8cffb011c3395b78f5f938;156;13-08-2025;2025-03-10 06:38:54.210000;Mand;03-05-1987;10-03-2025;utm_campaign=Marts25&utm_content=A&utm_medium=content&utm_source=jp.dk;false;false;0;0;0;10-03-2025;09-05-2025;0;0
9df181d1c01cad49efc7b0eab03a631d;557;15-05-2025;2025-03-12 17:41:16.904000;Mand;26-07-1955;01-12-2014;utm_campaign=Marts25&utm_content=A&utm_medium=content&utm_source=jp.dk;false;false;3;1;0;12-03-2025;11-05-2025;0;0
e12aeab2cdd9cfe212471224aa9a0d09;92;11-05-2025;2025-03-11 14:10:10.293000;Kvinde;05-07-1986;11-03-2025;utm_campaign=Marts25&utm_content=A&utm_medium=content&utm_source=jp.dk;false;false;0;0;0;11-03-2025;10-05-2025;0;0
fc58cfb884d82f8ff7398450731734d8;625;20-05-2025;2025-03-08 07:27:32.519000;Kvinde;11-05-1953;05-12-2016;utm_campaign=Marts25&utm_content=A&utm_medium=content&utm_source=jp.dk;true;true;3;2;0;08-03-2025;07-05-2025;0;0
835d69dda5ba5d750f73a0b5b854568d;95;11-06-2025;2025-03-08 12:24:37.734000;Mand;28-01-1956;08-03-2025;utm_campaign=Basis_22&utm_content=HeaderButtonRaised&utm_medium=Matrice&utm_source=jp.dk;false;false;0;0;0;08-03-2025;07-05-2025;0;0
dacc9c43dac760621fb910f020549e30;631;13-05-2025;2025-03-19 17:55:14.535000;Mand;19-10-1951;01-06-2020;utm_campaign=Marts25&utm_medium=Weblayer&utm_source=jp.dk;false;false;6;3;2;19-03-2025;18-05-2025;0;0
05ce81452f9a43739169d6bc934cfc47;971;01-01-3000;2025-03-10 14:39:47.846000;Kvinde;01-11-1965;08-03-2022;utm_campaign=Marts25&utm_content=A&utm_medium=content&utm_source=jp.dk;false;true;2;1;1;10-03-2025;09-05-2025;0;0
1491939885319cc63bbc45f8583456e1;98;22-03-2025;2025-03-22 16:58:23.908000;Mand;05-05-1990;22-03-2025;utm_campaign=Basis_22&utm_content=HeaderButtonRaised&utm_medium=Matrice&utm_source=jp.dk;false;false;0;0;0;22-03-2025;21-05-2025;0;0
8bb9a07142551de94074b33e7aed10b4;397;01-01-3000;2025-03-03 15:40:17.373000;Mand;30-08-1988;03-03-2022;utm_campaign=Basis_22&utm_content=HeaderButtonRaised&utm_medium=Matrice&utm_source=jp.dk;false;false;1;0;1;03-03-2025;02-05-2025;0;0
1dd4f4d36646ef3d7c101e7ed530f181;362;24-06-2025;2025-03-05 12:27:05.883000;Mand;24-01-1972;05-03-2025;utm_campaign=Basis_22&utm_content=HeaderButtonRaised&utm_medium=Matrice&utm_source=jp.dk;true;true;0;0;0;05-03-2025;04-05-2025;0;0
6ac41ca81c8a5b763cfdc15ca1db45ab;1538;15-03-2025;2025-03-12 16:20:43.112000;Kvinde;22-12-1973;23-12-2012;utm_campaign=Marts25&utm_content=A&utm_medium=content&utm_source=jp.dk;false;false;5;2;0;12-03-2025;11-05-2025;5;5
62903f01a8b4d36801a30d3e3a61c26c;427;27-06-2025;2025-03-21 12:14:51.475000;Mand;04-12-1968;12-09-2011;utm_campaign=Marts25&utm_medium=Weblayer&utm_source=jp.dk;false;false;2;2;0;21-03-2025;20-05-2025;0;0
6638cfc4c174f5324e03b5c5c1840978;389;01-01-3000;2025-03-04 14:07:44.101000;Kvinde;19-03-1986;04-03-2025;utm_campaign=Marts25&utm_content=A&utm_medium=content&utm_source=jp.dk;false;false;0;0;0;04-03-2025;03-05-2025;0;0
3dbf7ab21815a2df892c2ae6b4b0dd7e;86;03-06-2025;2025-03-10 09:29:46.750000;Kvinde;10-04-2006;30-05-2024;utm_campaign=Marts25&utm_content=B&utm_medium=content&utm_source=jp.dk;false;false;0;0;0;10-03-2025;09-05-2025;0;0
aa345f66c3734ec28ca44313506d22f4;92;05-05-2025;2025-03-05 12:03:54.754000;Mand;20-11-1969;05-03-2025;utm_campaign=Marts25&utm_content=A&utm_medium=content&utm_source=jp.dk;false;false;0;0;0;05-03-2025;04-05-2025;0;0
446f332ace9cc3135738ab48e8faa4fe;275;27-11-2025;2025-03-23 11:06:37.586000;Mand;16-05-1989;23-03-2025;utm_campaign=Marts25&utm_content=A&utm_medium=content&utm_source=jp.dk;false;false;0;0;0;23-03-2025;22-05-2025;0;0
33fea4b276180c2884f8d1767a1483e6;386;01-01-3000;2025-03-07 12:59:44.229000;Mand;16-03-1963;07-03-2025;utm_campaign=Marts25&utm_content=A&utm_medium=content&utm_source=jp.dk;false;false;0;0;0;07-03-2025;06-05-2025;0;0
ad56104de30f4dea6c7a65ca88a9a9fe;848;06-05-2025;2025-03-05 14:08:20.016000;Mand;13-11-1956;18-06-2014;utm_campaign=Marts25&utm_content=b&utm_medium=mail&utm_source=mail;true;true;17;3;8;05-03-2025;04-05-2025;1;1
1a348c61676869859747445d2860057c;383;01-01-3000;2025-03-10 10:36:34.871000;Mand;27-06-1960;11-08-2018;utm_campaign=Marts25&utm_content=A&utm_medium=content&utm_source=jp.dk;false;true;0;0;0;10-03-2025;09-05-2025;0;0
e2bcfffc7ab626d766ff915f3827a5b2;61;07-03-2025;2025-03-07 07:16:23.231000;Mand;01-05-1963;07-03-2025;utm_campaign=Marts25&utm_medium=Matrice&utm_source=jp.dk;false;false;0;0;0;07-03-2025;06-05-2025;0;0
c4001ea45fd4a1b949a2c6bf4cf15d53;561;25-08-2025;2025-03-18 07:37:40.661000;Kvinde;12-10-1956;04-05-2022;utm_campaign=&utm_content=genbesog_JP_digital&utm_medium=ppc&utm_source=adwords&utm_term=jyllands-posten+abonnement;false;true;5;3;1;18-03-2025;17-05-2025;1;1
120494d531c102f36998867de084d359;245;23-07-2025;2025-03-21 18:03:35.583000;Kvinde;12-03-2025;27-05-2023;utm_campaign=Marts25&utm_medium=Matrice&utm_source=jp.dk;false;false;1;1;0;21-03-2025;20-05-2025;0;0
06beef4376b2852a011aa0359e4dcbf2;92;24-05-2025;2025-03-16 09:32:41.968000;Kvinde;02-11-1955;05-02-2014;utm_campaign=Marts25&utm_content=A&utm_medium=content&utm_source=jp.dk;false;false;0;0;0;16-03-2025;15-05-2025;0;0
fdbd1dcf2c76001047b287ddcc44b101;380;01-01-3000;2025-03-13 15:56:22.709000;Mand;16-05-1956;01-12-2023;utm_campaign=Marts25&utm_content=B&utm_medium=content&utm_source=jp.dk;false;false;0;0;0;13-03-2025;12-05-2025;0;0
4b8a2812009fa41431e8577a546bb1c1;390;01-01-3000;2025-03-10 07:05:04.293000;Kvinde;09-08-1969;31-07-2019;utm_campaign=Marts25&utm_content=A&utm_medium=content&utm_source=jp.dk;false;false;1;0;1;10-03-2025;09-05-2025;0;0
46f011284f5c30e7bc7dce5e9df85374;336;01-05-2025;2025-03-05 11:42:49.372000;Mand;15-02-1953;05-02-2025;utm_campaign=Marts25&utm_content=a&utm_medium=mail&utm_source=mail;false;true;1;1;1;05-03-2025;04-05-2025;0;0
21238e1c78588bea853c315d46f5dc29;1423;05-02-2026;2025-03-15 17:47:31.298000;Mand;10-10-1940;;utm_campaign=Basis_22&utm_content=HeaderButtonRaised&utm_medium=Matrice&utm_source=jp.dk;false;false;12;2;8;15-03-2025;14-05-2025;0;0
44f3a70ad5f6c7d3b83909cff1ad231a;61;22-04-2025;2025-03-05 08:56:54.855000;Mand;30-03-1969;11-08-2011;utm_campaign=Basis_22&utm_content=HeaderButtonRaised&utm_medium=Matrice&utm_source=jp.dk;false;false;0;0;0;05-03-2025;04-05-2025;0;0
5422e7ec71c443cb70b22fda17cc0994;359;09-11-2025;2025-03-11 07:44:50.891000;Mand;22-12-1967;21-11-2012;utm_campaign=Basis_22&utm_content=HeaderButtonRaised&utm_medium=Matrice&utm_source=jp.dk;false;true;1;1;0;11-03-2025;10-05-2025;0;0
e8c8a5888ff8ecbe509165aa9657154b;184;18-08-2025;2025-03-15 19:56:51.462000;Kvinde;03-07-1973;13-05-2014;utm_campaign=Marts25&utm_content=A&utm_medium=content&utm_source=jp.dk;false;false;0;0;0;15-03-2025;14-05-2025;0;0
1e95a880364e96dcbdcc9b0db8a55105;1275;14-12-2025;2025-03-11 13:35:54.741000;Mand;25-10-1951;17-05-2019;utm_campaign=Marts25&utm_medium=topticker&utm_source=jp.dk;true;true;4;3;1;11-03-2025;10-05-2025;2;2
4ac06699f06056cb181a486f622657a7;1345;02-05-2025;2025-03-16 09:16:34.121000;Kvinde;12-06-1944;25-10-2018;utm_campaign=Marts25&utm_content=b&utm_medium=mail&utm_source=mail;false;true;16;12;5;16-03-2025;15-05-2025;7;5
eb898021f24c44d7db980193a395a738;209;02-05-2025;2025-03-04 19:52:54.981000;Kvinde;14-11-1954;17-02-2022;utm_campaign=Marts25&utm_medium=Matrice&utm_source=jp.dk;false;true;3;1;3;04-03-2025;03-05-2025;2;2
9254dd7538b530e8e5015f612d51d553;61;26-03-2025;2025-03-13 08:28:09.373000;Kvinde;21-08-1954;22-03-2012;utm_campaign=Marts25&utm_content=A&utm_medium=content&utm_source=jp.dk;false;false;0;0;0;13-03-2025;12-05-2025;0;0
f4a021012e0379b342bd520316e25b69;82;18-05-2025;2025-03-21 08:06:41.882000;Mand;25-11-1938;22-12-2024;utm_campaign=Marts25&utm_content=sc_a&utm_medium=mail&utm_source=mail;true;false;0;0;0;21-03-2025;20-05-2025;0;0
f94f533557001f0619f148540fc318ff;375;01-01-3000;2025-03-18 10:10:39.688000;Mand;20-11-1952;18-03-2025;utm_campaign=Marts25&utm_content=6657291290052&utm_medium=fb_matrice&utm_source=some&utm_term=6657291290252;true;true;0;0;0;18-03-2025;17-05-2025;0;0
20adbd6ec48679dcfd474611a0f20d50;61;12-05-2025;2025-03-15 10:27:12.184000;Mand;28-04-1961;13-08-2015;utm_campaign=Marts25&utm_content=A&utm_medium=content&utm_source=jp.dk;false;false;0;0;0;15-03-2025;14-05-2025;0;0
e40d8324bf7473ffb9377b7885c5e1fb;979;16-07-2025;2025-03-08 11:48:18.441000;Mand;05-02-1961;27-09-2014;utm_campaign=Marts25&utm_content=B&utm_medium=content&utm_source=jp.dk;false;false;9;1;8;08-03-2025;07-05-2025;0;0
a08e7f89635b14ed4cb87d21d13b6ed2;61;25-03-2025;2025-03-10 11:08:56.440000;Mand;09-08-1986;31-10-2024;utm_campaign=Marts25&utm_content=A&utm_medium=content&utm_source=jp.dk;false;false;0;0;0;10-03-2025;09-05-2025;0;0
ad372c8a7a3b8d134c9eb5cf7267af63;1050;10-12-2025;2025-03-21 07:23:16.685000;Mand;14-11-1951;27-12-2012;utm_campaign=Marts25&utm_content=sc_a&utm_medium=mail&utm_source=mail;true;true;4;1;2;21-03-2025;20-05-2025;3;3
7eb3412b5a29ae007e0264755a7aeae5;356;24-03-2025;2025-03-21 11:08:20.424000;;01-01-1954;23-01-2016;utm_campaign=Marts25&utm_content=sc_a&utm_medium=mail&utm_source=mail;true;true;8;2;6;21-03-2025;20-05-2025;0;0
f0fa152f4037b954272eee47098ea09c;259;07-11-2025;2025-03-21 12:08:08.190000;Kvinde;03-01-1963;03-12-2024;utm_campaign=Marts25&utm_content=sc_b&utm_medium=mail&utm_source=mail;false;true;1;1;1;21-03-2025;20-05-2025;0;0
7b5d631f99704537c85aa26c4f9ad079;330;30-04-2025;2025-03-05 17:50:30.302000;Mand;20-03-1964;01-07-2020;utm_campaign=Marts25&utm_content=b&utm_medium=mail&utm_source=mail;false;false;5;4;2;05-03-2025;04-05-2025;0;0
e06e61f1de9acb6d848b17a97f063a37;301;13-04-2025;2025-03-03 12:31:55.152000;Mand;20-01-1967;19-09-2013;utm_campaign=Marts25&utm_content=A&utm_medium=content&utm_source=jp.dk;false;true;2;1;0;03-03-2025;02-05-2025;0;0
bec12934fd62c54075867a81c5f66926;385;01-01-3000;2025-03-08 08:45:42.022000;Mand;19-09-1951;08-03-2025;utm_campaign=Basis_22&utm_content=HeaderButtonRaised&utm_medium=Matrice&utm_source=jp.dk;false;false;0;0;0;08-03-2025;07-05-2025;0;0
e915a228f8c7167c10d10e33535d860a;306;24-07-2025;2025-03-21 15:59:52.678000;Mand;19-01-1983;21-03-2025;utm_campaign=Basis_22&utm_content=HeaderButtonRaised&utm_medium=Matrice&utm_source=jp.dk;false;true;0;0;0;21-03-2025;20-05-2025;0;0
29570250930a4b6759f7de0a3ccbfa6a;61;06-03-2025;2025-03-05 13:02:12.120000;Mand;22-09-1951;03-11-2014;utm_campaign=Marts25&utm_content=a&utm_medium=mail&utm_source=mail;true;true;0;0;0;05-03-2025;04-05-2025;0;0
17ce3e6c9944c046e8d5ebd1c1467144;311;29-03-2025;2025-03-20 12:06:40.518000;Kvinde;01-01-1962;02-05-2018;utm_campaign=&utm_content=genbesog_JP_digital&utm_medium=ppc&utm_source=adwords&utm_term=jp+tilbud;true;true;15;3;12;20-03-2025;19-05-2025;3;4
c2e33d069a7f2e3c6240025cfefe99aa;61;20-03-2025;2025-03-10 08:21:19.321000;;15-07-1966;01-11-2020;utm_campaign=Marts25&utm_content=A&utm_medium=content&utm_source=jp.dk;false;false;0;0;0;10-03-2025;09-05-2025;0;0
e9664780fe3b0e119802e4dd1a3f0274;120;06-04-2025;2025-03-22 06:06:59.977000;Mand;03-02-1969;19-07-2018;utm_campaign=Marts25&utm_content=sc_b&utm_medium=mail&utm_source=mail;false;true;1;1;0;22-03-2025;21-05-2025;0;0
ba46f331222c7804d3007faf2be638c4;305;10-06-2025;2025-03-05 17:01:26.179000;Kvinde;30-10-1965;25-02-2015;utm_campaign=Marts25&utm_content=b&utm_medium=mail&utm_source=mail;false;true;12;3;9;05-03-2025;04-05-2025;1;2
da9537185d65911a80acaf42a65a7e59;857;04-06-2025;2025-03-07 10:01:43.634000;Mand;15-01-1967;04-04-2012;utm_campaign=Marts25&utm_content=B&utm_medium=content&utm_source=jp.dk;false;true;2;1;0;07-03-2025;06-05-2025;0;0
13c1486add2783141856bac81ff85cb4;528;26-04-2025;2025-03-05 21:50:07.479000;Mand;13-05-1974;20-08-2015;utm_campaign=Marts25&utm_content=a&utm_medium=mail&utm_source=mail;true;true;6;3;0;05-03-2025;04-05-2025;0;0
79af80f603fb5958d9ec6f81ac3d7450;382;01-01-3000;2025-03-11 23:21:31.579000;Mand;24-11-1947;15-09-2012;utm_campaign=Marts25&utm_content=A&utm_medium=content&utm_source=jp.dk;false;false;0;0;0;11-03-2025;10-05-2025;0;0
ff8d95402a130dc888f8158e5601101c;1354;25-04-2025;2025-03-14 10:52:50.603000;Mand;15-04-1977;13-01-2022;utm_campaign=Marts25&utm_medium=Matrice&utm_source=jp.dk;false;true;3;3;0;14-03-2025;13-05-2025;0;0
0f6de2e197e7f32606ce2b45b80ab39e;61;19-04-2025;2025-03-14 08:29:20.112000;Kvinde;04-01-2006;14-03-2025;utm_campaign=Marts25&utm_content=A&utm_medium=content&utm_source=jp.dk;false;false;0;0;0;14-03-2025;13-05-2025;0;0
d3b4f98b469e7b1bbf56522e703cc9b5;61;24-03-2025;2025-03-14 08:47:44.282000;Mand;26-05-1974;14-03-2025;utm_campaign=Marts25&utm_content=A&utm_medium=content&utm_source=jp.dk;false;false;0;0;0;14-03-2025;13-05-2025;0;0
2e608971ff7c2bb1638c925e543726a2;61;25-04-2025;2025-03-06 05:36:20.294000;Mand;13-09-2001;19-02-2013;utm_campaign=Marts25&utm_content=b&utm_medium=mail&utm_source=mail;false;false;0;0;0;06-03-2025;05-05-2025;2;2
92cd67180417eb40d415c800fed452bf;202;25-07-2025;2025-03-05 21:11:10.916000;Kvinde;10-05-1945;17-08-2016;utm_campaign=Marts25&utm_content=b&utm_medium=mail&utm_source=mail;false;true;4;3;3;05-03-2025;04-05-2025;1;1
97beab50358c19e80a9d7854ec4d2d58;633;01-01-3000;2025-03-03 13:24:16.365000;Mand;10-04-1976;02-05-2018;utm_campaign=Marts25&utm_content=B&utm_medium=content&utm_source=jp.dk;true;true;2;2;0;03-03-2025;02-05-2025;1;1
45ba7b55f3a1abf8d17426adb5305cf1;769;01-01-3000;2025-03-19 19:21:50.792000;Mand;28-12-1975;07-03-2022;utm_campaign=Marts25&utm_medium=Weblayer&utm_source=jp.dk;false;false;2;1;1;19-03-2025;18-05-2025;0;0
c8d04ab60d4ddf7d658eddd388e537dc;351;24-11-2025;2025-03-14 07:52:01.551000;Mand;31-12-2024;28-10-2021;utm_campaign=Marts25&utm_content=A&utm_medium=content&utm_source=jp.dk;false;true;2;1;1;14-03-2025;13-05-2025;0;0
23ab60f3d426ccd9fe945b7acfcbd9b8;257;11-03-2025;2025-03-11 07:09:43.201000;Kvinde;07-09-1971;11-03-2025;utm_campaign=Basis_22&utm_content=HeaderButtonRaised&utm_medium=Matrice&utm_source=jp.dk;false;true;0;0;0;11-03-2025;10-05-2025;0;0
8f024d44baff2d628ed87ca219f535df;460;26-10-2025;2025-03-19 13:55:48.664000;;12-07-1951;24-07-2023;utm_campaign=Marts25&utm_content=A&utm_medium=content&utm_source=jp.dk;true;true;1;1;0;19-03-2025;18-05-2025;0;0
a49247a5a877b7120e1fc45bab3435c2;255;10-03-2025;2025-03-10 07:29:29.244000;Mand;08-04-1983;27-06-2013;utm_campaign=Marts25&utm_content=B&utm_medium=content&utm_source=jp.dk;false;true;1;1;0;10-03-2025;09-05-2025;0;0
7fcfd5b9e8ade3613c73b0c8270fabb4;341;05-12-2025;2025-03-05 14:14:12.822000;Mand;29-10-1966;12-10-2015;utm_campaign=Marts25&utm_content=b&utm_medium=mail&utm_source=mail;true;false;1;0;1;05-03-2025;04-05-2025;0;0
4780fa33d0848ce9eb4c2a04613232ae;92;24-03-2025;2025-03-23 19:55:59.401000;Kvinde;16-11-1973;12-03-2015;utm_campaign=Marts25&utm_content=B&utm_medium=content&utm_source=jp.dk;false;false;1;1;0;23-03-2025;22-05-2025;0;0
5624fe0ba2ed62343dfa5dc651bcbb4a;642;11-02-2026;2025-03-11 07:11:51.515000;Mand;14-04-1965;07-04-2020;utm_campaign=Basis_22&utm_content=HeaderButtonRaised&utm_medium=Matrice&utm_source=jp.dk;false;true;2;1;0;11-03-2025;10-05-2025;0;0
5cb4f8c2df453d9310e8c8c833143e08;374;01-01-3000;2025-03-19 08:19:05.518000;Mand;20-12-1979;18-03-2025;utm_campaign=Marts25&utm_content=A&utm_medium=content&utm_source=jp.dk;false;false;0;0;0;19-03-2025;18-05-2025;0;0
bdce72baf8cf46c35e50c27d2034f70f;306;04-12-2025;2025-03-20 17:54:43.206000;Kvinde;13-02-1960;11-12-2014;utm_campaign=Basis_22&utm_content=HeaderButtonRaised&utm_medium=Matrice&utm_source=jp.dk;false;false;1;1;0;20-03-2025;19-05-2025;0;0
07020bd60c8550351dca52ee85797736;433;06-05-2025;2025-03-11 18:41:47.699000;Mand;05-07-1942;07-02-2017;utm_campaign=Marts25&utm_medium=adops&utm_source=jp.dk;true;true;19;4;15;11-03-2025;10-05-2025;5;5
85879b96cc5b5ffd524cd66d43d6133c;516;30-04-2025;2025-03-07 16:24:30.132000;Mand;26-09-1966;30-06-2018;utm_campaign=Marts25&utm_content=A&utm_medium=content&utm_source=jp.dk;false;false;3;3;0;07-03-2025;06-05-2025;0;0
5adf38fc641a3afcbc69132ee9239cea;910;01-01-3000;2025-03-05 21:19:01.713000;Mand;01-02-1973;17-05-2020;utm_campaign=Marts25&utm_content=A&utm_medium=content&utm_source=jp.dk;false;false;1;0;0;05-03-2025;04-05-2025;0;0
65f384db2f6edd9e5206321ecfbcee33;1205;16-05-2025;2025-03-21 18:20:27.899000;Mand;02-10-1945;04-03-2022;utm_campaign=Marts25&utm_content=sc_a&utm_medium=mail&utm_source=mail;false;true;7;5;2;21-03-2025;20-05-2025;0;0
12dc9427032920bd3b9add2d59f92105;1265;05-03-2025;2025-03-04 06:53:40.616000;Mand;04-05-1966;13-05-2014;utm_campaign=Marts25&utm_content=B&utm_medium=content&utm_source=jp.dk;false;true;26;11;13;04-03-2025;03-05-2025;7;6
45e9380ee07e4423f355d32a9949e482;1035;30-11-2025;2025-03-11 06:48:04.335000;Mand;05-12-1976;15-12-2012;utm_campaign=Basis_22&utm_content=HeaderButtonRaised&utm_medium=Matrice&utm_source=jp.dk;false;true;7;3;3;11-03-2025;10-05-2025;0;0
12ad63f0c977b9e6c6376ff2ea3be398;61;03-05-2025;2025-03-04 14:35:49.484000;Kvinde;11-01-1971;21-01-2020;utm_campaign=Basis_22&utm_content=HeaderButtonRaised&utm_medium=Matrice&utm_source=jp.dk;true;false;0;0;0;04-03-2025;03-05-2025;0;0
09d4166c98f75359232384abbb75ae75;864;24-03-2025;2025-03-21 22:51:04.125000;Mand;03-03-1961;11-11-2012;utm_campaign=Marts25&utm_content=sc_a&utm_medium=mail&utm_source=mail;false;true;6;6;2;21-03-2025;20-05-2025;0;0
745567abda127eceb684117d9622768a;382;01-01-3000;2025-03-11 21:43:42.619000;Mand;02-12-1964;11-03-2025;utm_campaign=Marts25&utm_content=B&utm_medium=content&utm_source=jp.dk;true;false;0;0;0;11-03-2025;10-05-2025;0;0
5e1dfaa0caef15d65ba3c4077ad5af88;479;01-01-3000;2025-03-05 14:30:42.075000;Mand;07-08-1950;07-01-2022;utm_campaign=Marts25&utm_content=b&utm_medium=mail&utm_source=mail;true;true;4;2;3;05-03-2025;04-05-2025;0;0
c9642c7e6b729027c298084251edfec2;61;23-03-2025;2025-03-23 18:42:12.028000;Mand;04-10-1987;14-10-2015;utm_campaign=Marts25&utm_content=sc_b&utm_medium=mail&utm_source=mail;true;true;0;0;0;23-03-2025;22-05-2025;1;1
636b7d1b6d112fae9a3d0ef792410d65;79;04-06-2025;2025-03-17 09:19:27.186000;Mand;11-07-1990;02-05-2022;utm_campaign=Marts25&utm_content=A&utm_medium=content&utm_source=jp.dk;false;false;0;0;0;17-03-2025;16-05-2025;0;0
813bfd2231636d143e977b3c92482297;1192;29-04-2025;2025-03-23 06:54:57.853000;Kvinde;23-07-1951;14-12-2022;utm_campaign=Marts25&utm_medium=Weblayer&utm_source=jp.dk;true;true;7;0;4;23-03-2025;28-04-2025;0;0
717f81079f55e2cd5f9e7585f0cef79e;306;23-01-2026;2025-03-23 12:13:09.806000;Kvinde;10-03-1951;23-03-2025;utm_campaign=Marts25&utm_content=A&utm_medium=content&utm_source=jp.dk;false;false;0;0;0;23-03-2025;22-05-2025;0;0
148f206186a57489b85ac823dcf1a46c;388;18-05-2025;2025-03-16 11:55:18.092000;Mand;30-06-1981;14-03-2022;utm_campaign=Basis_22&utm_content=HeaderButtonRaised&utm_medium=Matrice&utm_source=jp.dk;true;true;3;2;1;16-03-2025;15-05-2025;0;0
d0a723ae18afcbcc10a871182eef6575;719;11-05-2025;2025-03-23 16:24:04.378000;Mand;16-05-1958;11-06-2012;utm_campaign=Marts25&utm_content=b&utm_medium=mail&utm_source=mail;true;true;2;2;0;23-03-2025;22-05-2025;0;0
802f3225124e073c4b270f6e4fc65300;387;01-01-3000;2025-03-06 09:26:01.109000;Mand;07-08-1968;06-03-2025;utm_campaign=Marts25&utm_content=A&utm_medium=content&utm_source=jp.dk;false;true;0;0;0;06-03-2025;05-05-2025;0;0
ae1d3d9df70b5a5b933464df7ba958a2;92;16-05-2025;2025-03-16 09:31:07.667000;Mand;10-04-1986;16-03-2025;utm_campaign=Marts25&utm_content=B&utm_medium=content&utm_source=jp.dk;false;false;0;0;0;16-03-2025;15-05-2025;0;0
6b127ea1d52e08eaeb4a25097d1c35b7;152;10-04-2025;2025-03-12 09:43:54.507000;Mand;25-07-1956;12-10-2021;utm_campaign=Basis_22&utm_content=HeaderButtonRaised&utm_medium=Matrice&utm_source=jp.dk;false;true;4;3;3;12-03-2025;11-05-2025;0;0
43ba9a358443177344257f5384a36a98;120;24-03-2025;2025-03-23 10:14:51.290000;Mand;21-11-1947;16-03-2012;utm_campaign=Marts25&utm_content=sc_a&utm_medium=mail&utm_source=mail;false;true;9;3;8;23-03-2025;22-05-2025;9;5
fd7c61d9b6e9f8be434088054b064ea1;1173;14-09-2025;2025-03-22 06:27:08.410000;Mand;03-09-1929;04-04-2012;utm_campaign=Marts25&utm_content=a&utm_medium=mail&utm_source=mail;false;true;6;2;2;22-03-2025;21-05-2025;0;0
669659f0772f96da0bac4f84b1ff696d;1830;10-12-2025;2025-03-05 14:44:44.902000;Mand;11-07-1956;11-03-2012;utm_campaign=Marts25&utm_content=a&utm_medium=mail&utm_source=mail;true;true;3;1;2;05-03-2025;04-05-2025;0;0
91f8807046303bf8b0ebf8712503812d;538;09-12-2025;2025-03-05 15:35:01.230000;Mand;10-11-1952;18-08-2020;utm_campaign=Marts25&utm_content=b&utm_medium=mail&utm_source=mail;false;true;3;2;2;05-03-2025;04-05-2025;1;1
82c381bcb5da7b266e8457450d4d9d5a;61;25-04-2025;2025-03-10 07:07:38.212000;Kvinde;11-04-1956;10-03-2025;utm_campaign=Marts25&utm_content=A&utm_medium=content&utm_source=jp.dk;false;false;0;0;0;10-03-2025;09-05-2025;0;0
a5c0e0274f29cd61224a91e4a8a28cfb;703;17-04-2025;2025-03-20 17:35:58.367000;Mand;12-11-1979;01-06-2019;utm_campaign=Marts25&utm_content=A&utm_medium=content&utm_source=jp.dk;false;false;6;3;2;20-03-2025;19-05-2025;0;0
25b091685441c9c3bdbe9e1bf30cd66a;172;27-08-2025;2025-03-08 16:56:40.775000;Mand;21-12-1935;08-03-2025;utm_campaign=Marts25&utm_content=A&utm_medium=content&utm_source=jp.dk;false;false;0;0;0;08-03-2025;07-05-2025;0;0
1c19b47d6d52112543b30ae5cb9e6153;61;21-03-2025;2025-03-21 14:26:05.940000;Kvinde;02-05-1994;21-03-2025;utm_campaign=Basis_22&utm_content=HeaderButtonRaised&utm_medium=Matrice&utm_source=jp.dk;false;false;0;0;0;21-03-2025;20-05-2025;0;0
8e3f83df238b7c83c8cfa217c33b9e95;61;20-03-2025;2025-03-03 14:11:50.242000;Mand;05-05-1958;03-03-2025;utm_campaign=Marts25&utm_content=A&utm_medium=content&utm_source=jp.dk;false;false;0;0;0;03-03-2025;02-05-2025;0;0
47fe9178a7b10ed88cb364259c7eea75;153;24-07-2025;2025-03-21 22:31:33.932000;Kvinde;03-03-1963;31-07-2022;utm_campaign=Marts25&utm_content=A&utm_medium=content&utm_source=jp.dk;false;false;0;0;0;21-03-2025;20-05-2025;0;0
743a9d6d44dfa092081f615773fdfd6b;644;30-04-2025;2025-03-11 18:12:00.283000;Mand;21-12-1962;13-05-2014;utm_campaign=Basis_22&utm_content=HeaderButtonRaised&utm_medium=Matrice&utm_source=jp.dk;false;true;4;4;0;11-03-2025;10-05-2025;0;0
7b74009236e8b58936ab88e293fa7c7d;1057;30-09-2025;2025-03-11 12:49:09.777000;Kvinde;01-01-1956;11-06-2012;utm_campaign=Marts25&utm_medium=topticker&utm_source=jp.dk;false;true;4;4;1;11-03-2025;10-05-2025;0;0
a512d5a0ca762d99340e57b85e78705e;829;23-04-2025;2025-03-23 15:18:39.726000;Mand;07-07-1956;01-11-2013;utm_campaign=Marts25&utm_content=sc_a&utm_medium=mail&utm_source=mail;true;true;6;4;2;23-03-2025;22-05-2025;11;10
11358b0c3d185f3ea7fdae8c43348eff;1362;06-05-2025;2025-03-04 16:44:30.169000;Mand;27-01-1954;24-10-2016;utm_campaign=Marts25&utm_content=B&utm_medium=content&utm_source=jp.dk;false;false;11;8;3;04-03-2025;03-05-2025;0;0
60a0d1887cd106e7464a10a381ec3253;61;22-04-2025;2025-03-04 13:33:47.860000;Kvinde;06-05-1952;04-03-2025;utm_campaign=Basis_22&utm_content=Footer&utm_medium=Matrice&utm_source=jp.dk;false;false;0;0;0;04-03-2025;03-05-2025;0;0
00bdb5b652070c2b33e241a5998600e3;1424;04-03-2025;2025-03-04 10:09:58.541000;Mand;21-07-1992;19-07-2021;utm_campaign=Basis_22&utm_content=HeaderButtonRaised&utm_medium=Matrice&utm_source=jp.dk;false;false;4;3;0;04-03-2025;03-05-2025;0;0
9dab05fdf67b0b139c8520a54e9b97ce;146;09-05-2025;2025-03-11 16:45:53.249000;Kvinde;28-09-1933;17-03-2022;utm_campaign=Marts25&utm_content=6664621143452&utm_medium=fb_matrice&utm_source=some&utm_term=6657291290252;false;true;1;0;1;11-03-2025;10-05-2025;0;0
d2bedcbfe15ea77c13a13272be47abcc;306;09-12-2025;2025-03-05 14:02:08.803000;Mand;22-09-1965;09-06-2023;utm_campaign=Basis_22&utm_content=HeaderButtonRaised&utm_medium=Matrice&utm_source=jp.dk;false;false;0;0;0;05-03-2025;04-05-2025;0;0
b9f915d50fe9b6b1b1ce989548f4c2a4;1090;01-01-3000;2025-03-13 09:47:35.383000;Mand;30-05-1945;09-03-2015;utm_campaign=Marts25&utm_content=A&utm_medium=content&utm_source=jp.dk;true;true;2;1;0;13-03-2025;12-05-2025;0;0
7f13e8b114b2144fd2f134b9f850737c;1673;24-05-2025;2025-03-23 03:26:18.848000;Mand;07-03-1957;03-10-2023;utm_campaign=Marts25&utm_medium=Matrice&utm_source=jp.dk;false;true;14;9;1;23-03-2025;22-05-2025;0;0
c09678054489731969a35eefa7ab61a3;61;07-03-2025;2025-03-05 20:46:27.179000;Mand;22-11-1978;29-07-2013;utm_campaign=Marts25&utm_content=a&utm_medium=mail&utm_source=mail;true;true;0;0;0;05-03-2025;04-05-2025;0;0
1b4b0d2897d5b4c6d4496d8c9e44c15b;448;27-07-2025;2025-03-21 07:08:47.249000;Mand;12-08-1951;25-06-2012;utm_campaign=Marts25&utm_content=sc_b&utm_medium=mail&utm_source=mail;true;true;22;4;20;21-03-2025;20-05-2025;3;3
0117ef4e2fc98208852da4c90c5bd4f0;1501;08-01-2026;2025-03-06 11:55:55.031000;Mand;03-12-1967;24-09-2021;utm_campaign=Marts25&utm_content=b&utm_medium=mail&utm_source=mail;false;true;9;6;4;06-03-2025;05-05-2025;5;4
c41d91fd81be3a4323a066782b30ff44;840;28-03-2025;2025-03-21 11:43:35.950000;Mand;16-03-1950;26-04-2017;utm_campaign=Marts25&utm_content=sc_a&utm_medium=mail&utm_source=mail;false;true;4;3;0;21-03-2025;20-05-2025;0;0
fe3c45af45c15c51b4552c23672cf422;734;12-07-2025;2025-03-20 21:24:21.813000;Mand;02-07-1968;15-04-2014;utm_campaign=Marts25&utm_content=A&utm_medium=content&utm_source=jp.dk;false;false;2;2;0;20-03-2025;19-05-2025;2;2
a2dd7c714c31465cdaf26be48eae1587;1195;05-05-2025;2025-03-21 09:37:41.714000;Mand;07-05-1943;19-01-2013;utm_campaign=Marts25&utm_content=sc_a&utm_medium=mail&utm_source=mail;true;false;2;1;0;21-03-2025;04-05-2025;0;0
3dba42c61edb0c46dacc14e879b2cdae;371;01-01-3000;2025-03-22 06:53:51.309000;Kvinde;24-12-1967;31-12-2022;utm_campaign=Marts25&utm_content=A&utm_medium=content&utm_source=jp.dk;false;true;0;0;0;22-03-2025;21-05-2025;0;0
458f7ba852df3db8bf4c69905eeaa68b;387;01-01-3000;2025-03-06 08:16:22.215000;Mand;10-05-1975;06-03-2025;utm_campaign=Marts25&utm_content=B&utm_medium=content&utm_source=jp.dk;false;false;0;0;0;06-03-2025;05-05-2025;0;0
e325d7311c22dbdc14be5e551758ef38;61;08-05-2025;2025-03-11 07:38:57.304000;Mand;20-12-1969;11-03-2025;utm_campaign=Basis_22&utm_content=HeaderButtonRaised&utm_medium=Matrice&utm_source=jp.dk;true;true;0;0;0;11-03-2025;10-05-2025;0;0
13158da72ff4bb01d6a27d7c284cde2b;184;15-09-2025;2025-03-16 07:57:03.936000;Mand;26-10-1953;05-11-2024;utm_campaign=Marts25&utm_content=B&utm_medium=content&utm_source=jp.dk;false;false;0;0;0;16-03-2025;15-05-2025;0;0
5c9960179eb77654c0eb0c510067473f;334;09-10-2025;2025-03-09 07:44:48.412000;Mand;01-07-1964;16-10-2022;utm_campaign=Basis_22&utm_content=HeaderButtonRaised&utm_medium=Matrice&utm_source=jp.dk;false;false;1;1;0;09-03-2025;08-05-2025;0;0
fcfd45344b1647471f5ec6194c220c3e;375;07-05-2025;2025-03-07 13:30:24.716000;Mand;18-08-1954;15-10-2015;utm_campaign=Marts25&utm_content=A&utm_medium=content&utm_source=jp.dk;false;true;2;1;1;07-03-2025;06-05-2025;0;0
4d8c4f5a4d1d1e646380f9c35c4dcb51;313;21-03-2025;2025-03-21 07:16:52.331000;Mand;07-01-1960;21-05-2012;utm_campaign=Marts25&utm_content=sc_b&utm_medium=mail&utm_source=mail;false;true;14;5;9;21-03-2025;20-05-2025;0;0
daa026f87a34f553164a8b7d87d095e9;415;03-07-2025;2025-03-21 07:39:36.747000;Mand;12-02-1950;17-06-2012;utm_campaign=Marts25&utm_content=sc_b&utm_medium=mail&utm_source=mail;false;true;7;2;6;21-03-2025;20-05-2025;0;0
99b2dd2edb8fef8172f3d5b9f376f219;1540;24-04-2025;2025-03-21 12:05:39.334000;Kvinde;06-10-1949;07-02-2016;utm_campaign=Marts25&utm_content=sc_b&utm_medium=mail&utm_source=mail;true;true;11;6;3;21-03-2025;20-05-2025;1;1
d94684e197cea38e5f304b72de68aea7;122;03-07-2025;2025-03-10 14:05:28.555000;Kvinde;29-06-1960;27-01-2025;utm_campaign=Marts25&utm_content=A&utm_medium=content&utm_source=jp.dk;false;false;0;0;0;10-03-2025;09-05-2025;0;0
133510099c29b2622548e08d2692a728;368;07-06-2025;2025-03-22 09:47:45.330000;Kvinde;08-02-1931;22-03-2025;utm_campaign=Marts25&utm_content=6664648409652&utm_medium=fb_matrice&utm_source=some&utm_term=6664648410252;false;false;0;0;0;22-03-2025;21-05-2025;0;0
4c617fb65472db63d8a3c1e1a1bda25c;184;02-06-2025;2025-03-09 07:17:31.173000;Kvinde;20-09-1978;29-06-2013;utm_campaign=Marts25&utm_content=A&utm_medium=content&utm_source=jp.dk;false;false;1;1;0;09-03-2025;08-05-2025;0;0
d37cd1babcd1ecb66465edf82425aa0d;273;03-06-2025;2025-03-17 10:52:45.919000;Mand;23-03-1979;30-10-2024;utm_campaign=Marts25&utm_content=A&utm_medium=content&utm_source=jp.dk;false;false;1;1;0;17-03-2025;16-05-2025;0;0
31312cce5cd757416a102a8df3bb54e9;61;22-03-2025;2025-03-22 12:53:26.125000;Kvinde;31-07-1978;17-06-2013;utm_campaign=Marts25&utm_content=A&utm_medium=content&utm_source=jp.dk;false;false;0;0;0;22-03-2025;21-05-2025;0;0
3ea2aa0aabcff460c0b99278add14b33;973;03-07-2025;2025-03-22 09:44:37.859000;Mand;16-12-1960;04-12-2012;utm_campaign=Marts25&utm_content=B&utm_medium=content&utm_source=jp.dk;false;true;16;7;10;22-03-2025;21-05-2025;7;7
6323ed1aa67dc767d55d97846a20a59c;389;17-09-2025;2025-03-04 08:55:32.794000;Mand;22-04-1954;04-03-2025;utm_campaign=Marts25&utm_content=A&utm_medium=content&utm_source=jp.dk;true;true;0;0;0;04-03-2025;03-05-2025;0;0
de045497eb92dad6c43b7b86a32d4e45;99;26-05-2025;2025-03-04 12:11:30.551000;Mand;01-05-1979;13-03-2022;utm_campaign=Marts25&utm_content=A&utm_medium=content&utm_source=jp.dk;false;false;1;0;1;04-03-2025;03-05-2025;0;0
17bc7bd25d2d7e1f1045dd9ea9c9ebba;384;01-01-3000;2025-03-09 15:40:45.456000;Mand;04-02-1977;09-03-2025;utm_campaign=Marts25&utm_content=A&utm_medium=content&utm_source=jp.dk;false;false;0;0;0;09-03-2025;08-05-2025;0;0
dcba10179c7398d65b5bfd8ee4889d8d;232;30-03-2025;2025-03-21 04:20:41.818000;Mand;05-12-1976;24-09-2020;utm_campaign=Marts25&utm_content=A&utm_medium=content&utm_source=jp.dk;false;false;3;2;1;21-03-2025;20-05-2025;0;0
43dff6a4be89d5565f9054a4448a135d;389;01-01-3000;2025-03-04 13:07:06.543000;Kvinde;14-02-1952;04-03-2025;utm_campaign=Marts25&utm_content=B&utm_medium=content&utm_source=jp.dk;false;false;0;0;0;04-03-2025;03-05-2025;0;0
bcbf7934cced8e50038e0c1b60ae2a63;385;01-01-3000;2025-03-08 19:07:37.300000;Mand;15-05-1958;08-03-2025;utm_campaign=Marts25&utm_content=6657291559652&utm_medium=fb_matrice&utm_source=some&utm_term=6657291559452;false;false;0;0;0;08-03-2025;07-05-2025;0;0
64f71bebfa046a629b48594e23e6df3a;275;13-11-2025;2025-03-07 20:11:49.488000;Kvinde;14-01-1960;07-03-2025;utm_campaign=Marts25&utm_content=B&utm_medium=content&utm_source=jp.dk;false;false;0;0;0;07-03-2025;06-05-2025;0;0
4186814b6bc1988f1aac92ccd15aec40;366;26-06-2025;2025-03-21 16:33:14.185000;Kvinde;11-10-1966;08-01-2024;utm_campaign=Marts25&utm_content=sc_b&utm_medium=mail&utm_source=mail;false;false;1;1;0;21-03-2025;20-05-2025;0;0
203fd81682e38a68c4f3fe5cec48bd4a;550;05-02-2026;2025-03-19 12:10:42.428000;Kvinde;17-09-1978;16-10-2019;utm_campaign=Marts25&utm_content=A&utm_medium=content&utm_source=jp.dk;false;false;1;1;0;19-03-2025;18-05-2025;0;0
03cc98678dea5e372b9e5e4e700e0c65;375;01-01-3000;2025-03-18 12:25:03.388000;Kvinde;10-11-1980;29-09-2022;utm_campaign=Marts25&utm_content=A&utm_medium=content&utm_source=jp.dk;false;true;0;0;0;18-03-2025;17-05-2025;0;0
cb06350478e8e8b0fda136751593b4ea;282;02-12-2025;2025-03-05 17:15:36.119000;Mand;17-06-1966;02-05-2018;utm_campaign=Marts25&utm_content=a&utm_medium=mail&utm_source=mail;false;true;1;0;1;05-03-2025;04-05-2025;0;0
c2015d711c84f908106bc0207442f3bd;371;01-01-3000;2025-03-22 08:58:33.359000;Mand;26-11-1948;22-03-2025;utm_campaign=Marts25&utm_medium=topticker&utm_source=jp.dk;false;false;0;0;0;22-03-2025;21-05-2025;0;0
f1f13e18b2af733b92da4c5bca2a9ffe;383;06-03-2025;2025-03-06 12:46:14.867000;Mand;18-02-1978;18-02-2014;utm_campaign=Marts25&utm_content=b&utm_medium=mail&utm_source=mail;false;false;6;1;4;06-03-2025;05-05-2025;1;1
2a317adc7a549e70e196a6f3b0b8229a;383;01-01-3000;2025-03-24 08:03:11.129000;Mand;13-07-1955;03-06-2015;;false;false;2;0;2;24-03-2025;23-05-2025;0;0
fcff08f9900492e80d3bc88cd2816a0b;122;27-06-2025;2025-03-16 17:51:39.377000;Kvinde;09-08-1961;02-05-2018;utm_campaign=Marts25&utm_content=A&utm_medium=content&utm_source=jp.dk;false;false;0;0;0;16-03-2025;15-05-2025;1;1
de0e0931dcdd0be80e52b85aaa0efab5;366;22-12-2025;2025-03-05 14:59:32.896000;Mand;28-01-1962;02-05-2018;utm_campaign=Marts25&utm_content=b&utm_medium=mail&utm_source=mail;true;true;5;3;2;05-03-2025;04-05-2025;2;3
5bb60c4f60c5b51288e0567148d6d000;370;01-01-3000;2025-03-23 11:39:52.193000;Mand;28-07-1972;03-05-2012;utm_campaign=Basis_22&utm_content=HeaderButtonRaised&utm_medium=Matrice&utm_source=jp.dk;true;true;0;0;0;23-03-2025;22-05-2025;1;1
4e834057d5879fe473e6575f05c7bec2;110;08-04-2025;2025-03-21 09:04:39.860000;Mand;27-12-1955;24-12-2022;utm_campaign=Marts25&utm_content=sc_b&utm_medium=mail&utm_source=mail;false;true;1;1;0;21-03-2025;20-05-2025;0;0
7dd7d15cf5f9a5190e6a640fa670fef7;1171;23-02-2026;2025-03-07 07:40:18.405000;Mand;30-08-1973;19-05-2013;utm_campaign=Basis_22&utm_content=HeaderButtonRaised&utm_medium=Matrice&utm_source=jp.dk;false;false;4;1;2;07-03-2025;06-05-2025;0;0
148f59f26319a0da968ce134584c8a6f;144;13-04-2025;2025-03-21 18:37:03.946000;Kvinde;23-09-1973;20-06-2022;utm_campaign=Marts25&utm_content=B&utm_medium=content&utm_source=jp.dk;true;true;1;1;0;21-03-2025;20-05-2025;0;0
a57f8cf69d62981546eab4ad5d846f52;1151;09-12-2025;2025-03-05 22:10:01.011000;Mand;27-11-1960;24-06-2016;utm_campaign=Marts25&utm_content=b&utm_medium=mail&utm_source=mail;false;true;10;6;4;05-03-2025;04-05-2025;4;5
b6f3a3976e7ea243c1b5922b001f9efa;1688;19-06-2025;2025-03-21 08:20:45.984000;Mand;01-05-1951;17-07-2012;utm_campaign=Marts25&utm_content=sc_b&utm_medium=mail&utm_source=mail;true;true;1;0;0;21-03-2025;20-05-2025;0;0
fb399d68e1c8af128a388d804d698c5a;905;23-07-2025;2025-03-13 13:00:03.909000;Mand;21-12-1968;14-03-2015;utm_campaign=Basis_22&utm_content=HeaderButtonRaised&utm_medium=Matrice&utm_source=jp.dk;false;false;4;4;0;13-03-2025;12-05-2025;0;0
7775de537c04fc9861dc2968f2755917;92;28-05-2025;2025-03-20 19:29:13.322000;Kvinde;30-01-1986;20-03-2025;utm_campaign=Marts25&utm_content=A&utm_medium=content&utm_source=jp.dk;false;false;0;0;0;20-03-2025;19-05-2025;0;0
bbeffb2333cdd4b8b6e1e0224f1e1cdf;113;27-06-2025;2025-03-13 12:41:03.205000;Kvinde;30-05-1941;20-02-2016;utm_campaign=Marts25&utm_content=A&utm_medium=content&utm_source=jp.dk;false;false;1;0;1;13-03-2025;12-05-2025;3;3
c0aa8822b42eb6779e985aad39decc9f;61;12-03-2025;2025-03-08 08:23:00.033000;Mand;03-03-1962;16-04-2012;utm_campaign=Marts25&utm_content=A&utm_medium=content&utm_source=jp.dk;true;true;0;0;0;08-03-2025;07-05-2025;0;0
dfbfebca04d0444f52ab783f051fcca9;92;02-06-2025;2025-03-04 12:50:07.625000;Kvinde;29-06-2005;18-12-2022;utm_campaign=Basis_22&utm_content=HeaderButtonRaised&utm_medium=Matrice&utm_source=jp.dk;false;false;0;0;0;04-03-2025;03-05-2025;0;0
fa5774c02510a61b6b305ffb50b98b01;846;24-03-2026;2025-03-21 19:24:18.380000;Mand;02-11-1961;24-01-2015;utm_campaign=Marts25&utm_content=sc_a&utm_medium=mail&utm_source=mail;false;false;2;2;0;21-03-2025;20-05-2025;0;0
f31db9e7a7c8ce01c0bb89b326001d42;1781;21-11-2025;2025-03-21 12:43:35.596000;Mand;06-10-1944;11-09-2016;utm_campaign=Marts25&utm_content=sc_b&utm_medium=mail&utm_source=mail;true;true;8;1;5;21-03-2025;20-05-2025;5;5
0a615aeb6124d44c0cadd477b8a8fe60;275;10-12-2025;2025-03-18 08:06:44.545000;Kvinde;13-04-1958;10-01-2024;utm_campaign=Marts25&utm_content=A&utm_medium=content&utm_source=jp.dk;false;false;0;0;0;18-03-2025;17-05-2025;0;0
750dd3ddc294d786ba32f8f14cda190f;370;07-05-2025;2025-03-05 15:04:56.177000;Kvinde;11-06-1954;03-09-2016;utm_campaign=Marts25&utm_content=b&utm_medium=mail&utm_source=mail;true;true;3;2;2;05-03-2025;04-05-2025;0;0
0a06a3d1ec0555b3b9e04186dbd26621;525;22-05-2025;2025-03-23 06:55:32.475000;Mand;02-05-1980;17-03-2022;utm_campaign=Marts25&utm_medium=topticker&utm_source=jp.dk;true;true;3;2;1;23-03-2025;22-05-2025;0;0
1b8259534b52fe71de6dd436129c75c1;389;01-01-3000;2025-03-04 17:16:53.638000;Mand;27-07-1972;04-03-2025;utm_campaign=Marts25&utm_content=A&utm_medium=content&utm_source=jp.dk;true;true;0;0;0;04-03-2025;03-05-2025;0;0
4d75437cf49e25b7d8a5efede69397d1;860;01-01-3000;2025-03-03 15:24:53.469000;Mand;10-03-1964;16-02-2012;utm_campaign=Basis_22&utm_content=HeaderButtonRaised&utm_medium=Matrice&utm_source=jp.dk;false;true;4;2;1;03-03-2025;02-05-2025;0;0
ddfabee485394d6aa5b99d1e5ecbffba;386;01-01-3000;2025-03-07 03:43:23.139000;Mand;16-02-1956;12-07-2022;utm_campaign=Marts25&utm_content=A&utm_medium=content&utm_source=jp.dk;false;false;0;0;0;07-03-2025;06-05-2025;0;0
3234d46db0e6de36d49704d274247df2;73;06-05-2025;2025-03-07 08:17:07.408000;Kvinde;02-06-1971;07-11-2017;utm_campaign=Marts25&utm_content=b&utm_medium=mail&utm_source=mail;false;false;1;0;1;07-03-2025;06-05-2025;0;0
d6b04f2cfd26bfcddd84203818a8ddde;238;04-05-2025;2025-03-06 09:21:47.513000;Mand;23-05-1967;28-06-2023;utm_campaign=Marts25&utm_content=B&utm_medium=content&utm_source=jp.dk;false;true;0;0;0;06-03-2025;05-05-2025;0;0
e46b8fb17a46068b69be35a78b643528;1290;13-03-2025;2025-03-13 06:10:59.336000;Mand;30-04-1981;11-08-2011;utm_campaign=Basis_22&utm_content=HeaderButtonRaised&utm_medium=Matrice&utm_source=jp.dk;false;true;14;6;8;13-03-2025;12-05-2025;0;0
e2a42ae63cbf71f9a37698b08f859c43;385;01-01-3000;2025-03-08 07:02:51.800000;Mand;23-07-1978;08-03-2025;utm_campaign=Basis_22&utm_content=HeaderButtonRaised&utm_medium=Matrice&utm_source=jp.dk;false;false;0;0;0;08-03-2025;07-05-2025;0;0
477a6728517c7b760839ab584c3a7cc5;61;21-03-2025;2025-03-21 17:48:45.524000;Mand;07-04-1990;21-03-2025;utm_campaign=Marts25&utm_content=A&utm_medium=content&utm_source=jp.dk;false;false;0;0;0;21-03-2025;20-05-2025;0;0
0ea4d91c13fb3fb49113cdd91a8e9971;1336;29-04-2025;2025-03-21 12:06:30.113000;Mand;13-06-1974;11-08-2011;utm_campaign=Marts25&utm_content=A&utm_medium=content&utm_source=jp.dk;true;true;17;10;2;21-03-2025;20-05-2025;0;0
98cc01e63f399c96201bfd463028c9ee;92;18-05-2025;2025-03-11 07:19:29.060000;Mand;23-03-1951;10-11-2023;utm_campaign=&utm_medium=ppc&utm_source=adwords&utm_term=jyllands-posten+abonnement;false;false;0;0;0;11-03-2025;10-05-2025;0;0
617cf8c6d46a29f75c51b93c0fc42ef6;1877;22-03-2026;2025-03-16 08:34:36.505000;;05-10-1945;24-09-2016;utm_campaign=Basis_22&utm_content=HeaderButtonRaised&utm_medium=Matrice&utm_source=jp.dk;true;true;2;0;0;16-03-2025;15-05-2025;0;0
5204d369fbf62355800d2e3b5ce6baa9;61;04-04-2025;2025-03-11 16:38:21.830000;Mand;21-11-1986;11-03-2025;utm_campaign=Basis_22&utm_content=MegaMenu&utm_medium=Matrice&utm_source=jp.dk;false;false;0;0;0;11-03-2025;10-05-2025;0;0
a86d5ef36eda767cce42d1c28dd18869;61;15-03-2025;2025-03-15 14:00:34.628000;Kvinde;28-04-1956;15-03-2025;utm_campaign=Marts25&utm_content=A&utm_medium=content&utm_source=jp.dk;false;false;0;0;0;15-03-2025;14-05-2025;0;0
996dc85b06c948a2c541b04413a9dfb4;61;06-03-2025;2025-03-03 11:42:58.515000;Mand;01-07-1964;29-10-2014;utm_campaign=Marts25&utm_content=A&utm_medium=content&utm_source=jp.dk;false;false;0;0;0;03-03-2025;02-05-2025;0;0
0169ede4cd963dc8b84fc4bfb991b976;80;22-05-2025;2025-03-04 09:22:06.966000;Mand;22-05-1965;04-03-2025;utm_campaign=Marts25&utm_content=A&utm_medium=content&utm_source=jp.dk;false;false;0;0;0;04-03-2025;03-05-2025;0;0
d374ac8a05dd70988c87e7734fff9854;288;20-03-2025;2025-03-20 07:04:41.918000;Mand;13-09-1971;06-06-2012;utm_campaign=Marts25&utm_content=B&utm_medium=content&utm_source=jp.dk;false;true;10;0;10;20-03-2025;19-05-2025;0;0
2da5fc5a7ab09c95c652562f4681bd29;229;31-07-2025;2025-03-23 09:30:03.450000;Mand;17-05-1971;08-11-2021;utm_campaign=Marts25&utm_content=A&utm_medium=content&utm_source=jp.dk;false;false;1;0;1;23-03-2025;22-05-2025;0;0
a9da990965cf54eeed3cf91c4ed152e5;1079;09-01-2026;2025-03-07 15:49:17.786000;Mand;22-11-1940;02-09-2013;utm_campaign=Marts25&utm_content=A&utm_medium=content&utm_source=jp.dk;false;true;5;2;1;07-03-2025;06-05-2025;3;3
f7f494fc99907da182ccd8d6722d34f7;383;01-01-3000;2025-03-10 20:54:19.416000;Mand;29-04-1977;20-03-2013;utm_campaign=Marts25&utm_content=A&utm_medium=content&utm_source=jp.dk;false;false;0;0;0;10-03-2025;09-05-2025;7;7
7f9c334a7773fd1aad4a9549571eb396;61;17-04-2025;2025-03-22 06:23:05.221000;Kvinde;24-02-1981;22-03-2025;utm_campaign=&utm_content=genbesog_JP_digital&utm_medium=ppc&utm_source=adwords&utm_term=jyllands-posten+abonnement+pris;true;true;0;0;0;22-03-2025;21-05-2025;0;0
a63f3d49d0f18526f2965d7968082f2a;1720;24-09-2025;2025-03-21 08:12:54.471000;Mand;13-12-1951;14-05-2016;utm_campaign=Marts25&utm_content=sc_a&utm_medium=mail&utm_source=mail;true;true;2;0;0;21-03-2025;20-05-2025;8;8
bdba6e71913f8d10883e64d4a3eb100a;61;12-03-2025;2025-03-12 17:07:13.269000;Mand;23-08-1999;30-04-2015;utm_campaign=Marts25&utm_content=B&utm_medium=content&utm_source=jp.dk;false;false;0;0;0;12-03-2025;11-05-2025;0;0
015c8f8df318631d67492e3d94b2794b;756;04-12-2025;2025-03-05 14:06:56.102000;Mand;23-10-1955;30-09-2021;utm_campaign=Marts25&utm_content=b&utm_medium=mail&utm_source=mail;false;true;5;4;1;05-03-2025;04-05-2025;1;1
dc11ae6804e7e6d5703c16aede010648;61;05-05-2025;2025-03-22 20:33:18.318000;Mand;03-07-1960;19-10-2022;utm_campaign=Marts25&utm_content=A&utm_medium=content&utm_source=jp.dk;true;false;0;0;0;22-03-2025;21-05-2025;0;0
de7b1fb9571eb0bfa9a5286fd5dabb7e;338;24-03-2025;2025-03-05 20:32:14.210000;Mand;21-09-1955;08-08-2014;utm_campaign=Marts25&utm_content=b&utm_medium=mail&utm_source=mail;false;true;4;2;2;05-03-2025;04-05-2025;0;0
7b0ad7f1896e766c4ad4993f53082ce9;355;25-07-2025;2025-03-22 07:24:42.797000;Mand;16-05-1963;22-03-2025;utm_campaign=Marts25&utm_medium=topticker&utm_source=jp.dk;true;true;0;0;0;22-03-2025;21-05-2025;0;2
15cc75ac84f115080edd9ff1ccf67fa0;1357;03-08-2025;2025-03-04 07:44:11.944000;Mand;11-06-1960;21-05-2013;utm_campaign=Marts25&utm_medium=adops&utm_source=jp.dk;false;false;1;0;0;04-03-2025;03-05-2025;2;2
677850815754ae05e51e9d6d395d574f;396;11-03-2025;2025-03-11 06:46:27.978000;Mand;06-11-1975;28-12-2018;utm_campaign=Marts25&utm_content=A&utm_medium=content&utm_source=jp.dk;false;false;1;1;0;11-03-2025;10-05-2025;0;0
16ff7e9941858bc50b4d9a4e98455f28;442;04-07-2025;2025-03-06 05:37:08.093000;Mand;12-10-1956;16-11-2020;utm_campaign=Marts25&utm_content=a&utm_medium=mail&utm_source=mail;false;true;9;6;4;06-03-2025;05-05-2025;0;0
8238b5ba161f0e8d1d88e2cb45fb6c49;386;01-01-3000;2025-03-07 13:58:53.490000;Mand;03-10-1975;05-03-2025;utm_campaign=Marts25&utm_content=B&utm_medium=content&utm_source=jp.dk;false;false;0;0;0;07-03-2025;06-05-2025;0;0
679422c87961c3b866fc52150781731d;68;10-04-2025;2025-03-10 08:02:47.356000;Kvinde;31-12-1961;20-05-2013;utm_campaign=Basis_22&utm_content=MegaMenu&utm_medium=Matrice&utm_source=jp.dk;false;false;1;0;1;10-03-2025;09-05-2025;0;0
746c3c7e52c85a005037bead64aa2949;952;01-05-2025;2025-03-11 07:46:29.092000;Mand;11-04-1947;09-04-2015;utm_campaign=Basis_22&utm_content=HeaderButtonRaised&utm_medium=Matrice&utm_source=jp.dk;true;true;26;10;18;11-03-2025;10-05-2025;0;0
6018d711be0ab2c0b733e52453da95a3;123;14-07-2025;2025-03-13 07:44:01.067000;Kvinde;20-04-1951;11-07-2022;utm_campaign=Marts25&utm_content=A&utm_medium=content&utm_source=jp.dk;true;false;0;0;0;13-03-2025;12-05-2025;0;0
0152a4407923a40bef8b35a2b112ae30;1256;31-03-2025;2025-03-05 23:27:22.714000;Mand;20-04-1952;12-06-2014;utm_campaign=Marts25&utm_content=b&utm_medium=mail&utm_source=mail;false;true;12;2;6;05-03-2025;04-05-2025;3;3
ada1a9f52e76932f543ae8b32f1a3b20;1014;21-03-2025;2025-03-21 13:06:39.738000;Mand;17-12-1956;25-12-2020;utm_campaign=Marts25&utm_content=sc_b&utm_medium=mail&utm_source=mail;false;true;8;3;4;21-03-2025;20-05-2025;0;0
b0d02cff781d2563577737273ac018a2;775;21-03-2025;2025-03-21 08:15:38.313000;Mand;24-08-1978;20-03-2020;utm_campaign=Marts25&utm_content=sc_b&utm_medium=mail&utm_source=mail;false;true;7;3;4;21-03-2025;20-05-2025;0;0
7fbcf23d92ff3ad185541f9b4626b20e;61;28-04-2025;2025-03-07 07:11:44.850000;Mand;01-02-1951;01-11-2024;utm_campaign=Marts25&utm_content=A&utm_medium=content&utm_source=jp.dk;false;false;0;0;0;07-03-2025;06-05-2025;0;0
4db8972108485debeb090c70a547d7c1;538;20-05-2025;2025-03-24 08:29:47.521000;Mand;13-05-1975;17-09-2023;utm_campaign=Marts25&utm_content=A&utm_medium=content&utm_source=jp.dk;false;true;2;2;0;24-03-2025;23-05-2025;3;3
0b470ad1a99a77dcd692372316da8736;1285;02-05-2025;2025-03-05 16:05:54.463000;Mand;08-05-1960;21-12-2019;utm_campaign=Marts25&utm_content=a&utm_medium=mail&utm_source=mail;false;true;9;4;3;05-03-2025;04-05-2025;0;0
f9f741851c7ff91176b0b5fa4d36f930;153;03-05-2025;2025-03-20 19:30:59.067000;Kvinde;23-11-1966;14-03-2021;utm_campaign=Basis_22&utm_content=App_android&utm_medium=Matrice&utm_source=App;false;true;1;0;0;20-03-2025;19-05-2025;0;0
f2e729572ee5d7ea093b9989e5fcd2cc;506;07-05-2025;2025-03-05 15:09:21.258000;Mand;07-03-1982;09-03-2015;utm_campaign=Marts25&utm_content=b&utm_medium=mail&utm_source=mail;true;true;9;7;4;05-03-2025;04-05-2025;3;4
dfd3a068c917e611fbfa2b9a2fec9f07;61;08-05-2025;2025-03-17 08:04:24.883000;Mand;04-08-1980;17-03-2025;utm_campaign=Marts25&utm_content=B&utm_medium=content&utm_source=jp.dk;true;true;0;0;0;17-03-2025;16-05-2025;0;0
d318a1f659b2a6ce46d0be0f99cbe2a7;61;13-03-2025;2025-03-11 13:30:43.801000;Kvinde;01-05-1973;14-12-2019;utm_campaign=Marts25&utm_content=A&utm_medium=content&utm_source=jp.dk;false;false;0;0;0;11-03-2025;10-05-2025;0;0
66e531018b3b999d38f0894511a6a6e0;122;26-06-2025;2025-03-19 15:30:47.415000;Kvinde;04-01-1987;02-10-2015;utm_campaign=Marts25&utm_medium=Weblayer&utm_source=jp.dk;false;false;0;0;0;19-03-2025;18-05-2025;0;0
4bbbdf245a468adee474222404ee0688;518;01-01-3000;2025-03-11 13:02:57.419000;Mand;22-05-1959;11-08-2011;utm_campaign=Marts25&utm_content=B&utm_medium=content&utm_source=jp.dk;false;true;2;2;1;11-03-2025;10-05-2025;1;1
14b486bc22dee7a288a5ea9a60d66fa8;190;31-03-2025;2025-03-23 14:17:49.254000;Mand;20-02-1964;26-12-2019;utm_campaign=Marts25&utm_content=A&utm_medium=content&utm_source=jp.dk;false;true;6;3;5;23-03-2025;22-05-2025;0;0
b2b9c2229c058653f5221e50b01d33c9;866;04-07-2025;2025-03-06 16:04:54.688000;Mand;17-11-1950;11-08-2011;utm_campaign=Marts25&utm_content=a&utm_medium=mail&utm_source=mail;true;true;26;7;18;06-03-2025;05-05-2025;22;21
f4f21a6db6bb6eb98f66aeddf3e6c3ea;61;28-04-2025;2025-03-04 07:53:31.403000;Mand;27-05-1957;04-03-2025;utm_campaign=Marts25&utm_content=A&utm_medium=content&utm_source=jp.dk;false;false;0;0;0;04-03-2025;03-05-2025;0;0
770e935d77b3296db71e65fc65aa258d;385;01-01-3000;2025-03-08 08:46:25.854000;Mand;02-06-1964;08-03-2025;utm_campaign=Basis_22&utm_content=HeaderButtonRaised&utm_medium=Matrice&utm_source=jp.dk;true;true;0;0;0;08-03-2025;07-05-2025;0;0
b716ad43db052a060b2556ee56f4f599;1952;01-01-3000;2025-03-08 11:57:04.055000;Mand;28-08-1972;09-04-2012;utm_campaign=Marts25&utm_content=A&utm_medium=content&utm_source=jp.dk;false;true;1;0;0;08-03-2025;07-05-2025;2;2
7372bb3754849f8850ba4fdc28946eea;1383;17-06-2025;2025-03-23 17:21:10.452000;Mand;28-11-1947;22-12-2015;utm_campaign=Marts25&utm_content=sc_a&utm_medium=mail&utm_source=mail;true;true;5;2;2;23-03-2025;22-05-2025;0;0
be7ee4feca2026e1f9905d54770f1580;315;10-03-2025;2025-03-08 13:07:22.470000;Mand;11-04-1971;21-08-2022;utm_campaign=Basis_22&utm_content=HeaderButtonRaised&utm_medium=Matrice&utm_source=jp.dk;false;true;8;6;2;08-03-2025;07-05-2025;0;0
2386a3f4ebca1a9b86919c3d8991680e;458;23-10-2025;2025-03-15 14:18:46.103000;Mand;03-01-1982;03-05-2021;utm_campaign=Marts25&utm_content=B&utm_medium=content&utm_source=jp.dk;false;false;2;2;0;15-03-2025;14-05-2025;0;0
2b18f2e4112c3260d1f29e3142f583d0;739;22-05-2025;2025-03-21 07:46:46.675000;Mand;05-10-1954;31-05-2013;utm_campaign=Marts25&utm_content=sc_b&utm_medium=mail&utm_source=mail;false;true;4;2;1;21-03-2025;20-05-2025;2;2
c37504d892a2f779e98c50ee0579ec35;380;23-04-2025;2025-03-22 11:35:13.272000;Mand;07-06-1980;19-10-2024;utm_campaign=Basis_22&utm_content=HeaderButtonRaised&utm_medium=Matrice&utm_source=jp.dk;true;true;1;1;0;22-03-2025;21-05-2025;0;0
d4a474d23bf644364f87a33c55b0e0c1;434;14-04-2025;2025-03-17 15:46:38.465000;Mand;19-03-1946;23-11-2020;utm_campaign=Marts25&utm_content=A&utm_medium=content&utm_source=jp.dk;true;false;12;9;5;17-03-2025;16-05-2025;4;3
12e2a855ade062adef5c52a6ce57d675;1269;01-01-3000;2025-03-11 05:37:34.560000;Mand;02-04-1966;08-08-2012;utm_campaign=Basis_22&utm_content=HeaderButtonRaised&utm_medium=Matrice&utm_source=jp.dk;false;false;3;3;0;11-03-2025;10-05-2025;0;0
cde126123f199937279bcad3d9e01720;346;16-06-2025;2025-03-05 16:28:12.712000;Mand;03-04-1950;14-03-2015;utm_campaign=Marts25&utm_content=b&utm_medium=mail&utm_source=mail;false;true;2;2;1;05-03-2025;04-05-2025;4;4
f02473e32720855f52586ce55297678c;376;01-01-3000;2025-03-17 12:57:06.099000;Mand;21-06-1953;18-08-2015;utm_campaign=Marts25&utm_content=A&utm_medium=content&utm_source=jp.dk;false;false;0;0;0;17-03-2025;16-05-2025;3;3
223c8361a0a978b0e4d312112990dba8;544;15-06-2025;2025-03-12 19:20:23.519000;Kvinde;22-10-1979;03-07-2014;utm_campaign=Marts25&utm_content=A&utm_medium=content&utm_source=jp.dk;false;true;3;3;0;12-03-2025;11-05-2025;0;0
821ea9572a535876de8e1bd52f541497;567;04-04-2025;2025-03-07 16:14:59.504000;Mand;23-06-1952;02-05-2018;utm_campaign=Basis_22&utm_content=HeaderButtonRaised&utm_medium=Matrice&utm_source=jp.dk;true;true;9;8;5;07-03-2025;06-05-2025;1;1
07aac1ad911f0fa3d80e29cb0dbf0215;1120;21-03-2025;2025-03-20 07:48:13.005000;Mand;30-03-1954;21-01-2023;utm_campaign=Basis_22&utm_content=HeaderButtonRaised&utm_medium=Matrice&utm_source=jp.dk;false;true;2;2;0;20-03-2025;19-05-2025;0;0
9cfc1a5af23116db7eb52b11effcc4b3;999;08-02-2026;2025-03-21 10:18:27.545000;Mand;19-01-1945;11-08-2011;utm_campaign=Marts25&utm_content=sc_a&utm_medium=mail&utm_source=mail;true;false;12;5;8;21-03-2025;20-05-2025;0;0
513a1875871ce9ee20375595a2ff9231;242;21-03-2025;2025-03-17 08:04:27.809000;Kvinde;18-01-1972;17-03-2015;utm_campaign=Basis_22&utm_content=HeaderButtonRaised&utm_medium=Matrice&utm_source=jp.dk;false;false;2;2;0;17-03-2025;16-05-2025;0;0
693f1f1a7599754a15cb76e9cc6f151f;1891;01-01-3000;2025-03-11 19:59:59.102000;Mand;22-05-1950;15-12-2012;utm_campaign=Marts25&utm_content=B&utm_medium=content&utm_source=jp.dk;false;true;5;2;1;11-03-2025;10-05-2025;4;4
6ceb2f19dc3cff14b56818b7c9058ee0;983;01-01-3000;2025-03-05 17:40:32.329000;Mand;08-02-1954;04-01-2013;utm_campaign=Marts25&utm_content=a&utm_medium=mail&utm_source=mail;false;true;4;2;2;05-03-2025;04-05-2025;0;0
59f0a3e11217529a01c1eefef93e8a98;889;22-03-2025;2025-03-21 07:24:55.146000;Mand;25-06-1953;17-09-2016;utm_campaign=Marts25&utm_content=sc_a&utm_medium=mail&utm_source=mail;true;true;14;5;7;21-03-2025;20-05-2025;13;13
6739966e381899913b6e47129d7677b9;489;26-01-2026;2025-03-24 09:01:31.028000;Mand;13-03-1966;24-06-2012;utm_campaign=Marts25&utm_content=A&utm_medium=content&utm_source=jp.dk;false;true;2;1;0;24-03-2025;23-05-2025;5;5
1db6ca5e773d6284f2ae5553a7425e46;355;08-12-2025;2025-03-10 11:58:40.241000;Mand;31-05-1964;15-04-2015;utm_campaign=Marts25&utm_content=A&utm_medium=content&utm_source=jp.dk;false;false;1;0;1;10-03-2025;09-05-2025;0;0
1b2792bf1dd006aba1cb96a063a2f84f;61;22-05-2025;2025-03-24 05:54:52.761000;Mand;29-07-1993;26-10-2023;utm_campaign=Marts25&utm_content=A&utm_medium=content&utm_source=jp.dk;false;false;0;0;0;24-03-2025;23-05-2025;0;0
15502cb0020afc4c01801b63cc753d1d;2218;01-01-3000;2025-03-11 07:31:59.334000;Mand;20-11-1964;18-03-2019;utm_campaign=Basis_22&utm_content=HeaderButtonRaised&utm_medium=Matrice&utm_source=jp.dk;false;false;2;1;1;11-03-2025;10-05-2025;14;15
e4049089a6293865bd0718a74b7e9059;513;22-12-2025;2025-03-03 12:47:42.931000;Kvinde;24-08-1967;21-03-2014;utm_campaign=Marts25&utm_content=A&utm_medium=content&utm_source=jp.dk;false;false;3;2;1;03-03-2025;02-05-2025;0;0
b2ae7dec25805c7059ea2c7ffd5f54d7;142;07-07-2025;2025-03-23 17:04:36.921000;Mand;07-10-1968;27-02-2018;utm_campaign=Marts25&utm_content=sc_b&utm_medium=mail&utm_source=mail;false;true;5;1;4;23-03-2025;22-05-2025;0;0
7a70cfa85256557dbf368c6287d20378;827;13-04-2025;2025-03-21 16:15:31.060000;Mand;11-02-1953;30-11-2014;utm_campaign=Marts25&utm_content=B&utm_medium=content&utm_source=jp.dk;false;true;9;8;1;21-03-2025;20-05-2025;1;1
c05fb3534804590d4b0adc1e32c75030;1454;01-01-3000;2025-03-15 05:35:46.380000;Kvinde;03-05-1980;08-03-2022;utm_campaign=Basis_22&utm_content=HeaderButtonRaised&utm_medium=Matrice&utm_source=jp.dk;false;false;14;10;5;15-03-2025;14-05-2025;0;0
6c92627df0684ad210c2d339d1476e25;523;15-08-2025;2025-03-21 17:07:16.225000;Mand;05-09-1951;17-07-2013;utm_campaign=Marts25&utm_content=sc_a&utm_medium=mail&utm_source=mail;false;false;7;5;3;21-03-2025;20-05-2025;0;0
a4f15224d97eb071028a4f5c814322ab;1007;27-03-2025;2025-03-04 09:02:03.963000;Mand;10-06-1976;01-05-2014;utm_campaign=Marts25&utm_content=A&utm_medium=content&utm_source=jp.dk;false;false;11;4;4;04-03-2025;03-05-2025;0;0
6be1f70d713e332f19221af13f05290a;658;23-03-2025;2025-03-19 15:20:00.634000;Mand;12-09-1969;17-08-2016;utm_campaign=Marts25&utm_medium=Weblayer&utm_source=jp.dk;false;false;7;5;2;19-03-2025;18-05-2025;0;0
eaa673792cafda1755c469aa3093b123;306;07-12-2025;2025-03-03 12:01:04.875000;Kvinde;20-06-1962;13-06-2012;utm_campaign=Marts25&utm_content=B&utm_medium=content&utm_source=jp.dk;false;false;0;0;0;03-03-2025;02-05-2025;3;3
54a5f3ccb94923bdb079beb55f981eec;881;02-04-2025;2025-03-05 11:43:57.990000;Mand;06-10-1952;09-05-2019;utm_campaign=Marts25&utm_content=a&utm_medium=mail&utm_source=mail;false;true;4;3;0;05-03-2025;04-05-2025;0;0
5420998369744cd40dec21da5107114f;371;01-01-3000;2025-03-22 22:15:39.791000;Mand;28-05-1948;02-11-2021;utm_campaign=Marts25&utm_content=A&utm_medium=content&utm_source=jp.dk;false;false;0;0;0;22-03-2025;21-05-2025;0;0
b4d3412295cc2cdfc094904ec09d62d8;430;01-01-3000;2025-03-05 14:39:17.740000;Mand;21-09-1955;03-04-2020;utm_campaign=Marts25&utm_content=b&utm_medium=mail&utm_source=mail;true;true;5;3;5;05-03-2025;04-05-2025;1;1
1ebd769533f806c239afc2ca81cf43f7;61;15-05-2025;2025-03-19 20:05:31.144000;Kvinde;06-12-1963;19-03-2025;utm_campaign=&utm_content=genbesog_JP_digital&utm_medium=ppc&utm_source=adwords&utm_term=jyllands-posten+abonnement+tilbud;false;false;0;0;0;19-03-2025;18-05-2025;0;0
70a170d32950120143a1af34636ae8ab;68;20-03-2025;2025-03-20 12:31:47.850000;Mand;17-11-2000;16-11-2019;utm_campaign=Marts25&utm_content=A&utm_medium=content&utm_source=jp.dk;true;true;2;0;2;20-03-2025;19-05-2025;0;0
49b048d1df52534dc1b0cd371c8851f6;214;15-09-2025;2025-03-07 10:24:31.231000;Kvinde;21-02-1943;18-01-2024;utm_campaign=Basis_22&utm_content=HeaderButtonRaised&utm_medium=Matrice&utm_source=jp.dk;false;false;0;0;0;07-03-2025;06-05-2025;0;0
a1982f47d5e6ad76a062e64367127c07;61;05-03-2025;2025-03-05 09:22:15.214000;Kvinde;08-12-1976;11-05-2021;utm_campaign=Marts25&utm_content=A&utm_medium=content&utm_source=jp.dk;false;false;0;0;0;05-03-2025;04-05-2025;0;0
14ae5fda85c636519e6bfc6886270325;153;11-07-2025;2025-03-07 11:27:35.260000;;20-11-1960;02-02-2020;utm_campaign=Basis_22&utm_content=HeaderButtonRaised&utm_medium=Matrice&utm_source=jp.dk;false;false;0;0;0;07-03-2025;06-05-2025;0;0
7aec7c5ef4851aaa9d0f08f8f8312457;876;15-10-2025;2025-03-14 00:00:52.117000;Kvinde;22-11-1946;07-02-2014;utm_campaign=Marts25&utm_content=A&utm_medium=content&utm_source=jp.dk;false;true;7;3;4;14-03-2025;13-05-2025;0;0
e7bc7f5186893dc1471ef45413025209;275;30-11-2025;2025-03-15 11:33:34.338000;Mand;22-07-1975;15-03-2025;utm_campaign=Basis_22&utm_content=HeaderButtonRaised&utm_medium=Matrice&utm_source=jp.dk;false;false;0;0;0;15-03-2025;14-05-2025;0;0
47378391834a5d8266f892c218e86a24;146;12-05-2025;2025-03-09 11:19:19.019000;Mand;17-07-1958;09-03-2025;utm_campaign=Marts25&utm_content=A&utm_medium=content&utm_source=jp.dk;false;true;0;0;0;09-03-2025;08-05-2025;0;0
c725b4f13e87aee2d75db85f4b717ab6;337;06-01-2026;2025-03-04 11:08:28.728000;Mand;16-10-1975;04-03-2025;utm_campaign=Marts25&utm_content=A&utm_medium=content&utm_source=jp.dk;false;false;0;0;0;04-03-2025;03-05-2025;0;0
5480b280d24995741819da1706528ed7;168;25-04-2025;2025-03-21 08:17:18.956000;Kvinde;25-09-1953;27-11-2012;utm_campaign=Marts25&utm_content=sc_a&utm_medium=mail&utm_source=mail;true;true;11;4;7;21-03-2025;20-05-2025;0;0
182197fc3916b2d8947f32f00b3d5257;1180;17-03-2025;2025-03-05 15:37:33.987000;Mand;20-05-1957;22-05-2013;utm_campaign=Marts25&utm_content=b&utm_medium=mail&utm_source=mail;false;false;2;1;1;05-03-2025;04-05-2025;1;1
2a73451a7f4e0be51f5a8e30082805b4;400;17-03-2025;2025-03-17 13:05:53.668000;Mand;20-09-1967;07-06-2017;utm_campaign=Marts25&utm_content=B&utm_medium=content&utm_source=jp.dk;false;true;2;0;2;17-03-2025;16-05-2025;0;0
b316d81d3f371ef676cacdfe393af472;384;01-01-3000;2025-03-09 17:54:14.344000;Mand;18-04-1968;21-03-2017;utm_campaign=Basis_22&utm_content=HeaderButtonRaised&utm_medium=Matrice&utm_source=jp.dk;false;false;0;0;0;09-03-2025;08-05-2025;0;0
98a508cb2794343697306b36d6838903;373;01-01-3000;2025-03-20 10:04:59.780000;Mand;22-11-1961;17-06-2022;utm_campaign=Basis_22&utm_content=HeaderButtonRaised&utm_medium=Matrice&utm_source=jp.dk;false;true;0;0;0;20-03-2025;19-05-2025;0;0
dc06958e674987da4c082feed698ab7b;518;01-05-2025;2025-03-23 22:24:53.334000;Mand;06-05-1968;04-12-2012;utm_campaign=Marts25&utm_medium=topticker&utm_source=jp.dk;false;true;2;1;1;23-03-2025;22-05-2025;0;0
184b7d504cea2726418cfe3ffee86e47;61;17-03-2025;2025-03-17 10:55:21.360000;Kvinde;05-10-1956;01-04-2015;utm_campaign=Marts25&utm_content=A&utm_medium=content&utm_source=jp.dk;false;false;0;0;0;17-03-2025;16-05-2025;0;0
bb67464668525ef9adea575cbb6b55d1;103;26-05-2025;2025-03-21 06:32:02.835000;Mand;21-03-1967;21-03-2025;utm_campaign=Marts25&utm_content=B&utm_medium=content&utm_source=jp.dk;false;false;0;0;0;21-03-2025;20-05-2025;0;0
7080837382b57577727af45c00841473;61;21-03-2025;2025-03-13 09:04:26.206000;Mand;13-09-1961;26-03-2018;utm_campaign=Basis_22&utm_content=HeaderButtonRaised&utm_medium=Matrice&utm_source=jp.dk;true;false;0;0;0;13-03-2025;12-05-2025;0;2
67dfa9590d274a17c6ebf25307c19b82;552;01-01-3000;2025-03-23 10:43:59.341000;Mand;11-06-1953;08-04-2013;utm_campaign=Marts25&utm_content=A&utm_medium=content&utm_source=jp.dk;true;false;3;1;2;23-03-2025;22-05-2025;0;0
38b5b39ff16ebd584f08e55684902a3d;615;01-01-3000;2025-03-06 11:38:35.228000;Mand;22-09-1971;09-10-2014;utm_campaign=Basis_22&utm_content=MegaMenu&utm_medium=Matrice&utm_source=jp.dk;false;true;2;2;0;06-03-2025;05-05-2025;1;1
c502b0e0ba6d4368ce45fd4f8a87a07a;1064;21-03-2025;2025-03-21 07:14:49.092000;Mand;11-06-1970;07-06-2012;utm_campaign=Marts25&utm_content=sc_a&utm_medium=mail&utm_source=mail;true;true;8;8;2;21-03-2025;20-05-2025;0;0
0cb912d21dd09ce5dbef80537ee33207;229;07-03-2025;2025-03-06 20:27:43.632000;Mand;08-11-1966;11-01-2012;utm_campaign=Marts25&utm_content=b&utm_medium=mail&utm_source=mail;true;true;12;3;11;06-03-2025;05-05-2025;3;2
66104ab0613a2f9088b1df33c38dbc59;61;10-05-2025;2025-03-16 07:18:28.840000;Kvinde;24-01-1994;16-03-2025;utm_campaign=Basis_22&utm_content=HeaderButtonRaised&utm_medium=Matrice&utm_source=jp.dk;false;false;0;0;0;16-03-2025;15-05-2025;0;0
e13de6e155664bb2e86516f767b1cf9a;1196;01-01-3000;2025-03-22 19:49:25.368000;Mand;18-09-1966;23-12-2020;utm_campaign=Marts25&utm_content=A&utm_medium=content&utm_source=jp.dk;false;true;10;5;5;22-03-2025;21-05-2025;0;0
bf50a347c7aa164323490d1a16fb021d;555;01-01-3000;2025-03-06 07:23:56.753000;Mand;27-09-1961;27-11-2018;utm_campaign=Marts25&utm_content=a&utm_medium=mail&utm_source=mail;false;true;20;7;16;06-03-2025;05-05-2025;0;0
163cd6267e1d757e6daf66d9dafec0f4;190;02-06-2025;2025-03-05 15:23:34.218000;Mand;03-03-1941;23-02-2020;utm_campaign=Marts25&utm_content=a&utm_medium=mail&utm_source=mail;false;true;3;0;2;05-03-2025;04-05-2025;2;2
95278ba8adc6b0fdd3f509baf2f967e4;352;11-04-2025;2025-03-21 11:18:18.620000;Kvinde;09-08-1950;01-03-2014;utm_campaign=Marts25&utm_content=sc_a&utm_medium=mail&utm_source=mail;false;true;9;5;5;21-03-2025;20-05-2025;2;2
8a807bb2fc8743e59c5d7479472d53d9;556;05-12-2025;2025-03-21 07:23:25.177000;Kvinde;02-05-1971;02-05-2018;utm_campaign=Marts25&utm_content=sc_b&utm_medium=mail&utm_source=mail;true;true;1;1;0;21-03-2025;20-05-2025;0;0
f54ffadf1451a7caef4cc67e01afee38;375;22-03-2025;2025-03-22 06:08:50.536000;Mand;19-04-1978;20-06-2012;utm_campaign=Marts25&utm_medium=topticker&utm_source=jp.dk;false;true;17;9;11;22-03-2025;21-05-2025;1;1
cd59224fcfcc404981604bd2c95ed713;505;08-06-2025;2025-03-21 07:31:07.697000;Mand;26-12-1949;27-03-2019;utm_campaign=Marts25&utm_content=sc_a&utm_medium=mail&utm_source=mail;true;true;4;2;1;21-03-2025;20-05-2025;1;2
1afe42c07c73086a3d7239d14b5418a0;1743;03-04-2025;2025-03-22 08:29:07.765000;Mand;14-12-1935;13-09-2017;utm_campaign=Marts25&utm_content=sc_a&utm_medium=mail&utm_source=mail;false;true;8;1;2;22-03-2025;21-05-2025;1;21
da62f8551246a22ec01f2082ec6d51d8;122;18-06-2025;2025-03-11 18:53:54.455000;Mand;30-08-1963;11-03-2025;utm_campaign=Basis_22&utm_content=HeaderButtonRaised&utm_medium=Matrice&utm_source=jp.dk;false;false;0;0;0;11-03-2025;10-05-2025;0;0
1c457d31216e43a1f6eb9f1b14303b0f;571;01-01-3000;2025-03-05 12:46:20.729000;Mand;22-05-1974;04-12-2012;utm_campaign=Marts25&utm_content=A&utm_medium=content&utm_source=jp.dk;false;false;2;1;0;05-03-2025;04-05-2025;0;0
82649ad2ffa03cbbf4c823a76d75a1b1;516;10-03-2025;2025-03-09 20:24:59.810000;Kvinde;29-10-1979;21-03-2018;utm_campaign=Basis_22&utm_content=HeaderButtonRaised&utm_medium=Matrice&utm_source=jp.dk;false;false;1;0;0;09-03-2025;08-05-2025;0;0
62891d0bcc22360e6d25694b45cd0920;186;29-04-2025;2025-03-15 08:12:48.079000;Mand;22-12-1963;25-12-2022;utm_campaign=Marts25&utm_content=A&utm_medium=content&utm_source=jp.dk;false;false;0;0;0;15-03-2025;14-05-2025;0;0
df243b961367b2174f33a26ff9d970db;306;14-12-2025;2025-03-07 20:09:38.364000;Mand;06-12-1963;29-11-2020;utm_campaign=Marts25&utm_content=B&utm_medium=content&utm_source=jp.dk;false;false;0;0;0;07-03-2025;06-05-2025;0;0
723ae23af4965904651d7857ab1c8d37;383;01-01-3000;2025-03-17 08:18:20.927000;Kvinde;16-05-1957;06-03-2013;utm_campaign=Marts25&utm_content=B&utm_medium=content&utm_source=jp.dk;false;true;1;0;1;17-03-2025;16-05-2025;0;0
261b2aa96e257baca502e9274d1f6737;369;05-02-2026;2025-03-04 14:51:25.576000;;21-06-1977;11-05-2023;utm_campaign=Marts25&utm_content=A&utm_medium=content&utm_source=jp.dk;false;false;1;1;0;04-03-2025;03-05-2025;0;0
b28ed967404925126fefb4e03b60eee9;143;12-08-2025;2025-03-22 20:45:34.099000;Mand;17-09-1965;22-03-2025;utm_campaign=Marts25&utm_content=B&utm_medium=content&utm_source=jp.dk;true;true;0;0;0;22-03-2025;21-05-2025;0;0
441fba58754878611c05fa395b86c80b;429;23-05-2025;2025-03-23 02:00:29.158000;Mand;19-08-1992;01-02-2019;utm_campaign=Marts25&utm_content=A&utm_medium=content&utm_source=jp.dk;false;true;2;2;0;23-03-2025;22-05-2025;0;0
d39d2ba1e1aaae6b07ef60d8e46b63b2;184;20-05-2025;2025-03-20 16:29:13.029000;Kvinde;07-04-1968;17-05-2016;utm_campaign=Basis_22&utm_content=HeaderButtonRaised&utm_medium=Matrice&utm_source=jp.dk;true;true;1;1;0;20-03-2025;19-05-2025;0;0
cef8c111e1a6a010e5e1a9801e09a2e0;61;18-04-2025;2025-03-20 21:22:09.109000;Mand;24-01-1983;20-03-2025;utm_campaign=Marts25&utm_content=B&utm_medium=content&utm_source=jp.dk;false;false;0;0;0;20-03-2025;19-05-2025;0;0
6327de327a3d8f57a37c7462da321d07;61;22-03-2025;2025-03-11 12:58:44.481000;Mand;09-03-2005;11-03-2025;utm_campaign=Basis_22&utm_content=HeaderButtonRaised&utm_medium=Matrice&utm_source=jp.dk;false;false;0;0;0;11-03-2025;10-05-2025;0;0
ac147643ddbb23fbd9182a4236c57ac8;214;04-10-2025;2025-03-18 10:08:01.196000;;16-01-1947;18-03-2025;utm_campaign=Marts25&utm_content=A&utm_medium=content&utm_source=jp.dk;false;false;0;0;0;18-03-2025;17-05-2025;0;0
cfda831591d317b78cb24f401d7fe1b4;61;15-04-2025;2025-03-05 11:53:05.775000;Mand;18-08-1961;24-11-2018;utm_campaign=Marts25&utm_content=A&utm_medium=content&utm_source=jp.dk;false;false;0;0;0;05-03-2025;04-05-2025;0;0
cf69da92adfa9b7918789261eb805ecc;367;15-09-2025;2025-03-04 15:42:20.097000;Kvinde;02-04-1978;05-10-2014;utm_campaign=Marts25&utm_content=A&utm_medium=content&utm_source=jp.dk;true;true;1;1;0;04-03-2025;03-05-2025;0;0
0ec6b8f267326da4d32c62d776716dd5;61;16-03-2025;2025-03-16 05:56:50.965000;;09-02-1962;16-03-2025;utm_campaign=Basis_22&utm_content=HeaderButtonRaised&utm_medium=Matrice&utm_source=jp.dk;false;false;0;0;0;16-03-2025;15-05-2025;0;0
1270765e2f706706f11feb985c9b970d;214;22-09-2025;2025-03-22 05:09:44.151000;Mand;24-05-1980;22-03-2025;utm_campaign=Marts25&utm_content=A&utm_medium=content&utm_source=jp.dk;false;false;0;0;0;22-03-2025;21-05-2025;0;0
b2a735ace0cd594f47ca9b0b2746514a;303;15-06-2025;2025-03-07 15:06:33.516000;Mand;04-04-1989;06-02-2022;utm_campaign=Marts25&utm_content=A&utm_medium=content&utm_source=jp.dk;false;false;1;1;0;07-03-2025;06-05-2025;0;0
958256f5ac2353959f4f7f76b7cdda54;323;15-05-2025;2025-03-17 10:26:07.358000;Mand;07-03-1985;02-08-2024;utm_campaign=Marts25&utm_content=A&utm_medium=content&utm_source=jp.dk;false;false;1;1;0;17-03-2025;16-05-2025;0;0
9e0e45845c878498d17ca42dbd872785;61;03-04-2025;2025-03-06 16:09:29.281000;Mand;15-01-1962;26-03-2016;utm_campaign=Marts25&utm_content=A&utm_medium=content&utm_source=jp.dk;false;false;0;0;0;06-03-2025;05-05-2025;0;0
f900fad4ac42e8268816ff7a5971bdde;259;19-09-2025;2025-03-13 09:12:18.422000;Kvinde;01-11-1966;02-09-2021;utm_campaign=Basis_22&utm_content=HeaderButtonRaised&utm_medium=Matrice&utm_source=jp.dk;false;false;1;1;0;13-03-2025;12-05-2025;0;0
a849d9488b9cdf59051a61d3ef094af8;1880;09-11-2025;2025-03-06 10:12:22.996000;Mand;26-01-1969;30-12-2015;utm_campaign=Marts25&utm_content=A&utm_medium=content&utm_source=jp.dk;false;true;4;3;0;06-03-2025;05-05-2025;0;0
1725d628a9e0eca83995d9c9f6811bb8;163;02-06-2025;2025-03-05 14:56:40.590000;Mand;30-12-1958;13-04-2024;utm_campaign=Marts25&utm_content=b&utm_medium=mail&utm_source=mail;false;false;0;0;0;05-03-2025;04-05-2025;0;0
451d2956462e734e2086bd99e0d51b2c;1701;16-05-2025;2025-03-05 14:47:16.353000;Mand;10-10-1961;19-07-2016;utm_campaign=Marts25&utm_content=b&utm_medium=mail&utm_source=mail;false;true;2;1;0;05-03-2025;04-05-2025;4;4
b57e84e749107c4ff8a270681f26455f;224;24-06-2025;2025-03-16 12:23:17.911000;Mand;03-06-1954;06-12-2021;utm_campaign=Marts25&utm_content=A&utm_medium=content&utm_source=jp.dk;false;false;1;1;0;16-03-2025;15-05-2025;6;6
ebeca48dfb318c270bfb475b68999df2;180;20-03-2025;2025-03-20 20:29:45.471000;Mand;18-06-1969;20-03-2025;utm_campaign=Marts25&utm_content=A&utm_medium=content&utm_source=jp.dk;false;false;0;0;0;20-03-2025;19-05-2025;0;0
b5702853f7eb0115759ddbc7df0976c0;310;19-11-2025;2025-03-18 06:43:06.734000;Mand;23-02-1961;22-06-2015;utm_campaign=Marts25&utm_content=A&utm_medium=content&utm_source=jp.dk;false;false;0;0;0;18-03-2025;17-05-2025;0;0
481c8265554f63d9673fdfc21d40b119;134;07-06-2025;2025-03-22 06:42:36.028000;Mand;21-02-1974;08-09-2020;utm_campaign=Basis_22&utm_content=HeaderButtonRaised&utm_medium=Matrice&utm_source=jp.dk;false;true;4;1;4;22-03-2025;21-05-2025;0;0
354e7a5939a921d12feedb99c6d967d1;184;08-08-2025;2025-03-04 12:49:23.844000;Kvinde;12-03-1996;18-07-2021;utm_campaign=Marts25&utm_content=A&utm_medium=content&utm_source=jp.dk;false;true;0;0;0;04-03-2025;03-05-2025;0;0
8a239924445f96f10127646a4856955e;370;01-01-3000;2025-03-23 07:40:12.805000;Mand;26-02-1973;21-08-2013;utm_campaign=Marts25&utm_content=A&utm_medium=content&utm_source=jp.dk;false;false;0;0;0;23-03-2025;22-05-2025;3;3
fbdfb1d45b4477cf1f0ccbb98868f70a;61;01-04-2025;2025-03-11 10:44:43.818000;Mand;01-08-1964;11-03-2025;utm_campaign=Basis_22&utm_content=HeaderButtonRaised&utm_medium=Matrice&utm_source=jp.dk;true;true;0;0;0;11-03-2025;10-05-2025;0;0
73fe5fb3c7941d317c7d1d0af638d6d7;61;18-03-2025;2025-03-18 12:48:03.768000;Mand;30-05-1962;19-01-2024;utm_campaign=Basis_22&utm_content=HeaderButtonRaised&utm_medium=Matrice&utm_source=jp.dk;false;false;0;0;0;18-03-2025;17-05-2025;0;0
b369776f5a7d9687ff77d6c0613dbc17;61;11-03-2025;2025-03-11 02:00:22.350000;Kvinde;10-09-1958;11-03-2025;;false;false;0;0;0;11-03-2025;10-05-2025;0;0
046878673f1947c44cae501a7bf9b3c3;390;01-01-3000;2025-03-03 13:34:17.438000;Mand;02-01-1969;03-03-2025;;false;false;0;0;0;03-03-2025;02-05-2025;0;0
a5f6f94c551812c51e21c140a3b31346;376;01-01-3000;2025-03-17 12:04:02.379000;Kvinde;19-05-1975;17-03-2025;utm_campaign=Basis_22&utm_content=MegaMenu&utm_medium=Matrice&utm_source=jp.dk;false;false;0;0;0;17-03-2025;16-05-2025;0;0
928b157e4e5cadd4d92b31f0458e8a25;184;06-07-2025;2025-03-17 10:50:36.702000;Kvinde;10-07-1989;30-06-2014;utm_campaign=Marts25&utm_content=A&utm_medium=content&utm_source=jp.dk;false;false;1;1;0;17-03-2025;16-05-2025;0;0
b830221f1ce2bb617658079c1c1b13fe;120;25-04-2025;2025-03-05 14:38:45.664000;Mand;07-03-1962;05-03-2025;utm_campaign=Marts25&utm_content=b&utm_medium=mail&utm_source=mail;true;true;0;0;0;05-03-2025;24-04-2025;0;0
45334961f410050e6723765f1b7eae29;171;27-05-2025;2025-03-05 08:46:30.741000;Mand;15-05-1973;11-08-2021;utm_campaign=Basis_22&utm_content=HeaderButtonRaised&utm_medium=Matrice&utm_source=jp.dk;true;true;1;0;1;05-03-2025;04-05-2025;0;0
91a2573ca8e375c5c1612a20c525f5c5;1392;21-03-2025;2025-03-13 05:48:23.461000;Mand;04-04-1978;04-03-2022;utm_campaign=Marts25&utm_content=B&utm_medium=content&utm_source=jp.dk;false;true;5;3;1;13-03-2025;12-05-2025;0;0
4b533526985480b9c90d72288ab55c41;68;29-04-2025;2025-03-11 11:00:17.368000;Kvinde;08-06-1982;01-04-2015;utm_campaign=Basis_22&utm_content=HeaderButtonRaised&utm_medium=Matrice&utm_source=jp.dk;false;false;0;0;0;11-03-2025;10-05-2025;0;0
e02076a514c52dda3fa98d8902d143b2;92;25-04-2025;2025-03-10 19:04:30.019000;Kvinde;07-04-1994;17-01-2021;utm_campaign=Marts25&utm_content=B&utm_medium=content&utm_source=jp.dk;false;false;1;0;0;10-03-2025;09-05-2025;0;0
bbb3918da131e3f8c9ab270a2224ef1b;61;19-03-2025;2025-03-19 10:04:09.751000;Mand;11-05-2005;19-03-2025;utm_campaign=Basis_22&utm_content=HeaderButtonRaised&utm_medium=Matrice&utm_source=jp.dk;false;false;0;0;0;19-03-2025;18-05-2025;0;0
adcf67549ea5003d9f1ab69ed748c94a;445;31-03-2025;2025-03-22 10:09:18.260000;Kvinde;10-03-1955;02-05-2018;utm_campaign=Marts25&utm_content=B&utm_medium=content&utm_source=jp.dk;true;true;9;4;3;22-03-2025;30-03-2025;6;5
5b184e20faf8e969c0e55e9f82dc821f;155;10-06-2025;2025-03-06 15:21:42.092000;Mand;03-11-1965;28-05-2015;utm_campaign=Marts25&utm_content=B&utm_medium=content&utm_source=jp.dk;false;false;0;0;0;06-03-2025;05-05-2025;0;0
a27140357601e9c28ca749163db1ea4f;597;25-04-2025;2025-03-21 07:52:42.108000;Kvinde;29-01-1956;27-03-2014;utm_campaign=Marts25&utm_content=sc_a&utm_medium=mail&utm_source=mail;true;true;3;1;2;21-03-2025;20-05-2025;0;0
df2460fe773a98e7e564d45cc0c6da70;374;01-01-3000;2025-03-19 19:54:25.393000;Mand;10-12-1975;16-07-2012;utm_campaign=Marts25&utm_content=A&utm_medium=content&utm_source=jp.dk;false;false;0;0;0;19-03-2025;18-05-2025;0;0
ebf5c4601d4f18fc942ea7484462e14b;61;26-03-2025;2025-03-24 05:13:09.393000;Mand;11-10-1971;14-02-2021;utm_campaign=Marts25&utm_content=A&utm_medium=content&utm_source=jp.dk;true;true;0;0;0;24-03-2025;23-05-2025;0;0
6ef97b05e9a9dd60bdbbd8f31c87c5d1;61;22-04-2025;2025-03-21 09:50:33.954000;Kvinde;04-02-1947;09-07-2023;utm_campaign=Marts25&utm_content=B&utm_medium=content&utm_source=jp.dk;false;false;0;0;0;21-03-2025;20-05-2025;0;0
35e4a3451e17fa1e4f7b69cb8768ddd7;61;14-04-2025;2025-03-21 07:35:57.672000;Mand;21-07-1958;15-10-2023;utm_campaign=Marts25&utm_content=sc_b&utm_medium=mail&utm_source=mail;true;true;0;0;0;21-03-2025;20-05-2025;0;0
a1ab031d1263dbcbc2c4f235f3564423;1001;20-05-2025;2025-03-21 08:03:21.106000;Mand;04-08-1937;24-11-2012;utm_campaign=Marts25&utm_content=sc_b&utm_medium=mail&utm_source=mail;true;true;8;3;2;21-03-2025;20-05-2025;3;3
e463f0f9681d51595aa29d943c869b0d;212;03-09-2025;2025-03-19 09:37:16.582000;Mand;09-05-1950;02-05-2018;utm_campaign=Marts25&utm_content=HeaderButtonRaised&utm_medium=Matrice&utm_source=jp.dk;true;true;0;0;0;19-03-2025;18-05-2025;0;0
ac379f976af179c7f900b2b9f118c123;774;30-05-2025;2025-03-22 14:24:42.701000;Mand;09-03-1948;22-10-2023;utm_campaign=Marts25&utm_content=sc_a&utm_medium=mail&utm_source=mail;false;true;4;4;1;22-03-2025;21-05-2025;0;0
c279248607a5bab56ccba7ac446223f6;455;20-02-2026;2025-03-12 06:11:31.520000;Mand;28-03-1969;01-12-2024;utm_campaign=Basis_22&utm_content=HeaderButtonRaised&utm_medium=Matrice&utm_source=jp.dk;false;false;1;1;0;12-03-2025;11-05-2025;0;0
70b4d870d09b91a6d0b8b07af47a65c5;61;16-03-2025;2025-03-15 13:15:06.402000;Mand;10-08-1989;20-06-2024;utm_campaign=Marts25&utm_content=A&utm_medium=content&utm_source=jp.dk;false;false;0;0;0;15-03-2025;14-05-2025;0;0
f0f705e69a3153587156a90de673faee;122;10-06-2025;2025-03-08 16:31:51.361000;Mand;26-06-2002;13-12-2024;utm_campaign=Basis_22&utm_content=HeaderButtonRaised&utm_medium=Matrice&utm_source=jp.dk;true;true;0;0;0;08-03-2025;07-05-2025;0;0
b9fcb0eed6c3143d5102e67740a162f5;831;23-10-2025;2025-03-04 09:47:37.869000;Mand;27-02-1934;02-05-2018;utm_campaign=Marts25&utm_content=A&utm_medium=content&utm_source=jp.dk;true;true;2;2;0;04-03-2025;03-05-2025;1;1
0c102fba45b6df93b843ac40049572a3;411;18-11-2025;2025-03-10 08:00:03.193000;Mand;27-09-1993;10-12-2024;utm_campaign=Marts25&utm_content=A&utm_medium=content&utm_source=jp.dk;false;false;1;1;0;10-03-2025;09-05-2025;0;0
efe89095184e910f2b51824e8c4439c4;61;03-04-2025;2025-03-03 17:59:15.888000;Kvinde;01-10-1972;03-03-2025;utm_campaign=Basis_22&utm_content=HeaderButtonRaised&utm_medium=Matrice&utm_source=jp.dk;false;false;0;0;0;03-03-2025;02-05-2025;0;0
97277819e09ed9f7d393fd3f3d624656;1133;19-05-2025;2025-03-21 10:59:51.400000;Mand;08-06-1956;13-05-2013;utm_campaign=Marts25&utm_content=B&utm_medium=content&utm_source=jp.dk;true;true;25;10;14;21-03-2025;20-05-2025;8;8
54094c3c9edc3db4786151a6c8b9b5a6;317;09-06-2025;2025-03-05 12:49:49.859000;Mand;24-02-1959;20-10-2014;utm_campaign=Marts25&utm_content=A&utm_medium=content&utm_source=jp.dk;false;true;3;0;3;05-03-2025;04-05-2025;3;4
53a5a0ac68ef0f39ff5d68a23ad1b88e;470;17-03-2025;2025-03-14 13:46:28.154000;Mand;04-04-1983;05-06-2022;utm_campaign=Marts25&utm_content=A&utm_medium=content&utm_source=jp.dk;true;false;3;3;0;14-03-2025;13-05-2025;0;0
61423e0d9a8a1b3b06f4e29a0515c61b;61;01-05-2025;2025-03-03 14:48:07.711000;Kvinde;08-08-1953;07-07-2020;utm_campaign=Basis_22&utm_content=HeaderButtonRaised&utm_medium=Matrice&utm_source=jp.dk;false;false;0;0;0;03-03-2025;02-05-2025;0;0
d7de0bb1872779d0fa95792981d2e399;275;23-11-2025;2025-03-07 20:22:26.007000;Mand;16-06-1976;09-03-2015;utm_campaign=Marts25&utm_content=A&utm_medium=content&utm_source=jp.dk;false;false;0;0;0;07-03-2025;06-05-2025;0;0
f32c43d378bf9c3fff05c3106dcf599f;61;11-05-2025;2025-03-18 11:47:42.516000;Kvinde;31-12-1972;05-03-2016;utm_campaign=Marts25&utm_content=A&utm_medium=content&utm_source=jp.dk;true;true;0;0;0;18-03-2025;17-05-2025;0;0
c7942fc44892805619480b10b00a1c97;470;02-12-2025;2025-03-05 05:30:03.140000;Mand;13-08-1960;14-07-2022;utm_campaign=Marts25&utm_content=B&utm_medium=content&utm_source=jp.dk;false;true;1;1;0;05-03-2025;04-05-2025;0;0
f19cb9bef22172940b4139ddc47320c0;245;02-11-2025;2025-03-07 11:22:10.677000;Mand;24-12-1966;26-01-2014;utm_campaign=Marts25&utm_content=B&utm_medium=content&utm_source=jp.dk;false;false;0;0;0;07-03-2025;06-05-2025;0;0
02480b1eb465af71452760dd0d8916f8;306;02-10-2025;2025-03-07 12:32:21.977000;Kvinde;28-06-1973;28-10-2016;utm_campaign=Basis_22&utm_content=HeaderButtonRaised&utm_medium=Matrice&utm_source=jp.dk;false;false;2;2;0;07-03-2025;06-05-2025;3;3
003a92354fb88e0e3e411bc290291b6a;387;11-05-2025;2025-03-05 14:27:57.549000;Kvinde;08-01-1950;17-05-2013;utm_campaign=Marts25&utm_content=b&utm_medium=mail&utm_source=mail;false;false;5;4;2;05-03-2025;04-05-2025;1;1
cfb0f260bbd8b345ebb474ee8b3a31c3;184;22-05-2025;2025-03-19 11:21:07.127000;Mand;28-01-1963;18-11-2018;utm_campaign=Marts25&utm_content=B&utm_medium=content&utm_source=jp.dk;false;false;1;1;0;19-03-2025;18-05-2025;0;0
3f267ca819325c1fe782457dac5089e1;197;26-05-2025;2025-03-22 09:06:29.308000;Mand;05-01-1980;21-07-2024;utm_campaign=Marts25&utm_content=sc_b&utm_medium=mail&utm_source=mail;false;false;2;2;1;22-03-2025;21-05-2025;0;0
be465621bdb0c21f03d0394cd0d5bf0f;184;13-08-2025;2025-03-13 03:37:15.334000;Mand;23-08-1967;05-01-2019;utm_campaign=Basis_22&utm_content=HeaderButtonRaised&utm_medium=Matrice&utm_source=jp.dk;false;true;0;0;0;13-03-2025;12-05-2025;0;0
134dd83b74c604e99debbbe1d9c57439;61;22-04-2025;2025-03-04 15:03:33.919000;Mand;08-07-1973;09-05-2019;utm_campaign=Marts25&utm_content=A&utm_medium=content&utm_source=jp.dk;false;false;0;0;0;04-03-2025;03-05-2025;0;0
10a0ed175bf7ebdb21f21e266673a8be;422;03-04-2025;2025-03-07 14:26:11.186000;Mand;25-02-1952;07-04-2016;utm_campaign=Marts25&utm_content=A&utm_medium=content&utm_source=jp.dk;false;true;8;4;4;07-03-2025;06-05-2025;5;5
b7cd75ab3ab11de36960a62aa04af6e0;61;14-04-2025;2025-03-16 08:08:11.420000;Kvinde;16-04-1963;16-03-2025;utm_campaign=Basis_22&utm_content=HeaderButtonRaised&utm_medium=Matrice&utm_source=jp.dk;false;false;0;0;0;16-03-2025;15-05-2025;0;0
68818956d457acc9f70ebf681b0e4893;2593;01-01-3000;2025-03-14 17:17:11.269000;Mand;26-07-1957;02-03-2014;utm_campaign=Basis_22&utm_content=HeaderButtonRaised&utm_medium=Matrice&utm_source=jp.dk;true;true;4;2;0;14-03-2025;13-05-2025;2;2
fc860489591750d23f909bcc9450b0ef;559;01-01-3000;2025-03-21 09:57:16.982000;Mand;19-05-1960;09-08-2012;utm_campaign=Marts25&utm_content=sc_b&utm_medium=mail&utm_source=mail;true;true;6;3;3;21-03-2025;20-05-2025;6;6
e171a8643675f93226e0df6704494ed7;245;19-10-2025;2025-03-17 07:34:24.225000;Mand;18-11-1970;17-03-2025;utm_campaign=Marts25&utm_content=B&utm_medium=content&utm_source=jp.dk;false;false;0;0;0;17-03-2025;16-05-2025;0;0
bf88a2da0661ba3ff1e98352538369ef;103;05-04-2025;2025-03-09 07:48:03.731000;Mand;31-03-1970;19-05-2013;utm_campaign=Basis_22&utm_content=HeaderButtonRaised&utm_medium=Matrice&utm_source=jp.dk;true;true;0;0;0;09-03-2025;08-05-2025;0;0
db4828062baa2fa76909d003660bb7f4;304;16-04-2025;2025-03-22 10:27:35.756000;Mand;28-06-1957;;utm_campaign=Marts25&utm_content=sc_a&utm_medium=mail&utm_source=mail;false;false;4;2;2;22-03-2025;21-05-2025;0;0
5cefcaad01e8ec72faac4537f2ea715b;755;24-03-2025;2025-03-24 06:45:14.585000;Mand;27-02-1971;27-01-2012;utm_campaign=Marts25&utm_content=B&utm_medium=content&utm_source=jp.dk;false;true;7;4;0;24-03-2025;23-05-2025;0;0
9b286b9d8135a91d3d8edc5f6caefe5d;99;13-05-2025;2025-03-13 06:39:51.333000;Mand;29-06-1981;17-03-2022;utm_campaign=Marts25&utm_content=B&utm_medium=content&utm_source=jp.dk;false;true;1;0;1;13-03-2025;12-05-2025;0;0
6dadff0c41d7b24501bba233d55bebc5;602;01-01-3000;2025-03-10 17:21:43.882000;Kvinde;05-01-1979;18-04-2014;utm_campaign=Marts25&utm_content=A&utm_medium=content&utm_source=jp.dk;false;true;4;1;2;10-03-2025;09-05-2025;0;0
b4dad48c72f72f415a9ea3e137b06419;92;18-05-2025;2025-03-09 06:32:38.203000;Kvinde;12-01-1987;09-03-2025;utm_campaign=Marts25&utm_content=A&utm_medium=content&utm_source=jp.dk;false;false;0;0;0;09-03-2025;08-05-2025;0;0
e4d9cab3486eec07a0601a5874711d9e;263;12-04-2025;2025-03-23 13:52:01.641000;Mand;20-02-1952;04-12-2012;utm_campaign=Marts25&utm_content=A&utm_medium=content&utm_source=jp.dk;false;true;9;5;5;23-03-2025;22-05-2025;0;0
30af1188b05d88e62fc64e6615574579;540;29-03-2025;2025-03-09 18:37:41.884000;Mand;26-04-1970;09-03-2015;utm_campaign=Basis_22&utm_content=HeaderButtonRaised&utm_medium=Matrice&utm_source=jp.dk;false;true;5;3;1;09-03-2025;08-05-2025;0;0
cdcf80d158f378db78d1d8fadb387ab8;815;01-01-3000;2025-03-04 06:09:27.084000;Mand;09-11-1975;31-05-2020;utm_campaign=Marts25&utm_content=A&utm_medium=content&utm_source=jp.dk;true;true;1;0;0;04-03-2025;03-05-2025;0;0
7310d9a89f117d551524d81270cc4cea;208;10-10-2025;2025-03-23 22:48:42.865000;Mand;09-03-1954;23-03-2025;utm_campaign=Marts25&utm_content=A&utm_medium=content&utm_source=jp.dk;false;true;0;0;0;23-03-2025;22-05-2025;0;0
add49e9f3efbc829a809336238069353;1485;05-05-2025;2025-03-21 08:57:33.771000;Mand;28-12-1949;02-04-2018;utm_campaign=Marts25&utm_content=sc_b&utm_medium=mail&utm_source=mail;true;true;3;2;2;21-03-2025;20-05-2025;1;1
b23d91918f36a511ee6bb142a6980359;343;16-04-2025;2025-03-06 05:52:51.723000;Mand;31-08-1970;16-02-2021;utm_campaign=Marts25&utm_content=b&utm_medium=mail&utm_source=mail;false;true;1;1;0;06-03-2025;05-05-2025;0;0
24d200dbbdc90ade21b149b9ebc16d98;61;07-04-2025;2025-03-21 09:02:10.122000;Kvinde;23-11-1958;05-11-2014;utm_campaign=Marts25&utm_content=A&utm_medium=content&utm_source=jp.dk;false;false;0;0;0;21-03-2025;20-05-2025;0;0
e673b3a9ddc2393a2ccc0ce52666ba2f;293;25-03-2025;2025-03-23 21:54:30.765000;Kvinde;02-04-1962;03-08-2022;utm_campaign=Marts25&utm_content=A&utm_medium=content&utm_source=jp.dk;false;false;2;2;0;23-03-2025;22-05-2025;0;0
2f2789bce65dd9b3344478bdce2342e6;1952;26-05-2025;2025-03-20 08:15:36.348000;Mand;23-12-1984;24-12-2018;utm_campaign=Marts25&utm_content=A&utm_medium=content&utm_source=jp.dk;false;true;12;8;4;20-03-2025;19-05-2025;1;0
ef90ea2326cba1cf3eee3776c430b624;275;07-12-2025;2025-03-15 12:50:18.142000;Mand;26-03-1991;24-08-2015;utm_campaign=Marts25&utm_content=B&utm_medium=content&utm_source=jp.dk;false;false;0;0;0;15-03-2025;14-05-2025;0;0
ed4d4eaaf45e242a84710ec306d662a8;530;03-12-2025;2025-03-18 05:41:58.450000;Mand;08-02-1956;03-10-2024;utm_campaign=Basis_22&utm_content=HeaderButtonRaised&utm_medium=Matrice&utm_source=jp.dk;false;false;1;1;0;18-03-2025;17-05-2025;1;1
28cde128aeb3f6579a2f6b02edd80a9a;762;16-04-2025;2025-03-22 00:44:50.859000;Mand;15-10-1947;13-05-2012;utm_campaign=Marts25&utm_content=sc_a&utm_medium=mail&utm_source=mail;false;true;7;3;2;22-03-2025;21-05-2025;0;0
f87ca85b587609d9510f97269789c02c;1147;01-01-3000;2025-03-06 10:45:22.577000;Mand;24-11-1955;02-04-2012;utm_campaign=Marts25&utm_content=A&utm_medium=content&utm_source=jp.dk;true;true;15;12;4;06-03-2025;05-05-2025;2;1
82e94553b5632fdab9a7723df1b4fde4;92;21-05-2025;2025-03-17 07:59:21.702000;Mand;26-05-1985;17-03-2025;utm_campaign=Basis_22&utm_content=HeaderButtonRaised&utm_medium=Matrice&utm_source=jp.dk;false;false;0;0;0;17-03-2025;16-05-2025;0;0
4905dd46c16d18159de212431037b037;1680;25-05-2025;2025-03-21 14:17:53.126000;Mand;11-11-1960;12-03-2020;utm_campaign=Marts25&utm_content=sc_b&utm_medium=mail&utm_source=mail;true;true;5;0;2;21-03-2025;20-05-2025;0;0
2a5ac71661a5b6fab9cb884c8bead8d6;1047;16-12-2025;2025-03-22 07:18:38.619000;Mand;18-02-1974;11-01-2021;utm_campaign=Marts25&utm_content=A&utm_medium=content&utm_source=jp.dk;false;true;2;1;1;22-03-2025;21-05-2025;0;0
d58d431c768aa802457db2134c04e7fa;307;04-01-2026;2025-03-03 19:51:02.478000;Kvinde;06-10-1958;15-08-2023;utm_campaign=Marts25&utm_content=B&utm_medium=content&utm_source=jp.dk;false;false;0;0;0;03-03-2025;02-05-2025;0;0
67d63442a6872a7d0c8c9c556222efb3;225;19-05-2025;2025-03-21 08:12:36.358000;Kvinde;14-02-1950;08-01-2023;utm_campaign=Marts25&utm_content=sc_b&utm_medium=mail&utm_source=mail;true;true;0;0;0;21-03-2025;20-05-2025;0;1
7bd3476e9c4d1e139317924f42a5b8fb;403;01-05-2025;2025-03-09 05:54:50.394000;Mand;09-02-1962;03-10-2022;utm_campaign=Marts25&utm_content=b&utm_medium=mail&utm_source=mail;true;true;3;2;0;09-03-2025;08-05-2025;0;0
276ad228a0e3d1283a9ed066a5de77f9;419;01-01-3000;2025-03-23 08:12:53.000000;Mand;07-04-1943;05-09-2017;utm_campaign=Marts25&utm_content=sc_a&utm_medium=mail&utm_source=mail;true;true;5;1;5;23-03-2025;22-05-2025;5;5
403adce9ceebe9bf502807ff561d4336;616;02-04-2025;2025-03-07 08:23:30.322000;Mand;18-09-1939;20-09-2012;utm_campaign=Marts25&utm_content=a&utm_medium=mail&utm_source=mail;true;true;8;3;4;07-03-2025;06-05-2025;3;3
e9e13727ac2e77bab1603fe24946eacf;1364;14-04-2025;2025-03-05 13:59:42.672000;Mand;01-01-1960;02-05-2018;utm_campaign=Marts25&utm_content=A&utm_medium=content&utm_source=jp.dk;true;true;10;8;4;05-03-2025;04-05-2025;1;1
cd6c3e6398909fdb7208c8a41682afec;94;04-05-2025;2025-03-12 11:55:25.372000;Mand;02-08-1998;12-03-2025;utm_campaign=Marts25&utm_content=A&utm_medium=content&utm_source=jp.dk;false;false;0;0;0;12-03-2025;11-05-2025;0;0
077ad124aef49eab3dc083a6fb080799;126;20-07-2025;2025-03-16 21:33:01.787000;Mand;12-02-1989;25-08-2013;utm_campaign=Marts25&utm_content=A&utm_medium=content&utm_source=jp.dk;true;true;0;0;0;16-03-2025;15-05-2025;0;0
89fe18e88ee14abb6b80d6c2bffe70fe;871;01-08-2025;2025-03-21 08:15:57.401000;Mand;14-10-1962;21-10-2014;utm_campaign=Marts25&utm_content=sc_a&utm_medium=mail&utm_source=mail;false;true;10;5;6;21-03-2025;20-05-2025;1;1
32752ac08b09a3190d1691e16508a2b6;418;01-01-3000;2025-03-17 18:49:41.079000;Mand;10-05-1974;03-10-2016;utm_campaign=Marts25&utm_content=A&utm_medium=content&utm_source=jp.dk;false;true;6;1;5;17-03-2025;16-05-2025;0;0
c72388148b999f0f684abdc883dfb610;122;26-06-2025;2025-03-22 17:04:56.399000;Mand;04-03-1971;22-03-2025;utm_campaign=Marts25&utm_content=A&utm_medium=content&utm_source=jp.dk;false;false;0;0;0;22-03-2025;21-05-2025;0;0
004b2a16f2f9167482481fec96be4856;1330;29-04-2025;2025-03-05 08:34:30.524000;Kvinde;26-07-1956;04-01-2022;utm_campaign=Basis_22&utm_content=HeaderButtonRaised&utm_medium=Matrice&utm_source=jp.dk;false;true;15;13;1;05-03-2025;04-05-2025;0;0
30f784b5886a73a096111934c55158a9;450;11-09-2025;2025-03-05 20:27:33.772000;Kvinde;21-02-1947;15-04-2020;utm_campaign=Marts25&utm_content=b&utm_medium=mail&utm_source=mail;true;true;5;3;3;05-03-2025;04-05-2025;0;0
3828bc6e3a5fdfa667cb87eb2a13abf3;92;14-05-2025;2025-03-05 14:49:47.908000;Mand;11-09-1955;11-07-2012;utm_campaign=Marts25&utm_content=A&utm_medium=content&utm_source=jp.dk;false;false;0;0;0;05-03-2025;04-05-2025;0;0
d2e7df5218a6ff959bf1ab85f1858ce4;886;25-03-2025;2025-03-23 05:38:47.133000;Mand;12-03-1960;06-12-2012;utm_campaign=Marts25&utm_medium=topticker&utm_source=jp.dk;true;true;7;3;4;23-03-2025;22-05-2025;2;2
9bfae9e41939127da82276d8e0c6a15b;628;02-05-2025;2025-03-11 09:35:56.464000;Kvinde;10-12-1960;30-12-2018;utm_campaign=Basis_22&utm_content=HeaderButtonRaised&utm_medium=Matrice&utm_source=jp.dk;false;true;3;3;0;11-03-2025;10-05-2025;0;0
abeb1d79971bcb963d77fc429fdc130d;625;10-08-2025;2025-03-21 13:04:27.133000;Mand;19-06-1971;11-11-2020;utm_campaign=Marts25&utm_content=sc_b&utm_medium=mail&utm_source=mail;true;true;7;2;5;21-03-2025;20-05-2025;0;0
60b56255d3af837409ac85a30c69ed51;703;24-05-2025;2025-03-22 11:57:01.677000;Kvinde;18-01-2024;11-10-2016;utm_campaign=Marts25&utm_content=sc_b&utm_medium=mail&utm_source=mail;true;true;9;2;7;22-03-2025;21-05-2025;1;2
e623f27be79cacb492037e987b93e622;1251;09-12-2025;2025-03-05 14:25:19.481000;Mand;02-06-1973;21-02-2013;utm_campaign=Marts25&utm_content=B&utm_medium=content&utm_source=jp.dk;false;false;4;3;1;05-03-2025;04-05-2025;2;2
91da1e0cb5dca0f1aa2018f7cd3c4508;417;09-04-2025;2025-03-21 07:23:18.557000;Kvinde;24-01-1946;19-01-2013;utm_campaign=Marts25&utm_content=sc_a&utm_medium=mail&utm_source=mail;false;true;5;1;3;21-03-2025;20-05-2025;4;4
b05464e0ee4bf859a46eb460baa70052;1667;01-04-2025;2025-03-21 10:20:43.885000;Mand;05-01-1973;12-01-2015;utm_campaign=Marts25&utm_content=sc_b&utm_medium=mail&utm_source=mail;false;true;3;1;1;21-03-2025;20-05-2025;5;5
34d88178100f7dc67e01e0aaba334352;630;12-03-2025;2025-03-04 20:04:59.493000;Mand;31-12-1999;20-02-2013;utm_campaign=Basis_22&utm_content=HeaderButtonRaised&utm_medium=Matrice&utm_source=jp.dk;false;true;6;2;2;04-03-2025;03-05-2025;0;0
0e8de2444b618b91a174a5834a364882;92;21-05-2025;2025-03-19 08:06:11.148000;Kvinde;18-09-1999;02-06-2021;utm_campaign=Marts25&utm_content=A&utm_medium=content&utm_source=jp.dk;false;false;0;0;0;19-03-2025;18-05-2025;0;0
f52035d04affa1321c66d4076947afcb;153;07-07-2025;2025-03-04 15:22:05.087000;Kvinde;29-09-1993;04-03-2025;utm_campaign=Marts25&utm_content=A&utm_medium=content&utm_source=jp.dk;false;false;0;0;0;04-03-2025;03-05-2025;0;0
e86c2ca04e30c7880e34bc7a6e698898;61;07-04-2025;2025-03-11 11:37:11.255000;Kvinde;08-10-1959;08-01-2012;utm_campaign=Marts25&utm_content=A&utm_medium=content&utm_source=jp.dk;false;false;0;0;0;11-03-2025;10-05-2025;0;0
95558b3372f189aac34ee20d87310feb;703;12-08-2025;2025-03-21 15:12:51.043000;Kvinde;03-01-1964;11-06-2014;utm_campaign=Marts25&utm_medium=Weblayer&utm_source=jp.dk;false;true;5;4;0;21-03-2025;21-05-2025;1;1
befa7a8c62ddf34b84108309cd2c1f59;61;08-03-2025;2025-03-08 04:26:21.345000;Mand;13-09-1958;23-09-2012;utm_campaign=Marts25&utm_content=A&utm_medium=content&utm_source=jp.dk;false;true;0;0;0;08-03-2025;07-05-2025;0;0
95475eb5c95d53d33288731c7721d070;153;28-07-2025;2025-03-09 18:18:24.901000;Kvinde;18-08-1959;09-03-2025;utm_campaign=Marts25&utm_content=A&utm_medium=content&utm_source=jp.dk;false;false;0;0;0;09-03-2025;08-05-2025;0;0
9153a6624713df854263c439289aa3a4;738;01-01-3000;2025-03-21 11:18:23.292000;Kvinde;01-05-1944;02-12-2022;utm_campaign=Marts25&utm_content=sc_a&utm_medium=mail&utm_source=mail;false;true;1;1;0;21-03-2025;20-05-2025;0;2
9a740f002bede65a38ed185625bccb35;1768;18-03-2025;2025-03-05 05:59:36.602000;Mand;24-06-1965;09-01-2018;utm_campaign=Marts25&utm_content=A&utm_medium=content&utm_source=jp.dk;true;true;10;4;3;05-03-2025;04-05-2025;0;0
aace5950e6b447f75724c6edebe9b719;985;10-05-2025;2025-03-08 07:33:59.626000;Mand;28-04-1953;19-03-2015;utm_campaign=Marts25&utm_content=a&utm_medium=mail&utm_source=mail;false;true;9;5;4;08-03-2025;07-05-2025;0;0
ed29887940286545ed9f378597b0384b;184;21-08-2025;2025-03-06 09:11:49.906000;Mand;16-04-1976;06-03-2025;utm_campaign=Marts25&utm_content=A&utm_medium=content&utm_source=jp.dk;false;false;0;0;0;06-03-2025;05-05-2025;0;0
798f1ad26b892da22923188a9e8e4797;962;07-10-2025;2025-03-05 16:37:34.498000;Mand;08-01-1950;15-06-2012;utm_campaign=Marts25&utm_content=b&utm_medium=mail&utm_source=mail;true;true;34;10;26;05-03-2025;04-05-2025;10;10
a569d2248b9913b7e918dfc1f172760c;1346;19-05-2025;2025-03-21 20:12:22.037000;Mand;03-05-1949;29-04-2012;utm_campaign=Marts25&utm_content=sc_b&utm_medium=mail&utm_source=mail;true;true;5;2;2;21-03-2025;20-05-2025;0;0
245f21fbcfbc2c99dbf41818ef3774fc;61;14-03-2025;2025-03-09 07:28:30.372000;Kvinde;08-01-1979;25-02-2025;utm_campaign=Marts25&utm_content=B&utm_medium=content&utm_source=jp.dk;false;false;0;0;0;09-03-2025;08-05-2025;0;0
f8aaf2658148a3cff3785804aac976d2;142;11-04-2025;2025-03-08 19:29:40.408000;Mand;05-11-1968;08-03-2025;utm_campaign=Marts25&utm_content=A&utm_medium=content&utm_source=jp.dk;false;false;0;0;0;08-03-2025;07-05-2025;0;0
61a8d7545abeeae31cca4d7ea8adfbd5;215;27-03-2025;2025-03-17 09:05:31.694000;Mand;14-11-1952;02-05-2018;utm_campaign=Marts25&utm_content=B&utm_medium=content&utm_source=jp.dk;false;false;1;1;0;17-03-2025;16-05-2025;0;0
59ae565e5018e86e8a80ed789f3b6450;215;28-04-2025;2025-03-17 16:00:58.289000;Kvinde;07-12-1964;21-10-2023;utm_campaign=Marts25&utm_content=A&utm_medium=content&utm_source=jp.dk;false;false;1;1;0;17-03-2025;16-05-2025;1;1
8b716e11d42ed2e3a0ab16af04e27afd;6;19-03-2025;2025-03-14 10:09:50.477000;Mand;09-06-1953;19-01-2013;utm_campaign=Marts25&utm_content=A&utm_medium=content&utm_source=jp.dk;false;false;0;0;0;14-03-2025;19-03-2025;0;0
9914011e182681ed9d6c24cb442405ce;152;17-03-2025;2025-03-05 15:53:23.667000;Mand;30-01-1949;21-10-2013;utm_campaign=Marts25&utm_content=b&utm_medium=mail&utm_source=mail;true;true;4;3;3;05-03-2025;04-05-2025;1;1
1dea1f63217786b469f54f3de9c83a6c;275;05-12-2025;2025-03-21 16:26:13.548000;Kvinde;20-07-1970;21-03-2025;utm_campaign=Marts25&utm_medium=Weblayer&utm_source=jp.dk;false;false;0;0;0;21-03-2025;20-05-2025;0;0
e4ef9939aade2fbcfc42abe59387806f;92;11-05-2025;2025-03-09 14:57:06.632000;Mand;31-12-1999;09-03-2025;utm_campaign=Marts25&utm_content=e-avis_ikkeabn&utm_medium=matrice&utm_source=jp.dk;false;false;0;0;0;09-03-2025;08-05-2025;0;0
6fc98d7428258b1f7e2cbfcf32151197;153;11-03-2025;2025-03-09 20:43:18.761000;Kvinde;17-10-1985;09-03-2025;utm_campaign=Marts25&utm_content=A&utm_medium=content&utm_source=jp.dk;false;false;0;0;0;09-03-2025;08-05-2025;0;0
77b11ccf26a9e23d4e6fb10a372b8374;352;27-10-2025;2025-03-13 11:42:58.749000;Mand;01-08-1971;13-03-2025;utm_campaign=Marts25&utm_content=A&utm_medium=content&utm_source=jp.dk;false;false;0;0;0;13-03-2025;12-05-2025;0;0
5daa2e5e9f52ac6ee7ef98806e2b42ad;371;01-01-3000;2025-03-22 12:38:30.458000;Kvinde;06-09-1957;27-02-2013;utm_campaign=Marts25&utm_content=A&utm_medium=content&utm_source=jp.dk;true;true;0;0;0;22-03-2025;21-05-2025;3;3
d717496b69d3d8d5d201e81fa257ac9e;243;21-11-2025;2025-03-23 08:03:19.295000;Mand;10-10-1973;16-04-2024;utm_campaign=Marts25&utm_content=A&utm_medium=content&utm_source=jp.dk;false;false;0;0;0;23-03-2025;22-05-2025;0;0
1fc6c306171021f85d6e02cf977da4f1;61;24-03-2025;2025-03-08 13:47:46.990000;Kvinde;04-10-1947;18-03-2021;utm_campaign=Marts25&utm_content=A&utm_medium=content&utm_source=jp.dk;false;false;0;0;0;08-03-2025;07-05-2025;0;0
111f0b8ba99b5f710b9ff3e9fb73df42;1225;28-06-2025;2025-03-05 07:09:22.542000;Mand;16-01-1966;26-09-2016;utm_campaign=Marts25&utm_medium=Matrice&utm_source=jp.dk;false;true;5;3;2;05-03-2025;04-05-2025;2;2
53d01f1f3bec115d6ef1353f681595cb;92;30-04-2025;2025-03-18 19:18:01.098000;Mand;18-01-1966;14-01-2021;utm_campaign=Marts25&utm_content=A&utm_medium=content&utm_source=jp.dk;false;false;1;1;0;18-03-2025;17-05-2025;0;0
c62e2aca7afc1e9c73872a62e30e7848;144;13-08-2025;2025-03-22 21:22:28.431000;Kvinde;09-11-1989;06-12-2022;utm_campaign=Basis_22&utm_content=HeaderButtonRaised&utm_medium=Matrice&utm_source=jp.dk;true;true;0;0;0;22-03-2025;21-05-2025;0;0
8d6db829e8ec4283d3d84a0f47ef3c8e;426;23-07-2025;2025-03-22 06:16:46.875000;Mand;28-02-1942;18-03-2020;utm_campaign=Basis_22&utm_content=HeaderButtonRaised&utm_medium=Matrice&utm_source=jp.dk;true;true;4;4;3;22-03-2025;21-05-2025;4;4
5ec9609c523d672d8c7b3cfc38b5cf8f;644;31-05-2025;2025-03-21 16:11:04.153000;Kvinde;16-04-1973;21-07-2013;utm_campaign=Marts25&utm_content=sc_b&utm_medium=mail&utm_source=mail;true;true;14;3;11;21-03-2025;20-05-2025;0;0
e5de615145f8a831304370c9bb2e4c42;844;01-01-3000;2025-03-17 12:21:14.870000;Mand;09-10-1957;12-01-2013;utm_campaign=Marts25&utm_content=A&utm_medium=content&utm_source=jp.dk;false;true;2;2;0;17-03-2025;16-05-2025;2;2
270b83e04ecc73760c6f4c5f678bae8a;64;08-05-2025;2025-03-05 19:01:44.687000;Mand;13-07-1994;05-03-2025;utm_campaign=Marts25&utm_content=e-avis_ikkeabn&utm_medium=matrice&utm_source=jp.dk;false;false;0;0;0;05-03-2025;04-05-2025;0;0
1cde84f1aa8759c31f345196e5a0ac4a;616;03-01-2026;2025-03-21 07:21:58.367000;Mand;22-09-1947;26-12-2018;utm_campaign=Marts25&utm_content=sc_a&utm_medium=mail&utm_source=mail;true;true;8;3;6;21-03-2025;20-05-2025;1;1
0c1f0cec87d275a5a25de0d6f7f3a32a;92;30-05-2025;2025-03-13 17:54:23.681000;Kvinde;25-07-1968;27-05-2024;utm_campaign=Marts25&utm_content=A&utm_medium=content&utm_source=jp.dk;false;false;0;0;0;13-03-2025;12-05-2025;0;0
5582f3359c519dabc59888fe33454786;6;10-03-2025;2025-03-05 14:08:05.540000;Kvinde;24-10-1955;02-05-2018;utm_campaign=Marts25&utm_content=b&utm_medium=mail&utm_source=mail;true;true;0;0;0;05-03-2025;10-03-2025;2;2
1aa8b8e306867a78fdf10facd145d9d2;92;12-05-2025;2025-03-04 16:41:39.086000;;23-05-1980;04-03-2025;utm_campaign=Marts25&utm_content=B&utm_medium=content&utm_source=jp.dk;true;false;0;0;0;04-03-2025;03-05-2025;0;0
6091f63e9313dc3e4146be31e293f445;275;02-12-2025;2025-03-12 13:25:54.396000;Mand;24-03-1942;02-05-2018;utm_campaign=Marts25&utm_content=A&utm_medium=content&utm_source=jp.dk;false;false;0;0;0;12-03-2025;11-05-2025;3;3
bb57881a5cf90e79b2b7fbf18fcba6ef;1387;30-01-2026;2025-03-21 07:17:28.735000;Mand;21-12-1978;16-09-2021;utm_campaign=Marts25&utm_content=sc_b&utm_medium=mail&utm_source=mail;false;false;7;6;0;21-03-2025;20-05-2025;0;0
0929400c8fa50fe0f12172f3eb32c042;2109;01-01-3000;2025-03-20 08:48:01.654000;Mand;24-04-1948;02-04-2020;utm_campaign=Marts25&utm_medium=Weblayer&utm_source=jp.dk;false;false;1;0;0;20-03-2025;19-05-2025;0;0
bb36e706698779b4386e240e45a76c9f;275;03-12-2025;2025-03-07 14:26:09.448000;Mand;26-03-1974;02-03-2025;utm_campaign=Basis_22&utm_content=HeaderButtonRaised&utm_medium=Matrice&utm_source=jp.dk;false;false;0;0;0;07-03-2025;06-05-2025;0;0
c9e12beabccbe760eb991404a1a6d8a8;92;23-05-2025;2025-03-12 04:17:00.621000;Mand;05-02-1946;12-12-2013;utm_campaign=Marts25&utm_content=B&utm_medium=content&utm_source=jp.dk;false;false;0;0;0;12-03-2025;11-05-2025;0;0
c8a278dec924a95815133c3f0c15e8cd;1642;01-01-3000;2025-03-11 08:56:33.247000;Mand;28-03-1955;28-01-2012;utm_campaign=Basis_22&utm_content=HeaderButtonRaised&utm_medium=Matrice&utm_source=jp.dk;false;true;5;3;1;11-03-2025;10-05-2025;4;4
0fbf18c8102a33efcce853cb88f22501;206;13-05-2025;2025-03-21 12:41:42.877000;Mand;05-04-1967;18-01-2013;utm_campaign=Marts25&utm_content=sc_b&utm_medium=mail&utm_source=mail;false;true;5;4;4;21-03-2025;20-05-2025;2;2
31a8bcdc10668cbc947138c9a0b10ef0;61;21-04-2025;2025-03-23 06:18:15.001000;Kvinde;19-01-1967;23-03-2025;utm_campaign=Marts25&utm_medium=Matrice&utm_source=jp.dk;false;false;0;0;0;23-03-2025;22-05-2025;0;0
9f6cebfdcb0808f398039940c0e923e3;832;26-03-2025;2025-03-07 09:24:20.821000;Kvinde;03-12-1965;;utm_campaign=Marts25&utm_content=a&utm_medium=mail&utm_source=mail;false;false;4;3;2;07-03-2025;06-05-2025;0;0
995b95ede4107aab54f00f40a337f04f;214;23-09-2025;2025-03-20 10:37:10.283000;Mand;18-07-1978;20-03-2025;utm_campaign=Marts25&utm_content=A&utm_medium=content&utm_source=jp.dk;false;false;0;0;0;20-03-2025;19-05-2025;0;0
b83f2517fe31511f1844600382c10fff;92;10-06-2025;2025-03-15 17:28:38.218000;Kvinde;22-05-2006;05-04-2022;utm_campaign=Marts25&utm_content=A&utm_medium=content&utm_source=jp.dk;false;false;0;0;0;15-03-2025;14-05-2025;0;0
e7b7e0997cfb6da158631fb040cc14a4;411;25-03-2025;2025-03-12 06:42:20.431000;Mand;05-06-1942;30-06-2012;utm_campaign=Marts25&utm_content=A&utm_medium=content&utm_source=jp.dk;true;true;3;2;2;12-03-2025;11-05-2025;0;0
555edd907cc4194ff6ac3441ebd3dbbe;152;18-03-2025;2025-03-18 11:18:33.133000;Mand;08-06-1982;11-08-2011;utm_campaign=Basis_22&utm_content=HeaderButtonRaised&utm_medium=Matrice&utm_source=jp.dk;false;false;1;1;0;18-03-2025;17-05-2025;0;0
212576b9422b677f9ab77323ac2e636f;292;29-06-2025;2025-03-15 16:08:09.076000;Kvinde;26-05-1954;11-03-2023;utm_campaign=Marts25&utm_content=A&utm_medium=content&utm_source=jp.dk;false;false;1;1;0;15-03-2025;14-05-2025;0;0
c275388bc56a60aedfef3a0d4197b3e8;580;23-09-2025;2025-03-16 06:17:33.698000;Kvinde;28-04-1960;04-01-2024;utm_campaign=Marts25&utm_content=B&utm_medium=content&utm_source=jp.dk;false;false;1;1;0;16-03-2025;15-05-2025;0;0
d3bbd78fc08ccc5abd12a2162dd5633e;61;15-03-2025;2025-03-15 15:38:09.383000;Kvinde;18-01-1976;15-03-2025;utm_campaign=Marts25&utm_content=A&utm_medium=content&utm_source=jp.dk;false;false;0;0;0;15-03-2025;14-05-2025;0;0
6329358de53bfa9dbc7d0f9fa5507d3f;456;15-05-2025;2025-03-21 10:23:36.285000;Kvinde;25-04-1956;05-01-2019;utm_campaign=Marts25&utm_content=sc_b&utm_medium=mail&utm_source=mail;false;true;1;1;0;21-03-2025;20-05-2025;0;0
77d030727b03fd6c9a637362091819d1;351;04-02-2026;2025-03-22 05:19:56.403000;Mand;11-06-1977;08-11-2021;utm_campaign=Marts25&utm_content=sc_a&utm_medium=mail&utm_source=mail;false;true;1;0;1;22-03-2025;21-05-2025;0;0
2c82f7a3f92409b674dbf5d3321f88c9;198;15-08-2025;2025-03-05 15:19:11.406000;Mand;10-01-1952;01-07-2020;utm_campaign=Marts25&utm_content=b&utm_medium=mail&utm_source=mail;true;true;3;2;2;05-03-2025;04-05-2025;2;2
bfc04c65971b32ccb1e0fad11903aba1;160;08-08-2025;2025-03-22 21:57:42.648000;Mand;24-08-1984;09-03-2022;utm_campaign=Marts25&utm_content=B&utm_medium=content&utm_source=jp.dk;true;true;1;0;1;22-03-2025;21-05-2025;0;0
59873b542c5de67efd6802e056c1510b;384;22-04-2025;2025-03-13 21:10:10.657000;Kvinde;13-02-1976;27-07-2015;utm_campaign=Marts25&utm_content=A&utm_medium=content&utm_source=jp.dk;false;false;2;2;0;13-03-2025;12-05-2025;0;0
47694cdbb2243f81f62a7682056c852e;1526;01-01-3000;2025-03-05 15:03:52.315000;Kvinde;03-06-1963;07-08-2021;utm_campaign=Marts25&utm_content=b&utm_medium=mail&utm_source=mail;false;true;3;1;1;05-03-2025;04-05-2025;0;0
807140c18ac69fe5e80575caee161c43;371;01-01-3000;2025-03-22 15:48:42.464000;Mand;25-02-1953;02-02-2023;utm_campaign=Marts25&utm_medium=Weblayer&utm_source=jp.dk;true;true;0;0;0;22-03-2025;21-05-2025;0;0
0c67f17cceae3e2cec14347f059d0a00;1059;12-05-2025;2025-03-19 18:54:51.565000;Kvinde;08-05-1964;08-06-2022;utm_campaign=Marts25&utm_medium=Weblayer&utm_source=jp.dk;false;true;6;4;2;19-03-2025;18-05-2025;0;0
165f56b5135a0282a1e37ae63be6482c;540;05-03-2026;2025-03-19 16:20:47.474000;Mand;26-04-1960;05-03-2022;utm_campaign=Marts25&utm_medium=Weblayer&utm_source=jp.dk;false;false;3;2;1;19-03-2025;18-05-2025;0;0
66c688595e2ec62dcbd9fe7d840d3ce1;186;24-09-2025;2025-03-22 10:09:56.337000;Mand;21-06-1967;22-03-2025;utm_campaign=Marts25&utm_content=B&utm_medium=content&utm_source=jp.dk;true;true;0;0;0;22-03-2025;21-05-2025;0;0
509eb40f6a6056d22be169a2acd80db3;374;01-01-3000;2025-03-19 19:49:08.452000;Mand;23-04-1960;19-03-2025;utm_campaign=Marts25&utm_medium=Weblayer&utm_source=jp.dk;false;false;0;0;0;19-03-2025;18-05-2025;0;0
3cdfb0b20d7df4fafb8306203459b4bc;61;13-04-2025;2025-03-15 11:13:55.667000;Mand;11-08-1986;17-03-2025;utm_campaign=Marts25&utm_content=B&utm_medium=content&utm_source=jp.dk;false;false;0;0;0;15-03-2025;14-05-2025;0;0
5469793ef2178893320b025aec95559b;214;02-10-2025;2025-03-15 19:53:53.134000;Mand;24-02-1960;15-03-2025;utm_campaign=Marts25&utm_content=B&utm_medium=content&utm_source=jp.dk;false;false;0;0;0;15-03-2025;14-05-2025;0;0
aac9bb91d160b45de44dd566969c0839;773;16-05-2025;2025-03-10 17:41:28.044000;Mand;06-06-1957;14-07-2015;utm_campaign=Marts25&utm_content=A&utm_medium=content&utm_source=jp.dk;false;true;6;5;1;10-03-2025;09-05-2025;1;2
68f122f11bd427db445b55d31d330b93;965;08-07-2025;2025-03-23 22:00:27.264000;Mand;26-09-1974;23-09-2021;utm_campaign=Marts25&utm_content=sc_a&utm_medium=mail&utm_source=mail;false;true;9;6;3;23-03-2025;23-05-2025;0;0
1da131d7a8dc57b82789529e6f1df128;480;02-04-2025;2025-03-05 12:46:53.379000;Mand;20-06-1952;05-03-2013;utm_campaign=Marts25&utm_content=a&utm_medium=mail&utm_source=mail;false;true;21;11;13;05-03-2025;04-05-2025;4;4
f21cb19a15c316900e2e471423ad2eb2;1405;23-03-2025;2025-03-22 10:19:58.439000;Mand;04-01-1976;17-10-2020;utm_campaign=Marts25&utm_content=A&utm_medium=content&utm_source=jp.dk;false;true;15;6;6;22-03-2025;21-05-2025;0;0
6bd0f400ff4d5f60356a683f2b2ead41;337;12-01-2026;2025-03-08 12:13:30.602000;Mand;18-02-1965;08-03-2025;utm_campaign=Marts25&utm_content=B&utm_medium=content&utm_source=jp.dk;false;false;0;0;0;08-03-2025;07-05-2025;0;0
02b7d82acbdccb3a893aaab9163b895e;369;01-01-3000;2025-03-24 07:03:35.250000;Kvinde;20-03-1955;30-05-2016;utm_campaign=Basis_22&utm_content=HeaderButtonRaised&utm_medium=Matrice&utm_source=jp.dk;false;false;0;0;0;24-03-2025;23-05-2025;0;0
8e48f4745035a6aec9cb5ce22b3cf29e;1180;01-01-3000;2025-03-11 10:58:54.357000;Mand;24-09-1964;13-11-2014;utm_campaign=Basis_22&utm_content=HeaderButtonRaised&utm_medium=Matrice&utm_source=jp.dk;true;true;4;1;1;11-03-2025;10-05-2025;0;0
d7b8fd9ea68936826991511041434b9c;801;08-03-2026;2025-03-23 06:05:15.637000;Mand;17-11-1981;20-01-2013;utm_campaign=Marts25&utm_medium=topticker&utm_source=jp.dk;false;false;4;2;2;23-03-2025;22-05-2025;0;0
5eb134a15957b96a04fdaa64d3990e0e;871;04-05-2025;2025-03-10 12:30:11.973000;Mand;21-07-1945;05-10-2019;utm_campaign=Marts25&utm_content=B&utm_medium=content&utm_source=jp.dk;false;true;8;6;1;10-03-2025;09-05-2025;0;0
5f9c3f215ecb6d25befc985b9c24beb3;700;12-03-2025;2025-03-10 15:36:42.804000;Mand;02-06-1974;26-01-2020;utm_campaign=Basis_22&utm_content=HeaderButtonRaised&utm_medium=Matrice&utm_source=jp.dk;false;true;4;4;0;10-03-2025;09-05-2025;0;0
571159ca10daca95e57ac9661ce75d2c;160;10-05-2025;2025-03-22 20:03:31.431000;Mand;03-04-1993;03-04-2015;utm_campaign=Basis_22&utm_content=HeaderButtonRaised&utm_medium=Matrice&utm_source=jp.dk;false;false;2;1;1;22-03-2025;21-05-2025;0;0
647b9a8e69e1823003b5351fa6ce97a8;61;23-03-2025;2025-03-22 22:22:15.100000;Mand;10-08-1999;22-03-2025;utm_campaign=Marts25&utm_medium=Weblayer&utm_source=jp.dk;false;false;0;0;0;22-03-2025;21-05-2025;0;0
99a0f95a4a750cccd246fe2f3191a5bf;1807;01-01-3000;2025-03-14 10:50:05.237000;Mand;27-04-1957;04-10-2015;utm_campaign=Basis_22&utm_content=HeaderButtonRaised&utm_medium=Matrice&utm_source=jp.dk;false;false;1;0;0;14-03-2025;13-05-2025;0;0
1b80666626b354ab5a46a621d4b881ab;1039;01-01-3000;2025-03-06 06:53:39.071000;Mand;18-07-1956;07-06-2012;utm_campaign=Marts25&utm_content=A&utm_medium=content&utm_source=jp.dk;false;true;5;2;2;06-03-2025;05-05-2025;0;0
e26dba81c57ccba42137cb465b43af51;175;05-05-2025;2025-03-17 07:26:15.547000;Kvinde;17-07-1955;17-03-2025;utm_campaign=Basis_22&utm_content=HeaderButtonRaised&utm_medium=Matrice&utm_source=jp.dk;false;false;0;0;0;17-03-2025;16-05-2025;0;0
0fc48cd35b20bd28075e74a9879ddaef;98;23-04-2025;2025-03-10 12:05:46.615000;Mand;02-08-1982;09-06-2012;utm_campaign=Marts25&utm_content=B&utm_medium=content&utm_source=jp.dk;false;true;2;0;1;10-03-2025;09-05-2025;0;0
0484f997f96e9c43723d291f2abd975d;61;19-03-2025;2025-03-04 18:51:18.529000;Mand;27-02-1972;04-03-2025;utm_campaign=Marts25&utm_content=A&utm_medium=content&utm_source=jp.dk;false;false;0;0;0;04-03-2025;03-05-2025;0;1
56d0f1684db83e82bdad0992cf7ae4b2;275;18-11-2025;2025-03-10 14:53:22.381000;Mand;10-11-1971;09-10-2018;utm_campaign=Marts25&utm_content=B&utm_medium=content&utm_source=jp.dk;false;false;0;0;0;10-03-2025;09-05-2025;0;0
6c925b49b5a96735146e5ff5aa0d32ff;350;31-10-2025;2025-03-06 09:14:04.434000;Mand;25-04-1957;29-09-2022;utm_campaign=Marts25&utm_content=b&utm_medium=mail&utm_source=mail;false;true;1;1;0;06-03-2025;05-05-2025;0;0
2d4d321307fe1f90c06d5213e604941f;61;18-03-2025;2025-03-12 16:22:30.831000;Mand;26-10-1938;12-03-2025;utm_campaign=&utm_content=genbesog_JP_digital&utm_medium=ppc&utm_source=adwords&utm_term=jyllands-posten+abonnement;false;false;0;0;0;12-03-2025;11-05-2025;0;0
8efb8a33d556fb901829086a16b7d0ef;371;01-01-3000;2025-03-22 01:35:03.379000;Kvinde;30-05-1957;28-06-2024;utm_campaign=Marts25&utm_content=sc_a&utm_medium=mail&utm_source=mail;true;true;0;0;0;22-03-2025;21-05-2025;0;0
9d5ff4740115f12ddda4845e9acf9f48;153;29-07-2025;2025-03-11 18:13:54.486000;Kvinde;13-09-1959;25-04-2020;utm_campaign=Marts25&utm_content=B&utm_medium=content&utm_source=jp.dk;false;false;0;0;0;11-03-2025;10-05-2025;0;0
fa71593f4cefdc83dfb80bc4c89c7fcc;398;17-03-2025;2025-03-05 19:12:00.150000;Mand;06-06-1968;01-05-2022;utm_campaign=Marts25&utm_content=b&utm_medium=mail&utm_source=mail;false;true;1;1;0;05-03-2025;04-05-2025;0;0
09544243c430485fea1ca5cdcc2e4d25;371;01-01-3000;2025-03-22 09:00:18.631000;Mand;21-05-1960;22-03-2025;utm_campaign=Marts25&utm_content=A&utm_medium=content&utm_source=jp.dk;true;true;0;0;0;22-03-2025;21-05-2025;0;0
ff81f902de50b4df3d8f54c395bbdea4;70;18-05-2025;2025-03-20 21:27:22.386000;Mand;05-10-1972;20-03-2025;;false;false;0;0;0;20-03-2025;19-05-2025;0;0
10ff7398704c037f6a9acefe44160e7b;1738;17-03-2025;2025-03-06 10:29:22.338000;Mand;26-08-1960;10-06-2012;utm_campaign=Marts25&utm_content=B&utm_medium=content&utm_source=jp.dk;false;true;14;7;6;06-03-2025;05-05-2025;0;0
ea2607eb559fc1a29cc0985002eb4993;1804;01-12-2025;2025-03-21 09:05:28.258000;Mand;06-04-1943;07-12-2018;utm_campaign=Marts25&utm_content=sc_b&utm_medium=mail&utm_source=mail;true;true;1;0;0;21-03-2025;20-05-2025;0;1
cd228c9e541eb4614990045843f581f2;61;21-04-2025;2025-03-15 13:06:55.315000;Mand;19-06-1977;15-03-2025;utm_campaign=Marts25&utm_content=B&utm_medium=content&utm_source=jp.dk;false;false;0;0;0;15-03-2025;14-05-2025;0;0
122d86776d560a09a86c821924297a8e;122;11-06-2025;2025-03-10 11:55:05.577000;Mand;30-06-1972;02-05-2018;utm_campaign=Marts25&utm_content=A&utm_medium=content&utm_source=jp.dk;false;false;0;0;0;10-03-2025;09-05-2025;0;0
c1759212b2bbec62900012de41386782;1602;17-03-2025;2025-03-17 09:48:14.332000;Mand;11-04-1986;28-12-2019;utm_campaign=Marts25&utm_content=B&utm_medium=content&utm_source=jp.dk;true;true;113;2;111;17-03-2025;16-05-2025;0;0
ea41bd937e3494ea25f23bd977ba0575;376;01-01-3000;2025-03-17 00:10:31.445000;Mand;04-04-1974;17-03-2025;utm_campaign=Marts25&utm_content=A&utm_medium=content&utm_source=jp.dk;false;false;0;0;0;17-03-2025;16-05-2025;0;0
260ecef60f4aa81a9bbee7feb50baa90;365;26-02-2026;2025-03-14 22:14:56.444000;Kvinde;30-11-1976;14-03-2025;utm_campaign=Marts25&utm_content=A&utm_medium=content&utm_source=jp.dk;false;false;0;0;0;14-03-2025;13-05-2025;0;0
0ed22aaaff7efc4fec0edc8fd96ad571;579;30-09-2025;2025-03-05 17:30:57.654000;Mand;25-07-1949;28-03-2022;utm_campaign=Marts25&utm_content=a&utm_medium=mail&utm_source=mail;false;true;3;2;1;05-03-2025;04-05-2025;0;0
3486d8fbc710dec226242a9372c7a6b6;375;24-03-2025;2025-03-18 21:08:12.710000;Mand;16-10-1969;08-02-2012;utm_campaign=Marts25&utm_content=A&utm_medium=content&utm_source=jp.dk;true;true;0;0;0;18-03-2025;23-03-2025;3;4
3c50279c1b9fa031b0aea0db774dbf3b;492;12-05-2025;2025-03-06 13:27:52.894000;Mand;24-12-1955;03-10-2018;utm_campaign=Marts25&utm_content=A&utm_medium=content&utm_source=jp.dk;false;true;11;6;7;06-03-2025;05-05-2025;1;0
89c59f1c957f1af29ebb9e618cf55e5c;506;20-10-2025;2025-03-24 08:31:26.177000;Mand;17-10-1975;29-09-2012;utm_campaign=Basis_22&utm_content=HeaderButtonRaised&utm_medium=Matrice&utm_source=jp.dk;false;true;7;3;4;24-03-2025;23-05-2025;0;0
64be7e486e1a7a9c0654c3ae81310447;312;16-05-2025;2025-03-22 14:08:55.750000;Mand;24-01-1957;28-03-2016;utm_campaign=Marts25&utm_content=sc_b&utm_medium=mail&utm_source=mail;true;true;2;1;1;22-03-2025;21-05-2025;0;0
ba0c979afb67053e190747598d211ce8;479;09-03-2025;2025-03-09 21:37:51.016000;Mand;12-10-1980;04-07-2013;utm_campaign=Marts25&utm_content=B&utm_medium=content&utm_source=jp.dk;false;false;5;2;2;09-03-2025;08-05-2025;0;0
afdd170767f40ce0175d30926b5de7d8;390;05-08-2025;2025-03-16 07:38:29.444000;Mand;15-10-1974;28-05-2022;utm_campaign=Marts25&utm_content=B&utm_medium=content&utm_source=jp.dk;false;false;3;3;0;16-03-2025;15-05-2025;0;0
254f38248eea896ec7084daa2f6602aa;225;23-04-2025;2025-03-19 11:36:51.039000;Kvinde;08-10-1977;21-06-2015;utm_campaign=Marts25&utm_content=A&utm_medium=content&utm_source=jp.dk;false;true;2;1;0;19-03-2025;18-05-2025;0;0
3d8cf090b56ded7bb0f80503840ebb67;918;01-01-3000;2025-03-23 09:38:34.245000;Mand;21-02-1966;05-10-2022;utm_campaign=Marts25&utm_content=sc_a&utm_medium=mail&utm_source=mail;false;true;1;1;0;23-03-2025;22-05-2025;0;0
14df285cfbc6233b5735b67454fafc5b;122;13-06-2025;2025-03-10 11:31:07.673000;Kvinde;16-06-1994;20-11-2020;utm_campaign=Marts25&utm_content=B&utm_medium=content&utm_source=jp.dk;false;false;0;0;0;10-03-2025;09-05-2025;0;0
ea2c555ab41e83356e30f8f0c7e3e6af;606;04-11-2025;2025-03-11 08:53:53.679000;Mand;22-11-1942;03-01-2023;utm_campaign=Basis_22&utm_content=HeaderButtonRaised&utm_medium=Matrice&utm_source=jp.dk;true;true;3;3;1;11-03-2025;10-05-2025;4;4
0b65e3d1e1771fad90f13172a6b4f90a;153;08-07-2025;2025-03-05 17:21:26.090000;Kvinde;18-05-2005;05-03-2025;utm_campaign=Marts25&utm_content=B&utm_medium=content&utm_source=jp.dk;false;false;0;0;0;05-03-2025;04-05-2025;0;0
71696a3681edfedacd613c58d75c99d4;467;01-01-3000;2025-03-15 06:08:21.243000;Mand;01-07-1965;10-02-2023;utm_campaign=Marts25&utm_content=A&utm_medium=content&utm_source=jp.dk;false;false;1;1;0;15-03-2025;14-05-2025;0;0
862228c71e06513517a016fb17580c94;337;10-01-2026;2025-03-08 09:25:23.466000;Mand;02-01-1942;02-09-2013;utm_campaign=Basis_22&utm_content=HeaderButtonRaised&utm_medium=Matrice&utm_source=jp.dk;false;false;0;0;0;08-03-2025;07-05-2025;0;0
85bfda24811f12ef9db73027d7d0ba48;243;16-03-2025;2025-03-16 11:24:12.784000;Kvinde;16-01-1996;14-03-2015;utm_campaign=Marts25&utm_content=A&utm_medium=content&utm_source=jp.dk;false;false;2;1;0;16-03-2025;15-05-2025;0;0
51a9cdc3a3de7855a8957c15513ffe2c;92;13-05-2025;2025-03-10 10:14:02.183000;Mand;28-12-1988;24-12-2024;utm_campaign=Marts25&utm_content=A&utm_medium=content&utm_source=jp.dk;false;false;0;0;0;10-03-2025;09-05-2025;0;0
7052d949d939fc804724f9706d031f04;617;21-05-2025;2025-03-23 12:17:43.386000;Mand;26-03-1956;05-06-2021;utm_campaign=Marts25&utm_content=sc_b&utm_medium=mail&utm_source=mail;true;true;10;5;5;23-03-2025;22-05-2025;0;0
1fe8d767d3aa8a905060bf3e83ca0c59;61;13-03-2025;2025-03-12 00:33:09.167000;Kvinde;26-07-1972;12-03-2025;utm_campaign=Marts25&utm_content=B&utm_medium=content&utm_source=jp.dk;false;false;0;0;0;12-03-2025;11-05-2025;0;0
3ab2a27e0f8fb6cf68d6d0229504b5aa;92;06-05-2025;2025-03-04 12:01:52.543000;Mand;13-02-1978;04-03-2025;utm_campaign=Marts25&utm_content=A&utm_medium=content&utm_source=jp.dk;true;true;0;0;0;04-03-2025;03-05-2025;0;1
6da9c812091932fced96420eab2919f7;275;28-11-2025;2025-03-14 11:03:09.384000;Kvinde;08-02-1981;29-03-2012;utm_campaign=Marts25&utm_content=B&utm_medium=content&utm_source=jp.dk;false;false;0;0;0;14-03-2025;13-05-2025;1;1
df4cea7c2a94d61ad95343911e2ee08a;892;01-01-3000;2025-03-22 06:19:57.912000;Kvinde;01-04-1938;28-04-2023;utm_campaign=Marts25&utm_content=sc_a&utm_medium=mail&utm_source=mail;true;true;1;1;0;22-03-2025;21-05-2025;0;0
64e1ab7fa2a5fd929c6caccc5e309204;1669;01-01-3000;2025-03-05 14:50:09.403000;Mand;15-01-1956;11-09-2012;utm_campaign=Marts25&utm_content=b&utm_medium=mail&utm_source=mail;false;true;4;3;0;05-03-2025;04-05-2025;0;0
cb1999f44040d75a589b9677b11ab6dd;487;09-09-2025;2025-03-06 18:37:34.178000;Mand;23-08-1982;25-04-2015;utm_campaign=Basis_22&utm_content=HeaderButtonRaised&utm_medium=Matrice&utm_source=jp.dk;false;false;5;4;0;06-03-2025;05-05-2025;0;0
1dd10be27abc5ad145852d8b3ac41bc5;1602;22-05-2025;2025-03-09 14:40:50.119000;Mand;26-05-1967;19-08-2020;utm_campaign=Marts25&utm_content=B&utm_medium=content&utm_source=jp.dk;false;true;5;3;1;09-03-2025;08-05-2025;0;0
c9d9513e179483c3818a8f0638759a04;433;01-01-3000;2025-03-21 05:55:19.869000;Mand;13-06-1972;28-04-2013;utm_campaign=Morgen&utm_content=2025-03-21&utm_medium=email&utm_source=jp;true;true;1;0;0;21-03-2025;20-05-2025;5;6
63897b31c21845c2831f2e3500dd0275;92;07-03-2025;2025-03-05 21:11:26.570000;Kvinde;12-07-1961;22-09-2022;utm_campaign=Marts25&utm_content=b&utm_medium=mail&utm_source=mail;false;false;1;1;0;05-03-2025;04-05-2025;0;0
a31e2114032d1859c32b0b5ad797c3db;122;20-06-2025;2025-03-18 05:52:40.391000;Mand;08-11-1979;11-08-2011;utm_campaign=Marts25&utm_content=A&utm_medium=content&utm_source=jp.dk;false;false;0;0;0;18-03-2025;17-05-2025;0;0
57cef26b24dd3261305b89346fde0eeb;421;24-03-2025;2025-03-22 07:58:27.459000;Kvinde;23-10-1951;27-03-2024;utm_campaign=Marts25&utm_content=sc_b&utm_medium=mail&utm_source=mail;true;true;2;2;1;22-03-2025;21-05-2025;9;9
72d1e04b4efb1a26e958273f601ecbd6;117;05-04-2025;2025-03-22 05:44:12.274000;Kvinde;15-11-1946;23-12-2021;utm_campaign=Marts25&utm_content=sc_b&utm_medium=mail&utm_source=mail;false;true;3;3;3;22-03-2025;21-05-2025;1;1
b81975e1d1257d9a93072ffb3348ab75;1636;01-01-3000;2025-03-08 10:44:28.573000;Mand;20-03-1957;22-10-2015;utm_campaign=Marts25&utm_content=a&utm_medium=mail&utm_source=mail;true;true;11;3;7;08-03-2025;07-05-2025;0;0
fba1db33923003177babc40f0a3cfe8d;61;16-04-2025;2025-03-06 09:40:08.191000;Kvinde;10-10-1964;06-03-2025;utm_campaign=Marts25&utm_content=B&utm_medium=content&utm_source=jp.dk;false;false;0;0;0;06-03-2025;05-05-2025;0;0
6d8714d39b892dfb0983c38baf79e278;61;10-03-2025;2025-03-08 07:01:27.062000;Kvinde;02-09-1989;08-03-2025;utm_campaign=Marts25&utm_content=B&utm_medium=content&utm_source=jp.dk;false;false;0;0;0;08-03-2025;07-05-2025;0;0
9eeffbaacde0e7c9e1e907f057ca5f3b;122;25-05-2025;2025-03-23 13:08:17.046000;Mand;15-11-1994;28-07-2013;utm_campaign=Marts25&utm_content=A&utm_medium=content&utm_source=jp.dk;false;false;1;0;0;23-03-2025;22-05-2025;0;0
b5c5c1d4107e652fdeaa368f88a51a8e;117;30-03-2025;2025-03-23 15:22:28.770000;Kvinde;23-08-1944;04-12-2012;utm_campaign=Marts25&utm_content=sc_b&utm_medium=mail&utm_source=mail;false;true;2;2;2;23-03-2025;22-05-2025;17;16
ebeaea7e2ddca46b8c609a62d1d6a580;543;01-01-3000;2025-03-04 07:07:57.334000;Kvinde;22-12-1960;09-03-2015;utm_campaign=Marts25&utm_content=B&utm_medium=content&utm_source=jp.dk;false;true;1;1;0;04-03-2025;03-05-2025;0;0
0f83f350b48ba9a34a3a312205196d45;153;21-07-2025;2025-03-19 07:23:14.518000;Kvinde;27-11-1991;19-03-2025;utm_campaign=Marts25&utm_content=A&utm_medium=content&utm_source=jp.dk;false;false;0;0;0;19-03-2025;18-05-2025;0;0
46372de78e0b9375dee15073d1b5ad6f;634;26-09-2025;2025-03-08 16:13:08.878000;Mand;18-09-1946;11-11-2016;utm_campaign=Marts25&utm_medium=Matrice&utm_source=jp.dk;true;true;2;0;1;08-03-2025;07-05-2025;4;4
0e652b27d3a34ff8cbc25c43226e2e2f;820;28-04-2025;2025-03-03 17:32:18.412000;Mand;17-04-1953;16-09-2021;utm_campaign=Basis_22&utm_content=HeaderButtonRaised&utm_medium=Matrice&utm_source=jp.dk;false;true;7;7;1;03-03-2025;02-05-2025;0;0
81a6dcabba113493087f9862fcb9375c;92;20-05-2025;2025-03-13 18:11:51.457000;Kvinde;18-06-1961;01-10-2014;utm_campaign=Marts25&utm_content=A&utm_medium=content&utm_source=jp.dk;true;true;0;0;0;13-03-2025;12-05-2025;0;0
93fa9537926c7f96cf472bf3e3a30bca;1267;01-01-3000;2025-03-13 07:28:44.741000;Mand;24-04-1950;29-03-2022;utm_campaign=Basis_22&utm_content=HeaderButtonRaised&utm_medium=Matrice&utm_source=jp.dk;true;true;7;5;2;13-03-2025;12-05-2025;0;2
11b03d02ea6b3dba705fedac764a799e;61;07-04-2025;2025-03-09 06:40:17.425000;Kvinde;06-07-1987;09-03-2025;utm_campaign=Marts25&utm_content=A&utm_medium=content&utm_source=jp.dk;false;false;0;0;0;09-03-2025;08-05-2025;0;0
a127622a8e755cdd518273575edae201;461;18-04-2025;2025-03-21 08:53:21.999000;Mand;05-01-1950;05-04-2015;utm_campaign=Marts25&utm_content=sc_b&utm_medium=mail&utm_source=mail;true;true;12;4;10;21-03-2025;20-05-2025;1;1
0d6c69e77bfc8c02485d8144d9df5c3b;537;01-01-3000;2025-03-09 22:15:18.955000;Kvinde;18-09-1972;04-11-2018;utm_campaign=Marts25&utm_content=A&utm_medium=content&utm_source=jp.dk;false;true;2;1;0;09-03-2025;08-05-2025;0;0
3b14d58a14632ed87ae70ed029355208;92;24-05-2025;2025-03-22 02:57:11.743000;Mand;15-08-1969;22-03-2025;utm_campaign=Marts25&utm_medium=Weblayer&utm_source=jp.dk;false;false;0;0;0;22-03-2025;21-05-2025;0;0
b1b4ca2372f53316b106967700debe0b;252;23-05-2025;2025-03-10 21:06:38.247000;Mand;25-12-1953;05-12-2020;utm_campaign=Marts25&utm_content=a&utm_medium=mail&utm_source=mail;false;true;2;1;1;10-03-2025;09-05-2025;0;0
9e0088e9ee60088a284bb54dcdc18eb5;122;20-06-2025;2025-03-14 18:44:52.603000;Mand;02-04-1967;05-06-2023;utm_campaign=Marts25&utm_content=A&utm_medium=content&utm_source=jp.dk;false;false;0;0;0;14-03-2025;13-05-2025;0;0
c4787528228f697c489493f9dbc30683;1214;01-01-3000;2025-03-03 12:21:56.870000;Mand;20-02-1972;30-04-2015;utm_campaign=Marts25&utm_content=B&utm_medium=content&utm_source=jp.dk;false;true;1;1;0;03-03-2025;02-05-2025;0;0
4896ea98f4c230ae7176e09053413ffc;668;10-06-2025;2025-03-05 16:47:02.218000;Mand;18-07-1956;05-01-2014;utm_campaign=Marts25&utm_content=b&utm_medium=mail&utm_source=mail;false;true;3;1;0;05-03-2025;04-05-2025;0;0
1376c4d7ef2a80b1377f57594742b5d4;61;10-03-2025;2025-03-10 10:11:45.748000;Mand;06-03-1964;10-03-2025;utm_campaign=Marts25&utm_content=B&utm_medium=content&utm_source=jp.dk;false;false;0;0;0;10-03-2025;09-05-2025;0;0
09605f5feba08df0b294e49c34e8361d;1212;05-06-2025;2025-03-21 07:37:45.388000;Mand;26-12-1944;15-03-2012;utm_campaign=Marts25&utm_content=sc_a&utm_medium=mail&utm_source=mail;true;true;4;3;2;21-03-2025;20-05-2025;0;0
b768d697a9b69a640ac06e346e9ab41a;1763;09-10-2025;2025-03-05 10:13:45.436000;Mand;11-02-1953;27-12-2012;utm_campaign=Marts25&utm_content=A&utm_medium=content&utm_source=jp.dk;true;false;24;14;2;05-03-2025;04-05-2025;0;0
1e0ee1a98bb5daf6118705a5b2986dca;905;03-05-2025;2025-03-17 06:17:56.527000;Kvinde;16-11-1965;16-01-2020;utm_campaign=Marts25&utm_content=A&utm_medium=content&utm_source=jp.dk;false;false;8;7;1;17-03-2025;16-05-2025;0;0
50c8241b217a6fdf985092122b8a6114;122;07-07-2025;2025-03-10 12:54:24.111000;Mand;09-05-1983;10-03-2025;utm_campaign=Marts25&utm_content=A&utm_medium=content&utm_source=jp.dk;true;false;0;0;0;10-03-2025;09-05-2025;0;0
e1cc2945a2ec96f8f2d396564b9b4913;610;10-12-2025;2025-03-21 09:11:12.631000;Mand;25-09-1975;31-12-2018;utm_campaign=Marts25&utm_content=sc_b&utm_medium=mail&utm_source=mail;false;true;3;2;1;21-03-2025;20-05-2025;0;0
a9f26321a4149c609504b1c01b16a8cb;245;02-11-2025;2025-03-09 19:28:06.845000;;03-06-2002;09-03-2025;utm_campaign=Marts25&utm_medium=Matrice&utm_source=jp.dk;true;true;0;0;0;09-03-2025;08-05-2025;0;0
0df5b387b78e35a51c02f8560b6beea2;291;11-08-2025;2025-03-09 03:41:44.924000;Kvinde;12-10-1964;08-12-2012;utm_campaign=Marts25&utm_content=B&utm_medium=content&utm_source=jp.dk;true;true;0;0;0;09-03-2025;08-05-2025;0;0
0d56571f7f84ac94a9f2040df12af2f3;81;04-06-2025;2025-03-16 16:16:23.204000;Mand;29-05-1976;16-03-2025;utm_campaign=Marts25&utm_content=A&utm_medium=content&utm_source=jp.dk;false;false;0;0;0;16-03-2025;15-05-2025;0;0
14a7b456c6f672b6bf51838adcad474c;184;10-08-2025;2025-03-03 13:28:50.853000;Mand;01-05-1980;03-03-2025;utm_campaign=Basis_22&utm_content=HeaderButtonRaised&utm_medium=Matrice&utm_source=jp.dk;false;false;0;0;0;03-03-2025;02-05-2025;0;0
f4ee025e8164ca80914279997ef8379e;400;01-01-3000;2025-03-07 23:26:17.897000;Mand;26-06-1977;10-01-2020;utm_campaign=Marts25&utm_content=a&utm_medium=mail&utm_source=mail;false;true;1;1;1;07-03-2025;06-05-2025;1;1
a2e729827f0e72005698a0ba1313aae1;92;20-05-2025;2025-03-11 21:00:34.272000;Mand;07-06-1951;25-05-2023;utm_campaign=Basis_22&utm_content=HeaderButtonRaised&utm_medium=Matrice&utm_source=jp.dk;false;false;0;0;0;11-03-2025;10-05-2025;0;0
dcaadf3ddcf358e577151fecadb3967d;61;14-03-2025;2025-03-06 10:04:37.020000;Kvinde;28-04-2002;17-12-2024;utm_campaign=Basis_22&utm_content=HeaderButtonRaised&utm_medium=Matrice&utm_source=jp.dk;false;false;0;0;0;06-03-2025;05-05-2025;0;0
f8ca4217d40e82b809f2ecd679606f05;443;17-08-2025;2025-03-05 16:42:32.799000;Mand;16-10-1939;04-10-2023;utm_campaign=Marts25&utm_content=a&utm_medium=mail&utm_source=mail;true;true;2;2;0;05-03-2025;04-05-2025;3;3
4b5ac62530c308e8b1869b7c95414415;248;26-06-2025;2025-03-21 12:32:00.429000;Mand;30-06-1949;11-06-2012;utm_campaign=Marts25&utm_content=sc_a&utm_medium=mail&utm_source=mail;false;true;2;2;2;21-03-2025;20-05-2025;0;0
cd56a0cd8667821575100b3250a9b4f8;568;01-01-3000;2025-03-22 14:49:01.818000;Mand;07-04-1971;22-01-2014;utm_campaign=Marts25&utm_content=B&utm_medium=content&utm_source=jp.dk;true;true;9;2;8;22-03-2025;21-05-2025;1;1
c4b4438193127c3eb6ee62ffd82b6283;61;10-04-2025;2025-03-13 07:25:38.163000;Kvinde;22-03-1964;13-03-2025;utm_campaign=Marts25&utm_content=A&utm_medium=content&utm_source=jp.dk;true;true;0;0;0;13-03-2025;12-05-2025;0;0
f2f9a0e15da517768c7965ab94e2a5ab;184;01-09-2025;2025-03-19 18:25:11.600000;Mand;03-07-1990;19-03-2025;utm_campaign=Marts25&utm_content=A&utm_medium=content&utm_source=jp.dk;false;false;0;0;0;19-03-2025;18-05-2025;0;0
1d3e35103dcea06aac11a372e471059d;61;12-03-2025;2025-03-12 16:27:34.133000;Kvinde;10-05-1971;21-01-2022;utm_campaign=Marts25&utm_content=A&utm_medium=content&utm_source=jp.dk;false;false;0;0;0;12-03-2025;11-05-2025;0;0
0189b22c99e33623162d8637b1f1f081;883;21-03-2025;2025-03-21 07:38:05.729000;Mand;24-03-1976;28-09-2013;utm_campaign=Marts25&utm_content=sc_b&utm_medium=mail&utm_source=mail;false;true;21;9;10;21-03-2025;20-05-2025;0;0
d45193d95b89190f94adf87f9d1708ae;378;01-01-3000;2025-03-22 08:45:06.742000;Mand;30-12-1967;26-02-2022;utm_campaign=Marts25&utm_content=B&utm_medium=content&utm_source=jp.dk;false;false;1;0;1;22-03-2025;21-05-2025;0;0
74967f9c539cf87f7da82fcab48780f9;122;17-06-2025;2025-03-13 11:28:40.971000;Kvinde;24-07-1973;13-03-2025;utm_campaign=Marts25&utm_content=A&utm_medium=content&utm_source=jp.dk;false;false;0;0;0;13-03-2025;12-05-2025;0;0
db377db012994337e849d93d6fe9e4c8;325;30-09-2025;2025-03-11 09:52:12.432000;Kvinde;31-03-1993;15-07-2024;utm_campaign=Basis_22&utm_content=HeaderButtonRaised&utm_medium=Matrice&utm_source=jp.dk;true;true;1;1;0;11-03-2025;10-05-2025;0;2
5a4d1ca42f1bd06fc54e2ea79fc8403a;1294;01-01-3000;2025-03-19 04:59:14.681000;Mand;26-06-1970;13-03-2018;utm_campaign=Marts25&utm_content=A&utm_medium=content&utm_source=jp.dk;false;false;4;2;1;19-03-2025;18-05-2025;0;0
a584c7f8aa67f3399a61edd43812f0e4;122;17-06-2025;2025-03-03 15:34:22.932000;Mand;18-09-1991;20-11-2021;utm_campaign=Basis_22&utm_content=HeaderButtonRaised&utm_medium=Matrice&utm_source=jp.dk;false;false;0;0;0;03-03-2025;02-05-2025;0;0
eead3f1cb1167bf8e012bbe03a044111;1080;11-06-2025;2025-03-11 13:34:12.235000;Kvinde;24-12-1943;03-03-2020;utm_campaign=Basis_22&utm_content=HeaderButtonRaised&utm_medium=Matrice&utm_source=jp.dk;true;true;16;4;10;11-03-2025;10-05-2025;0;0
9907abce208587f376f3d01a7639787b;85;28-03-2025;2025-03-18 17:51:07.963000;Kvinde;06-09-1943;18-10-2017;utm_campaign=Marts25&utm_content=A&utm_medium=content&utm_source=jp.dk;false;false;0;0;0;18-03-2025;17-05-2025;0;0
683f34302ed1e312582a6257135ad7ac;1404;17-02-2026;2025-03-16 11:25:56.414000;Mand;30-08-1956;01-10-2018;utm_campaign=Marts25&utm_content=B&utm_medium=content&utm_source=jp.dk;true;true;8;5;0;16-03-2025;15-05-2025;0;0
c02f67974ac36a6c2c86a99b09071d69;61;23-03-2025;2025-03-23 07:11:51.261000;Kvinde;19-11-1969;23-03-2025;utm_campaign=Marts25&utm_content=A&utm_medium=content&utm_source=jp.dk;false;false;0;0;0;23-03-2025;22-05-2025;0;0
33426eacfafcb883784bcc9bcbc456d6;173;06-05-2025;2025-03-10 20:25:43.914000;Kvinde;21-07-1969;20-01-2013;utm_campaign=Marts25&utm_medium=topticker&utm_source=jp.dk;true;true;2;1;1;10-03-2025;09-05-2025;0;0
cf9bb6c697c20d5eb0942feb43cd07b3;782;28-05-2025;2025-03-21 07:14:53.382000;Mand;14-04-1948;29-03-2012;utm_campaign=Marts25&utm_content=sc_a&utm_medium=mail&utm_source=mail;true;true;11;7;6;21-03-2025;20-05-2025;5;5
26a8b7f9adc53ba2b3ee6c4ab26213d7;99;19-06-2025;2025-03-21 09:07:54.373000;Mand;25-05-1964;11-01-2013;utm_campaign=Marts25&utm_content=sc_a&utm_medium=mail&utm_source=mail;false;true;0;0;0;21-03-2025;20-05-2025;0;1
9d7dd9a43116697257a3631fc3d43dd4;128;26-06-2025;2025-03-22 15:59:14.451000;Kvinde;05-05-1973;27-10-2021;utm_campaign=Basis_22&utm_content=HeaderButtonRaised&utm_medium=Matrice&utm_source=jp.dk;true;false;1;1;0;22-03-2025;21-05-2025;0;0
2f8965398cbe981cccc83d6f81509fec;409;10-07-2025;2025-03-08 14:48:20.494000;Mand;09-07-1950;24-04-2017;utm_campaign=Marts25&utm_content=A&utm_medium=content&utm_source=jp.dk;false;true;3;3;1;08-03-2025;07-05-2025;1;1
b3e85bb67a9d20a7e111a08ba1bd2132;521;17-03-2025;2025-03-09 11:03:47.684000;Mand;03-11-1945;07-11-2017;utm_campaign=Basis_22&utm_content=HeaderButtonRaised&utm_medium=Matrice&utm_source=jp.dk;true;true;6;5;3;09-03-2025;08-05-2025;2;2
879b5551329d17757e5e7f7688f33b46;729;01-01-3000;2025-03-05 12:00:34.437000;Kvinde;03-04-1969;22-02-2023;utm_campaign=Marts25&utm_content=a&utm_medium=mail&utm_source=mail;true;true;2;2;0;05-03-2025;04-05-2025;0;0
e0e2dfb741cb21eb041e20ea6520556e;677;19-10-2025;2025-03-05 16:21:55.473000;Mand;15-07-1958;14-06-2012;utm_campaign=Marts25&utm_content=a&utm_medium=mail&utm_source=mail;true;true;9;7;3;05-03-2025;04-05-2025;9;11
5e8af72025c9d68c8ca63ce6c5ae208c;896;31-07-2025;2025-03-03 10:26:42.703000;Mand;09-12-1964;02-05-2018;utm_campaign=Marts25&utm_content=B&utm_medium=content&utm_source=jp.dk;false;true;4;3;2;03-03-2025;02-05-2025;1;1
faa5fa17d662699ba69d3b79387dec5e;235;21-05-2025;2025-03-22 07:49:26.242000;Kvinde;09-04-1956;12-01-2024;utm_campaign=Marts25&utm_content=sc_b&utm_medium=mail&utm_source=mail;true;false;3;2;2;22-03-2025;21-05-2025;0;0
a2a931ef8e5f6fe348f878077b5a6ee7;153;11-07-2025;2025-03-09 19:27:04.863000;Mand;04-10-1965;13-09-2021;utm_campaign=Basis_22&utm_content=HeaderButtonRaised&utm_medium=Matrice&utm_source=jp.dk;false;false;0;0;0;09-03-2025;08-05-2025;0;0
1fb4fffd2653ec4e8a5fa61b0e8f489c;78;04-04-2025;2025-03-22 05:41:44.411000;Kvinde;12-04-1966;07-07-2015;utm_campaign=Marts25&utm_content=B&utm_medium=content&utm_source=jp.dk;false;true;0;0;0;22-03-2025;21-05-2025;0;0
0337580bff96617791df065cc65b78e1;1421;05-12-2025;2025-03-11 11:06:48.024000;Mand;03-01-1954;29-09-2015;utm_campaign=Basis_22&utm_content=HeaderButtonRaised&utm_medium=Matrice&utm_source=jp.dk;false;true;4;2;0;11-03-2025;10-05-2025;0;0
44520b335edabb34f5b5a96e1d0bd832;327;07-05-2025;2025-03-15 06:27:15.240000;Kvinde;02-07-1965;18-09-2019;utm_campaign=Marts25&utm_content=A&utm_medium=content&utm_source=jp.dk;true;true;3;1;2;15-03-2025;14-05-2025;0;0
68cc004add6d16311514269355dfd910;61;12-03-2025;2025-03-11 10:59:52.816000;Mand;13-01-1989;11-03-2025;utm_campaign=Marts25&utm_content=B&utm_medium=content&utm_source=jp.dk;false;false;0;0;0;11-03-2025;10-05-2025;0;0
d434ebf14da785b30d1a825afafc7b71;1415;08-03-2025;2025-03-08 05:14:33.453000;Mand;18-03-1978;08-04-2022;utm_campaign=Marts25&utm_content=B&utm_medium=content&utm_source=jp.dk;false;false;13;13;0;08-03-2025;07-05-2025;0;0
cbbccaff1980a9afe74cf3b70a7d61da;335;21-03-2025;2025-03-05 15:21:05.655000;Mand;06-06-1961;19-01-2013;utm_campaign=Marts25&utm_content=b&utm_medium=mail&utm_source=mail;true;false;2;2;0;05-03-2025;04-05-2025;0;0
a3967b887bfb0e30a6521b40211e059a;1345;16-03-2025;2025-03-16 20:13:01.344000;Mand;26-01-1983;25-06-2012;utm_campaign=Marts25&utm_content=A&utm_medium=content&utm_source=jp.dk;false;false;2;1;0;16-03-2025;15-05-2025;0;0
05c2f3b93f4573cd4b34db7362893c04;667;28-03-2025;2025-03-05 11:42:36.970000;Mand;11-05-1940;17-12-2020;utm_campaign=Marts25&utm_content=a&utm_medium=mail&utm_source=mail;true;true;8;2;3;05-03-2025;04-05-2025;0;0
83b6969c7877f21ee7e1ffba875f5df5;61;08-03-2025;2025-03-08 09:35:36.211000;;31-12-1999;08-03-2025;utm_campaign=Marts25&utm_content=A&utm_medium=content&utm_source=jp.dk;false;false;0;0;0;08-03-2025;07-05-2025;0;0
6bea216a1e3d25a48f391aff36d22901;799;30-04-2025;2025-03-10 18:32:05.438000;Mand;10-11-1956;07-06-2012;utm_campaign=Marts25&utm_content=B&utm_medium=content&utm_source=jp.dk;true;true;16;4;11;10-03-2025;09-05-2025;0;0
38675660bddbeeeb7652f2b312725eb4;61;28-03-2025;2025-03-08 09:59:48.286000;Mand;1883-05-01;08-03-2025;utm_campaign=Marts25&utm_content=B&utm_medium=content&utm_source=jp.dk;false;false;0;0;0;08-03-2025;07-05-2025;0;0
892870b7adcff5ec90a80203b1724bbb;61;11-03-2025;2025-03-11 17:22:06.294000;Kvinde;02-01-1972;14-08-2018;utm_campaign=Marts25&utm_content=B&utm_medium=content&utm_source=jp.dk;false;false;0;0;0;11-03-2025;10-05-2025;0;0
62883bbbeff3352d2f591e24ca154bed;1379;13-03-2025;2025-03-10 07:49:34.689000;Kvinde;10-04-1968;03-02-2012;utm_campaign=Marts25&utm_content=b&utm_medium=mail&utm_source=mail;true;false;16;8;6;10-03-2025;09-05-2025;0;0
50299e69701388372e0a2d450a30f237;130;29-07-2025;2025-03-21 09:47:35.950000;Kvinde;26-01-1959;18-12-2021;utm_campaign=Marts25&utm_medium=Matrice&utm_source=jp.dk;true;false;0;0;0;21-03-2025;20-05-2025;0;2
e6d42f2cc92a1b3642be36753811c7ec;91;19-04-2025;2025-03-22 16:48:21.518000;Kvinde;07-02-1981;28-08-2022;utm_campaign=Marts25&utm_medium=Matrice&utm_source=jp.dk;false;false;0;0;0;22-03-2025;21-05-2025;0;0
69bd53d9aabb419a60a4d017008fa7f4;372;06-03-2025;2025-03-05 16:43:28.668000;Mand;29-03-1957;31-12-2021;utm_campaign=Marts25&utm_content=b&utm_medium=mail&utm_source=mail;false;false;1;1;1;05-03-2025;04-05-2025;1;1
32b1b4abb3df1282395d96cf86231b61;389;01-01-3000;2025-03-18 08:53:17.464000;Mand;10-02-1960;09-03-2015;utm_campaign=Marts25&utm_content=A&utm_medium=content&utm_source=jp.dk;false;true;1;0;1;18-03-2025;17-05-2025;0;0
801a04e0d27bf5be1b22718899014c62;719;01-01-3000;2025-03-21 09:06:04.151000;Mand;10-05-1935;17-12-2018;utm_campaign=Marts25&utm_content=sc_b&utm_medium=mail&utm_source=mail;false;true;2;1;0;21-03-2025;20-05-2025;0;0
0f7356c2012978b27f40bf90da63b25c;383;09-04-2025;2025-03-13 14:33:01.894000;Mand;24-09-1992;15-09-2021;utm_campaign=Marts25&utm_medium=Matrice&utm_source=jp.dk;false;true;3;3;0;13-03-2025;12-05-2025;0;0
b8cf7df4500493f9380f11cb95f68c0c;736;01-01-3000;2025-03-23 19:18:28.125000;Mand;14-06-1952;18-01-2024;utm_campaign=Marts25&utm_content=sc_a&utm_medium=mail&utm_source=mail;false;false;1;1;0;23-03-2025;22-05-2025;0;0
5ac2c11ffacf428b84f9d918b333cbfc;384;24-03-2025;2025-03-20 21:18:10.339000;Kvinde;11-02-1965;13-09-2021;utm_campaign=Marts25&utm_content=A&utm_medium=content&utm_source=jp.dk;false;false;1;1;0;20-03-2025;19-05-2025;0;0
0f624e1da2a58718e4a3ab95c6c6add2;92;14-06-2025;2025-03-17 08:37:51.540000;Kvinde;21-09-1977;30-04-2015;utm_campaign=Marts25&utm_content=B&utm_medium=content&utm_source=jp.dk;false;false;0;0;0;17-03-2025;16-05-2025;0;0
d0d81b7a741d91ade62ef2055b924416;1266;04-11-2025;2025-03-09 15:22:04.121000;Mand;14-11-1974;15-05-2022;utm_campaign=Marts25&utm_content=A&utm_medium=content&utm_source=jp.dk;true;true;5;5;0;09-03-2025;08-05-2025;0;0
7b5dc0298c1f08e63d7907ce05257f64;640;11-09-2025;2025-03-05 23:51:37.942000;Mand;25-02-1951;11-04-2024;utm_campaign=Marts25&utm_content=a&utm_medium=mail&utm_source=mail;false;true;3;3;1;05-03-2025;04-05-2025;0;0
7f85de49b95988ba4ee8be83228ced99;375;01-01-3000;2025-03-18 20:18:39.423000;Mand;21-08-1965;02-09-2013;utm_campaign=Marts25&utm_content=A&utm_medium=content&utm_source=jp.dk;true;true;0;0;0;18-03-2025;17-05-2025;0;0
e7a3ae40b6ee57457d1274d18d27c72e;376;01-01-3000;2025-03-17 12:17:29.596000;Mand;31-12-1979;17-03-2025;utm_campaign=Marts25&utm_content=A&utm_medium=content&utm_source=jp.dk;false;false;0;0;0;17-03-2025;16-05-2025;0;0
f7c658d9da4d4f824a47efac0722d303;542;23-05-2025;2025-03-05 14:29:42.691000;;27-02-1949;17-09-2021;utm_campaign=Marts25&utm_content=b&utm_medium=mail&utm_source=mail;true;true;6;3;4;05-03-2025;04-05-2025;1;1
0a2c05c75d874ab240347e05ec34d089;329;14-04-2025;2025-03-05 18:12:53.736000;Kvinde;05-07-1942;05-12-2017;utm_campaign=Marts25&utm_content=A&utm_medium=content&utm_source=jp.dk;false;true;7;1;7;05-03-2025;04-05-2025;2;2
5fc6f61f405434f7c0044892d2bc8578;245;30-10-2025;2025-03-18 11:09:04.721000;Mand;27-12-1969;10-09-2023;utm_campaign=Marts25&utm_content=A&utm_medium=content&utm_source=jp.dk;true;true;0;0;0;18-03-2025;17-05-2025;0;0
3a0bf932478ae8786cc3ed33867eec0a;1142;22-05-2025;2025-03-22 08:19:53.371000;Mand;19-06-1974;16-07-2018;utm_campaign=Marts25&utm_content=B&utm_medium=content&utm_source=jp.dk;false;true;16;11;4;22-03-2025;21-05-2025;0;0
e7a301fe623aea209b0a5aff28ae5933;61;12-04-2025;2025-03-21 12:58:21.580000;Mand;11-04-1961;21-03-2025;utm_campaign=Marts25&utm_content=B&utm_medium=content&utm_source=jp.dk;true;true;0;0;0;21-03-2025;20-05-2025;0;0
e6f2eaf758f41274511b63ce54ff104c;372;01-01-3000;2025-03-21 14:42:21.114000;Mand;21-08-1960;07-03-2013;utm_campaign=Marts25&utm_medium=Weblayer&utm_source=jp.dk;false;false;0;0;0;21-03-2025;20-05-2025;0;0
df805926164de62f645d438131cfaef8;246;14-03-2025;2025-03-13 13:24:31.527000;Kvinde;09-07-1964;04-12-2017;utm_campaign=Basis_22&utm_content=HeaderButtonRaised&utm_medium=Matrice&utm_source=jp.dk;false;true;5;3;3;13-03-2025;12-05-2025;0;0
0659d4d38786138a6aa809e8fd489069;291;02-12-2025;2025-03-13 15:46:55.119000;Kvinde;12-12-1955;13-03-2025;utm_campaign=Marts25&utm_medium=Matrice&utm_source=jp.dk;false;false;0;0;0;13-03-2025;12-05-2025;0;0
b8170fdd0a9a8da6aedce9a9214f5b19;425;25-09-2025;2025-03-21 08:58:25.711000;Mand;02-05-1945;09-03-2022;utm_campaign=Marts25&utm_content=sc_b&utm_medium=mail&utm_source=mail;true;true;2;1;1;21-03-2025;20-05-2025;1;1
f47f4dddcdc069eede98ba53df09596f;382;01-01-3000;2025-03-11 03:22:35.575000;Mand;01-04-1978;11-03-2015;utm_campaign=Marts25&utm_content=A&utm_medium=content&utm_source=jp.dk;false;true;0;0;0;11-03-2025;10-05-2025;0;0
87134d062a81300e9fea49802e97e990;806;01-01-3000;2025-03-05 16:37:55.184000;Mand;12-07-1946;11-03-2012;utm_campaign=Marts25&utm_content=b&utm_medium=mail&utm_source=mail;true;true;1;0;0;05-03-2025;04-05-2025;4;4
562b7fa175e7d20af1d4fd8b700ab6b2;862;29-08-2025;2025-03-09 10:52:03.201000;Mand;03-03-1947;08-12-2022;utm_campaign=Marts25&utm_content=A&utm_medium=content&utm_source=jp.dk;true;true;3;3;1;09-03-2025;08-05-2025;1;1
e5a437e84e41484e54a7bc16563f650b;431;15-05-2025;2025-03-21 10:58:20.901000;Mand;18-11-1962;23-11-2012;utm_campaign=Marts25&utm_content=sc_b&utm_medium=mail&utm_source=mail;true;true;6;3;1;21-03-2025;20-05-2025;0;0
5470116f6d8ccd7b8e6c3bebf57f1f84;61;22-03-2025;2025-03-22 06:00:56.125000;Mand;28-01-1975;22-03-2025;utm_campaign=Basis_22&utm_content=HeaderButtonRaised&utm_medium=Matrice&utm_source=jp.dk;false;false;0;0;0;22-03-2025;21-05-2025;0;0
71f7820ce499735a3a517ec239a7c1a1;725;16-04-2025;2025-03-21 08:19:39.661000;Mand;18-03-2025;23-06-2015;utm_campaign=Marts25&utm_content=sc_a&utm_medium=mail&utm_source=mail;true;true;2;1;0;21-03-2025;16-04-2025;0;0
39b620b3cc260fddfafbb19c29a55521;458;11-03-2025;2025-03-11 09:42:50.408000;Mand;16-02-1956;20-07-2018;utm_campaign=Basis_22&utm_content=HeaderButtonRaised&utm_medium=Matrice&utm_source=jp.dk;false;true;3;2;0;11-03-2025;10-05-2025;3;3
834ad5211bd6e9519192ce3cb9457802;275;26-11-2025;2025-03-17 08:34:02.134000;Mand;24-08-1976;17-03-2025;utm_campaign=Marts25&utm_content=A&utm_medium=content&utm_source=jp.dk;false;false;0;0;0;17-03-2025;16-05-2025;0;0
cfca42b67f889953733a6032ae4143d1;581;24-06-2025;2025-03-22 03:54:08.136000;Mand;18-03-1957;26-12-2013;utm_campaign=Marts25&utm_content=sc_a&utm_medium=mail&utm_source=mail;false;true;8;6;3;22-03-2025;21-05-2025;4;4
d191f386d848be4c5be981c0f8816e01;92;17-05-2025;2025-03-15 17:33:11.308000;;10-02-1985;09-10-2021;utm_campaign=Marts25&utm_content=B&utm_medium=content&utm_source=jp.dk;false;false;0;0;0;15-03-2025;14-05-2025;0;0
026950ba1188c7b7567b2c0196a567dc;92;08-05-2025;2025-03-04 22:02:33.219000;Mand;19-06-1988;04-03-2025;utm_campaign=Basis_22&utm_content=HeaderButtonRaised&utm_medium=Matrice&utm_source=jp.dk;false;false;0;0;0;04-03-2025;03-05-2025;0;0
55cd5e4dbb4a407e4a3c3b57c7fb99be;153;04-08-2025;2025-03-06 16:34:20.224000;Kvinde;26-02-1983;06-03-2025;utm_campaign=Basis_22&utm_content=MegaMenu&utm_medium=Matrice&utm_source=jp.dk;false;false;0;0;0;06-03-2025;05-05-2025;0;0
2a51690c82facfbc4556e85f4693dc17;68;15-05-2025;2025-03-21 09:40:57.151000;Kvinde;05-03-1962;14-10-2022;utm_campaign=Marts25&utm_content=sc_b&utm_medium=mail&utm_source=mail;false;true;1;1;1;21-03-2025;20-05-2025;1;1
3d1673e3c7b52cbe6912069d9eae8d9c;61;20-05-2025;2025-03-24 08:54:19.595000;Kvinde;27-07-1974;17-06-2016;utm_campaign=Marts25&utm_content=B&utm_medium=content&utm_source=jp.dk;false;false;0;0;0;24-03-2025;23-05-2025;0;0
75d764e7c5aa2025f66a75af5548630b;245;14-10-2025;2025-03-10 20:27:44.342000;Kvinde;26-10-1950;24-01-2018;utm_campaign=Marts25&utm_content=A&utm_medium=content&utm_source=jp.dk;true;true;0;0;0;10-03-2025;09-05-2025;0;0
4b95adccb4398fefc81398af8a257a45;61;15-04-2025;2025-03-15 10:42:08.170000;Mand;19-11-1968;07-11-2022;utm_campaign=Marts25&utm_content=B&utm_medium=content&utm_source=jp.dk;false;false;0;0;0;15-03-2025;14-05-2025;0;0
7b27290677c1111502f87e9089d35a01;1513;06-05-2025;2025-03-05 14:05:07.128000;Mand;14-06-1958;24-03-2020;utm_campaign=Marts25&utm_content=a&utm_medium=mail&utm_source=mail;false;true;8;4;4;05-03-2025;04-05-2025;2;2
186dd15ca3e819a236693fd2ce8f666e;955;12-04-2025;2025-03-14 19:00:45.982000;Mand;02-07-1966;05-07-2013;utm_campaign=Marts25&utm_content=B&utm_medium=content&utm_source=jp.dk;false;true;9;6;2;14-03-2025;13-05-2025;1;1
6badcc2cd2b644e876ce5b50ee71795b;436;04-04-2025;2025-03-09 09:42:03.642000;Mand;30-01-1965;10-09-2020;utm_campaign=Marts25&utm_content=A&utm_medium=content&utm_source=jp.dk;false;false;7;3;4;09-03-2025;08-05-2025;0;0
ca4594f4f60ad973138a97fc5a94c0fa;245;13-11-2025;2025-03-21 07:38:42.337000;Mand;26-11-1970;19-01-2015;;false;true;0;0;0;21-03-2025;20-05-2025;7;7
30e31485609c73343cd6c358e62bdc65;616;05-03-2025;2025-03-05 12:35:25.600000;Mand;23-02-1977;24-12-2021;utm_campaign=Marts25&utm_content=A&utm_medium=content&utm_source=jp.dk;false;false;5;4;1;05-03-2025;04-05-2025;0;0
b2bc1519bdedee9e281f9a30e6a5c56d;61;09-03-2025;2025-03-09 00:10:09.006000;Mand;17-11-1970;15-11-2013;utm_campaign=Marts25&utm_content=A&utm_medium=content&utm_source=jp.dk;false;false;0;0;0;09-03-2025;08-05-2025;0;0
2bd2e95a4d3311df6323da35a365ab0d;676;23-10-2025;2025-03-21 07:27:04.653000;Mand;02-08-1970;01-01-2023;utm_campaign=Marts25&utm_content=sc_a&utm_medium=mail&utm_source=mail;false;true;1;1;0;21-03-2025;20-05-2025;0;0
19c8f257518972e430a6be1cec52a586;466;22-04-2025;2025-03-21 15:25:53.276000;Mand;18-02-1977;20-10-2023;utm_campaign=Marts25&utm_content=sc_a&utm_medium=mail&utm_source=mail;true;true;1;1;0;21-03-2025;20-05-2025;0;0
0746ad045757e1004e04d9316b9cae64;377;27-10-2025;2025-03-16 16:34:30.256000;Mand;14-12-1945;18-07-2022;utm_campaign=Marts25&utm_content=A&utm_medium=content&utm_source=jp.dk;false;false;0;0;0;16-03-2025;15-05-2025;0;0
30940b4b1cd99664e4dd18235982c892;1602;24-11-2025;2025-03-10 16:41:40.995000;Mand;17-01-1960;05-12-2012;utm_campaign=Marts25&utm_content=A&utm_medium=content&utm_source=jp.dk;false;false;1;0;0;10-03-2025;09-05-2025;0;0
799f16b134fc3399262a5bd5c08434b1;246;07-10-2025;2025-03-11 08:23:11.699000;Kvinde;20-12-1946;11-03-2025;utm_campaign=&utm_content=genbesog_JP_digital&utm_medium=ppc&utm_source=adwords&utm_term=jyllands+posten+tilbud;false;false;0;0;0;11-03-2025;10-05-2025;0;0
4686224ab47a1fa67c2bccdf7e3de540;63;23-05-2025;2025-03-21 13:05:09.575000;Kvinde;03-11-1981;12-03-2015;utm_campaign=Marts25&utm_content=A&utm_medium=content&utm_source=jp.dk;true;true;0;0;0;21-03-2025;20-05-2025;0;0
b2babd7ae29af17bed1ffbf045307d07;1680;04-12-2025;2025-03-04 09:39:45.988000;Mand;15-01-1958;10-11-2012;utm_campaign=Marts25&utm_content=B&utm_medium=content&utm_source=jp.dk;false;false;3;1;1;04-03-2025;03-05-2025;0;0
fe93224d8d68377945c02f1116cda92a;389;12-05-2025;2025-03-03 15:25:58.417000;Mand;14-04-1965;20-06-2012;utm_campaign=Marts25&utm_content=A&utm_medium=content&utm_source=jp.dk;false;false;4;1;2;03-03-2025;02-05-2025;0;0
3926332ead4babb99d80e51a8649ed02;153;02-07-2025;2025-03-11 12:01:36.161000;Kvinde;23-10-1986;05-10-2014;utm_campaign=Marts25&utm_content=B&utm_medium=content&utm_source=jp.dk;true;true;1;0;0;11-03-2025;10-05-2025;0;0
1ed3f61c5909740c55d6917e4d127a39;396;25-01-2026;2025-03-04 00:21:59.294000;Mand;18-09-1974;10-01-2021;utm_campaign=Marts25&utm_content=A&utm_medium=content&utm_source=jp.dk;false;false;1;0;1;04-03-2025;03-05-2025;0;0
84e6974e7c3ebf7fcc2f994ca97068f7;61;11-03-2025;2025-03-10 18:47:43.843000;Mand;24-09-1980;25-08-2014;utm_campaign=Marts25&utm_content=A&utm_medium=content&utm_source=jp.dk;false;false;0;0;0;10-03-2025;09-05-2025;3;4
946fd068a3cb38c2818f0595c48c8dc7;408;01-01-3000;2025-03-06 10:36:16.216000;Mand;16-04-1950;02-05-2018;;false;true;2;1;2;06-03-2025;05-05-2025;1;0
e36a2955c21f22023841899a593af38e;275;25-11-2025;2025-03-05 12:39:00.328000;Kvinde;07-07-1987;05-03-2025;utm_campaign=Marts25&utm_content=a&utm_medium=mail&utm_source=mail;true;true;0;0;0;05-03-2025;04-05-2025;0;0
4a6fea6ce49b72a8353d1c77209db304;1200;21-06-2025;2025-03-19 06:03:18.144000;Mand;25-10-1959;13-12-2012;utm_campaign=Morgen&utm_content=2025-03-19&utm_medium=email&utm_source=jp;false;true;23;9;12;19-03-2025;18-05-2025;5;6
9643696e3d7223eba64c33fec571a3ed;1037;23-06-2025;2025-03-20 07:07:43.641000;Kvinde;20-04-1972;26-12-2018;utm_campaign=Marts25&utm_content=B&utm_medium=content&utm_source=jp.dk;false;true;14;7;6;20-03-2025;19-05-2025;0;0
a06f5939bede84395229c9c718e5ef27;386;01-01-3000;2025-03-07 17:24:31.078000;Mand;23-12-1969;07-03-2025;utm_campaign=Marts25&utm_content=A&utm_medium=content&utm_source=jp.dk;false;true;0;0;0;07-03-2025;06-05-2025;0;0
7b5e74b0b35e65c436794b3673ee03a8;409;01-01-3000;2025-03-05 01:28:34.739000;Mand;04-11-1945;04-09-2016;utm_campaign=Marts25&utm_content=B&utm_medium=content&utm_source=jp.dk;true;true;2;0;2;05-03-2025;04-05-2025;2;2
2d5adde906e831f080f533074fff495f;306;21-08-2025;2025-03-21 08:44:10.056000;Mand;22-07-1952;21-03-2025;utm_campaign=Marts25&utm_content=sc_a&utm_medium=mail&utm_source=mail;false;true;0;0;0;21-03-2025;20-05-2025;1;2
c81237e08e7023521f2b624d5c18fcf9;853;05-04-2025;2025-03-05 13:13:05.386000;Kvinde;03-11-1951;12-03-2013;utm_campaign=Marts25&utm_content=a&utm_medium=mail&utm_source=mail;true;true;7;4;3;05-03-2025;04-05-2025;0;0
8fa0a44a9bd3140f0ffb0c221d291f7c;227;04-07-2025;2025-03-18 08:25:34.559000;Mand;18-12-1956;11-08-2011;utm_campaign=Marts25&utm_content=A&utm_medium=content&utm_source=jp.dk;true;false;1;1;0;18-03-2025;17-05-2025;1;1
01ae2661bedce685224dd58830b94e86;152;04-05-2025;2025-03-11 10:02:44.914000;Kvinde;13-05-1954;01-09-2024;utm_campaign=&utm_content=genbesog_JP_digital&utm_medium=ppc&utm_source=adwords&utm_term=jyllands-posten+abonnement;false;false;1;1;0;11-03-2025;10-05-2025;0;0
06c8ac777c34dd5d16d5a192a7ec9b8f;224;01-07-2025;2025-03-05 13:25:30.390000;Mand;03-02-1975;27-02-2018;utm_campaign=Marts25&utm_content=a&utm_medium=mail&utm_source=mail;false;true;2;2;0;05-03-2025;04-05-2025;0;0
7e75ad391f08921f8876539d914ccaf0;483;04-12-2025;2025-03-11 17:45:39.245000;Kvinde;13-12-1954;11-07-2012;utm_campaign=Basis_22&utm_content=HeaderButtonRaised&utm_medium=Matrice&utm_source=jp.dk;false;false;4;1;2;11-03-2025;10-05-2025;1;1
8ea82943798597396a272ed57e26eadd;101;07-03-2025;2025-03-03 13:14:09.431000;Kvinde;02-08-1976;03-03-2025;utm_campaign=Basis_22&utm_content=HeaderButtonRaised&utm_medium=Matrice&utm_source=jp.dk;false;false;0;0;0;03-03-2025;02-05-2025;0;0
3879b6e1d91fcbf0f18122529184e756;214;17-09-2025;2025-03-07 10:09:44.072000;Mand;29-04-1962;12-07-2022;utm_campaign=Marts25&utm_content=B&utm_medium=content&utm_source=jp.dk;false;false;0;0;0;07-03-2025;06-05-2025;0;0
48ad2a72e663d97240e3537688764632;751;20-05-2025;2025-03-21 07:22:20.603000;Mand;13-10-1950;04-02-2013;utm_campaign=Marts25&utm_content=sc_b&utm_medium=mail&utm_source=mail;true;true;9;6;2;21-03-2025;20-05-2025;6;6
a21eb0411730430a189ef885132a43b3;533;18-06-2025;2025-03-04 09:24:10.335000;Mand;12-09-1961;02-03-2015;utm_campaign=Marts25&utm_content=A&utm_medium=content&utm_source=jp.dk;false;true;2;1;0;04-03-2025;03-05-2025;3;4
e181101072b5af45d5113b3d20183037;735;04-03-2025;2025-03-04 13:24:40.161000;Mand;22-05-1966;08-06-2012;utm_campaign=Basis_22&utm_content=HeaderButtonRaised&utm_medium=Matrice&utm_source=jp.dk;false;true;10;5;7;04-03-2025;03-05-2025;2;3
b654b3aea937958ac6ad385f1985554c;153;27-07-2025;2025-03-24 03:50:48.582000;Mand;22-02-1964;24-03-2025;utm_campaign=Marts25&utm_content=A&utm_medium=content&utm_source=jp.dk;true;true;0;0;0;24-03-2025;23-05-2025;0;0
18ed330b21f4248ec073a6d486b6f12c;379;01-01-3000;2025-03-14 09:11:37.170000;Mand;08-07-1952;19-11-2015;utm_campaign=Marts25&utm_medium=Matrice&utm_source=jp.dk;false;true;0;0;0;14-03-2025;13-05-2025;1;2
2f1e1f0e95db029b590b69b5b9eb6952;903;21-05-2025;2025-03-21 13:48:35.178000;Mand;05-08-1947;19-10-2012;utm_campaign=Marts25&utm_medium=Weblayer&utm_source=jp.dk;false;false;6;5;1;21-03-2025;20-05-2025;0;0
38f5f24677474d61ad85fa40e4135d7d;119;10-03-2025;2025-03-08 15:15:43.174000;Kvinde;25-09-1949;10-03-2015;utm_campaign=Marts25&utm_content=A&utm_medium=content&utm_source=jp.dk;false;false;2;0;0;08-03-2025;07-05-2025;0;1
5f836a331a4fc102ed77a36472629aff;245;23-10-2025;2025-03-17 07:23:09.748000;Mand;13-09-1983;02-05-2018;utm_campaign=Marts25&utm_content=A&utm_medium=content&utm_source=jp.dk;false;false;0;0;0;17-03-2025;16-05-2025;0;0
ab38e63467128c2126d3e10629eee1e3;1404;01-01-3000;2025-03-08 18:27:26.016000;Mand;03-05-1973;11-05-2015;utm_campaign=Basis_22&utm_content=HeaderButtonRaised&utm_medium=Matrice&utm_source=jp.dk;false;true;17;11;10;08-03-2025;07-05-2025;0;0
db8f2d60080013f7b31d64968f8b0b77;251;15-03-2025;2025-03-15 10:49:51.478000;Mand;28-03-1978;10-03-2022;utm_campaign=Marts25&utm_content=A&utm_medium=content&utm_source=jp.dk;false;false;2;0;2;15-03-2025;14-05-2025;0;0
9085842c1a16035b84b13ba7366a831b;370;01-01-3000;2025-03-23 18:03:04.280000;Mand;30-01-1929;03-09-2018;utm_campaign=Basis_22&utm_content=MegaMenu&utm_medium=Matrice&utm_source=jp.dk;false;false;0;0;0;23-03-2025;22-05-2025;0;0
48d86d3c1e3a318b162d2e7232124bda;680;25-05-2025;2025-03-23 16:44:10.419000;Mand;25-03-1948;07-12-2012;utm_campaign=Marts25&utm_content=B&utm_medium=content&utm_source=jp.dk;false;false;2;2;0;23-03-2025;22-05-2025;0;0
e2fdae02e45683dec3d2e1469f356fa4;1202;28-03-2025;2025-03-05 11:41:26.894000;Mand;02-02-1948;06-12-2012;utm_campaign=Marts25&utm_medium=Matrice&utm_source=jp.dk;true;true;23;6;14;05-03-2025;04-05-2025;5;6
9797839576569545caa2f1cf389108ef;61;11-04-2025;2025-03-21 19:32:57.882000;Kvinde;05-06-1976;18-03-2015;utm_campaign=Marts25&utm_content=A&utm_medium=content&utm_source=jp.dk;false;false;0;0;0;21-03-2025;20-05-2025;0;0
61578793cf57b4e94b2a2bc108ad67f3;275;10-12-2025;2025-03-14 10:51:24.962000;Kvinde;19-11-1970;14-03-2025;utm_campaign=Marts25&utm_content=A&utm_medium=content&utm_source=jp.dk;false;false;0;0;0;14-03-2025;13-05-2025;0;0
3ef2f6f92113adbf4b7b9a654898ba4a;68;06-04-2025;2025-03-23 14:15:42.171000;Kvinde;06-08-1971;02-09-2012;utm_campaign=Marts25&utm_content=B&utm_medium=content&utm_source=jp.dk;false;true;1;0;1;23-03-2025;22-05-2025;0;0
086325f12bc218ac0373548697877ce3;167;05-05-2025;2025-03-20 12:41:53.337000;Mand;22-02-1977;04-12-2012;utm_campaign=Marts25&utm_content=B&utm_medium=content&utm_source=jp.dk;false;false;3;1;2;20-03-2025;19-05-2025;0;0
ae5755e9ebd658a6d6755851f47d04dd;1531;01-01-3000;2025-03-11 12:41:43.258000;Kvinde;05-05-1960;08-08-2021;utm_campaign=Basis_22&utm_content=HeaderButtonRaised&utm_medium=Matrice&utm_source=jp.dk;true;true;3;0;1;11-03-2025;10-05-2025;0;0
68732262f5ce69c23aeaa985fd1ca61b;212;28-05-2025;2025-03-14 03:14:23.493000;Kvinde;14-02-1967;05-09-2022;utm_campaign=Marts25&utm_content=b&utm_medium=mail&utm_source=mail;false;true;2;2;2;14-03-2025;13-05-2025;0;0
9177a0160817a3ccdf86b3362a0d1d66;384;01-01-3000;2025-03-09 10:56:01.633000;Mand;03-12-1968;09-03-2025;utm_campaign=Marts25&utm_content=A&utm_medium=content&utm_source=jp.dk;false;false;0;0;0;09-03-2025;08-05-2025;0;0
f2356a431358478feaa3f0ab52de4dfa;166;20-03-2025;2025-03-04 10:57:43.687000;Mand;11-09-1946;11-10-2024;utm_campaign=Marts25&utm_content=A&utm_medium=content&utm_source=jp.dk;false;true;1;1;0;04-03-2025;03-05-2025;0;0
1e7f77c858e9148b9550fba2d45cbc1c;89;02-05-2025;2025-03-15 16:28:33.224000;Kvinde;09-03-1968;09-05-2019;utm_campaign=Marts25&utm_content=A&utm_medium=content&utm_source=jp.dk;false;false;1;0;0;15-03-2025;14-05-2025;0;0
58a4805391b2ad17014167eb291a9e1d;135;19-05-2025;2025-03-21 18:51:52.860000;Kvinde;23-01-1938;12-06-2012;utm_campaign=Marts25&utm_content=sc_a&utm_medium=mail&utm_source=mail;false;true;8;4;4;21-03-2025;20-05-2025;9;7
b7189afe7ef2b29f89ee5c2277a95e23;61;09-04-2025;2025-03-19 19:36:10.193000;Kvinde;25-10-1965;19-03-2025;utm_campaign=Marts25&utm_content=B&utm_medium=content&utm_source=jp.dk;false;false;0;0;0;19-03-2025;18-05-2025;0;0
c63f8a67553105581be2ce0dff32b3f4;383;01-01-3000;2025-03-10 15:50:29.024000;Mand;19-01-1960;10-03-2025;utm_campaign=Marts25&utm_content=A&utm_medium=content&utm_source=jp.dk;false;false;0;0;0;10-03-2025;09-05-2025;0;0
0f592466c4350d7c74a006ccecc0b725;388;01-01-3000;2025-03-05 13:34:23.029000;Mand;27-01-1950;01-12-2017;utm_campaign=Marts25&utm_content=a&utm_medium=mail&utm_source=mail;true;false;0;0;0;05-03-2025;04-05-2025;0;0
164ec18e75918cf0059591d1f7cd8f50;304;27-05-2025;2025-03-23 06:23:49.651000;Mand;25-12-1943;23-03-2025;utm_campaign=Marts25&utm_content=B&utm_medium=content&utm_source=jp.dk;true;true;0;0;0;23-03-2025;22-05-2025;0;0
b1d87804abaf5480992c81655242752e;1355;09-05-2025;2025-03-11 09:27:16.396000;Mand;07-06-1942;26-05-2014;utm_campaign=Basis_22&utm_content=HeaderButtonRaised&utm_medium=Matrice&utm_source=jp.dk;false;true;18;9;9;11-03-2025;10-05-2025;0;0
2bc80ee820dd4caac5fa5f7f9d6e4a5c;1210;28-03-2025;2025-03-21 14:30:30.090000;Mand;21-11-1952;18-04-2012;utm_campaign=Marts25&utm_content=sc_b&utm_medium=mail&utm_source=mail;true;true;26;9;15;21-03-2025;20-05-2025;0;0
fa7231abd207f4ad047f08020bb3bcaf;563;01-01-3000;2025-03-11 06:55:05.457000;;24-05-1976;09-05-2019;utm_campaign=Basis_22&utm_content=HeaderButtonRaised&utm_medium=Matrice&utm_source=jp.dk;false;true;2;2;0;11-03-2025;10-05-2025;0;0
d7df96d130e472e3d558d2318e4b5b95;347;23-04-2025;2025-03-21 08:06:49.370000;Mand;11-05-1976;13-07-2015;utm_campaign=Marts25&utm_content=sc_a&utm_medium=mail&utm_source=mail;true;true;3;2;0;21-03-2025;20-05-2025;0;0
dd4d55e0e908ca50ec26ca9b5e4fda19;306;21-03-2025;2025-03-20 17:15:38.811000;Kvinde;04-11-1955;12-11-2014;utm_campaign=Marts25&utm_content=B&utm_medium=content&utm_source=jp.dk;false;false;2;1;1;20-03-2025;19-05-2025;0;0
d2272179aa910b22d9225a1199cf14fa;61;22-03-2025;2025-03-14 18:48:57.112000;Mand;16-07-1971;13-06-2013;utm_campaign=Marts25&utm_content=B&utm_medium=content&utm_source=jp.dk;false;false;0;0;0;14-03-2025;13-05-2025;0;0
f54455c4d82be9b4fbdb4d969a1d9727;1137;28-04-2025;2025-03-05 14:16:22.904000;Mand;25-09-1951;09-02-2019;utm_campaign=Marts25&utm_content=b&utm_medium=mail&utm_source=mail;true;true;10;4;5;05-03-2025;04-05-2025;1;1
840bb9b0a0ea4b1a70639e5569f36bdb;1128;07-04-2025;2025-03-21 08:20:16.629000;Mand;25-03-1951;14-05-2015;utm_campaign=Basis_22&utm_content=MegaMenu&utm_medium=Matrice&utm_source=jp.dk;true;true;25;11;15;21-03-2025;20-05-2025;0;0
f3c4fc320372b73ee410c2c9d92dee75;92;14-05-2025;2025-03-12 15:44:51.931000;Kvinde;16-03-1985;12-03-2025;utm_campaign=Marts25&utm_content=B&utm_medium=content&utm_source=jp.dk;false;true;0;0;0;12-03-2025;11-05-2025;0;0
c9f9144d6d7f9feea4a3f7b8508c7512;123;18-04-2025;2025-03-22 07:25:32.833000;Mand;09-01-1983;10-07-2024;utm_campaign=Marts25&utm_content=A&utm_medium=content&utm_source=jp.dk;false;false;1;1;0;22-03-2025;21-05-2025;0;0
6419c6782d3fc968cf4d6be103be44e4;931;02-04-2025;2025-03-05 11:24:43.215000;Mand;14-05-1974;06-01-2013;utm_campaign=Marts25&utm_content=a&utm_medium=mail&utm_source=mail;true;true;11;7;2;05-03-2025;04-05-2025;0;0
bd4c582db6ad252cb8111e3711f34af3;508;12-12-2025;2025-03-06 06:58:45.888000;Mand;15-05-1958;08-08-2018;utm_campaign=Marts25&utm_content=b&utm_medium=mail&utm_source=mail;true;true;1;1;0;06-03-2025;05-05-2025;0;0
7069e5b21f83398d49d36fb52ecc23a7;61;07-03-2025;2025-03-07 19:38:14.803000;Mand;14-01-1974;07-03-2025;utm_campaign=Marts25&utm_content=B&utm_medium=content&utm_source=jp.dk;false;true;0;0;0;07-03-2025;06-05-2025;0;0
3e167e82f647e5db6f095c4aa5abb931;1150;09-12-2025;2025-03-07 17:13:39.390000;Kvinde;24-12-1962;16-10-2018;utm_campaign=Marts25&utm_content=A&utm_medium=content&utm_source=jp.dk;true;true;4;1;2;07-03-2025;06-05-2025;0;0
5c270fa319642d25ce2f6304b565c516;337;18-05-2025;2025-03-16 19:47:10.710000;Mand;13-07-1975;06-03-2020;utm_campaign=Marts25&utm_content=A&utm_medium=content&utm_source=jp.dk;false;false;1;1;0;16-03-2025;15-05-2025;0;0
f73b8539516e69239dc2356d8aa67852;371;01-01-3000;2025-03-22 09:57:55.470000;Mand;08-09-1948;08-01-2020;utm_campaign=Marts25&utm_content=sc_b&utm_medium=mail&utm_source=mail;false;true;0;0;0;22-03-2025;21-05-2025;7;7
41241b233e501a67f213f3ef32ec13e3;667;17-03-2025;2025-03-03 10:59:41.154000;Mand;20-04-1948;09-12-2012;utm_campaign=Marts25&utm_content=A&utm_medium=content&utm_source=jp.dk;false;true;2;2;0;03-03-2025;02-05-2025;1;1
3b9bdacf633987d1f31eaeff64d2bbf9;926;01-01-3000;2025-03-19 07:32:59.676000;Mand;01-08-1972;27-12-2013;utm_campaign=Marts25&utm_content=B&utm_medium=content&utm_source=jp.dk;false;false;6;3;0;19-03-2025;18-05-2025;0;0
a9c309b04afe33c62e437d57280d74e4;305;16-06-2025;2025-03-11 11:47:15.725000;Mand;10-09-1975;08-07-2017;utm_campaign=Marts25&utm_content=A&utm_medium=content&utm_source=jp.dk;false;true;1;1;0;11-03-2025;10-05-2025;0;0
76d0bcb275d7f3d64117922ad29d083d;1105;19-03-2025;2025-03-19 06:19:54.514000;Mand;13-05-1950;30-09-2022;utm_campaign=Marts25&utm_content=A&utm_medium=content&utm_source=jp.dk;false;true;8;8;0;19-03-2025;18-05-2025;0;0
d0e09996630a7a664eb6f1f65c865d5c;277;22-08-2025;2025-03-21 15:31:16.573000;Mand;06-05-1961;08-12-2024;utm_campaign=Marts25&utm_content=sc_b&utm_medium=mail&utm_source=mail;true;true;1;1;1;21-03-2025;20-05-2025;0;0
014a894f1b5194be36a9abcba96789ed;184;22-08-2025;2025-03-19 10:01:58.639000;Kvinde;05-03-1990;02-05-2018;utm_campaign=Basis_22&utm_content=HeaderButtonRaised&utm_medium=Matrice&utm_source=jp.dk;false;false;0;0;0;19-03-2025;18-05-2025;0;0
f5de57c057c6ec27e94fb8d54a176f19;103;12-03-2025;2025-03-09 12:20:55.533000;Kvinde;14-11-1961;30-01-2013;utm_campaign=Marts25&utm_content=B&utm_medium=content&utm_source=jp.dk;false;true;3;0;2;09-03-2025;08-05-2025;3;3
79a9aa467c99112751bacbf368d8f126;700;01-01-3000;2025-03-21 07:42:56.897000;Mand;22-11-1965;22-08-2023;utm_campaign=Marts25&utm_content=sc_b&utm_medium=mail&utm_source=mail;true;true;4;3;3;21-03-2025;20-05-2025;2;3
e71fdb8bf1e3c655c1e640416b18cd8f;250;24-03-2025;2025-03-11 19:23:36.193000;Mand;08-05-1951;13-11-2022;utm_campaign=Basis_22&utm_content=HeaderButtonRaised&utm_medium=Matrice&utm_source=jp.dk;false;true;11;8;4;11-03-2025;10-05-2025;3;3
df49190f560e6aae7be1bb02558601b8;92;09-06-2025;2025-03-24 08:39:00.333000;Mand;26-08-1998;04-10-2020;utm_campaign=Marts25&utm_content=B&utm_medium=content&utm_source=jp.dk;false;false;0;0;0;24-03-2025;23-05-2025;0;1
99acdcbfb31d153ddb16ad098baa3c2f;722;30-04-2025;2025-03-05 12:45:41.625000;Kvinde;24-11-1947;11-08-2018;utm_campaign=Marts25&utm_content=a&utm_medium=mail&utm_source=mail;false;true;2;2;0;05-03-2025;04-05-2025;5;6
d02b640435aeeb19734ebd3041caf523;1609;01-01-3000;2025-03-23 21:31:30.581000;Kvinde;29-03-1958;31-10-2017;utm_campaign=Marts25&utm_content=sc_a&utm_medium=mail&utm_source=mail;false;true;12;2;10;23-03-2025;22-05-2025;0;0
5413da057f4a21a8b46e27f3d78b7596;244;25-03-2025;2025-03-11 20:49:53.284000;Kvinde;25-01-1974;06-12-2017;utm_campaign=Marts25&utm_content=B&utm_medium=content&utm_source=jp.dk;true;true;2;2;0;11-03-2025;10-05-2025;0;0
3b58e4de14144a7cb62e612b74d08254;62;22-05-2025;2025-03-21 05:53:36.062000;Kvinde;19-05-1984;21-03-2025;utm_campaign=Basis_22&utm_content=HeaderButtonRaised&utm_medium=Matrice&utm_source=jp.dk;false;false;0;0;0;21-03-2025;20-05-2025;0;0
7072362a6e23fc07df0593b559be9320;383;01-01-3000;2025-03-10 09:22:53.446000;Mand;23-11-1952;10-03-2025;utm_campaign=&utm_content=genbesog_JP_digital&utm_medium=ppc&utm_source=adwords&utm_term=jyllands-posten+abonnementer;false;false;0;0;0;10-03-2025;09-05-2025;0;0
377dd6cfe7fe36b1c01d3f2996a44cfa;1031;12-05-2025;2025-03-24 08:18:25.595000;Mand;14-01-1943;09-12-2011;utm_campaign=Marts25&utm_content=sc_b&utm_medium=mail&utm_source=mail;true;true;13;7;6;24-03-2025;23-05-2025;0;1
f77682c46f0052360c03f5b4970a2b94;272;15-03-2025;2025-03-15 04:38:06.911000;Kvinde;10-05-1983;11-09-2019;utm_campaign=Marts25&utm_content=A&utm_medium=content&utm_source=jp.dk;false;false;2;2;0;15-03-2025;14-05-2025;0;0
07995ffec6801cd5915707d56aff671e;92;22-05-2025;2025-03-04 10:33:58.050000;Mand;28-01-1957;28-10-2024;utm_campaign=Marts25&utm_content=A&utm_medium=content&utm_source=jp.dk;false;false;0;0;0;04-03-2025;03-05-2025;0;0
4f0216152b13956cbaefc4bb07342174;1497;01-01-3000;2025-03-05 14:47:54.547000;Mand;20-09-1943;09-12-2012;utm_campaign=Marts25&utm_content=b&utm_medium=mail&utm_source=mail;false;true;8;2;5;05-03-2025;04-05-2025;3;3
1f4db03f2ce5dec297af700536700774;1095;28-07-2025;2025-03-15 08:52:11.022000;Mand;26-03-1967;17-05-2022;utm_campaign=Marts25&utm_content=A&utm_medium=content&utm_source=jp.dk;false;false;10;10;0;15-03-2025;14-05-2025;0;0
dd93943a44977881c2ef1b76a67a9c22;390;23-03-2025;2025-03-23 20:23:59.393000;Mand;03-06-1959;15-05-2019;utm_campaign=Marts25&utm_content=sc_a&utm_medium=mail&utm_source=mail;false;true;2;2;2;23-03-2025;22-05-2025;0;2
8c63bc6f82daa6485b044ed69e133b19;585;16-04-2025;2025-03-23 12:31:50.960000;Mand;01-06-1953;23-07-2021;utm_campaign=Marts25&utm_content=e-avis_ikkeabn&utm_medium=matrice&utm_source=jp.dk;false;false;5;3;2;23-03-2025;22-05-2025;4;3
84462c32fcbf7b533329cebcb21db397;461;12-12-2025;2025-03-21 08:42:00.589000;Mand;01-02-2002;02-10-2018;utm_campaign=Marts25&utm_content=sc_a&utm_medium=mail&utm_source=mail;false;true;16;6;11;21-03-2025;20-05-2025;0;0
2479bc006451d269366c9b3bb82f658d;566;01-01-3000;2025-03-21 07:13:10.058000;Mand;16-08-1993;21-12-2019;utm_campaign=Basis_22&utm_content=HeaderButtonRaised&utm_medium=Matrice&utm_source=jp.dk;false;false;3;1;1;21-03-2025;20-05-2025;0;0
500a242e549566077a58249a19090812;457;26-04-2025;2025-03-06 10:02:09.186000;;14-07-1959;03-09-2013;utm_campaign=Marts25&utm_content=a&utm_medium=mail&utm_source=mail;true;true;8;3;5;06-03-2025;05-05-2025;0;0
fe66884f8c46b3489932b6d3c18e501e;383;01-01-3000;2025-03-10 18:57:11.317000;Kvinde;25-09-1953;06-01-2013;utm_campaign=Marts25&utm_content=A&utm_medium=content&utm_source=jp.dk;true;true;0;0;0;10-03-2025;09-05-2025;5;5
b6aaed769aeafe1a96565a5a3575fc2a;61;22-04-2025;2025-03-06 18:16:08.736000;Kvinde;03-04-1959;06-03-2025;utm_campaign=Marts25&utm_content=A&utm_medium=content&utm_source=jp.dk;false;false;0;0;0;06-03-2025;05-05-2025;0;0
c3a2adcf58f23aa02be556824b1d0f70;123;19-03-2025;2025-03-19 08:35:43.446000;Mand;20-08-1989;21-06-2022;utm_campaign=Marts25&utm_content=B&utm_medium=content&utm_source=jp.dk;false;false;2;2;0;19-03-2025;18-05-2025;0;0
b83e8af45f399d597ee5fb1d25786e17;122;26-06-2025;2025-03-11 13:53:44.713000;Kvinde;25-02-1980;02-09-2017;utm_campaign=Marts25&utm_content=A&utm_medium=content&utm_source=jp.dk;false;false;0;0;0;11-03-2025;10-05-2025;0;0
c7e1c5854a5498b853ccece74c497065;511;01-04-2025;2025-03-21 08:00:45.710000;Kvinde;30-08-1940;02-05-2018;utm_campaign=Marts25&utm_content=sc_a&utm_medium=mail&utm_source=mail;false;true;3;2;0;21-03-2025;20-05-2025;3;3
c06405b974fa01559f3fc5f787babcd9;1192;23-05-2025;2025-03-21 08:40:26.472000;Mand;22-09-1952;17-11-2017;utm_campaign=Marts25&utm_content=sc_b&utm_medium=mail&utm_source=mail;false;true;9;7;2;21-03-2025;20-05-2025;0;0
84f6698b842c9fafd5b8729c2ceea216;1444;08-03-2025;2025-03-08 14:00:46.667000;Mand;28-04-1956;30-04-2020;utm_campaign=Marts25&utm_content=a&utm_medium=mail&utm_source=mail;true;true;9;5;2;08-03-2025;07-05-2025;0;0
7bf3a9ea20a2f4661d94dd194a1cf803;251;22-04-2025;2025-03-22 13:03:57.223000;Mand;03-07-1952;31-05-2023;utm_campaign=Marts25&utm_medium=topticker&utm_source=jp.dk;false;true;2;2;0;22-03-2025;21-05-2025;0;0
2dd7e42f99ac96b837b800eff7ed8b73;1258;07-08-2025;2025-03-05 17:52:22.377000;Kvinde;27-09-1949;03-07-2015;utm_campaign=Marts25&utm_content=b&utm_medium=mail&utm_source=mail;true;true;10;9;4;05-03-2025;04-05-2025;1;1
24959324ee77a3fdbce301c7192bc3f7;1807;01-01-3000;2025-03-16 12:34:32.515000;Mand;16-03-1946;30-06-2012;utm_campaign=Marts25&utm_medium=adops&utm_source=jp.dk;true;false;13;4;8;16-03-2025;15-05-2025;0;0
4181e0591321ea5735b2d671d59a2d15;536;31-05-2025;2025-03-22 15:23:22.550000;Kvinde;05-03-1957;29-07-2014;utm_campaign=Marts25&utm_medium=Matrice&utm_source=jp.dk;false;true;7;2;4;22-03-2025;21-05-2025;3;3
e42f8e767e6fc16da9668821ac36eb62;61;05-04-2025;2025-03-21 11:02:13.146000;Mand;23-04-1968;10-06-2014;utm_campaign=Marts25&utm_content=sc_b&utm_medium=mail&utm_source=mail;true;false;0;0;0;21-03-2025;20-05-2025;0;0
d0c4c9f292d80bb95236914f7cc2c39c;328;31-03-2025;2025-03-22 11:43:22.726000;Mand;24-11-1954;01-12-2021;utm_campaign=Marts25&utm_content=sc_b&utm_medium=mail&utm_source=mail;true;true;1;1;1;22-03-2025;21-05-2025;0;0
e9f1866aeec508f598a365c94b6bc255;514;09-04-2025;2025-03-22 09:40:02.746000;Mand;23-12-1948;19-10-2020;utm_campaign=Marts25&utm_content=sc_a&utm_medium=mail&utm_source=mail;true;true;11;6;7;22-03-2025;21-05-2025;0;0
